0.000000	-2.628967	6.003967	3.375000
0.001000	-2.633014	6.008016	3.375002
0.002000	-2.637144	6.012146	3.375001
0.003000	-2.641355	6.016357	3.375002
0.004000	-2.645648	6.020650	3.375002
0.005000	-2.650023	6.025026	3.375003
0.006000	-2.654478	6.029482	3.375004
0.007000	-2.659016	6.034019	3.375002
0.008000	-2.663635	6.038638	3.375003
0.009000	-2.668334	6.043338	3.375004
0.010000	-2.673115	6.048120	3.375004
0.011000	-2.677978	6.052981	3.375004
0.012000	-2.682921	6.057924	3.375003
0.013000	-2.687945	6.062949	3.375003
0.014000	-2.693050	6.068053	3.375003
0.015000	-2.698236	6.073239	3.375003
0.016000	-2.703503	6.078505	3.375002
0.017000	-2.708849	6.083852	3.375002
0.018000	-2.714276	6.089278	3.375002
0.019000	-2.719784	6.094786	3.375002
0.020000	-2.725371	6.100373	3.375002
0.021000	-2.731039	6.106041	3.375002
0.022000	-2.736786	6.111789	3.375002
0.023000	-2.742614	6.117616	3.375002
0.024000	-2.748521	6.123522	3.375002
0.025000	-2.754507	6.129508	3.375001
0.026000	-2.760573	6.135574	3.375001
0.027000	-2.766718	6.141720	3.375001
0.028000	-2.772942	6.147943	3.375001
0.029000	-2.779244	6.154245	3.375001
0.030000	-2.785624	6.160626	3.375002
0.031000	-2.792083	6.167085	3.375002
0.032000	-2.798620	6.173621	3.375002
0.033000	-2.805234	6.180236	3.375002
0.034000	-2.811926	6.186929	3.375003
0.035000	-2.818695	6.193697	3.375002
0.036000	-2.825541	6.200544	3.375002
0.037000	-2.832464	6.207467	3.375003
0.038000	-2.839463	6.214466	3.375003
0.039000	-2.846539	6.221540	3.375002
0.040000	-2.853690	6.228692	3.375002
0.041000	-2.860915	6.235916	3.375001
0.042000	-2.868216	6.243217	3.375002
0.043000	-2.875590	6.250592	3.375001
0.044000	-2.883039	6.258039	3.375000
0.045000	-2.890561	6.265561	3.375000
0.046000	-2.898156	6.273156	3.375000
0.047000	-2.905823	6.280822	3.375000
0.048000	-2.913560	6.288560	3.375000
0.049000	-2.921369	6.296370	3.375001
0.050000	-2.929249	6.304249	3.375000
0.051000	-2.937198	6.312198	3.375000
0.052000	-2.945216	6.320216	3.375000
0.053000	-2.953303	6.328302	3.374999
0.054000	-2.961456	6.336456	3.375000
0.055000	-2.969677	6.344676	3.374999
0.056000	-2.977962	6.352962	3.375000
0.057000	-2.986312	6.361312	3.375000
0.058000	-2.994727	6.369726	3.374999
0.059000	-3.003203	6.378202	3.374999
0.060000	-3.011742	6.386741	3.374999
0.061000	-3.020340	6.395339	3.374999
0.062000	-3.028999	6.403998	3.374999
0.063000	-3.037715	6.412714	3.374999
0.064000	-3.046489	6.421487	3.374999
0.065000	-3.055317	6.430315	3.374998
0.066000	-3.064199	6.439198	3.374998
0.067000	-3.073134	6.448132	3.374997
0.068000	-3.082119	6.457117	3.374998
0.069000	-3.091155	6.466151	3.374997
0.070000	-3.100236	6.475232	3.374995
0.071000	-3.109363	6.484359	3.374996
0.072000	-3.118535	6.493530	3.374996
0.073000	-3.127746	6.502742	3.374996
0.074000	-3.136997	6.511993	3.374996
0.075000	-3.146286	6.521281	3.374995
0.076000	-3.155610	6.530605	3.374995
0.077000	-3.164966	6.539960	3.374994
0.078000	-3.174351	6.549346	3.374995
0.079000	-3.183765	6.558759	3.374994
0.080000	-3.193202	6.568195	3.374994
0.081000	-3.202661	6.577654	3.374994
0.082000	-3.212137	6.587132	3.374994
0.083000	-3.221631	6.596624	3.374994
0.084000	-3.231135	6.606128	3.374994
0.085000	-3.240647	6.615641	3.374994
0.086000	-3.250166	6.625159	3.374992
0.087000	-3.259685	6.634678	3.374993
0.088000	-3.269200	6.644194	3.374994
0.089000	-3.278710	6.653702	3.374992
0.090000	-3.288208	6.663200	3.374992
0.091000	-3.297691	6.672682	3.374991
0.092000	-3.307153	6.682143	3.374991
0.093000	-3.316590	6.691579	3.374990
0.094000	-3.325996	6.700984	3.374988
0.095000	-3.335366	6.710355	3.374988
0.096000	-3.344696	6.719684	3.374988
0.097000	-3.353978	6.728967	3.374989
0.098000	-3.363209	6.738195	3.374987
0.099000	-3.372380	6.747366	3.374986
0.100000	-3.381486	6.756471	3.374985
0.101000	-3.390519	6.765503	3.374984
0.102000	-3.399474	6.774458	3.374984
0.103000	-3.408343	6.783325	3.374982
0.104000	-3.417118	6.792099	3.374981
0.105000	-3.425791	6.800772	3.374981
0.106000	-3.434355	6.809335	3.374981
0.107000	-3.442801	6.817781	3.374980
0.108000	-3.451121	6.826100	3.374979
0.109000	-3.459306	6.834283	3.374977
0.110000	-3.467345	6.842322	3.374977
0.111000	-3.475231	6.850207	3.374976
0.112000	-3.482952	6.857928	3.374975
0.113000	-3.490500	6.865475	3.374975
0.114000	-3.497862	6.872836	3.374974
0.115000	-3.505029	6.880002	3.374973
0.116000	-3.511990	6.886961	3.374971
0.117000	-3.518732	6.893703	3.374971
0.118000	-3.525244	6.900214	3.374970
0.119000	-3.531514	6.906483	3.374969
0.120000	-3.537529	6.912496	3.374967
0.121000	-3.543276	6.918242	3.374967
0.122000	-3.548742	6.923708	3.374966
0.123000	-3.553914	6.928879	3.374965
0.124000	-3.558778	6.933741	3.374964
0.125000	-3.563320	6.938282	3.374962
0.126000	-3.567524	6.942486	3.374961
0.127000	-3.571378	6.946338	3.374960
0.128000	-3.574866	6.949824	3.374959
0.129000	-3.577972	6.952930	3.374958
0.130000	-3.580682	6.955638	3.374956
0.131000	-3.582979	6.957934	3.374956
0.132000	-3.584848	6.959803	3.374955
0.133000	-3.586274	6.961227	3.374953
0.134000	-3.587240	6.962192	3.374952
0.135000	-3.587731	6.962682	3.374951
0.136000	-3.587730	6.962680	3.374950
0.137000	-3.587222	6.962170	3.374948
0.138000	-3.586190	6.961137	3.374947
0.139000	-3.584619	6.959565	3.374946
0.140000	-3.582494	6.957440	3.374946
0.141000	-3.579799	6.954743	3.374944
0.142000	-3.576520	6.951463	3.374943
0.143000	-3.572642	6.947584	3.374942
0.144000	-3.568151	6.943091	3.374940
0.145000	-3.563033	6.937973	3.374939
0.146000	-3.557278	6.932216	3.374938
0.147000	-3.550872	6.925808	3.374937
0.148000	-3.543805	6.918740	3.374936
0.149000	-3.536066	6.911000	3.374934
0.150000	-3.527648	6.902581	3.374933
0.151000	-3.518542	6.893474	3.374932
0.152000	-3.508743	6.883674	3.374931
0.153000	-3.498246	6.873176	3.374930
0.154000	-3.487048	6.861978	3.374929
0.155000	-3.475148	6.850076	3.374928
0.156000	-3.462547	6.837474	3.374927
0.157000	-3.449248	6.824175	3.374927
0.158000	-3.435255	6.810182	3.374928
0.159000	-3.420577	6.795504	3.374927
0.160000	-3.405222	6.780150	3.374928
0.161000	-3.389204	6.764133	3.374929
0.162000	-3.372539	6.747468	3.374929
0.163000	-3.355246	6.730175	3.374929
0.164000	-3.337343	6.712274	3.374930
0.165000	-3.318857	6.693790	3.374933
0.166000	-3.299816	6.674749	3.374934
0.167000	-3.280249	6.655184	3.374935
0.168000	-3.260191	6.635129	3.374938
0.169000	-3.239683	6.614621	3.374938
0.170000	-3.218761	6.593701	3.374941
0.171000	-3.197473	6.572416	3.374944
0.172000	-3.175865	6.550812	3.374947
0.173000	-3.153990	6.528941	3.374951
0.174000	-3.131904	6.506858	3.374954
0.175000	-3.109663	6.484622	3.374959
0.176000	-3.087332	6.462294	3.374962
0.177000	-3.064972	6.439939	3.374967
0.178000	-3.042650	6.417621	3.374971
0.179000	-3.020437	6.395411	3.374974
0.180000	-2.998404	6.373384	3.374979
0.181000	-2.976624	6.351610	3.374986
0.182000	-2.955173	6.330166	3.374993
0.183000	-2.934130	6.309127	3.374998
0.184000	-2.913572	6.288573	3.375000
0.185000	-2.893575	6.268579	3.375004
0.186000	-2.874214	6.249226	3.375012
0.187000	-2.855572	6.230588	3.375015
0.188000	-2.837722	6.212745	3.375023
0.189000	-2.820743	6.195768	3.375026
0.190000	-2.804703	6.179733	3.375030
0.191000	-2.789673	6.164709	3.375036
0.192000	-2.775724	6.150764	3.375040
0.193000	-2.762918	6.137961	3.375043
0.194000	-2.751316	6.126359	3.375043
0.195000	-2.740969	6.116014	3.375046
0.196000	-2.731931	6.106977	3.375046
0.197000	-2.724241	6.099293	3.375051
0.198000	-2.717946	6.092999	3.375053
0.199000	-2.713076	6.088129	3.375052
0.200000	-2.709654	6.084709	3.375056
0.201000	-2.707704	6.082761	3.375057
0.202000	-2.707241	6.082296	3.375055
0.203000	-2.708265	6.083321	3.375056
0.204000	-2.710779	6.085835	3.375055
0.205000	-2.714774	6.089829	3.375055
0.206000	-2.720234	6.095290	3.375056
0.207000	-2.727141	6.102194	3.375054
0.208000	-2.735465	6.110516	3.375051
0.209000	-2.745167	6.120218	3.375051
0.210000	-2.756215	6.131259	3.375045
0.211000	-2.768554	6.143595	3.375041
0.212000	-2.782130	6.157170	3.375040
0.213000	-2.796894	6.171928	3.375034
0.214000	-2.812777	6.187807	3.375030
0.215000	-2.829713	6.204740	3.375026
0.216000	-2.847634	6.222657	3.375023
0.217000	-2.866468	6.241484	3.375016
0.218000	-2.886134	6.261147	3.375012
0.219000	-2.906558	6.281565	3.375008
0.220000	-2.927659	6.302660	3.375001
0.221000	-2.949356	6.324351	3.374996
0.222000	-2.971567	6.346557	3.374990
0.223000	-2.994208	6.369194	3.374986
0.224000	-3.017203	6.392183	3.374980
0.225000	-3.040469	6.415443	3.374974
0.226000	-3.063925	6.438894	3.374969
0.227000	-3.087493	6.462459	3.374965
0.228000	-3.111098	6.486061	3.374963
0.229000	-3.134667	6.509627	3.374960
0.230000	-3.158130	6.533085	3.374955
0.231000	-3.181417	6.556368	3.374951
0.232000	-3.204464	6.579409	3.374945
0.233000	-3.227205	6.602147	3.374942
0.234000	-3.249585	6.624522	3.374937
0.235000	-3.271545	6.646480	3.374934
0.236000	-3.293036	6.667967	3.374931
0.237000	-3.314009	6.688936	3.374928
0.238000	-3.334417	6.709342	3.374925
0.239000	-3.354221	6.729145	3.374924
0.240000	-3.373381	6.748304	3.374923
0.241000	-3.391867	6.766788	3.374921
0.242000	-3.409646	6.784566	3.374920
0.243000	-3.426692	6.801610	3.374918
0.244000	-3.442978	6.817897	3.374919
0.245000	-3.458488	6.833407	3.374919
0.246000	-3.473204	6.848122	3.374918
0.247000	-3.487112	6.862028	3.374916
0.248000	-3.500197	6.875115	3.374918
0.249000	-3.512455	6.887372	3.374916
0.250000	-3.523878	6.898796	3.374918
0.251000	-3.534462	6.909380	3.374918
0.252000	-3.544209	6.919127	3.374918
0.253000	-3.553119	6.928038	3.374918
0.254000	-3.561195	6.936114	3.374919
0.255000	-3.568443	6.943363	3.374920
0.256000	-3.574869	6.949790	3.374921
0.257000	-3.580485	6.955407	3.374922
0.258000	-3.585299	6.960223	3.374924
0.259000	-3.589324	6.964251	3.374927
0.260000	-3.592577	6.967504	3.374927
0.261000	-3.595069	6.969998	3.374929
0.262000	-3.596819	6.971749	3.374930
0.263000	-3.597843	6.972773	3.374930
0.264000	-3.598159	6.973090	3.374931
0.265000	-3.597785	6.972718	3.374934
0.266000	-3.596743	6.971679	3.374936
0.267000	-3.595054	6.969990	3.374936
0.268000	-3.592738	6.967675	3.374938
0.269000	-3.589817	6.964756	3.374940
0.270000	-3.586313	6.961255	3.374942
0.271000	-3.582250	6.957195	3.374944
0.272000	-3.577652	6.952599	3.374946
0.273000	-3.572542	6.947490	3.374948
0.274000	-3.566943	6.941892	3.374949
0.275000	-3.560879	6.935831	3.374951
0.276000	-3.554375	6.929329	3.374954
0.277000	-3.547456	6.922412	3.374956
0.278000	-3.540145	6.915102	3.374957
0.279000	-3.532467	6.907427	3.374960
0.280000	-3.524447	6.899408	3.374961
0.281000	-3.516108	6.891071	3.374963
0.282000	-3.507477	6.882441	3.374964
0.283000	-3.498574	6.873540	3.374966
0.284000	-3.489426	6.864393	3.374968
0.285000	-3.480055	6.855024	3.374969
0.286000	-3.470485	6.845456	3.374971
0.287000	-3.460740	6.835712	3.374972
0.288000	-3.450841	6.825814	3.374974
0.289000	-3.440810	6.815786	3.374975
0.290000	-3.430672	6.805650	3.374978
0.291000	-3.420446	6.795425	3.374979
0.292000	-3.410154	6.785134	3.374980
0.293000	-3.399816	6.774797	3.374982
0.294000	-3.389452	6.764435	3.374983
0.295000	-3.379081	6.754066	3.374985
0.296000	-3.368724	6.743710	3.374986
0.297000	-3.358396	6.733384	3.374988
0.298000	-3.348117	6.723105	3.374988
0.299000	-3.337902	6.712892	3.374990
0.300000	-3.327768	6.702759	3.374991
0.301000	-3.317731	6.692723	3.374992
0.302000	-3.307804	6.682797	3.374993
0.303000	-3.298002	6.672996	3.374995
0.304000	-3.288337	6.663333	3.374996
0.305000	-3.278823	6.653820	3.374997
0.306000	-3.269470	6.644467	3.374997
0.307000	-3.260288	6.635287	3.374999
0.308000	-3.251288	6.626287	3.374999
0.309000	-3.242479	6.617478	3.374999
0.310000	-3.233867	6.608868	3.375001
0.311000	-3.225459	6.600462	3.375004
0.312000	-3.217264	6.592268	3.375004
0.313000	-3.209285	6.584291	3.375005
0.314000	-3.201527	6.576534	3.375007
0.315000	-3.193994	6.569002	3.375008
0.316000	-3.186690	6.561698	3.375009
0.317000	-3.179615	6.554623	3.375008
0.318000	-3.172771	6.547779	3.375008
0.319000	-3.166157	6.541165	3.375009
0.320000	-3.159773	6.534783	3.375010
0.321000	-3.153620	6.528629	3.375009
0.322000	-3.147693	6.522703	3.375010
0.323000	-3.141992	6.517001	3.375009
0.324000	-3.136513	6.511520	3.375007
0.325000	-3.131249	6.506257	3.375007
0.326000	-3.126200	6.501206	3.375006
0.327000	-3.121357	6.496363	3.375006
0.328000	-3.116716	6.491723	3.375006
0.329000	-3.112271	6.487277	3.375006
0.330000	-3.108014	6.483021	3.375006
0.331000	-3.103940	6.478946	3.375007
0.332000	-3.100040	6.475046	3.375005
0.333000	-3.096307	6.471312	3.375005
0.334000	-3.092731	6.467735	3.375005
0.335000	-3.089305	6.464308	3.375004
0.336000	-3.086019	6.461022	3.375004
0.337000	-3.082865	6.457868	3.375003
0.338000	-3.079833	6.454837	3.375004
0.339000	-3.076915	6.451918	3.375002
0.340000	-3.074101	6.449103	3.375002
0.341000	-3.071380	6.446383	3.375002
0.342000	-3.068745	6.443748	3.375002
0.343000	-3.066186	6.441188	3.375002
0.344000	-3.063692	6.438693	3.375000
0.345000	-3.061255	6.436255	3.375000
0.346000	-3.058864	6.433863	3.375000
0.347000	-3.056510	6.431509	3.374999
0.348000	-3.054186	6.429184	3.374999
0.349000	-3.051879	6.426878	3.374999
0.350000	-3.049585	6.424583	3.374998
0.351000	-3.047292	6.422290	3.374998
0.352000	-3.044992	6.419990	3.374997
0.353000	-3.042679	6.417675	3.374995
0.354000	-3.040343	6.415338	3.374995
0.355000	-3.037976	6.412971	3.374994
0.356000	-3.035572	6.410567	3.374995
0.357000	-3.033124	6.408117	3.374993
0.358000	-3.030623	6.405617	3.374994
0.359000	-3.028065	6.403058	3.374993
0.360000	-3.025442	6.400435	3.374993
0.361000	-3.022750	6.397742	3.374992
0.362000	-3.019982	6.394973	3.374991
0.363000	-3.017132	6.392124	3.374991
0.364000	-3.014197	6.389188	3.374991
0.365000	-3.011171	6.386162	3.374991
0.366000	-3.008049	6.383041	3.374992
0.367000	-3.004829	6.379820	3.374991
0.368000	-3.001507	6.376498	3.374990
0.369000	-2.998079	6.373069	3.374990
0.370000	-2.994541	6.369531	3.374990
0.371000	-2.990891	6.365881	3.374990
0.372000	-2.987127	6.362117	3.374990
0.373000	-2.983246	6.358236	3.374990
0.374000	-2.979247	6.354236	3.374990
0.375000	-2.975126	6.350116	3.374990
0.376000	-2.970884	6.345874	3.374990
0.377000	-2.966519	6.341509	3.374990
0.378000	-2.962029	6.337019	3.374990
0.379000	-2.957416	6.332405	3.374989
0.380000	-2.952677	6.327666	3.374989
0.381000	-2.947813	6.322802	3.374989
0.382000	-2.942822	6.317812	3.374990
0.383000	-2.937707	6.312696	3.374989
0.384000	-2.932466	6.307455	3.374989
0.385000	-2.927100	6.302090	3.374990
0.386000	-2.921611	6.296600	3.374989
0.387000	-2.915998	6.290988	3.374990
0.388000	-2.910263	6.285253	3.374990
0.389000	-2.904408	6.279397	3.374990
0.390000	-2.898432	6.273421	3.374989
0.391000	-2.892337	6.267326	3.374989
0.392000	-2.886126	6.261116	3.374990
0.393000	-2.879799	6.254789	3.374990
0.394000	-2.873358	6.248348	3.374990
0.395000	-2.866806	6.241796	3.374990
0.396000	-2.860142	6.235133	3.374991
0.397000	-2.853371	6.228362	3.374991
0.398000	-2.846494	6.221485	3.374991
0.399000	-2.839512	6.214503	3.374991
0.400000	-2.832429	6.207420	3.374991
0.401000	-2.825245	6.200236	3.374991
0.402000	-2.817964	6.192955	3.374991
0.403000	-2.810588	6.185580	3.374992
0.404000	-2.803119	6.178110	3.374991
0.405000	-2.795558	6.170550	3.374992
0.406000	-2.787910	6.162902	3.374992
0.407000	-2.780174	6.155167	3.374992
0.408000	-2.772356	6.147348	3.374992
0.409000	-2.764456	6.139449	3.374993
0.410000	-2.756477	6.131470	3.374993
0.411000	-2.748422	6.123415	3.374993
0.412000	-2.740292	6.115285	3.374993
0.413000	-2.732091	6.107084	3.374993
0.414000	-2.723820	6.098814	3.374994
0.415000	-2.715482	6.090476	3.374994
0.416000	-2.707080	6.082073	3.374994
0.417000	-2.698615	6.073609	3.374995
0.418000	-2.690089	6.065084	3.374995
0.419000	-2.681507	6.056502	3.374995
0.420000	-2.672870	6.047864	3.374994
0.421000	-2.664178	6.039173	3.374995
0.422000	-2.655436	6.030431	3.374995
0.423000	-2.646645	6.021640	3.374995
0.424000	-2.637807	6.012802	3.374995
0.425000	-2.628925	6.003920	3.374995
0.426000	-2.620000	5.994995	3.374995
0.427000	-2.611035	5.986031	3.374996
0.428000	-2.602032	5.977026	3.374995
0.429000	-2.592992	5.967987	3.374995
0.430000	-2.583918	5.958913	3.374995
0.431000	-2.574812	5.949807	3.374995
0.432000	-2.565675	5.940670	3.374995
0.433000	-2.556510	5.931505	3.374995
0.434000	-2.547318	5.922313	3.374996
0.435000	-2.538100	5.913096	3.374996
0.436000	-2.528860	5.903856	3.374996
0.437000	-2.519598	5.894594	3.374996
0.438000	-2.510316	5.885313	3.374997
0.439000	-2.501016	5.876013	3.374997
0.440000	-2.491700	5.866696	3.374997
0.441000	-2.482368	5.857365	3.374997
0.442000	-2.473022	5.848020	3.374998
0.443000	-2.463666	5.838663	3.374997
0.444000	-2.454298	5.829295	3.374997
0.445000	-2.444921	5.819919	3.374998
0.446000	-2.435537	5.810534	3.374998
0.447000	-2.426146	5.801144	3.374998
0.448000	-2.416750	5.791748	3.374998
0.449000	-2.407351	5.782349	3.374998
0.450000	-2.397949	5.772947	3.374998
0.451000	-2.388546	5.763544	3.374998
0.452000	-2.379143	5.754141	3.374998
0.453000	-2.369741	5.744739	3.374997
0.454000	-2.360341	5.735339	3.374998
0.455000	-2.350944	5.725942	3.374998
0.456000	-2.341552	5.716550	3.374998
0.457000	-2.332165	5.707163	3.374998
0.458000	-2.322785	5.697783	3.374998
0.459000	-2.313412	5.688409	3.374997
0.460000	-2.304047	5.679045	3.374998
0.461000	-2.294691	5.669689	3.374998
0.462000	-2.285346	5.660343	3.374998
0.463000	-2.276011	5.651010	3.374999
0.464000	-2.266688	5.641686	3.374998
0.465000	-2.257378	5.632376	3.374998
0.466000	-2.248081	5.623079	3.374998
0.467000	-2.238799	5.613796	3.374997
0.468000	-2.229531	5.604528	3.374998
0.469000	-2.220279	5.595276	3.374997
0.470000	-2.211042	5.586040	3.374998
0.471000	-2.201823	5.576821	3.374998
0.472000	-2.192621	5.567619	3.374998
0.473000	-2.183438	5.558436	3.374998
0.474000	-2.174274	5.549272	3.374998
0.475000	-2.165129	5.540126	3.374997
0.476000	-2.156004	5.531001	3.374997
0.477000	-2.146899	5.521897	3.374998
0.478000	-2.137815	5.512812	3.374997
0.479000	-2.128754	5.503750	3.374997
0.480000	-2.119713	5.494710	3.374997
0.481000	-2.110695	5.485692	3.374997
0.482000	-2.101700	5.476696	3.374997
0.483000	-2.092728	5.467725	3.374997
0.484000	-2.083780	5.458776	3.374997
0.485000	-2.074856	5.449852	3.374997
0.486000	-2.065957	5.440953	3.374997
0.487000	-2.057081	5.432078	3.374997
0.488000	-2.048232	5.423229	3.374997
0.489000	-2.039408	5.414405	3.374997
0.490000	-2.030610	5.405607	3.374997
0.491000	-2.021838	5.396835	3.374997
0.492000	-2.013093	5.388090	3.374997
0.493000	-2.004375	5.379372	3.374997
0.494000	-1.995683	5.370679	3.374996
0.495000	-1.987019	5.362015	3.374996
0.496000	-1.978382	5.353378	3.374996
0.497000	-1.969773	5.344769	3.374997
0.498000	-1.961192	5.336189	3.374997
0.499000	-1.952639	5.327636	3.374997
0.500000	-1.944114	5.319112	3.374997
0.501000	-1.935619	5.310616	3.374997
0.502000	-1.927152	5.302149	3.374997
0.503000	-1.918714	5.293711	3.374997
0.504000	-1.910305	5.285302	3.374997
0.505000	-1.901925	5.276923	3.374997
0.506000	-1.893575	5.268572	3.374997
0.507000	-1.885255	5.260252	3.374997
0.508000	-1.876965	5.251961	3.374997
0.509000	-1.868704	5.243700	3.374996
0.510000	-1.860473	5.235470	3.374997
0.511000	-1.852272	5.227269	3.374997
0.512000	-1.844101	5.219098	3.374997
0.513000	-1.835961	5.210958	3.374996
0.514000	-1.827852	5.202847	3.374995
0.515000	-1.819772	5.194768	3.374996
0.516000	-1.811724	5.186719	3.374995
0.517000	-1.803705	5.178700	3.374995
0.518000	-1.795717	5.170712	3.374995
0.519000	-1.787760	5.162755	3.374995
0.520000	-1.779834	5.154829	3.374995
0.521000	-1.771938	5.146933	3.374995
0.522000	-1.764073	5.139069	3.374995
0.523000	-1.756239	5.131235	3.374995
0.524000	-1.748436	5.123431	3.374995
0.525000	-1.740664	5.115659	3.374995
0.526000	-1.732923	5.107919	3.374996
0.527000	-1.725213	5.100209	3.374996
0.528000	-1.717534	5.092529	3.374995
0.529000	-1.709886	5.084881	3.374996
0.530000	-1.702269	5.077264	3.374996
0.531000	-1.694683	5.069678	3.374995
0.532000	-1.687128	5.062123	3.374995
0.533000	-1.679604	5.054600	3.374995
0.534000	-1.672111	5.047107	3.374995
0.535000	-1.664649	5.039645	3.374996
0.536000	-1.657219	5.032214	3.374995
0.537000	-1.649819	5.024814	3.374995
0.538000	-1.642449	5.017445	3.374995
0.539000	-1.635112	5.010106	3.374994
0.540000	-1.627804	5.002799	3.374994
0.541000	-1.620528	4.995522	3.374994
0.542000	-1.613282	4.988276	3.374994
0.543000	-1.606068	4.981061	3.374994
0.544000	-1.598883	4.973877	3.374994
0.545000	-1.591730	4.966723	3.374993
0.546000	-1.584607	4.959600	3.374994
0.547000	-1.577515	4.952508	3.374993
0.548000	-1.570453	4.945446	3.374994
0.549000	-1.563422	4.938415	3.374993
0.550000	-1.556421	4.931415	3.374994
0.551000	-1.549450	4.924444	3.374994
0.552000	-1.542511	4.917504	3.374994
0.553000	-1.535601	4.910594	3.374993
0.554000	-1.528721	4.903715	3.374994
0.555000	-1.521872	4.896865	3.374993
0.556000	-1.515053	4.890046	3.374993
0.557000	-1.508264	4.883257	3.374993
0.558000	-1.501505	4.876498	3.374994
0.559000	-1.494776	4.869769	3.374993
0.560000	-1.488077	4.863070	3.374993
0.561000	-1.481407	4.856400	3.374993
0.562000	-1.474767	4.849760	3.374993
0.563000	-1.468157	4.843150	3.374993
0.564000	-1.461576	4.836569	3.374993
0.565000	-1.455025	4.830018	3.374993
0.566000	-1.448504	4.823496	3.374993
0.567000	-1.442011	4.817004	3.374993
0.568000	-1.435548	4.810541	3.374993
0.569000	-1.429114	4.804108	3.374994
0.570000	-1.422709	4.797703	3.374994
0.571000	-1.416333	4.791327	3.374994
0.572000	-1.409987	4.784980	3.374994
0.573000	-1.403669	4.778662	3.374993
0.574000	-1.397380	4.772373	3.374993
0.575000	-1.391120	4.766113	3.374993
0.576000	-1.384888	4.759881	3.374993
0.577000	-1.378685	4.753678	3.374993
0.578000	-1.372510	4.747503	3.374993
0.579000	-1.366364	4.741357	3.374993
0.580000	-1.360247	4.735239	3.374992
0.581000	-1.354157	4.729150	3.374993
0.582000	-1.348095	4.723088	3.374993
0.583000	-1.342062	4.717055	3.374993
0.584000	-1.336056	4.711049	3.374993
0.585000	-1.330079	4.705071	3.374993
0.586000	-1.324129	4.699121	3.374993
0.587000	-1.318207	4.693199	3.374993
0.588000	-1.312312	4.687305	3.374993
0.589000	-1.306445	4.681438	3.374993
0.590000	-1.300606	4.675599	3.374993
0.591000	-1.294794	4.669786	3.374992
0.592000	-1.289008	4.664001	3.374993
0.593000	-1.283250	4.658243	3.374993
0.594000	-1.277520	4.652513	3.374993
0.595000	-1.271816	4.646810	3.374994
0.596000	-1.266139	4.641132	3.374993
0.597000	-1.260489	4.635482	3.374993
0.598000	-1.254866	4.629859	3.374993
0.599000	-1.249269	4.624262	3.374993
0.600000	-1.243699	4.618692	3.374994
0.601000	-1.238155	4.613149	3.374994
0.602000	-1.232638	4.607631	3.374993
0.603000	-1.227147	4.602140	3.374993
0.604000	-1.221682	4.596675	3.374993
0.605000	-1.216243	4.591236	3.374993
0.606000	-1.210830	4.585824	3.374993
0.607000	-1.205444	4.580437	3.374993
0.608000	-1.200083	4.575076	3.374993
0.609000	-1.194747	4.569740	3.374993
0.610000	-1.189438	4.564430	3.374992
0.611000	-1.184154	4.559146	3.374992
0.612000	-1.178895	4.553888	3.374993
0.613000	-1.173662	4.548655	3.374993
0.614000	-1.168454	4.543447	3.374993
0.615000	-1.163271	4.538264	3.374993
0.616000	-1.158114	4.533106	3.374992
0.617000	-1.152981	4.527973	3.374992
0.618000	-1.147874	4.522865	3.374992
0.619000	-1.142791	4.517783	3.374992
0.620000	-1.137733	4.512724	3.374991
0.621000	-1.132699	4.507690	3.374992
0.622000	-1.127689	4.502681	3.374992
0.623000	-1.122704	4.497696	3.374992
0.624000	-1.117744	4.492736	3.374992
0.625000	-1.112808	4.487800	3.374992
0.626000	-1.107896	4.482889	3.374993
0.627000	-1.103008	4.478001	3.374993
0.628000	-1.098144	4.473137	3.374993
0.629000	-1.093304	4.468297	3.374993
0.630000	-1.088488	4.463481	3.374993
0.631000	-1.083696	4.458689	3.374993
0.632000	-1.078928	4.453920	3.374993
0.633000	-1.074182	4.449175	3.374992
0.634000	-1.069461	4.444454	3.374993
0.635000	-1.064762	4.439756	3.374994
0.636000	-1.060087	4.435081	3.374994
0.637000	-1.055435	4.430429	3.374994
0.638000	-1.050807	4.425801	3.374995
0.639000	-1.046201	4.421196	3.374994
0.640000	-1.041619	4.416613	3.374994
0.641000	-1.037059	4.412053	3.374994
0.642000	-1.032522	4.407516	3.374994
0.643000	-1.028008	4.403002	3.374994
0.644000	-1.023516	4.398510	3.374994
0.645000	-1.019047	4.394041	3.374994
0.646000	-1.014600	4.389594	3.374994
0.647000	-1.010176	4.385170	3.374994
0.648000	-1.005774	4.380767	3.374993
0.649000	-1.001394	4.376387	3.374993
0.650000	-0.997036	4.372029	3.374993
0.651000	-0.992700	4.367693	3.374993
0.652000	-0.988386	4.363379	3.374993
0.653000	-0.984094	4.359087	3.374992
0.654000	-0.979824	4.354816	3.374992
0.655000	-0.975575	4.350566	3.374992
0.656000	-0.971347	4.346339	3.374992
0.657000	-0.967141	4.342134	3.374992
0.658000	-0.962957	4.337949	3.374992
0.659000	-0.958794	4.333786	3.374992
0.660000	-0.954652	4.329644	3.374992
0.661000	-0.950531	4.325523	3.374992
0.662000	-0.946431	4.321424	3.374992
0.663000	-0.942353	4.317345	3.374992
0.664000	-0.938295	4.313287	3.374992
0.665000	-0.934258	4.309250	3.374992
0.666000	-0.930241	4.305233	3.374992
0.667000	-0.926246	4.301238	3.374992
0.668000	-0.922270	4.297263	3.374993
0.669000	-0.918316	4.293308	3.374992
0.670000	-0.914382	4.289374	3.374992
0.671000	-0.910467	4.285460	3.374993
0.672000	-0.906574	4.281566	3.374992
0.673000	-0.902700	4.277692	3.374992
0.674000	-0.898847	4.273839	3.374992
0.675000	-0.895014	4.270006	3.374992
0.676000	-0.891200	4.266192	3.374992
0.677000	-0.887406	4.262399	3.374992
0.678000	-0.883632	4.258625	3.374993
0.679000	-0.879878	4.254870	3.374992
0.680000	-0.876143	4.251136	3.374992
0.681000	-0.872428	4.247421	3.374992
0.682000	-0.868733	4.243725	3.374993
0.683000	-0.865056	4.240049	3.374992
0.684000	-0.861400	4.236392	3.374992
0.685000	-0.857762	4.232754	3.374992
0.686000	-0.854143	4.229136	3.374992
0.687000	-0.850544	4.225536	3.374992
0.688000	-0.846963	4.221955	3.374992
0.689000	-0.843401	4.218393	3.374991
0.690000	-0.839859	4.214850	3.374991
0.691000	-0.836334	4.211326	3.374991
0.692000	-0.832829	4.207820	3.374991
0.693000	-0.829342	4.204333	3.374991
0.694000	-0.825874	4.200865	3.374991
0.695000	-0.822424	4.197415	3.374991
0.696000	-0.818993	4.193984	3.374991
0.697000	-0.815580	4.190571	3.374991
0.698000	-0.812185	4.187176	3.374991
0.699000	-0.808808	4.183799	3.374991
0.700000	-0.805450	4.180440	3.374991
0.701000	-0.802109	4.177099	3.374990
0.702000	-0.798786	4.173777	3.374991
0.703000	-0.795481	4.170472	3.374991
0.704000	-0.792194	4.167184	3.374991
0.705000	-0.788924	4.163915	3.374991
0.706000	-0.785673	4.160664	3.374991
0.707000	-0.782438	4.157429	3.374990
0.708000	-0.779222	4.154212	3.374991
0.709000	-0.776022	4.151013	3.374991
0.710000	-0.772840	4.147831	3.374991
0.711000	-0.769676	4.144667	3.374991
0.712000	-0.766528	4.141519	3.374990
0.713000	-0.763398	4.138388	3.374990
0.714000	-0.760285	4.135275	3.374990
0.715000	-0.757189	4.132179	3.374990
0.716000	-0.754109	4.129100	3.374991
0.717000	-0.751047	4.126037	3.374990
0.718000	-0.748001	4.122992	3.374991
0.719000	-0.744972	4.119963	3.374990
0.720000	-0.741960	4.116951	3.374990
0.721000	-0.738965	4.113955	3.374991
0.722000	-0.735986	4.110976	3.374990
0.723000	-0.733023	4.108013	3.374990
0.724000	-0.730076	4.105067	3.374990
0.725000	-0.727147	4.102137	3.374990
0.726000	-0.724233	4.099223	3.374990
0.727000	-0.721335	4.096325	3.374990
0.728000	-0.718454	4.093444	3.374991
0.729000	-0.715588	4.090579	3.374990
0.730000	-0.712739	4.087729	3.374990
0.731000	-0.709905	4.084896	3.374991
0.732000	-0.707088	4.082078	3.374991
0.733000	-0.704286	4.079277	3.374991
0.734000	-0.701500	4.076490	3.374991
0.735000	-0.698729	4.073720	3.374991
0.736000	-0.695974	4.070965	3.374991
0.737000	-0.693235	4.068226	3.374991
0.738000	-0.690511	4.065502	3.374991
0.739000	-0.687803	4.062794	3.374991
0.740000	-0.685110	4.060101	3.374991
0.741000	-0.682432	4.057423	3.374991
0.742000	-0.679769	4.054760	3.374991
0.743000	-0.677122	4.052113	3.374991
0.744000	-0.674489	4.049480	3.374990
0.745000	-0.671872	4.046863	3.374990
0.746000	-0.669270	4.044261	3.374991
0.747000	-0.666682	4.041673	3.374991
0.748000	-0.664110	4.039101	3.374991
0.749000	-0.661552	4.036543	3.374991
0.750000	-0.659009	4.034000	3.374991
0.751000	-0.656480	4.031471	3.374991
0.752000	-0.653966	4.028957	3.374991
0.753000	-0.651467	4.026458	3.374991
0.754000	-0.648982	4.023973	3.374991
0.755000	-0.646512	4.021502	3.374991
0.756000	-0.644055	4.019046	3.374991
0.757000	-0.641614	4.016604	3.374991
0.758000	-0.639186	4.014176	3.374990
0.759000	-0.636773	4.011763	3.374990
0.760000	-0.634374	4.009364	3.374990
0.761000	-0.631988	4.006979	3.374990
0.762000	-0.629617	4.004607	3.374990
0.763000	-0.627260	4.002250	3.374990
0.764000	-0.624917	3.999906	3.374990
0.765000	-0.622587	3.997577	3.374990
0.766000	-0.620271	3.995261	3.374990
0.767000	-0.617969	3.992959	3.374990
0.768000	-0.615681	3.990670	3.374989
0.769000	-0.613406	3.988395	3.374989
0.770000	-0.611145	3.986134	3.374989
0.771000	-0.608897	3.983886	3.374989
0.772000	-0.606662	3.981652	3.374990
0.773000	-0.604441	3.979431	3.374990
0.774000	-0.602233	3.977223	3.374990
0.775000	-0.600039	3.975028	3.374989
0.776000	-0.597858	3.972847	3.374990
0.777000	-0.595690	3.970679	3.374990
0.778000	-0.593535	3.968524	3.374990
0.779000	-0.591393	3.966383	3.374990
0.780000	-0.589263	3.964253	3.374990
0.781000	-0.587147	3.962137	3.374990
0.782000	-0.585044	3.960034	3.374990
0.783000	-0.582954	3.957944	3.374990
0.784000	-0.580876	3.955866	3.374990
0.785000	-0.578812	3.953802	3.374990
0.786000	-0.576759	3.951750	3.374990
0.787000	-0.574720	3.949710	3.374990
0.788000	-0.572693	3.947683	3.374990
0.789000	-0.570679	3.945669	3.374990
0.790000	-0.568676	3.943667	3.374990
0.791000	-0.566687	3.941678	3.374990
0.792000	-0.564710	3.939701	3.374991
0.793000	-0.562745	3.937736	3.374991
0.794000	-0.560792	3.935783	3.374991
0.795000	-0.558852	3.933843	3.374991
0.796000	-0.556924	3.931914	3.374990
0.797000	-0.555008	3.929999	3.374991
0.798000	-0.553104	3.928094	3.374990
0.799000	-0.551212	3.926202	3.374990
0.800000	-0.549332	3.924323	3.374991
0.801000	-0.547464	3.922454	3.374991
0.802000	-0.545607	3.920598	3.374991
0.803000	-0.543763	3.918754	3.374991
0.804000	-0.541930	3.916921	3.374991
0.805000	-0.540109	3.915101	3.374991
0.806000	-0.538300	3.913291	3.374991
0.807000	-0.536503	3.911494	3.374991
0.808000	-0.534717	3.909707	3.374991
0.809000	-0.532942	3.907933	3.374991
0.810000	-0.531179	3.906170	3.374991
0.811000	-0.529428	3.904418	3.374991
0.812000	-0.527687	3.902678	3.374991
0.813000	-0.525959	3.900949	3.374991
0.814000	-0.524241	3.899232	3.374991
0.815000	-0.522535	3.897526	3.374991
0.816000	-0.520840	3.895831	3.374991
0.817000	-0.519156	3.894147	3.374991
0.818000	-0.517483	3.892474	3.374991
0.819000	-0.515821	3.890812	3.374991
0.820000	-0.514171	3.889162	3.374991
0.821000	-0.512531	3.887522	3.374991
0.822000	-0.510903	3.885894	3.374991
0.823000	-0.509285	3.884276	3.374991
0.824000	-0.507678	3.882668	3.374991
0.825000	-0.506082	3.881073	3.374991
0.826000	-0.504496	3.879488	3.374991
0.827000	-0.502922	3.877913	3.374991
0.828000	-0.501358	3.876349	3.374991
0.829000	-0.499804	3.874795	3.374991
0.830000	-0.498262	3.873253	3.374991
0.831000	-0.496730	3.871721	3.374991
0.832000	-0.495208	3.870199	3.374991
0.833000	-0.493697	3.868688	3.374991
0.834000	-0.492196	3.867187	3.374991
0.835000	-0.490706	3.865697	3.374991
0.836000	-0.489226	3.864216	3.374990
0.837000	-0.487756	3.862747	3.374990
0.838000	-0.486297	3.861288	3.374991
0.839000	-0.484848	3.859838	3.374990
0.840000	-0.483409	3.858399	3.374990
0.841000	-0.481980	3.856971	3.374991
0.842000	-0.480561	3.855552	3.374991
0.843000	-0.479153	3.854144	3.374991
0.844000	-0.477754	3.852745	3.374991
0.845000	-0.476365	3.851357	3.374991
0.846000	-0.474987	3.849978	3.374991
0.847000	-0.473618	3.848609	3.374991
0.848000	-0.472259	3.847250	3.374991
0.849000	-0.470910	3.845901	3.374991
0.850000	-0.469571	3.844563	3.374991
0.851000	-0.468242	3.843233	3.374992
0.852000	-0.466922	3.841914	3.374992
0.853000	-0.465612	3.840604	3.374992
0.854000	-0.464311	3.839303	3.374991
0.855000	-0.463021	3.838012	3.374991
0.856000	-0.461740	3.836731	3.374992
0.857000	-0.460468	3.835460	3.374992
0.858000	-0.459206	3.834198	3.374991
0.859000	-0.457954	3.832945	3.374991
0.860000	-0.456710	3.831702	3.374992
0.861000	-0.455477	3.830468	3.374991
0.862000	-0.454252	3.829244	3.374991
0.863000	-0.453037	3.828028	3.374991
0.864000	-0.451831	3.826823	3.374991
0.865000	-0.450635	3.825626	3.374991
0.866000	-0.449448	3.824439	3.374991
0.867000	-0.448270	3.823261	3.374991
0.868000	-0.447101	3.822092	3.374991
0.869000	-0.445941	3.820932	3.374991
0.870000	-0.444791	3.819781	3.374990
0.871000	-0.443649	3.818640	3.374991
0.872000	-0.442516	3.817507	3.374991
0.873000	-0.441393	3.816384	3.374991
0.874000	-0.440278	3.815269	3.374990
0.875000	-0.439173	3.814163	3.374990
0.876000	-0.438076	3.813066	3.374990
0.877000	-0.436988	3.811979	3.374990
0.878000	-0.435909	3.810899	3.374990
0.879000	-0.434839	3.809829	3.374990
0.880000	-0.433777	3.808768	3.374990
0.881000	-0.432725	3.807715	3.374990
0.882000	-0.431681	3.806671	3.374990
0.883000	-0.430645	3.805635	3.374990
0.884000	-0.429619	3.804609	3.374990
0.885000	-0.428601	3.803590	3.374990
0.886000	-0.427591	3.802581	3.374990
0.887000	-0.426590	3.801580	3.374990
0.888000	-0.425598	3.800588	3.374990
0.889000	-0.424614	3.799604	3.374990
0.890000	-0.423638	3.798628	3.374990
0.891000	-0.422671	3.797661	3.374990
0.892000	-0.421713	3.796702	3.374990
0.893000	-0.420762	3.795752	3.374990
0.894000	-0.419821	3.794811	3.374990
0.895000	-0.418887	3.793877	3.374990
0.896000	-0.417962	3.792952	3.374990
0.897000	-0.417045	3.792035	3.374990
0.898000	-0.416136	3.791126	3.374990
0.899000	-0.415236	3.790226	3.374990
0.900000	-0.414343	3.789334	3.374990
0.901000	-0.413459	3.788449	3.374990
0.902000	-0.412584	3.787573	3.374990
0.903000	-0.411716	3.786705	3.374990
0.904000	-0.410856	3.785846	3.374990
0.905000	-0.410004	3.784995	3.374990
0.906000	-0.409161	3.784151	3.374990
0.907000	-0.408325	3.783315	3.374990
0.908000	-0.407497	3.782487	3.374990
0.909000	-0.406678	3.781668	3.374990
0.910000	-0.405866	3.780856	3.374990
0.911000	-0.405062	3.780053	3.374990
0.912000	-0.404266	3.779257	3.374990
0.913000	-0.403478	3.778469	3.374990
0.914000	-0.402698	3.777689	3.374990
0.915000	-0.401926	3.776916	3.374990
0.916000	-0.401161	3.776152	3.374990
0.917000	-0.400404	3.775395	3.374990
0.918000	-0.399655	3.774646	3.374990
0.919000	-0.398914	3.773904	3.374990
0.920000	-0.398180	3.773171	3.374990
0.921000	-0.397454	3.772445	3.374990
0.922000	-0.396736	3.771726	3.374990
0.923000	-0.396026	3.771015	3.374990
0.924000	-0.395323	3.770313	3.374990
0.925000	-0.394627	3.769617	3.374990
0.926000	-0.393939	3.768930	3.374990
0.927000	-0.393259	3.768250	3.374990
0.928000	-0.392586	3.767576	3.374990
0.929000	-0.391921	3.766911	3.374990
0.930000	-0.391263	3.766253	3.374990
0.931000	-0.390613	3.765604	3.374990
0.932000	-0.389970	3.764961	3.374991
0.933000	-0.389335	3.764325	3.374991
0.934000	-0.388707	3.763697	3.374990
0.935000	-0.388086	3.763077	3.374991
0.936000	-0.387473	3.762464	3.374990
0.937000	-0.386867	3.761858	3.374990
0.938000	-0.386269	3.761260	3.374991
0.939000	-0.385677	3.760668	3.374991
0.940000	-0.385094	3.760084	3.374991
0.941000	-0.384517	3.759508	3.374991
0.942000	-0.383948	3.758939	3.374991
0.943000	-0.383386	3.758376	3.374991
0.944000	-0.382831	3.757821	3.374991
0.945000	-0.382283	3.757274	3.374991
0.946000	-0.381743	3.756733	3.374991
0.947000	-0.381209	3.756200	3.374991
0.948000	-0.380683	3.755674	3.374991
0.949000	-0.380164	3.755155	3.374991
0.950000	-0.379652	3.754643	3.374991
0.951000	-0.379148	3.754139	3.374991
0.952000	-0.378650	3.753641	3.374991
0.953000	-0.378160	3.753151	3.374991
0.954000	-0.377676	3.752668	3.374992
0.955000	-0.377200	3.752191	3.374991
0.956000	-0.376730	3.751722	3.374991
0.957000	-0.376268	3.751259	3.374991
0.958000	-0.375813	3.750804	3.374991
0.959000	-0.375365	3.750355	3.374991
0.960000	-0.374923	3.749915	3.374991
0.961000	-0.374489	3.749480	3.374991
0.962000	-0.374061	3.749053	3.374991
0.963000	-0.373641	3.748632	3.374991
0.964000	-0.373227	3.748219	3.374991
0.965000	-0.372821	3.747812	3.374992
0.966000	-0.372421	3.747413	3.374992
0.967000	-0.372028	3.747020	3.374991
0.968000	-0.371642	3.746634	3.374991
0.969000	-0.371263	3.746255	3.374992
0.970000	-0.370891	3.745883	3.374992
0.971000	-0.370526	3.745517	3.374992
0.972000	-0.370167	3.745159	3.374992
0.973000	-0.369816	3.744808	3.374992
0.974000	-0.369471	3.744463	3.374992
0.975000	-0.369133	3.744125	3.374992
0.976000	-0.368802	3.743794	3.374992
0.977000	-0.368477	3.743469	3.374992
0.978000	-0.368160	3.743151	3.374992
0.979000	-0.367849	3.742841	3.374992
0.980000	-0.367545	3.742537	3.374992
0.981000	-0.367247	3.742239	3.374992
0.982000	-0.366957	3.741949	3.374992
0.983000	-0.366673	3.741665	3.374992
0.984000	-0.366396	3.741388	3.374992
0.985000	-0.366125	3.741117	3.374992
0.986000	-0.365862	3.740853	3.374992
0.987000	-0.365605	3.740596	3.374992
0.988000	-0.365354	3.740346	3.374992
0.989000	-0.365111	3.740103	3.374992
0.990000	-0.364874	3.739866	3.374992
0.991000	-0.364643	3.739635	3.374992
0.992000	-0.364420	3.739412	3.374992
0.993000	-0.364203	3.739195	3.374992
0.994000	-0.363993	3.738985	3.374992
0.995000	-0.363789	3.738781	3.374992
0.996000	-0.363592	3.738584	3.374992
0.997000	-0.363402	3.738394	3.374992
0.998000	-0.363218	3.738210	3.374992
0.999000	-0.363041	3.738033	3.374992
1.000000	-0.362871	3.737862	3.374992
1.001000	-0.362707	3.737699	3.374992
1.002000	-0.362550	3.737541	3.374991
1.003000	-0.362399	3.737391	3.374992
1.004000	-0.362255	3.737247	3.374992
1.005000	-0.362118	3.737110	3.374992
1.006000	-0.361987	3.736979	3.374992
1.007000	-0.361863	3.736855	3.374992
1.008000	-0.361745	3.736737	3.374992
1.009000	-0.361634	3.736626	3.374992
1.010000	-0.361530	3.736522	3.374992
1.011000	-0.361432	3.736424	3.374992
1.012000	-0.361341	3.736333	3.374992
1.013000	-0.361257	3.736249	3.374992
1.014000	-0.361179	3.736171	3.374992
1.015000	-0.361108	3.736099	3.374992
1.016000	-0.361043	3.736035	3.374992
1.017000	-0.360985	3.735977	3.374993
1.018000	-0.360933	3.735926	3.374993
1.019000	-0.360888	3.735881	3.374993
1.020000	-0.360850	3.735842	3.374992
1.021000	-0.360818	3.735811	3.374992
1.022000	-0.360793	3.735785	3.374993
1.023000	-0.360774	3.735767	3.374993
1.024000	-0.360762	3.735755	3.374993
1.025000	-0.360757	3.735750	3.374993
1.026000	-0.360758	3.735751	3.374993
1.027000	-0.360766	3.735759	3.374993
1.028000	-0.360781	3.735774	3.374993
1.029000	-0.360802	3.735795	3.374993
1.030000	-0.360830	3.735823	3.374993
1.031000	-0.360864	3.735857	3.374993
1.032000	-0.360905	3.735898	3.374993
1.033000	-0.360953	3.735946	3.374993
1.034000	-0.361007	3.736000	3.374994
1.035000	-0.361068	3.736061	3.374993
1.036000	-0.361135	3.736128	3.374993
1.037000	-0.361210	3.736203	3.374993
1.038000	-0.361290	3.736284	3.374993
1.039000	-0.361378	3.736372	3.374994
1.040000	-0.361472	3.736466	3.374994
1.041000	-0.361573	3.736567	3.374994
1.042000	-0.361681	3.736674	3.374994
1.043000	-0.361795	3.736789	3.374994
1.044000	-0.361916	3.736910	3.374994
1.045000	-0.362044	3.737038	3.374994
1.046000	-0.362178	3.737172	3.374994
1.047000	-0.362319	3.737313	3.374994
1.048000	-0.362467	3.737461	3.374994
1.049000	-0.362622	3.737616	3.374994
1.050000	-0.362783	3.737777	3.374994
1.051000	-0.362951	3.737945	3.374994
1.052000	-0.363126	3.738120	3.374994
1.053000	-0.363308	3.738302	3.374994
1.054000	-0.363496	3.738491	3.374994
1.055000	-0.363692	3.738686	3.374994
1.056000	-0.363894	3.738888	3.374994
1.057000	-0.364103	3.739097	3.374994
1.058000	-0.364319	3.739313	3.374994
1.059000	-0.364542	3.739536	3.374994
1.060000	-0.364771	3.739765	3.374994
1.061000	-0.365008	3.740002	3.374994
1.062000	-0.365251	3.740245	3.374994
1.063000	-0.365502	3.740495	3.374994
1.064000	-0.365759	3.740752	3.374994
1.065000	-0.366023	3.741017	3.374994
1.066000	-0.366294	3.741288	3.374994
1.067000	-0.366572	3.741566	3.374994
1.068000	-0.366857	3.741851	3.374994
1.069000	-0.367149	3.742143	3.374994
1.070000	-0.367448	3.742442	3.374994
1.071000	-0.367754	3.742748	3.374994
1.072000	-0.368067	3.743061	3.374994
1.073000	-0.368388	3.743382	3.374994
1.074000	-0.368715	3.743709	3.374994
1.075000	-0.369049	3.744043	3.374994
1.076000	-0.369391	3.744385	3.374994
1.077000	-0.369740	3.744733	3.374993
1.078000	-0.370095	3.745089	3.374994
1.079000	-0.370458	3.745452	3.374994
1.080000	-0.370829	3.745822	3.374994
1.081000	-0.371206	3.746199	3.374993
1.082000	-0.371591	3.746584	3.374993
1.083000	-0.371982	3.746977	3.374994
1.084000	-0.372382	3.747375	3.374993
1.085000	-0.372788	3.747782	3.374994
1.086000	-0.373202	3.748195	3.374994
1.087000	-0.373623	3.748617	3.374994
1.088000	-0.374051	3.749045	3.374994
1.089000	-0.374487	3.749481	3.374993
1.090000	-0.374931	3.749924	3.374993
1.091000	-0.375381	3.750375	3.374994
1.092000	-0.375840	3.750833	3.374993
1.093000	-0.376305	3.751299	3.374993
1.094000	-0.376779	3.751772	3.374993
1.095000	-0.377259	3.752253	3.374994
1.096000	-0.377748	3.752741	3.374993
1.097000	-0.378243	3.753237	3.374993
1.098000	-0.378747	3.753740	3.374994
1.099000	-0.379258	3.754251	3.374993
1.100000	-0.379777	3.754770	3.374994
1.101000	-0.380303	3.755297	3.374994
1.102000	-0.380838	3.755831	3.374993
1.103000	-0.381380	3.756373	3.374993
1.104000	-0.381930	3.756923	3.374993
1.105000	-0.382487	3.757481	3.374994
1.106000	-0.383052	3.758046	3.374994
1.107000	-0.383626	3.758620	3.374994
1.108000	-0.384207	3.759201	3.374994
1.109000	-0.384796	3.759790	3.374994
1.110000	-0.385393	3.760387	3.374994
1.111000	-0.385999	3.760992	3.374994
1.112000	-0.386612	3.761605	3.374994
1.113000	-0.387233	3.762227	3.374994
1.114000	-0.387862	3.762856	3.374994
1.115000	-0.388500	3.763494	3.374994
1.116000	-0.389145	3.764140	3.374994
1.117000	-0.389799	3.764794	3.374994
1.118000	-0.390461	3.765456	3.374994
1.119000	-0.391132	3.766126	3.374994
1.120000	-0.391811	3.766805	3.374994
1.121000	-0.392498	3.767492	3.374995
1.122000	-0.393193	3.768188	3.374995
1.123000	-0.393897	3.768892	3.374995
1.124000	-0.394610	3.769605	3.374995
1.125000	-0.395330	3.770325	3.374995
1.126000	-0.396060	3.771055	3.374995
1.127000	-0.396798	3.771793	3.374995
1.128000	-0.397544	3.772539	3.374995
1.129000	-0.398300	3.773295	3.374995
1.130000	-0.399064	3.774059	3.374995
1.131000	-0.399837	3.774832	3.374995
1.132000	-0.400618	3.775613	3.374995
1.133000	-0.401409	3.776404	3.374995
1.134000	-0.402208	3.777203	3.374995
1.135000	-0.403017	3.778012	3.374995
1.136000	-0.403834	3.778829	3.374995
1.137000	-0.404660	3.779655	3.374995
1.138000	-0.405495	3.780490	3.374995
1.139000	-0.406340	3.781335	3.374995
1.140000	-0.407194	3.782189	3.374995
1.141000	-0.408057	3.783052	3.374995
1.142000	-0.408929	3.783924	3.374995
1.143000	-0.409810	3.784805	3.374995
1.144000	-0.410701	3.785697	3.374995
1.145000	-0.411602	3.786597	3.374995
1.146000	-0.412512	3.787507	3.374995
1.147000	-0.413431	3.788425	3.374995
1.148000	-0.414360	3.789354	3.374995
1.149000	-0.415298	3.790293	3.374995
1.150000	-0.416246	3.791241	3.374995
1.151000	-0.417204	3.792199	3.374995
1.152000	-0.418172	3.793167	3.374995
1.153000	-0.419150	3.794144	3.374995
1.154000	-0.420137	3.795132	3.374995
1.155000	-0.421134	3.796129	3.374995
1.156000	-0.422142	3.797137	3.374995
1.157000	-0.423159	3.798154	3.374995
1.158000	-0.424187	3.799181	3.374995
1.159000	-0.425225	3.800220	3.374995
1.160000	-0.426273	3.801267	3.374995
1.161000	-0.427331	3.802325	3.374995
1.162000	-0.428400	3.803394	3.374994
1.163000	-0.429479	3.804473	3.374994
1.164000	-0.430568	3.805562	3.374994
1.165000	-0.431668	3.806663	3.374995
1.166000	-0.432779	3.807774	3.374995
1.167000	-0.433901	3.808895	3.374995
1.168000	-0.435033	3.810027	3.374995
1.169000	-0.436176	3.811170	3.374995
1.170000	-0.437329	3.812324	3.374995
1.171000	-0.438494	3.813489	3.374995
1.172000	-0.439670	3.814665	3.374995
1.173000	-0.440857	3.815852	3.374995
1.174000	-0.442055	3.817050	3.374995
1.175000	-0.443264	3.818259	3.374995
1.176000	-0.444485	3.819479	3.374995
1.177000	-0.445717	3.820712	3.374995
1.178000	-0.446960	3.821955	3.374995
1.179000	-0.448215	3.823210	3.374995
1.180000	-0.449481	3.824476	3.374995
1.181000	-0.450759	3.825754	3.374995
1.182000	-0.452049	3.827044	3.374995
1.183000	-0.453351	3.828346	3.374995
1.184000	-0.454664	3.829659	3.374995
1.185000	-0.455989	3.830985	3.374995
1.186000	-0.457327	3.832322	3.374995
1.187000	-0.458677	3.833672	3.374995
1.188000	-0.460038	3.835034	3.374996
1.189000	-0.461412	3.836408	3.374995
1.190000	-0.462799	3.837794	3.374995
1.191000	-0.464198	3.839193	3.374996
1.192000	-0.465609	3.840605	3.374996
1.193000	-0.467033	3.842029	3.374996
1.194000	-0.468470	3.843465	3.374995
1.195000	-0.469919	3.844914	3.374995
1.196000	-0.471382	3.846377	3.374995
1.197000	-0.472857	3.847852	3.374995
1.198000	-0.474346	3.849340	3.374995
1.199000	-0.475847	3.850842	3.374995
1.200000	-0.477361	3.852356	3.374995
1.201000	-0.478889	3.853884	3.374995
1.202000	-0.480431	3.855426	3.374995
1.203000	-0.481986	3.856981	3.374995
1.204000	-0.483554	3.858549	3.374995
1.205000	-0.485136	3.860131	3.374995
1.206000	-0.486731	3.861726	3.374995
1.207000	-0.488341	3.863336	3.374995
1.208000	-0.489965	3.864960	3.374995
1.209000	-0.491602	3.866597	3.374995
1.210000	-0.493254	3.868249	3.374995
1.211000	-0.494920	3.869915	3.374995
1.212000	-0.496600	3.871595	3.374996
1.213000	-0.498294	3.873289	3.374995
1.214000	-0.500003	3.874999	3.374996
1.215000	-0.501727	3.876722	3.374995
1.216000	-0.503466	3.878461	3.374995
1.217000	-0.505219	3.880214	3.374995
1.218000	-0.506987	3.881982	3.374995
1.219000	-0.508770	3.883765	3.374995
1.220000	-0.510568	3.885564	3.374995
1.221000	-0.512381	3.887377	3.374995
1.222000	-0.514210	3.889205	3.374995
1.223000	-0.516055	3.891050	3.374995
1.224000	-0.517914	3.892910	3.374995
1.225000	-0.519789	3.894785	3.374996
1.226000	-0.521680	3.896676	3.374996
1.227000	-0.523587	3.898583	3.374996
1.228000	-0.525510	3.900506	3.374996
1.229000	-0.527449	3.902445	3.374996
1.230000	-0.529404	3.904400	3.374996
1.231000	-0.531375	3.906371	3.374996
1.232000	-0.533363	3.908359	3.374996
1.233000	-0.535367	3.910363	3.374997
1.234000	-0.537387	3.912384	3.374997
1.235000	-0.539425	3.914421	3.374996
1.236000	-0.541479	3.916476	3.374996
1.237000	-0.543550	3.918547	3.374997
1.238000	-0.545639	3.920635	3.374997
1.239000	-0.547744	3.922740	3.374997
1.240000	-0.549867	3.924863	3.374997
1.241000	-0.552007	3.927003	3.374996
1.242000	-0.554164	3.929161	3.374997
1.243000	-0.556339	3.931335	3.374996
1.244000	-0.558532	3.933528	3.374996
1.245000	-0.560743	3.935739	3.374996
1.246000	-0.562971	3.937967	3.374996
1.247000	-0.565217	3.940214	3.374996
1.248000	-0.567482	3.942478	3.374996
1.249000	-0.569765	3.944761	3.374996
1.250000	-0.572066	3.947062	3.374996
1.251000	-0.574386	3.949381	3.374996
1.252000	-0.576724	3.951720	3.374996
1.253000	-0.579081	3.954077	3.374996
1.254000	-0.581457	3.956452	3.374996
1.255000	-0.583851	3.958847	3.374995
1.256000	-0.586265	3.961260	3.374996
1.257000	-0.588697	3.963693	3.374995
1.258000	-0.591149	3.966144	3.374995
1.259000	-0.593620	3.968616	3.374996
1.260000	-0.596111	3.971106	3.374996
1.261000	-0.598621	3.973616	3.374996
1.262000	-0.601150	3.976146	3.374996
1.263000	-0.603700	3.978696	3.374996
1.264000	-0.606269	3.981265	3.374996
1.265000	-0.608858	3.983854	3.374996
1.266000	-0.611467	3.986463	3.374996
1.267000	-0.614096	3.989092	3.374996
1.268000	-0.616745	3.991742	3.374996
1.269000	-0.619415	3.994411	3.374997
1.270000	-0.622105	3.997102	3.374997
1.271000	-0.624815	3.999812	3.374996
1.272000	-0.627546	4.002543	3.374997
1.273000	-0.630298	4.005295	3.374997
1.274000	-0.633070	4.008068	3.374997
1.275000	-0.635864	4.010860	3.374997
1.276000	-0.638678	4.013675	3.374997
1.277000	-0.641513	4.016510	3.374997
1.278000	-0.644369	4.019365	3.374997
1.279000	-0.647246	4.022243	3.374997
1.280000	-0.650144	4.025141	3.374997
1.281000	-0.653063	4.028060	3.374997
1.282000	-0.656004	4.031001	3.374997
1.283000	-0.658965	4.033962	3.374997
1.284000	-0.661949	4.036945	3.374997
1.285000	-0.664953	4.039949	3.374996
1.286000	-0.667979	4.042975	3.374996
1.287000	-0.671026	4.046022	3.374996
1.288000	-0.674094	4.049091	3.374997
1.289000	-0.677185	4.052181	3.374997
1.290000	-0.680296	4.055293	3.374997
1.291000	-0.683429	4.058425	3.374997
1.292000	-0.686583	4.061580	3.374997
1.293000	-0.689759	4.064756	3.374997
1.294000	-0.692957	4.067953	3.374997
1.295000	-0.696175	4.071172	3.374997
1.296000	-0.699415	4.074412	3.374997
1.297000	-0.702677	4.077673	3.374996
1.298000	-0.705959	4.080956	3.374997
1.299000	-0.709263	4.084260	3.374997
1.300000	-0.712588	4.087585	3.374997
1.301000	-0.715934	4.090932	3.374998
1.302000	-0.719302	4.094299	3.374998
1.303000	-0.722690	4.097687	3.374998
1.304000	-0.726099	4.101096	3.374998
1.305000	-0.729528	4.104526	3.374998
1.306000	-0.732979	4.107976	3.374997
1.307000	-0.736449	4.111447	3.374998
1.308000	-0.739940	4.114938	3.374998
1.309000	-0.743451	4.118449	3.374998
1.310000	-0.746982	4.121980	3.374998
1.311000	-0.750532	4.125530	3.374998
1.312000	-0.754102	4.129100	3.374997
1.313000	-0.757692	4.132689	3.374998
1.314000	-0.761300	4.136298	3.374998
1.315000	-0.764927	4.139925	3.374998
1.316000	-0.768573	4.143570	3.374997
1.317000	-0.772237	4.147234	3.374998
1.318000	-0.775918	4.150916	3.374998
1.319000	-0.779617	4.154614	3.374997
1.320000	-0.783333	4.158331	3.374997
1.321000	-0.787066	4.162064	3.374997
1.322000	-0.790815	4.165812	3.374997
1.323000	-0.794580	4.169578	3.374997
1.324000	-0.798361	4.173358	3.374997
1.325000	-0.802156	4.177153	3.374997
1.326000	-0.805965	4.180963	3.374997
1.327000	-0.809789	4.184786	3.374997
1.328000	-0.813626	4.188622	3.374996
1.329000	-0.817475	4.192472	3.374997
1.330000	-0.821337	4.196333	3.374997
1.331000	-0.825210	4.200206	3.374996
1.332000	-0.829093	4.204090	3.374996
1.333000	-0.832987	4.207983	3.374996
1.334000	-0.836889	4.211885	3.374996
1.335000	-0.840800	4.215796	3.374996
1.336000	-0.844719	4.219715	3.374996
1.337000	-0.848644	4.223640	3.374997
1.338000	-0.852575	4.227571	3.374996
1.339000	-0.856510	4.231506	3.374996
1.340000	-0.860449	4.235445	3.374996
1.341000	-0.864391	4.239387	3.374996
1.342000	-0.868334	4.243330	3.374995
1.343000	-0.872277	4.247273	3.374995
1.344000	-0.876220	4.251215	3.374995
1.345000	-0.880160	4.255155	3.374995
1.346000	-0.884097	4.259091	3.374995
1.347000	-0.888028	4.263022	3.374994
1.348000	-0.891953	4.266948	3.374994
1.349000	-0.895871	4.270865	3.374995
1.350000	-0.899778	4.274773	3.374995
1.351000	-0.903675	4.278669	3.374994
1.352000	-0.907559	4.282553	3.374995
1.353000	-0.911428	4.286422	3.374994
1.354000	-0.915280	4.290275	3.374994
1.355000	-0.919114	4.294108	3.374994
1.356000	-0.922928	4.297922	3.374994
1.357000	-0.926719	4.301712	3.374993
1.358000	-0.930485	4.305479	3.374993
1.359000	-0.934224	4.309217	3.374993
1.360000	-0.937935	4.312927	3.374993
1.361000	-0.941612	4.316605	3.374992
1.362000	-0.945256	4.320248	3.374992
1.363000	-0.948862	4.323854	3.374992
1.364000	-0.952429	4.327421	3.374992
1.365000	-0.955953	4.330945	3.374992
1.366000	-0.959432	4.334424	3.374992
1.367000	-0.962862	4.337853	3.374991
1.368000	-0.966241	4.341231	3.374991
1.369000	-0.969564	4.344554	3.374990
1.370000	-0.972829	4.347819	3.374990
1.371000	-0.976032	4.351022	3.374990
1.372000	-0.979169	4.354159	3.374990
1.373000	-0.982238	4.357227	3.374990
1.374000	-0.985233	4.360222	3.374989
1.375000	-0.988150	4.363139	3.374989
1.376000	-0.990987	4.365975	3.374989
1.377000	-0.993738	4.368726	3.374988
1.378000	-0.996398	4.371387	3.374988
1.379000	-0.998964	4.373952	3.374988
1.380000	-1.001431	4.376419	3.374987
1.381000	-1.003794	4.378781	3.374987
1.382000	-1.006048	4.381034	3.374986
1.383000	-1.008187	4.383173	3.374986
1.384000	-1.010207	4.385192	3.374985
1.385000	-1.012102	4.387087	3.374985
1.386000	-1.013867	4.388851	3.374985
1.387000	-1.015495	4.390479	3.374984
1.388000	-1.016980	4.391964	3.374984
1.389000	-1.018318	4.393301	3.374983
1.390000	-1.019502	4.394484	3.374982
1.391000	-1.020524	4.395506	3.374982
1.392000	-1.021380	4.396361	3.374982
1.393000	-1.022061	4.397042	3.374981
1.394000	-1.022562	4.397543	3.374980
1.395000	-1.022876	4.397856	3.374980
1.396000	-1.022995	4.397974	3.374979
1.397000	-1.022912	4.397891	3.374979
1.398000	-1.022620	4.397598	3.374978
1.399000	-1.022112	4.397090	3.374978
1.400000	-1.021380	4.396357	3.374977
1.401000	-1.020416	4.395392	3.374977
1.402000	-1.019212	4.394189	3.374977
1.403000	-1.017761	4.392737	3.374975
1.404000	-1.016056	4.391031	3.374975
1.405000	-1.014087	4.389061	3.374974
1.406000	-1.011846	4.386820	3.374974
1.407000	-1.009327	4.384300	3.374973
1.408000	-1.006520	4.381493	3.374972
1.409000	-1.003418	4.378390	3.374972
1.410000	-1.000013	4.374984	3.374971
1.411000	-0.996296	4.371267	3.374971
1.412000	-0.992260	4.367229	3.374970
1.413000	-0.987896	4.362865	3.374969
1.414000	-0.983198	4.358166	3.374968
1.415000	-0.978157	4.353125	3.374968
1.416000	-0.972766	4.347733	3.374967
1.417000	-0.967017	4.341983	3.374966
1.418000	-0.960905	4.335870	3.374965
1.419000	-0.954421	4.329386	3.374965
1.420000	-0.947560	4.322525	3.374965
1.421000	-0.940316	4.315280	3.374964
1.422000	-0.932683	4.307647	3.374964
1.423000	-0.924656	4.299619	3.374962
1.424000	-0.916230	4.291193	3.374962
1.425000	-0.907402	4.282363	3.374961
1.426000	-0.898165	4.273127	3.374961
1.427000	-0.888520	4.263481	3.374961
1.428000	-0.878463	4.253423	3.374960
1.429000	-0.867992	4.242952	3.374960
1.430000	-0.857107	4.232067	3.374960
1.431000	-0.845809	4.220768	3.374960
1.432000	-0.834097	4.209057	3.374960
1.433000	-0.821974	4.196934	3.374960
1.434000	-0.809445	4.184404	3.374959
1.435000	-0.796513	4.171472	3.374959
1.436000	-0.783183	4.158141	3.374959
1.437000	-0.769459	4.144418	3.374959
1.438000	-0.755353	4.130312	3.374959
1.439000	-0.740872	4.115832	3.374959
1.440000	-0.726027	4.100988	3.374961
1.441000	-0.710831	4.085792	3.374961
1.442000	-0.695296	4.070257	3.374961
1.443000	-0.679436	4.054399	3.374963
1.444000	-0.663270	4.038235	3.374964
1.445000	-0.646817	4.021781	3.374965
1.446000	-0.630093	4.005059	3.374966
1.447000	-0.613122	3.988089	3.374967
1.448000	-0.595924	3.970893	3.374969
1.449000	-0.578528	3.953499	3.374970
1.450000	-0.560956	3.935929	3.374973
1.451000	-0.543239	3.918215	3.374976
1.452000	-0.525406	3.900384	3.374979
1.453000	-0.507489	3.882468	3.374979
1.454000	-0.489519	3.864499	3.374980
1.455000	-0.471529	3.846512	3.374982
1.456000	-0.453558	3.828541	3.374983
1.457000	-0.435639	3.810625	3.374986
1.458000	-0.417811	3.792799	3.374989
1.459000	-0.400114	3.775105	3.374991
1.460000	-0.382589	3.757581	3.374993
1.461000	-0.365275	3.740270	3.374994
1.462000	-0.348213	3.723211	3.374998
1.463000	-0.331449	3.706448	3.374999
1.464000	-0.315022	3.690023	3.375001
1.465000	-0.298974	3.673979	3.375005
1.466000	-0.283351	3.658358	3.375008
1.467000	-0.268194	3.643204	3.375010
1.468000	-0.253543	3.628558	3.375015
1.469000	-0.239447	3.614462	3.375016
1.470000	-0.225938	3.600958	3.375020
1.471000	-0.213061	3.588084	3.375023
1.472000	-0.200853	3.575880	3.375026
1.473000	-0.189354	3.564382	3.375028
1.474000	-0.178595	3.553627	3.375031
1.475000	-0.168615	3.543647	3.375031
1.476000	-0.159442	3.534474	3.375032
1.477000	-0.151105	3.526139	3.375034
1.478000	-0.143630	3.518667	3.375037
1.479000	-0.137047	3.512083	3.375036
1.480000	-0.131372	3.506409	3.375038
1.481000	-0.126625	3.501664	3.375039
1.482000	-0.122823	3.497862	3.375039
1.483000	-0.119978	3.495017	3.375040
1.484000	-0.118099	3.493139	3.375039
1.485000	-0.117194	3.492232	3.375038
1.486000	-0.117264	3.492301	3.375037
1.487000	-0.118305	3.493344	3.375039
1.488000	-0.120322	3.495358	3.375036
1.489000	-0.123302	3.498336	3.375035
1.490000	-0.127232	3.502267	3.375036
1.491000	-0.132104	3.507140	3.375036
1.492000	-0.137901	3.512935	3.375034
1.493000	-0.144602	3.519634	3.375032
1.494000	-0.152185	3.527215	3.375031
1.495000	-0.160623	3.535653	3.375030
1.496000	-0.169890	3.544920	3.375030
1.497000	-0.179959	3.554986	3.375026
1.498000	-0.190791	3.565819	3.375028
1.499000	-0.202360	3.577384	3.375024
1.500000	-0.214624	3.589646	3.375021
1.501000	-0.227549	3.602567	3.375018
1.502000	-0.241092	3.616108	3.375016
1.503000	-0.255215	3.630229	3.375014
1.504000	-0.269878	3.644889	3.375010
1.505000	-0.285038	3.660046	3.375008
1.506000	-0.300652	3.675657	3.375006
1.507000	-0.316679	3.691681	3.375002
1.508000	-0.333075	3.708074	3.374999
1.509000	-0.349797	3.724793	3.374995
1.510000	-0.366803	3.741796	3.374993
1.511000	-0.384050	3.759041	3.374991
1.512000	-0.401499	3.776486	3.374988
1.513000	-0.419107	3.794091	3.374985
1.514000	-0.436834	3.811816	3.374983
1.515000	-0.454642	3.829623	3.374981
1.516000	-0.472495	3.847473	3.374978
1.517000	-0.490352	3.865329	3.374977
1.518000	-0.508184	3.883158	3.374974
1.519000	-0.525953	3.900925	3.374972
1.520000	-0.543628	3.918599	3.374970
1.521000	-0.561178	3.936147	3.374969
1.522000	-0.578575	3.953542	3.374967
1.523000	-0.595790	3.970756	3.374966
1.524000	-0.612798	3.987762	3.374964
1.525000	-0.629574	4.004538	3.374964
1.526000	-0.646098	4.021060	3.374962
1.527000	-0.662346	4.037307	3.374961
1.528000	-0.678300	4.053260	3.374960
1.529000	-0.693942	4.068902	3.374959
1.530000	-0.709257	4.084216	3.374959
1.531000	-0.724229	4.099187	3.374958
1.532000	-0.738845	4.113804	3.374959
1.533000	-0.753094	4.128053	3.374958
1.534000	-0.766967	4.141925	3.374958
1.535000	-0.780453	4.155412	3.374959
1.536000	-0.793546	4.168505	3.374959
1.537000	-0.806239	4.181197	3.374958
1.538000	-0.818528	4.193485	3.374958
1.539000	-0.830407	4.205366	3.374959
1.540000	-0.841875	4.216834	3.374959
1.541000	-0.852930	4.227889	3.374959
1.542000	-0.863570	4.238530	3.374959
1.543000	-0.873797	4.248756	3.374959
1.544000	-0.883610	4.258571	3.374961
1.545000	-0.893013	4.267973	3.374960
1.546000	-0.902005	4.276966	3.374961
1.547000	-0.910593	4.285554	3.374961
1.548000	-0.918777	4.293739	3.374961
1.549000	-0.926564	4.301527	3.374963
1.550000	-0.933959	4.308921	3.374963
1.551000	-0.940965	4.315929	3.374964
1.552000	-0.947589	4.322554	3.374965
1.553000	-0.953838	4.328804	3.374965
1.554000	-0.959718	4.334683	3.374966
1.555000	-0.965234	4.340201	3.374967
1.556000	-0.970396	4.345363	3.374967
1.557000	-0.975209	4.350177	3.374968
1.558000	-0.979682	4.354650	3.374969
1.559000	-0.983821	4.358790	3.374969
1.560000	-0.987635	4.362605	3.374970
1.561000	-0.991132	4.366103	3.374971
1.562000	-0.994319	4.369290	3.374971
1.563000	-0.997205	4.372177	3.374972
1.564000	-0.999797	4.374770	3.374973
1.565000	-1.002105	4.377078	3.374974
1.566000	-1.004134	4.379108	3.374974
1.567000	-1.005895	4.380870	3.374975
1.568000	-1.007395	4.382370	3.374975
1.569000	-1.008641	4.383617	3.374977
1.570000	-1.009642	4.384619	3.374977
1.571000	-1.010405	4.385383	3.374978
1.572000	-1.010938	4.385917	3.374978
1.573000	-1.011250	4.386229	3.374979
1.574000	-1.011346	4.386326	3.374979
1.575000	-1.011236	4.386216	3.374980
1.576000	-1.010925	4.385906	3.374981
1.577000	-1.010421	4.385403	3.374981
1.578000	-1.009732	4.384713	3.374981
1.579000	-1.008863	4.383845	3.374982
1.580000	-1.007823	4.382805	3.374983
1.581000	-1.006616	4.381599	3.374983
1.582000	-1.005250	4.380234	3.374984
1.583000	-1.003731	4.378716	3.374985
1.584000	-1.002066	4.377051	3.374985
1.585000	-1.000260	4.375246	3.374986
1.586000	-0.998319	4.373305	3.374986
1.587000	-0.996248	4.371234	3.374986
1.588000	-0.994054	4.369040	3.374986
1.589000	-0.991741	4.366728	3.374987
1.590000	-0.989315	4.364303	3.374988
1.591000	-0.986781	4.361769	3.374988
1.592000	-0.984144	4.359132	3.374988
1.593000	-0.981409	4.356398	3.374989
1.594000	-0.978579	4.353569	3.374990
1.595000	-0.975661	4.350651	3.374990
1.596000	-0.972658	4.347649	3.374990
1.597000	-0.969575	4.344565	3.374990
1.598000	-0.966415	4.341406	3.374991
1.599000	-0.963183	4.338173	3.374990
1.600000	-0.959882	4.334873	3.374991
1.601000	-0.956516	4.331508	3.374992
1.602000	-0.953089	4.328081	3.374992
1.603000	-0.949604	4.324596	3.374992
1.604000	-0.946064	4.321057	3.374992
1.605000	-0.942474	4.317467	3.374993
1.606000	-0.938835	4.313828	3.374993
1.607000	-0.935151	4.310144	3.374993
1.608000	-0.931425	4.306418	3.374993
1.609000	-0.927660	4.302653	3.374994
1.610000	-0.923858	4.298852	3.374994
1.611000	-0.920022	4.295016	3.374994
1.612000	-0.916154	4.291148	3.374994
1.613000	-0.912258	4.287252	3.374994
1.614000	-0.908334	4.283329	3.374994
1.615000	-0.904386	4.279381	3.374995
1.616000	-0.900416	4.275410	3.374994
1.617000	-0.896425	4.271420	3.374995
1.618000	-0.892416	4.267410	3.374995
1.619000	-0.888390	4.263385	3.374995
1.620000	-0.884350	4.259345	3.374995
1.621000	-0.880297	4.255292	3.374995
1.622000	-0.876233	4.251228	3.374995
1.623000	-0.872159	4.247154	3.374995
1.624000	-0.868077	4.243073	3.374996
1.625000	-0.863989	4.238985	3.374996
1.626000	-0.859896	4.234892	3.374996
1.627000	-0.855799	4.230796	3.374997
1.628000	-0.851700	4.226697	3.374997
1.629000	-0.847601	4.222597	3.374997
1.630000	-0.843501	4.218497	3.374996
1.631000	-0.839402	4.214399	3.374997
1.632000	-0.835306	4.210303	3.374996
1.633000	-0.831214	4.206211	3.374997
1.634000	-0.827126	4.202123	3.374997
1.635000	-0.823043	4.198040	3.374997
1.636000	-0.818967	4.193964	3.374997
1.637000	-0.814898	4.189895	3.374997
1.638000	-0.810837	4.185833	3.374996
1.639000	-0.806785	4.181782	3.374997
1.640000	-0.802743	4.177739	3.374996
1.641000	-0.798711	4.173707	3.374996
1.642000	-0.794690	4.169686	3.374996
1.643000	-0.790681	4.165677	3.374996
1.644000	-0.786684	4.161680	3.374996
1.645000	-0.782700	4.157696	3.374996
1.646000	-0.778729	4.153726	3.374996
1.647000	-0.774773	4.149769	3.374996
1.648000	-0.770832	4.145827	3.374996
1.649000	-0.766905	4.141900	3.374995
1.650000	-0.762993	4.137989	3.374995
1.651000	-0.759098	4.134093	3.374995
1.652000	-0.755219	4.130214	3.374996
1.653000	-0.751356	4.126351	3.374996
1.654000	-0.747510	4.122506	3.374995
1.655000	-0.743682	4.118677	3.374995
1.656000	-0.739872	4.114867	3.374995
1.657000	-0.736079	4.111074	3.374995
1.658000	-0.732304	4.107300	3.374995
1.659000	-0.728549	4.103544	3.374995
1.660000	-0.724811	4.099806	3.374995
1.661000	-0.721093	4.096088	3.374995
1.662000	-0.717394	4.092389	3.374995
1.663000	-0.713714	4.088709	3.374995
1.664000	-0.710054	4.085049	3.374995
1.665000	-0.706413	4.081409	3.374996
1.666000	-0.702792	4.077788	3.374996
1.667000	-0.699192	4.074188	3.374996
1.668000	-0.695612	4.070607	3.374996
1.669000	-0.692051	4.067047	3.374996
1.670000	-0.688511	4.063507	3.374996
1.671000	-0.684992	4.059988	3.374996
1.672000	-0.681493	4.056488	3.374995
1.673000	-0.678014	4.053010	3.374996
1.674000	-0.674556	4.049552	3.374996
1.675000	-0.671119	4.046115	3.374996
1.676000	-0.667702	4.042699	3.374997
1.677000	-0.664307	4.039303	3.374997
1.678000	-0.660931	4.035928	3.374996
1.679000	-0.657577	4.032574	3.374997
1.680000	-0.654244	4.029241	3.374997
1.681000	-0.650931	4.025928	3.374997
1.682000	-0.647640	4.022636	3.374997
1.683000	-0.644369	4.019365	3.374996
1.684000	-0.641119	4.016115	3.374997
1.685000	-0.637889	4.012886	3.374997
1.686000	-0.634681	4.009677	3.374996
1.687000	-0.631492	4.006489	3.374997
1.688000	-0.628325	4.003321	3.374996
1.689000	-0.625178	4.000174	3.374996
1.690000	-0.622052	3.997048	3.374997
1.691000	-0.618946	3.993942	3.374997
1.692000	-0.615860	3.990857	3.374997
1.693000	-0.612795	3.987792	3.374997
1.694000	-0.609751	3.984747	3.374996
1.695000	-0.606726	3.981722	3.374996
1.696000	-0.603722	3.978718	3.374996
1.697000	-0.600738	3.975734	3.374996
1.698000	-0.597773	3.972770	3.374996
1.699000	-0.594829	3.969825	3.374996
1.700000	-0.591905	3.966900	3.374996
1.701000	-0.589000	3.963996	3.374996
1.702000	-0.586115	3.961111	3.374996
1.703000	-0.583249	3.958245	3.374997
1.704000	-0.580403	3.955399	3.374996
1.705000	-0.577576	3.952572	3.374997
1.706000	-0.574768	3.949764	3.374996
1.707000	-0.571980	3.946977	3.374997
1.708000	-0.569211	3.944207	3.374997
1.709000	-0.566460	3.941457	3.374997
1.710000	-0.563729	3.938726	3.374997
1.711000	-0.561017	3.936013	3.374997
1.712000	-0.558323	3.933319	3.374996
1.713000	-0.555647	3.930644	3.374997
1.714000	-0.552991	3.927988	3.374997
1.715000	-0.550352	3.925349	3.374997
1.716000	-0.547732	3.922728	3.374997
1.717000	-0.545129	3.920126	3.374997
1.718000	-0.542545	3.917542	3.374997
1.719000	-0.539979	3.914975	3.374997
1.720000	-0.537430	3.912427	3.374997
1.721000	-0.534900	3.909896	3.374997
1.722000	-0.532386	3.907382	3.374996
1.723000	-0.529890	3.904887	3.374996
1.724000	-0.527411	3.902408	3.374997
1.725000	-0.524950	3.899947	3.374996
1.726000	-0.522506	3.897502	3.374996
1.727000	-0.520079	3.895075	3.374996
1.728000	-0.517668	3.892664	3.374996
1.729000	-0.515275	3.890270	3.374996
1.730000	-0.512898	3.887893	3.374995
1.731000	-0.510537	3.885532	3.374995
1.732000	-0.508193	3.883188	3.374995
1.733000	-0.505865	3.880860	3.374995
1.734000	-0.503553	3.878548	3.374995
1.735000	-0.501257	3.876252	3.374995
1.736000	-0.498977	3.873972	3.374995
1.737000	-0.496713	3.871708	3.374995
1.738000	-0.494464	3.869460	3.374996
1.739000	-0.492231	3.867227	3.374995
1.740000	-0.490014	3.865010	3.374996
1.741000	-0.487812	3.862807	3.374996
1.742000	-0.485625	3.860620	3.374996
1.743000	-0.483453	3.858449	3.374996
1.744000	-0.481296	3.856292	3.374996
1.745000	-0.479154	3.854150	3.374996
1.746000	-0.477027	3.852024	3.374996
1.747000	-0.474915	3.849911	3.374997
1.748000	-0.472817	3.847813	3.374996
1.749000	-0.470733	3.845730	3.374997
1.750000	-0.468664	3.843661	3.374996
1.751000	-0.466610	3.841606	3.374996
1.752000	-0.464569	3.839565	3.374997
1.753000	-0.462542	3.837538	3.374996
1.754000	-0.460529	3.835526	3.374996
1.755000	-0.458530	3.833526	3.374996
1.756000	-0.456545	3.831541	3.374996
1.757000	-0.454573	3.829569	3.374996
1.758000	-0.452615	3.827611	3.374996
1.759000	-0.450670	3.825666	3.374996
1.760000	-0.448738	3.823734	3.374996
1.761000	-0.446820	3.821816	3.374996
1.762000	-0.444914	3.819911	3.374996
1.763000	-0.443022	3.818018	3.374996
1.764000	-0.441142	3.816138	3.374996
1.765000	-0.439275	3.814271	3.374996
1.766000	-0.437421	3.812417	3.374996
1.767000	-0.435579	3.810575	3.374996
1.768000	-0.433750	3.808746	3.374995
1.769000	-0.431933	3.806929	3.374995
1.770000	-0.430128	3.805124	3.374995
1.771000	-0.428336	3.803331	3.374995
1.772000	-0.426555	3.801551	3.374995
1.773000	-0.424787	3.799782	3.374995
1.774000	-0.423030	3.798026	3.374995
1.775000	-0.421285	3.796281	3.374995
1.776000	-0.419552	3.794547	3.374995
1.777000	-0.417830	3.792826	3.374996
1.778000	-0.416120	3.791115	3.374995
1.779000	-0.414421	3.789416	3.374995
1.780000	-0.412734	3.787729	3.374995
1.781000	-0.411057	3.786053	3.374996
1.782000	-0.409392	3.784388	3.374996
1.783000	-0.407738	3.782733	3.374995
1.784000	-0.406094	3.781090	3.374995
1.785000	-0.404462	3.779458	3.374995
1.786000	-0.402840	3.777836	3.374996
1.787000	-0.401229	3.776225	3.374996
1.788000	-0.399629	3.774625	3.374996
1.789000	-0.398039	3.773035	3.374996
1.790000	-0.396460	3.771456	3.374996
1.791000	-0.394891	3.769887	3.374995
1.792000	-0.393332	3.768328	3.374996
1.793000	-0.391784	3.766779	3.374995
1.794000	-0.390245	3.765241	3.374996
1.795000	-0.388717	3.763713	3.374996
1.796000	-0.387198	3.762194	3.374996
1.797000	-0.385690	3.760685	3.374995
1.798000	-0.384191	3.759187	3.374996
1.799000	-0.382702	3.757697	3.374995
1.800000	-0.381222	3.756218	3.374995
1.801000	-0.379752	3.754747	3.374995
1.802000	-0.378292	3.753287	3.374995
1.803000	-0.376841	3.751836	3.374995
1.804000	-0.375399	3.750394	3.374995
1.805000	-0.373967	3.748961	3.374995
1.806000	-0.372543	3.747538	3.374995
1.807000	-0.371129	3.746124	3.374995
1.808000	-0.369723	3.744719	3.374995
1.809000	-0.368327	3.743322	3.374995
1.810000	-0.366940	3.741935	3.374995
1.811000	-0.365561	3.740556	3.374995
1.812000	-0.364191	3.739187	3.374995
1.813000	-0.362830	3.737825	3.374995
1.814000	-0.361477	3.736473	3.374995
1.815000	-0.360133	3.735128	3.374995
1.816000	-0.358798	3.733793	3.374995
1.817000	-0.357471	3.732466	3.374995
1.818000	-0.356152	3.731147	3.374995
1.819000	-0.354841	3.729836	3.374995
1.820000	-0.353539	3.728534	3.374995
1.821000	-0.352244	3.727239	3.374995
1.822000	-0.350958	3.725953	3.374995
1.823000	-0.349680	3.724675	3.374995
1.824000	-0.348410	3.723405	3.374995
1.825000	-0.347148	3.722142	3.374995
1.826000	-0.345893	3.720888	3.374995
1.827000	-0.344646	3.719641	3.374995
1.828000	-0.343407	3.718402	3.374995
1.829000	-0.342176	3.717170	3.374995
1.830000	-0.340952	3.715947	3.374995
1.831000	-0.339735	3.714730	3.374995
1.832000	-0.338526	3.713521	3.374995
1.833000	-0.337325	3.712320	3.374995
1.834000	-0.336131	3.711125	3.374995
1.835000	-0.334944	3.709939	3.374995
1.836000	-0.333764	3.708759	3.374995
1.837000	-0.332591	3.707587	3.374995
1.838000	-0.331426	3.706421	3.374995
1.839000	-0.330268	3.705263	3.374995
1.840000	-0.329116	3.704112	3.374995
1.841000	-0.327972	3.702967	3.374995
1.842000	-0.326835	3.701830	3.374996
1.843000	-0.325704	3.700699	3.374995
1.844000	-0.324580	3.699576	3.374996
1.845000	-0.323463	3.698459	3.374995
1.846000	-0.322353	3.697349	3.374996
1.847000	-0.321249	3.696245	3.374995
1.848000	-0.320152	3.695147	3.374995
1.849000	-0.319061	3.694057	3.374996
1.850000	-0.317977	3.692973	3.374996
1.851000	-0.316900	3.691895	3.374995
1.852000	-0.315828	3.690824	3.374996
1.853000	-0.314763	3.689759	3.374995
1.854000	-0.313705	3.688700	3.374995
1.855000	-0.312652	3.687648	3.374995
1.856000	-0.311606	3.686602	3.374995
1.857000	-0.310566	3.685562	3.374996
1.858000	-0.309532	3.684528	3.374995
1.859000	-0.308504	3.683500	3.374995
1.860000	-0.307482	3.682478	3.374996
1.861000	-0.306467	3.681462	3.374996
1.862000	-0.305457	3.680452	3.374996
1.863000	-0.304453	3.679448	3.374996
1.864000	-0.303454	3.678450	3.374996
1.865000	-0.302462	3.677457	3.374996
1.866000	-0.301475	3.676470	3.374995
1.867000	-0.300494	3.675490	3.374996
1.868000	-0.299518	3.674514	3.374996
1.869000	-0.298549	3.673545	3.374996
1.870000	-0.297585	3.672580	3.374996
1.871000	-0.296626	3.671622	3.374996
1.872000	-0.295673	3.670669	3.374996
1.873000	-0.294725	3.669721	3.374996
1.874000	-0.293783	3.668778	3.374996
1.875000	-0.292846	3.667841	3.374996
1.876000	-0.291914	3.666910	3.374996
1.877000	-0.290988	3.665984	3.374996
1.878000	-0.290067	3.665063	3.374996
1.879000	-0.289151	3.664147	3.374996
1.880000	-0.288240	3.663236	3.374996
1.881000	-0.287335	3.662331	3.374996
1.882000	-0.286435	3.661430	3.374996
1.883000	-0.285539	3.660535	3.374996
1.884000	-0.284649	3.659645	3.374996
1.885000	-0.283764	3.658759	3.374996
1.886000	-0.282883	3.657879	3.374996
1.887000	-0.282008	3.657004	3.374996
1.888000	-0.281137	3.656133	3.374996
1.889000	-0.280271	3.655267	3.374995
1.890000	-0.279410	3.654406	3.374995
1.891000	-0.278554	3.653550	3.374995
1.892000	-0.277703	3.652698	3.374995
1.893000	-0.276856	3.651851	3.374995
1.894000	-0.276014	3.651010	3.374995
1.895000	-0.275177	3.650172	3.374995
1.896000	-0.274344	3.649339	3.374995
1.897000	-0.273516	3.648511	3.374995
1.898000	-0.272692	3.647688	3.374996
1.899000	-0.271873	3.646868	3.374996
1.900000	-0.271058	3.646053	3.374996
1.901000	-0.270247	3.645243	3.374996
1.902000	-0.269441	3.644438	3.374996
1.903000	-0.268640	3.643636	3.374996
1.904000	-0.267843	3.642839	3.374996
1.905000	-0.267050	3.642046	3.374996
1.906000	-0.266261	3.641258	3.374996
1.907000	-0.265477	3.640474	3.374996
1.908000	-0.264697	3.639693	3.374996
1.909000	-0.263921	3.638918	3.374996
1.910000	-0.263150	3.638146	3.374997
1.911000	-0.262382	3.637379	3.374997
1.912000	-0.261618	3.636615	3.374997
1.913000	-0.260859	3.635856	3.374997
1.914000	-0.260104	3.635100	3.374997
1.915000	-0.259352	3.634349	3.374997
1.916000	-0.258605	3.633602	3.374996
1.917000	-0.257862	3.632859	3.374997
1.918000	-0.257122	3.632119	3.374997
1.919000	-0.256387	3.631384	3.374997
1.920000	-0.255655	3.630652	3.374997
1.921000	-0.254928	3.629925	3.374997
1.922000	-0.254204	3.629200	3.374997
1.923000	-0.253484	3.628481	3.374997
1.924000	-0.252767	3.627764	3.374997
1.925000	-0.252055	3.627052	3.374997
1.926000	-0.251346	3.626343	3.374997
1.927000	-0.250641	3.625638	3.374997
1.928000	-0.249940	3.624937	3.374997
1.929000	-0.249242	3.624239	3.374997
1.930000	-0.248548	3.623545	3.374997
1.931000	-0.247857	3.622854	3.374997
1.932000	-0.247170	3.622167	3.374997
1.933000	-0.246487	3.621484	3.374997
1.934000	-0.245807	3.620804	3.374997
1.935000	-0.245131	3.620128	3.374997
1.936000	-0.244458	3.619455	3.374997
1.937000	-0.243788	3.618786	3.374997
1.938000	-0.243122	3.618119	3.374997
1.939000	-0.242460	3.617457	3.374997
1.940000	-0.241801	3.616797	3.374997
1.941000	-0.241145	3.616142	3.374997
1.942000	-0.240492	3.615489	3.374997
1.943000	-0.239843	3.614840	3.374997
1.944000	-0.239197	3.614194	3.374997
1.945000	-0.238554	3.613552	3.374997
1.946000	-0.237915	3.612912	3.374997
1.947000	-0.237279	3.612276	3.374997
1.948000	-0.236646	3.611643	3.374997
1.949000	-0.236016	3.611014	3.374998
1.950000	-0.235390	3.610387	3.374998
1.951000	-0.234766	3.609764	3.374998
1.952000	-0.234146	3.609143	3.374997
1.953000	-0.233529	3.608527	3.374998
1.954000	-0.232915	3.607913	3.374998
1.955000	-0.232304	3.607302	3.374998
1.956000	-0.231696	3.606694	3.374998
1.957000	-0.231091	3.606089	3.374998
1.958000	-0.230489	3.605487	3.374997
1.959000	-0.229891	3.604888	3.374998
1.960000	-0.229295	3.604292	3.374997
1.961000	-0.228702	3.603699	3.374997
1.962000	-0.228112	3.603109	3.374998
1.963000	-0.227524	3.602522	3.374997
1.964000	-0.226940	3.601938	3.374998
1.965000	-0.226359	3.601356	3.374997
1.966000	-0.225780	3.600778	3.374998
1.967000	-0.225205	3.600202	3.374997
1.968000	-0.224632	3.599629	3.374997
1.969000	-0.224062	3.599059	3.374997
1.970000	-0.223494	3.598492	3.374997
1.971000	-0.222930	3.597927	3.374997
1.972000	-0.222368	3.597366	3.374997
1.973000	-0.221809	3.596807	3.374998
1.974000	-0.221253	3.596250	3.374997
1.975000	-0.220699	3.595696	3.374997
1.976000	-0.220148	3.595146	3.374997
1.977000	-0.219600	3.594597	3.374997
1.978000	-0.219054	3.594052	3.374997
1.979000	-0.218511	3.593509	3.374997
1.980000	-0.217971	3.592968	3.374997
1.981000	-0.217433	3.592431	3.374997
1.982000	-0.216898	3.591895	3.374997
1.983000	-0.216365	3.591363	3.374998
1.984000	-0.215835	3.590832	3.374997
1.985000	-0.215308	3.590305	3.374997
1.986000	-0.214783	3.589780	3.374997
1.987000	-0.214260	3.589258	3.374998
1.988000	-0.213740	3.588738	3.374998
1.989000	-0.213223	3.588220	3.374998
1.990000	-0.212707	3.587705	3.374997
1.991000	-0.212195	3.587192	3.374997
1.992000	-0.211684	3.586682	3.374997
1.993000	-0.211176	3.586174	3.374997
1.994000	-0.210671	3.585668	3.374997
1.995000	-0.210168	3.585165	3.374997
1.996000	-0.209667	3.584664	3.374997
1.997000	-0.209169	3.584166	3.374997
1.998000	-0.208673	3.583669	3.374997
1.999000	-0.208179	3.583176	3.374997
2.000000	-0.207688	3.582684	3.374997
2.001000	-0.207198	3.582195	3.374997
2.002000	-0.206712	3.581708	3.374997
2.003000	-0.206227	3.581223	3.374997
2.004000	-0.205744	3.580741	3.374997
2.005000	-0.205264	3.580261	3.374997
2.006000	-0.204786	3.579783	3.374997
2.007000	-0.204311	3.579308	3.374997
2.008000	-0.203837	3.578834	3.374997
2.009000	-0.203366	3.578363	3.374997
2.010000	-0.202897	3.577894	3.374997
2.011000	-0.202430	3.577427	3.374997
2.012000	-0.201965	3.576962	3.374996
2.013000	-0.201502	3.576499	3.374997
2.014000	-0.201042	3.576039	3.374997
2.015000	-0.200583	3.575580	3.374997
2.016000	-0.200127	3.575124	3.374997
2.017000	-0.199672	3.574669	3.374996
2.018000	-0.199220	3.574217	3.374997
2.019000	-0.198770	3.573767	3.374997
2.020000	-0.198322	3.573318	3.374997
2.021000	-0.197875	3.572873	3.374997
2.022000	-0.197431	3.572428	3.374997
2.023000	-0.196989	3.571986	3.374997
2.024000	-0.196549	3.571546	3.374997
2.025000	-0.196111	3.571108	3.374997
2.026000	-0.195675	3.570672	3.374997
2.027000	-0.195240	3.570238	3.374997
2.028000	-0.194808	3.569806	3.374997
2.029000	-0.194378	3.569375	3.374997
2.030000	-0.193949	3.568947	3.374998
2.031000	-0.193523	3.568521	3.374998
2.032000	-0.193098	3.568096	3.374998
2.033000	-0.192676	3.567673	3.374998
2.034000	-0.192255	3.567252	3.374997
2.035000	-0.191836	3.566833	3.374997
2.036000	-0.191419	3.566416	3.374997
2.037000	-0.191004	3.566000	3.374997
2.038000	-0.190590	3.565587	3.374997
2.039000	-0.190179	3.565176	3.374997
2.040000	-0.189769	3.564765	3.374997
2.041000	-0.189361	3.564358	3.374997
2.042000	-0.188955	3.563951	3.374997
2.043000	-0.188550	3.563547	3.374997
2.044000	-0.188148	3.563145	3.374997
2.045000	-0.187747	3.562744	3.374997
2.046000	-0.187348	3.562345	3.374997
2.047000	-0.186951	3.561948	3.374997
2.048000	-0.186555	3.561553	3.374998
2.049000	-0.186161	3.561159	3.374998
2.050000	-0.185769	3.560767	3.374998
2.051000	-0.185379	3.560377	3.374998
2.052000	-0.184990	3.559988	3.374998
2.053000	-0.184603	3.559601	3.374998
2.054000	-0.184217	3.559216	3.374998
2.055000	-0.183834	3.558832	3.374998
2.056000	-0.183452	3.558450	3.374998
2.057000	-0.183071	3.558069	3.374998
2.058000	-0.182693	3.557691	3.374998
2.059000	-0.182315	3.557313	3.374998
2.060000	-0.181940	3.556938	3.374998
2.061000	-0.181566	3.556564	3.374998
2.062000	-0.181194	3.556191	3.374998
2.063000	-0.180823	3.555821	3.374998
2.064000	-0.180454	3.555451	3.374997
2.065000	-0.180087	3.555084	3.374998
2.066000	-0.179721	3.554718	3.374998
2.067000	-0.179356	3.554354	3.374998
2.068000	-0.178993	3.553991	3.374998
2.069000	-0.178632	3.553630	3.374998
2.070000	-0.178272	3.553270	3.374998
2.071000	-0.177914	3.552912	3.374998
2.072000	-0.177557	3.552556	3.374998
2.073000	-0.177202	3.552200	3.374998
2.074000	-0.176849	3.551847	3.374998
2.075000	-0.176496	3.551494	3.374998
2.076000	-0.176146	3.551144	3.374998
2.077000	-0.175796	3.550795	3.374998
2.078000	-0.175449	3.550447	3.374998
2.079000	-0.175102	3.550100	3.374998
2.080000	-0.174758	3.549755	3.374998
2.081000	-0.174414	3.549412	3.374998
2.082000	-0.174072	3.549070	3.374998
2.083000	-0.173732	3.548730	3.374998
2.084000	-0.173393	3.548390	3.374998
2.085000	-0.173055	3.548053	3.374998
2.086000	-0.172719	3.547716	3.374997
2.087000	-0.172384	3.547382	3.374998
2.088000	-0.172050	3.547048	3.374998
2.089000	-0.171718	3.546716	3.374998
2.090000	-0.171388	3.546385	3.374998
2.091000	-0.171058	3.546056	3.374998
2.092000	-0.170730	3.545728	3.374998
2.093000	-0.170404	3.545402	3.374998
2.094000	-0.170078	3.545077	3.374998
2.095000	-0.169754	3.544753	3.374998
2.096000	-0.169432	3.544430	3.374999
2.097000	-0.169110	3.544109	3.374998
2.098000	-0.168790	3.543789	3.374998
2.099000	-0.168472	3.543470	3.374999
2.100000	-0.168155	3.543153	3.374999
2.101000	-0.167839	3.542837	3.374999
2.102000	-0.167524	3.542522	3.374999
2.103000	-0.167210	3.542209	3.374999
2.104000	-0.166898	3.541897	3.374999
2.105000	-0.166587	3.541586	3.374999
2.106000	-0.166278	3.541276	3.374999
2.107000	-0.165969	3.540968	3.374999
2.108000	-0.165662	3.540661	3.374999
2.109000	-0.165356	3.540355	3.374998
2.110000	-0.165052	3.540050	3.374998
2.111000	-0.164748	3.539747	3.374998
2.112000	-0.164446	3.539444	3.374998
2.113000	-0.164145	3.539144	3.374998
2.114000	-0.163846	3.538844	3.374998
2.115000	-0.163547	3.538545	3.374998
2.116000	-0.163250	3.538248	3.374998
2.117000	-0.162954	3.537952	3.374998
2.118000	-0.162659	3.537657	3.374998
2.119000	-0.162365	3.537363	3.374998
2.120000	-0.162072	3.537070	3.374998
2.121000	-0.161781	3.536779	3.374998
2.122000	-0.161491	3.536489	3.374998
2.123000	-0.161202	3.536200	3.374998
2.124000	-0.160914	3.535912	3.374998
2.125000	-0.160627	3.535625	3.374998
2.126000	-0.160342	3.535340	3.374998
2.127000	-0.160057	3.535055	3.374998
2.128000	-0.159774	3.534772	3.374998
2.129000	-0.159491	3.534490	3.374999
2.130000	-0.159210	3.534209	3.374998
2.131000	-0.158930	3.533929	3.374998
2.132000	-0.158652	3.533650	3.374998
2.133000	-0.158374	3.533372	3.374998
2.134000	-0.158097	3.533096	3.374998
2.135000	-0.157822	3.532820	3.374998
2.136000	-0.157547	3.532546	3.374998
2.137000	-0.157274	3.532272	3.374998
2.138000	-0.157001	3.532000	3.374998
2.139000	-0.156730	3.531728	3.374998
2.140000	-0.156460	3.531458	3.374998
2.141000	-0.156191	3.531189	3.374998
2.142000	-0.155923	3.530921	3.374998
2.143000	-0.155656	3.530654	3.374998
2.144000	-0.155390	3.530388	3.374998
2.145000	-0.155125	3.530123	3.374998
2.146000	-0.154861	3.529859	3.374998
2.147000	-0.154598	3.529596	3.374998
2.148000	-0.154336	3.529334	3.374998
2.149000	-0.154075	3.529073	3.374998
2.150000	-0.153816	3.528814	3.374998
2.151000	-0.153557	3.528555	3.374998
2.152000	-0.153299	3.528297	3.374998
2.153000	-0.153042	3.528040	3.374998
2.154000	-0.152786	3.527784	3.374998
2.155000	-0.152532	3.527529	3.374998
2.156000	-0.152278	3.527276	3.374998
2.157000	-0.152025	3.527023	3.374998
2.158000	-0.151773	3.526771	3.374998
2.159000	-0.151522	3.526520	3.374998
2.160000	-0.151272	3.526270	3.374998
2.161000	-0.151023	3.526021	3.374998
2.162000	-0.150775	3.525774	3.374998
2.163000	-0.150528	3.525526	3.374998
2.164000	-0.150282	3.525280	3.374998
2.165000	-0.150037	3.525035	3.374998
2.166000	-0.149793	3.524791	3.374998
2.167000	-0.149549	3.524547	3.374998
2.168000	-0.149307	3.524305	3.374998
2.169000	-0.149066	3.524064	3.374998
2.170000	-0.148825	3.523823	3.374998
2.171000	-0.148586	3.523583	3.374998
2.172000	-0.148347	3.523345	3.374998
2.173000	-0.148109	3.523107	3.374998
2.174000	-0.147872	3.522871	3.374998
2.175000	-0.147636	3.522634	3.374998
2.176000	-0.147401	3.522399	3.374998
2.177000	-0.147167	3.522165	3.374998
2.178000	-0.146934	3.521932	3.374998
2.179000	-0.146701	3.521699	3.374998
2.180000	-0.146470	3.521468	3.374998
2.181000	-0.146239	3.521237	3.374998
2.182000	-0.146009	3.521007	3.374998
2.183000	-0.145781	3.520778	3.374998
2.184000	-0.145553	3.520550	3.374997
2.185000	-0.145325	3.520323	3.374997
2.186000	-0.145099	3.520096	3.374997
2.187000	-0.144874	3.519871	3.374997
2.188000	-0.144649	3.519646	3.374997
2.189000	-0.144425	3.519422	3.374997
2.190000	-0.144202	3.519199	3.374997
2.191000	-0.143980	3.518977	3.374997
2.192000	-0.143759	3.518756	3.374997
2.193000	-0.143538	3.518535	3.374997
2.194000	-0.143319	3.518316	3.374997
2.195000	-0.143100	3.518097	3.374997
2.196000	-0.142882	3.517879	3.374997
2.197000	-0.142665	3.517662	3.374997
2.198000	-0.142448	3.517445	3.374997
2.199000	-0.142233	3.517230	3.374997
2.200000	-0.142018	3.517015	3.374997
2.201000	-0.141804	3.516801	3.374997
2.202000	-0.141591	3.516588	3.374997
2.203000	-0.141379	3.516375	3.374997
2.204000	-0.141167	3.516164	3.374997
2.205000	-0.140956	3.515953	3.374997
2.206000	-0.140746	3.515743	3.374997
2.207000	-0.140537	3.515534	3.374997
2.208000	-0.140328	3.515326	3.374997
2.209000	-0.140121	3.515118	3.374997
2.210000	-0.139914	3.514911	3.374997
2.211000	-0.139708	3.514705	3.374997
2.212000	-0.139502	3.514500	3.374997
2.213000	-0.139298	3.514295	3.374998
2.214000	-0.139094	3.514091	3.374998
2.215000	-0.138890	3.513888	3.374998
2.216000	-0.138688	3.513685	3.374997
2.217000	-0.138486	3.513484	3.374997
2.218000	-0.138286	3.513283	3.374997
2.219000	-0.138085	3.513083	3.374997
2.220000	-0.137886	3.512883	3.374997
2.221000	-0.137687	3.512685	3.374997
2.222000	-0.137489	3.512486	3.374997
2.223000	-0.137292	3.512289	3.374997
2.224000	-0.137095	3.512093	3.374998
2.225000	-0.136900	3.511897	3.374997
2.226000	-0.136704	3.511701	3.374997
2.227000	-0.136510	3.511507	3.374997
2.228000	-0.136316	3.511313	3.374997
2.229000	-0.136123	3.511120	3.374996
2.230000	-0.135931	3.510928	3.374997
2.231000	-0.135739	3.510736	3.374996
2.232000	-0.135549	3.510545	3.374996
2.233000	-0.135358	3.510354	3.374996
2.234000	-0.135169	3.510165	3.374996
2.235000	-0.134980	3.509976	3.374996
2.236000	-0.134792	3.509787	3.374995
2.237000	-0.134604	3.509600	3.374995
2.238000	-0.134418	3.509413	3.374996
2.239000	-0.134232	3.509227	3.374995
2.240000	-0.134046	3.509042	3.374995
2.241000	-0.133861	3.508857	3.374995
2.242000	-0.133677	3.508673	3.374995
2.243000	-0.133494	3.508489	3.374995
2.244000	-0.133311	3.508307	3.374996
2.245000	-0.133129	3.508125	3.374996
2.246000	-0.132948	3.507943	3.374996
2.247000	-0.132767	3.507763	3.374996
2.248000	-0.132587	3.507583	3.374996
2.249000	-0.132407	3.507403	3.374996
2.250000	-0.132228	3.507225	3.374996
2.251000	-0.132050	3.507046	3.374996
2.252000	-0.131872	3.506869	3.374996
2.253000	-0.131695	3.506692	3.374997
2.254000	-0.131519	3.506516	3.374997
2.255000	-0.131344	3.506340	3.374997
2.256000	-0.131168	3.506165	3.374997
2.257000	-0.130994	3.505991	3.374997
2.258000	-0.130820	3.505817	3.374997
2.259000	-0.130647	3.505644	3.374997
2.260000	-0.130475	3.505471	3.374997
2.261000	-0.130303	3.505299	3.374997
2.262000	-0.130131	3.505128	3.374997
2.263000	-0.129960	3.504957	3.374997
2.264000	-0.129790	3.504787	3.374997
2.265000	-0.129621	3.504618	3.374997
2.266000	-0.129452	3.504449	3.374997
2.267000	-0.129284	3.504280	3.374997
2.268000	-0.129116	3.504113	3.374997
2.269000	-0.128949	3.503946	3.374997
2.270000	-0.128782	3.503779	3.374996
2.271000	-0.128617	3.503613	3.374996
2.272000	-0.128451	3.503448	3.374996
2.273000	-0.128286	3.503283	3.374996
2.274000	-0.128122	3.503119	3.374996
2.275000	-0.127959	3.502955	3.374996
2.276000	-0.127796	3.502791	3.374996
2.277000	-0.127633	3.502629	3.374996
2.278000	-0.127471	3.502467	3.374996
2.279000	-0.127310	3.502306	3.374996
2.280000	-0.127149	3.502145	3.374996
2.281000	-0.126989	3.501985	3.374995
2.282000	-0.126830	3.501825	3.374995
2.283000	-0.126671	3.501666	3.374995
2.284000	-0.126512	3.501507	3.374995
2.285000	-0.126354	3.501349	3.374995
2.286000	-0.126197	3.501192	3.374995
2.287000	-0.126040	3.501035	3.374995
2.288000	-0.125884	3.500879	3.374995
2.289000	-0.125728	3.500723	3.374995
2.290000	-0.125573	3.500568	3.374995
2.291000	-0.125418	3.500414	3.374996
2.292000	-0.125264	3.500260	3.374996
2.293000	-0.125110	3.500106	3.374996
2.294000	-0.124957	3.499953	3.374996
2.295000	-0.124805	3.499801	3.374996
2.296000	-0.124653	3.499649	3.374996
2.297000	-0.124502	3.499498	3.374996
2.298000	-0.124351	3.499347	3.374996
2.299000	-0.124200	3.499197	3.374996
2.300000	-0.124051	3.499047	3.374997
2.301000	-0.123901	3.498898	3.374997
2.302000	-0.123753	3.498749	3.374997
2.303000	-0.123604	3.498601	3.374997
2.304000	-0.123457	3.498454	3.374997
2.305000	-0.123309	3.498306	3.374997
2.306000	-0.123163	3.498160	3.374997
2.307000	-0.123017	3.498013	3.374997
2.308000	-0.122871	3.497868	3.374997
2.309000	-0.122726	3.497723	3.374997
2.310000	-0.122581	3.497578	3.374997
2.311000	-0.122437	3.497434	3.374997
2.312000	-0.122293	3.497290	3.374997
2.313000	-0.122150	3.497147	3.374997
2.314000	-0.122007	3.497005	3.374997
2.315000	-0.121865	3.496862	3.374997
2.316000	-0.121724	3.496721	3.374997
2.317000	-0.121582	3.496579	3.374997
2.318000	-0.121442	3.496439	3.374997
2.319000	-0.121302	3.496299	3.374997
2.320000	-0.121162	3.496159	3.374997
2.321000	-0.121023	3.496020	3.374997
2.322000	-0.120884	3.495881	3.374997
2.323000	-0.120746	3.495743	3.374997
2.324000	-0.120608	3.495605	3.374997
2.325000	-0.120471	3.495467	3.374997
2.326000	-0.120334	3.495331	3.374997
2.327000	-0.120198	3.495194	3.374997
2.328000	-0.120062	3.495058	3.374997
2.329000	-0.119926	3.494923	3.374997
2.330000	-0.119791	3.494788	3.374997
2.331000	-0.119657	3.494653	3.374996
2.332000	-0.119523	3.494519	3.374996
2.333000	-0.119389	3.494386	3.374997
2.334000	-0.119256	3.494253	3.374997
2.335000	-0.119124	3.494120	3.374997
2.336000	-0.118992	3.493988	3.374996
2.337000	-0.118860	3.493856	3.374996
2.338000	-0.118729	3.493725	3.374997
2.339000	-0.118598	3.493594	3.374996
2.340000	-0.118468	3.493464	3.374997
2.341000	-0.118338	3.493334	3.374996
2.342000	-0.118208	3.493205	3.374997
2.343000	-0.118079	3.493076	3.374997
2.344000	-0.117951	3.492948	3.374997
2.345000	-0.117823	3.492820	3.374997
2.346000	-0.117695	3.492692	3.374997
2.347000	-0.117568	3.492565	3.374997
2.348000	-0.117441	3.492438	3.374997
2.349000	-0.117315	3.492312	3.374997
2.350000	-0.117189	3.492186	3.374997
2.351000	-0.117063	3.492060	3.374997
2.352000	-0.116938	3.491935	3.374997
2.353000	-0.116814	3.491811	3.374997
2.354000	-0.116690	3.491687	3.374997
2.355000	-0.116566	3.491563	3.374997
2.356000	-0.116443	3.491440	3.374997
2.357000	-0.116320	3.491317	3.374997
2.358000	-0.116197	3.491194	3.374997
2.359000	-0.116075	3.491072	3.374997
2.360000	-0.115954	3.490951	3.374997
2.361000	-0.115832	3.490830	3.374997
2.362000	-0.115712	3.490709	3.374997
2.363000	-0.115591	3.490589	3.374998
2.364000	-0.115471	3.490469	3.374998
2.365000	-0.115352	3.490350	3.374998
2.366000	-0.115233	3.490231	3.374998
2.367000	-0.115114	3.490112	3.374998
2.368000	-0.114996	3.489994	3.374998
2.369000	-0.114878	3.489876	3.374998
2.370000	-0.114760	3.489758	3.374998
2.371000	-0.114643	3.489641	3.374998
2.372000	-0.114527	3.489525	3.374998
2.373000	-0.114410	3.489408	3.374998
2.374000	-0.114295	3.489293	3.374998
2.375000	-0.114179	3.489177	3.374998
2.376000	-0.114064	3.489062	3.374998
2.377000	-0.113949	3.488947	3.374998
2.378000	-0.113835	3.488833	3.374998
2.379000	-0.113721	3.488719	3.374998
2.380000	-0.113608	3.488606	3.374998
2.381000	-0.113495	3.488493	3.374998
2.382000	-0.113382	3.488380	3.374998
2.383000	-0.113270	3.488268	3.374998
2.384000	-0.113158	3.488156	3.374998
2.385000	-0.113046	3.488044	3.374998
2.386000	-0.112935	3.487933	3.374998
2.387000	-0.112824	3.487822	3.374998
2.388000	-0.112714	3.487711	3.374998
2.389000	-0.112604	3.487602	3.374998
2.390000	-0.112494	3.487492	3.374998
2.391000	-0.112385	3.487383	3.374998
2.392000	-0.112276	3.487274	3.374998
2.393000	-0.112167	3.487165	3.374998
2.394000	-0.112059	3.487057	3.374998
2.395000	-0.111951	3.486949	3.374998
2.396000	-0.111844	3.486842	3.374998
2.397000	-0.111737	3.486735	3.374998
2.398000	-0.111630	3.486628	3.374998
2.399000	-0.111524	3.486522	3.374998
2.400000	-0.111418	3.486416	3.374998
2.401000	-0.111313	3.486311	3.374998
2.402000	-0.111207	3.486206	3.374998
2.403000	-0.111103	3.486101	3.374998
2.404000	-0.110998	3.485996	3.374998
2.405000	-0.110894	3.485892	3.374998
2.406000	-0.110790	3.485789	3.374998
2.407000	-0.110687	3.485685	3.374999
2.408000	-0.110584	3.485582	3.374999
2.409000	-0.110481	3.485479	3.374998
2.410000	-0.110379	3.485377	3.374998
2.411000	-0.110277	3.485275	3.374998
2.412000	-0.110175	3.485174	3.374998
2.413000	-0.110074	3.485072	3.374998
2.414000	-0.109973	3.484971	3.374998
2.415000	-0.109873	3.484871	3.374998
2.416000	-0.109772	3.484770	3.374998
2.417000	-0.109672	3.484670	3.374998
2.418000	-0.109573	3.484571	3.374998
2.419000	-0.109474	3.484471	3.374998
2.420000	-0.109375	3.484373	3.374998
2.421000	-0.109276	3.484274	3.374997
2.422000	-0.109178	3.484176	3.374997
2.423000	-0.109080	3.484078	3.374998
2.424000	-0.108983	3.483981	3.374998
2.425000	-0.108886	3.483883	3.374998
2.426000	-0.108789	3.483786	3.374997
2.427000	-0.108693	3.483690	3.374998
2.428000	-0.108596	3.483594	3.374997
2.429000	-0.108501	3.483498	3.374997
2.430000	-0.108405	3.483402	3.374997
2.431000	-0.108310	3.483307	3.374997
2.432000	-0.108215	3.483212	3.374997
2.433000	-0.108121	3.483118	3.374997
2.434000	-0.108027	3.483024	3.374997
2.435000	-0.107933	3.482930	3.374997
2.436000	-0.107839	3.482836	3.374997
2.437000	-0.107746	3.482743	3.374997
2.438000	-0.107653	3.482650	3.374997
2.439000	-0.107561	3.482558	3.374997
2.440000	-0.107469	3.482466	3.374997
2.441000	-0.107377	3.482373	3.374996
2.442000	-0.107285	3.482282	3.374997
2.443000	-0.107194	3.482191	3.374997
2.444000	-0.107103	3.482100	3.374997
2.445000	-0.107013	3.482009	3.374997
2.446000	-0.106922	3.481919	3.374997
2.447000	-0.106832	3.481829	3.374997
2.448000	-0.106743	3.481740	3.374997
2.449000	-0.106653	3.481650	3.374997
2.450000	-0.106564	3.481561	3.374997
2.451000	-0.106476	3.481473	3.374997
2.452000	-0.106387	3.481385	3.374997
2.453000	-0.106299	3.481297	3.374998
2.454000	-0.106211	3.481209	3.374997
2.455000	-0.106124	3.481121	3.374997
2.456000	-0.106037	3.481035	3.374998
2.457000	-0.105950	3.480947	3.374997
2.458000	-0.105864	3.480861	3.374997
2.459000	-0.105777	3.480775	3.374998
2.460000	-0.105691	3.480689	3.374997
2.461000	-0.105606	3.480603	3.374998
2.462000	-0.105520	3.480518	3.374998
2.463000	-0.105435	3.480433	3.374998
2.464000	-0.105351	3.480348	3.374998
2.465000	-0.105266	3.480264	3.374998
2.466000	-0.105182	3.480180	3.374998
2.467000	-0.105098	3.480096	3.374998
2.468000	-0.105015	3.480012	3.374998
2.469000	-0.104931	3.479929	3.374998
2.470000	-0.104848	3.479846	3.374998
2.471000	-0.104766	3.479764	3.374998
2.472000	-0.104683	3.479681	3.374998
2.473000	-0.104601	3.479599	3.374998
2.474000	-0.104520	3.479518	3.374998
2.475000	-0.104438	3.479436	3.374998
2.476000	-0.104357	3.479355	3.374998
2.477000	-0.104276	3.479274	3.374998
2.478000	-0.104195	3.479194	3.374999
2.479000	-0.104115	3.479114	3.374999
2.480000	-0.104035	3.479033	3.374998
2.481000	-0.103955	3.478954	3.374999
2.482000	-0.103876	3.478874	3.374999
2.483000	-0.103797	3.478796	3.374999
2.484000	-0.103718	3.478716	3.374999
2.485000	-0.103639	3.478638	3.374999
2.486000	-0.103561	3.478560	3.374999
2.487000	-0.103483	3.478482	3.374999
2.488000	-0.103405	3.478404	3.374999
2.489000	-0.103327	3.478327	3.374999
2.490000	-0.103250	3.478250	3.375000
2.491000	-0.103173	3.478173	3.375000
2.492000	-0.103096	3.478096	3.375000
2.493000	-0.103020	3.478019	3.374999
2.494000	-0.102944	3.477943	3.375000
2.495000	-0.102868	3.477868	3.375000
2.496000	-0.102793	3.477792	3.375000
2.497000	-0.102717	3.477717	3.375000
2.498000	-0.102642	3.477642	3.374999
2.499000	-0.102567	3.477567	3.375000
2.500000	-0.102493	3.477493	3.375000
2.501000	-0.102419	3.477418	3.375000
2.502000	-0.102345	3.477345	3.375000
2.503000	-0.102271	3.477271	3.375000
2.504000	-0.102198	3.477197	3.375000
2.505000	-0.102125	3.477124	3.375000
2.506000	-0.102052	3.477051	3.375000
2.507000	-0.101979	3.476979	3.375000
2.508000	-0.101907	3.476906	3.375000
2.509000	-0.101835	3.476834	3.375000
2.510000	-0.101763	3.476762	3.375000
2.511000	-0.101691	3.476691	3.375000
2.512000	-0.101620	3.476619	3.375000
2.513000	-0.101549	3.476548	3.374999
2.514000	-0.101478	3.476478	3.375000
2.515000	-0.101408	3.476407	3.374999
2.516000	-0.101337	3.476336	3.374999
2.517000	-0.101267	3.476266	3.374999
2.518000	-0.101198	3.476197	3.374999
2.519000	-0.101128	3.476127	3.374999
2.520000	-0.101059	3.476058	3.374999
2.521000	-0.100990	3.475989	3.374999
2.522000	-0.100921	3.475920	3.374999
2.523000	-0.100853	3.475852	3.374999
2.524000	-0.100784	3.475783	3.374999
2.525000	-0.100717	3.475715	3.374999
2.526000	-0.100649	3.475647	3.374999
2.527000	-0.100581	3.475580	3.374999
2.528000	-0.100514	3.475513	3.374999
2.529000	-0.100447	3.475446	3.374999
2.530000	-0.100380	3.475379	3.374998
2.531000	-0.100314	3.475312	3.374999
2.532000	-0.100248	3.475246	3.374998
2.533000	-0.100182	3.475180	3.374998
2.534000	-0.100116	3.475114	3.374998
2.535000	-0.100051	3.475049	3.374998
2.536000	-0.099985	3.474983	3.374998
2.537000	-0.099920	3.474918	3.374998
2.538000	-0.099856	3.474854	3.374998
2.539000	-0.099791	3.474789	3.374998
2.540000	-0.099727	3.474725	3.374997
2.541000	-0.099663	3.474660	3.374997
2.542000	-0.099599	3.474597	3.374997
2.543000	-0.099536	3.474533	3.374997
2.544000	-0.099473	3.474470	3.374997
2.545000	-0.099410	3.474406	3.374997
2.546000	-0.099347	3.474344	3.374997
2.547000	-0.099284	3.474281	3.374997
2.548000	-0.099222	3.474218	3.374996
2.549000	-0.099160	3.474156	3.374996
2.550000	-0.099098	3.474094	3.374996
2.551000	-0.099036	3.474033	3.374996
2.552000	-0.098975	3.473971	3.374996
2.553000	-0.098914	3.473910	3.374996
2.554000	-0.098853	3.473849	3.374996
2.555000	-0.098792	3.473788	3.374995
2.556000	-0.098732	3.473727	3.374995
2.557000	-0.098672	3.473667	3.374995
2.558000	-0.098612	3.473607	3.374995
2.559000	-0.098552	3.473547	3.374995
2.560000	-0.098492	3.473487	3.374995
2.561000	-0.098433	3.473428	3.374995
2.562000	-0.098374	3.473369	3.374995
2.563000	-0.098315	3.473310	3.374995
2.564000	-0.098257	3.473251	3.374995
2.565000	-0.098198	3.473193	3.374995
2.566000	-0.098140	3.473135	3.374995
2.567000	-0.098082	3.473077	3.374995
2.568000	-0.098025	3.473020	3.374995
2.569000	-0.097967	3.472962	3.374995
2.570000	-0.097910	3.472905	3.374995
2.571000	-0.097853	3.472848	3.374995
2.572000	-0.097796	3.472792	3.374995
2.573000	-0.097740	3.472735	3.374995
2.574000	-0.097683	3.472679	3.374995
2.575000	-0.097627	3.472623	3.374996
2.576000	-0.097571	3.472567	3.374996
2.577000	-0.097516	3.472512	3.374996
2.578000	-0.097460	3.472457	3.374996
2.579000	-0.097405	3.472402	3.374996
2.580000	-0.097350	3.472347	3.374996
2.581000	-0.097295	3.472292	3.374996
2.582000	-0.097241	3.472237	3.374996
2.583000	-0.097187	3.472183	3.374997
2.584000	-0.097132	3.472129	3.374997
2.585000	-0.097079	3.472075	3.374997
2.586000	-0.097025	3.472022	3.374997
2.587000	-0.096971	3.471969	3.374997
2.588000	-0.096918	3.471916	3.374997
2.589000	-0.096865	3.471863	3.374998
2.590000	-0.096812	3.471810	3.374998
2.591000	-0.096760	3.471757	3.374998
2.592000	-0.096708	3.471705	3.374998
2.593000	-0.096655	3.471653	3.374998
2.594000	-0.096603	3.471601	3.374998
2.595000	-0.096552	3.471550	3.374998
2.596000	-0.096500	3.471498	3.374998
2.597000	-0.096449	3.471447	3.374998
2.598000	-0.096398	3.471396	3.374999
2.599000	-0.096347	3.471346	3.374999
2.600000	-0.096296	3.471295	3.374999
2.601000	-0.096246	3.471245	3.374999
2.602000	-0.096196	3.471195	3.374999
2.603000	-0.096146	3.471145	3.374999
2.604000	-0.096096	3.471095	3.374999
2.605000	-0.096046	3.471045	3.374999
2.606000	-0.095997	3.470996	3.375000
2.607000	-0.095948	3.470947	3.375000
2.608000	-0.095899	3.470898	3.375000
2.609000	-0.095850	3.470850	3.375000
2.610000	-0.095801	3.470801	3.374999
2.611000	-0.095753	3.470753	3.375000
2.612000	-0.095705	3.470705	3.375000
2.613000	-0.095657	3.470657	3.375000
2.614000	-0.095609	3.470609	3.375000
2.615000	-0.095562	3.470562	3.375000
2.616000	-0.095514	3.470514	3.375000
2.617000	-0.095467	3.470467	3.375000
2.618000	-0.095420	3.470421	3.375000
2.619000	-0.095374	3.470374	3.375000
2.620000	-0.095327	3.470327	3.375000
2.621000	-0.095281	3.470281	3.375000
2.622000	-0.095235	3.470235	3.375000
2.623000	-0.095189	3.470189	3.375000
2.624000	-0.095143	3.470143	3.375000
2.625000	-0.095097	3.470098	3.375000
2.626000	-0.095052	3.470052	3.375000
2.627000	-0.095007	3.470007	3.375000
2.628000	-0.094962	3.469963	3.375000
2.629000	-0.094918	3.469918	3.375000
2.630000	-0.094873	3.469873	3.375000
2.631000	-0.094829	3.469829	3.375000
2.632000	-0.094785	3.469785	3.375001
2.633000	-0.094741	3.469741	3.375000
2.634000	-0.094697	3.469697	3.375000
2.635000	-0.094653	3.469654	3.375001
2.636000	-0.094610	3.469611	3.375001
2.637000	-0.094567	3.469568	3.375000
2.638000	-0.094524	3.469525	3.375000
2.639000	-0.094481	3.469482	3.375001
2.640000	-0.094439	3.469440	3.375001
2.641000	-0.094396	3.469397	3.375000
2.642000	-0.094354	3.469355	3.375001
2.643000	-0.094312	3.469313	3.375000
2.644000	-0.094271	3.469271	3.375001
2.645000	-0.094229	3.469230	3.375000
2.646000	-0.094188	3.469188	3.375000
2.647000	-0.094147	3.469147	3.375001
2.648000	-0.094106	3.469106	3.375001
2.649000	-0.094065	3.469065	3.375000
2.650000	-0.094024	3.469025	3.375000
2.651000	-0.093984	3.468984	3.375000
2.652000	-0.093944	3.468944	3.375001
2.653000	-0.093904	3.468904	3.375000
2.654000	-0.093864	3.468864	3.375000
2.655000	-0.093824	3.468825	3.375001
2.656000	-0.093785	3.468785	3.375000
2.657000	-0.093745	3.468746	3.375000
2.658000	-0.093706	3.468707	3.375000
2.659000	-0.093667	3.468668	3.375000
2.660000	-0.093629	3.468629	3.375000
2.661000	-0.093590	3.468590	3.375000
2.662000	-0.093552	3.468552	3.375000
2.663000	-0.093514	3.468514	3.375000
2.664000	-0.093476	3.468476	3.375000
2.665000	-0.093438	3.468438	3.375000
2.666000	-0.093400	3.468400	3.375000
2.667000	-0.093363	3.468363	3.375000
2.668000	-0.093326	3.468326	3.375000
2.669000	-0.093289	3.468289	3.375000
2.670000	-0.093252	3.468251	3.374999
2.671000	-0.093215	3.468215	3.375000
2.672000	-0.093179	3.468178	3.375000
2.673000	-0.093143	3.468142	3.375000
2.674000	-0.093106	3.468106	3.374999
2.675000	-0.093071	3.468070	3.374999
2.676000	-0.093035	3.468034	3.375000
2.677000	-0.092999	3.467998	3.374999
2.678000	-0.092964	3.467963	3.374999
2.679000	-0.092929	3.467928	3.374999
2.680000	-0.092894	3.467893	3.374999
2.681000	-0.092859	3.467858	3.374999
2.682000	-0.092824	3.467823	3.374999
2.683000	-0.092790	3.467789	3.374999
2.684000	-0.092756	3.467754	3.374999
2.685000	-0.092721	3.467720	3.374999
2.686000	-0.092688	3.467686	3.374999
2.687000	-0.092654	3.467653	3.374999
2.688000	-0.092620	3.467619	3.374998
2.689000	-0.092587	3.467586	3.374999
2.690000	-0.092554	3.467552	3.374998
2.691000	-0.092521	3.467519	3.374998
2.692000	-0.092488	3.467486	3.374999
2.693000	-0.092455	3.467453	3.374998
2.694000	-0.092423	3.467421	3.374998
2.695000	-0.092390	3.467388	3.374998
2.696000	-0.092358	3.467356	3.374998
2.697000	-0.092326	3.467324	3.374998
2.698000	-0.092295	3.467292	3.374997
2.699000	-0.092263	3.467260	3.374997
2.700000	-0.092232	3.467229	3.374997
2.701000	-0.092200	3.467197	3.374997
2.702000	-0.092169	3.467166	3.374997
2.703000	-0.092138	3.467135	3.374997
2.704000	-0.092108	3.467105	3.374997
2.705000	-0.092077	3.467074	3.374997
2.706000	-0.092047	3.467044	3.374997
2.707000	-0.092017	3.467014	3.374997
2.708000	-0.091987	3.466984	3.374997
2.709000	-0.091957	3.466954	3.374997
2.710000	-0.091927	3.466924	3.374997
2.711000	-0.091898	3.466895	3.374997
2.712000	-0.091868	3.466865	3.374997
2.713000	-0.091839	3.466836	3.374997
2.714000	-0.091810	3.466807	3.374997
2.715000	-0.091781	3.466779	3.374997
2.716000	-0.091753	3.466750	3.374997
2.717000	-0.091724	3.466722	3.374997
2.718000	-0.091696	3.466693	3.374997
2.719000	-0.091668	3.466665	3.374997
2.720000	-0.091640	3.466637	3.374997
2.721000	-0.091612	3.466609	3.374997
2.722000	-0.091585	3.466582	3.374997
2.723000	-0.091557	3.466554	3.374997
2.724000	-0.091530	3.466527	3.374997
2.725000	-0.091503	3.466500	3.374997
2.726000	-0.091476	3.466473	3.374997
2.727000	-0.091449	3.466446	3.374997
2.728000	-0.091423	3.466420	3.374997
2.729000	-0.091396	3.466393	3.374997
2.730000	-0.091370	3.466367	3.374997
2.731000	-0.091344	3.466341	3.374996
2.732000	-0.091318	3.466315	3.374997
2.733000	-0.091292	3.466289	3.374997
2.734000	-0.091267	3.466264	3.374997
2.735000	-0.091242	3.466238	3.374996
2.736000	-0.091216	3.466213	3.374996
2.737000	-0.091191	3.466188	3.374996
2.738000	-0.091166	3.466163	3.374996
2.739000	-0.091142	3.466138	3.374996
2.740000	-0.091117	3.466114	3.374996
2.741000	-0.091093	3.466089	3.374996
2.742000	-0.091069	3.466065	3.374996
2.743000	-0.091045	3.466041	3.374996
2.744000	-0.091021	3.466017	3.374996
2.745000	-0.090997	3.465993	3.374996
2.746000	-0.090973	3.465969	3.374996
2.747000	-0.090950	3.465946	3.374996
2.748000	-0.090927	3.465922	3.374995
2.749000	-0.090904	3.465899	3.374996
2.750000	-0.090881	3.465877	3.374996
2.751000	-0.090858	3.465854	3.374995
2.752000	-0.090836	3.465831	3.374995
2.753000	-0.090813	3.465809	3.374995
2.754000	-0.090791	3.465786	3.374995
2.755000	-0.090769	3.465765	3.374995
2.756000	-0.090747	3.465743	3.374995
2.757000	-0.090725	3.465721	3.374996
2.758000	-0.090704	3.465700	3.374996
2.759000	-0.090682	3.465678	3.374996
2.760000	-0.090661	3.465657	3.374996
2.761000	-0.090640	3.465636	3.374996
2.762000	-0.090619	3.465615	3.374996
2.763000	-0.090598	3.465595	3.374996
2.764000	-0.090578	3.465574	3.374996
2.765000	-0.090558	3.465554	3.374996
2.766000	-0.090537	3.465533	3.374996
2.767000	-0.090517	3.465513	3.374996
2.768000	-0.090497	3.465494	3.374996
2.769000	-0.090478	3.465474	3.374996
2.770000	-0.090458	3.465455	3.374997
2.771000	-0.090438	3.465435	3.374996
2.772000	-0.090419	3.465416	3.374997
2.773000	-0.090400	3.465397	3.374997
2.774000	-0.090381	3.465378	3.374997
2.775000	-0.090362	3.465359	3.374997
2.776000	-0.090344	3.465341	3.374997
2.777000	-0.090325	3.465322	3.374997
2.778000	-0.090307	3.465304	3.374997
2.779000	-0.090289	3.465286	3.374997
2.780000	-0.090271	3.465268	3.374997
2.781000	-0.090253	3.465250	3.374997
2.782000	-0.090235	3.465232	3.374997
2.783000	-0.090218	3.465215	3.374997
2.784000	-0.090200	3.465198	3.374997
2.785000	-0.090183	3.465180	3.374997
2.786000	-0.090166	3.465163	3.374997
2.787000	-0.090149	3.465147	3.374997
2.788000	-0.090133	3.465130	3.374997
2.789000	-0.090116	3.465113	3.374997
2.790000	-0.090100	3.465097	3.374998
2.791000	-0.090083	3.465081	3.374997
2.792000	-0.090067	3.465065	3.374997
2.793000	-0.090051	3.465049	3.374997
2.794000	-0.090036	3.465033	3.374997
2.795000	-0.090020	3.465017	3.374997
2.796000	-0.090005	3.465002	3.374997
2.797000	-0.089989	3.464987	3.374997
2.798000	-0.089974	3.464972	3.374997
2.799000	-0.089959	3.464957	3.374998
2.800000	-0.089944	3.464942	3.374998
2.801000	-0.089930	3.464927	3.374997
2.802000	-0.089915	3.464913	3.374998
2.803000	-0.089901	3.464899	3.374998
2.804000	-0.089887	3.464884	3.374998
2.805000	-0.089873	3.464870	3.374998
2.806000	-0.089859	3.464857	3.374998
2.807000	-0.089845	3.464843	3.374998
2.808000	-0.089832	3.464829	3.374998
2.809000	-0.089818	3.464816	3.374998
2.810000	-0.089805	3.464803	3.374998
2.811000	-0.089792	3.464790	3.374998
2.812000	-0.089779	3.464777	3.374998
2.813000	-0.089766	3.464764	3.374998
2.814000	-0.089754	3.464752	3.374998
2.815000	-0.089741	3.464740	3.374998
2.816000	-0.089729	3.464727	3.374998
2.817000	-0.089717	3.464715	3.374998
2.818000	-0.089705	3.464703	3.374998
2.819000	-0.089693	3.464692	3.374999
2.820000	-0.089681	3.464680	3.374998
2.821000	-0.089670	3.464668	3.374998
2.822000	-0.089659	3.464657	3.374998
2.823000	-0.089647	3.464646	3.374999
2.824000	-0.089636	3.464635	3.374999
2.825000	-0.089625	3.464624	3.374998
2.826000	-0.089615	3.464613	3.374999
2.827000	-0.089604	3.464603	3.374999
2.828000	-0.089594	3.464592	3.374999
2.829000	-0.089584	3.464582	3.374999
2.830000	-0.089573	3.464572	3.374999
2.831000	-0.089564	3.464562	3.374999
2.832000	-0.089554	3.464552	3.374999
2.833000	-0.089544	3.464543	3.374999
2.834000	-0.089535	3.464533	3.374999
2.835000	-0.089525	3.464524	3.374999
2.836000	-0.089516	3.464515	3.374999
2.837000	-0.089507	3.464506	3.374999
2.838000	-0.089498	3.464497	3.374999
2.839000	-0.089489	3.464488	3.374999
2.840000	-0.089481	3.464480	3.374999
2.841000	-0.089472	3.464471	3.374999
2.842000	-0.089464	3.464463	3.374999
2.843000	-0.089456	3.464455	3.374999
2.844000	-0.089448	3.464447	3.374999
2.845000	-0.089440	3.464439	3.374999
2.846000	-0.089432	3.464432	3.374999
2.847000	-0.089425	3.464424	3.374999
2.848000	-0.089418	3.464417	3.375000
2.849000	-0.089410	3.464410	3.375000
2.850000	-0.089403	3.464402	3.374999
2.851000	-0.089396	3.464396	3.375000
2.852000	-0.089390	3.464389	3.375000
2.853000	-0.089383	3.464382	3.375000
2.854000	-0.089377	3.464376	3.375000
2.855000	-0.089370	3.464370	3.375000
2.856000	-0.089364	3.464364	3.375000
2.857000	-0.089358	3.464358	3.375000
2.858000	-0.089352	3.464352	3.375000
2.859000	-0.089347	3.464346	3.375000
2.860000	-0.089341	3.464341	3.375000
2.861000	-0.089336	3.464336	3.375000
2.862000	-0.089330	3.464330	3.375000
2.863000	-0.089325	3.464325	3.375000
2.864000	-0.089320	3.464320	3.375000
2.865000	-0.089316	3.464316	3.375000
2.866000	-0.089311	3.464311	3.375000
2.867000	-0.089307	3.464307	3.375000
2.868000	-0.089302	3.464303	3.375000
2.869000	-0.089298	3.464298	3.375000
2.870000	-0.089294	3.464294	3.375000
2.871000	-0.089290	3.464291	3.375000
2.872000	-0.089287	3.464287	3.375000
2.873000	-0.089283	3.464283	3.375000
2.874000	-0.089280	3.464280	3.375000
2.875000	-0.089276	3.464277	3.375000
2.876000	-0.089273	3.464274	3.375000
2.877000	-0.089270	3.464271	3.375000
2.878000	-0.089268	3.464268	3.375000
2.879000	-0.089265	3.464266	3.375000
2.880000	-0.089263	3.464263	3.375001
2.881000	-0.089260	3.464261	3.375000
2.882000	-0.089258	3.464259	3.375000
2.883000	-0.089256	3.464257	3.375001
2.884000	-0.089254	3.464255	3.375000
2.885000	-0.089253	3.464253	3.375001
2.886000	-0.089251	3.464252	3.375001
2.887000	-0.089250	3.464250	3.375001
2.888000	-0.089248	3.464249	3.375001
2.889000	-0.089247	3.464248	3.375000
2.890000	-0.089246	3.464247	3.375001
2.891000	-0.089246	3.464246	3.375001
2.892000	-0.089245	3.464246	3.375001
2.893000	-0.089244	3.464245	3.375001
2.894000	-0.089244	3.464245	3.375001
2.895000	-0.089244	3.464245	3.375001
2.896000	-0.089244	3.464244	3.375000
2.897000	-0.089244	3.464245	3.375000
2.898000	-0.089244	3.464245	3.375000
2.899000	-0.089245	3.464245	3.375000
2.900000	-0.089245	3.464246	3.375001
2.901000	-0.089246	3.464247	3.375001
2.902000	-0.089247	3.464248	3.375001
2.903000	-0.089248	3.464249	3.375001
2.904000	-0.089249	3.464250	3.375001
2.905000	-0.089251	3.464251	3.375000
2.906000	-0.089252	3.464252	3.375000
2.907000	-0.089254	3.464254	3.375000
2.908000	-0.089256	3.464256	3.375000
2.909000	-0.089257	3.464258	3.375000
2.910000	-0.089260	3.464260	3.375000
2.911000	-0.089262	3.464262	3.375000
2.912000	-0.089264	3.464264	3.375000
2.913000	-0.089267	3.464267	3.375000
2.914000	-0.089270	3.464270	3.375000
2.915000	-0.089272	3.464273	3.375000
2.916000	-0.089275	3.464276	3.375000
2.917000	-0.089279	3.464279	3.375000
2.918000	-0.089282	3.464283	3.375000
2.919000	-0.089285	3.464286	3.375001
2.920000	-0.089289	3.464290	3.375000
2.921000	-0.089293	3.464294	3.375001
2.922000	-0.089297	3.464298	3.375001
2.923000	-0.089301	3.464302	3.375001
2.924000	-0.089305	3.464306	3.375001
2.925000	-0.089310	3.464311	3.375001
2.926000	-0.089314	3.464316	3.375002
2.927000	-0.089319	3.464320	3.375001
2.928000	-0.089324	3.464325	3.375002
2.929000	-0.089329	3.464330	3.375002
2.930000	-0.089334	3.464336	3.375002
2.931000	-0.089339	3.464341	3.375002
2.932000	-0.089345	3.464346	3.375002
2.933000	-0.089350	3.464352	3.375002
2.934000	-0.089356	3.464358	3.375002
2.935000	-0.089362	3.464364	3.375002
2.936000	-0.089368	3.464370	3.375002
2.937000	-0.089374	3.464377	3.375002
2.938000	-0.089381	3.464383	3.375002
2.939000	-0.089387	3.464390	3.375003
2.940000	-0.089394	3.464397	3.375003
2.941000	-0.089401	3.464404	3.375003
2.942000	-0.089408	3.464411	3.375003
2.943000	-0.089415	3.464418	3.375003
2.944000	-0.089423	3.464426	3.375003
2.945000	-0.089430	3.464433	3.375003
2.946000	-0.089438	3.464441	3.375003
2.947000	-0.089445	3.464449	3.375003
2.948000	-0.089453	3.464457	3.375003
2.949000	-0.089461	3.464465	3.375004
2.950000	-0.089470	3.464473	3.375004
2.951000	-0.089478	3.464482	3.375004
2.952000	-0.089487	3.464490	3.375004
2.953000	-0.089495	3.464499	3.375004
2.954000	-0.089504	3.464508	3.375004
2.955000	-0.089513	3.464517	3.375004
2.956000	-0.089522	3.464526	3.375004
2.957000	-0.089532	3.464536	3.375004
2.958000	-0.089541	3.464545	3.375004
2.959000	-0.089551	3.464555	3.375004
2.960000	-0.089561	3.464565	3.375004
2.961000	-0.089571	3.464575	3.375004
2.962000	-0.089581	3.464585	3.375004
2.963000	-0.089591	3.464595	3.375004
2.964000	-0.089602	3.464606	3.375004
2.965000	-0.089612	3.464617	3.375004
2.966000	-0.089623	3.464627	3.375004
2.967000	-0.089634	3.464638	3.375004
2.968000	-0.089645	3.464649	3.375004
2.969000	-0.089657	3.464660	3.375004
2.970000	-0.089668	3.464672	3.375004
2.971000	-0.089680	3.464683	3.375004
2.972000	-0.089691	3.464695	3.375004
2.973000	-0.089703	3.464707	3.375004
2.974000	-0.089715	3.464719	3.375004
2.975000	-0.089727	3.464731	3.375004
2.976000	-0.089740	3.464743	3.375004
2.977000	-0.089752	3.464756	3.375004
2.978000	-0.089765	3.464768	3.375004
2.979000	-0.089778	3.464781	3.375004
2.980000	-0.089791	3.464794	3.375004
2.981000	-0.089804	3.464808	3.375004
2.982000	-0.089817	3.464821	3.375004
2.983000	-0.089830	3.464834	3.375004
2.984000	-0.089844	3.464848	3.375004
2.985000	-0.089858	3.464861	3.375004
2.986000	-0.089872	3.464875	3.375004
2.987000	-0.089886	3.464889	3.375003
2.988000	-0.089900	3.464903	3.375003
2.989000	-0.089914	3.464918	3.375003
2.990000	-0.089929	3.464932	3.375003
2.991000	-0.089944	3.464947	3.375003
2.992000	-0.089959	3.464962	3.375003
2.993000	-0.089974	3.464977	3.375003
2.994000	-0.089989	3.464992	3.375003
2.995000	-0.090004	3.465007	3.375003
2.996000	-0.090020	3.465023	3.375003
2.997000	-0.090035	3.465038	3.375003
2.998000	-0.090051	3.465054	3.375003
2.999000	-0.090067	3.465070	3.375003
3.000000	-0.090083	3.465086	3.375003