# Time	Pos	PotentialE	KineticE	TotalE
0	1.3	-0.65701691446004706	0	-0.65701691446004706
0.001	1.2999988800100351	-0.65701942321806739	2.5087609973297663e-06	-0.65701691445707011
0.002	1.2999955200348239	-0.65702694953976271	1.0035091623889294e-05	-0.65701691444813881
0.0030000000000000001	1.2999899200584175	-0.65703949356803371	2.2579134779849176e-05	-0.65701691443325383
0.0040000000000000001	1.2999820800542348	-0.65705705554103744	4.0141128620358126e-05	-0.65701691441241705
0.0050000000000000001	1.2999719999850647	-0.6570796357921681	6.2721406537832557e-05	-0.65701691438563026
0.0060000000000000001	1.2999596798030686	-0.65710723475003219	9.032039713714808e-05	-0.657016914352895
0.0070000000000000001	1.2999451194497817	-0.65713985293841826	0.00012293862420371867	-0.6570169143142145
0.0080000000000000002	1.2999283188561181	-0.65717749097625633	0.00016057670666444593	-0.65701691426959186
0.0090000000000000011	1.2999092779423733	-0.65722014957757258	0.00020323535854151594	-0.65701691421903108
0.01	1.2998879966182295	-0.65726782955143581	0.00025091538889901812	-0.65701691416253682
0.010999999999999999	1.2998644747827615	-0.65732053180189531	0.00030361770178235554	-0.65701691410011298
0.012	1.2998387123244408	-0.65737825732791566	0.00036134329615041303	-0.65701691403176521
0.013000000000000001	1.2998107091211435	-0.65744100722330079	0.00042409326580044454	-0.65701691395750039
0.014	1.2997804650401572	-0.65750878267660906	0.0004918687992856378	-0.65701691387732342
0.014999999999999999	1.2997479799381879	-0.65758158497106745	0.00056467117982530947	-0.65701691379124216
0.016	1.2997132536613689	-0.65765941548447215	0.00064250178520768118	-0.65701691369926452
0.017000000000000001	1.2996762860452702	-0.65774227568908228	0.00072536208768518161	-0.65701691360139713
0.018000000000000002	1.2996370769149073	-0.65783016715151121	0.0008132536538622134	-0.65701691349764901
0.019	1.2995956260847514	-0.65792309153260531	0.00090617814457532816	-0.65701691338803003
0.02	1.2995519333587413	-0.65802105058731419	0.001004137314765735	-0.65701691327254841
0.021000000000000001	1.2995059985302935	-0.65812404616455966	0.0011071330133440769	-0.65701691315121558
0.021999999999999999	1.2994578213823156	-0.65823208020708923	0.0012151671830473974	-0.65701691302404186
0.023	1.2994074016872184	-0.65834515475132693	0.0013282418602882156	-0.6570169128910387
0.024	1.2993547392069296	-0.65846327192721343	0.0014463591749956323	-0.65701691275221785
0.025000000000000001	1.2992998336929078	-0.6585864339580404	0.0015695213504483677	-0.65701691260759199
0.026000000000000002	1.2992426848861578	-0.65871464316027351	0.0016977307030996498	-0.65701691245717386
0.027	1.2991832925172453	-0.65884790194337084	0.0018309896423938489	-0.65701691230097703
0.028000000000000001	1.2991216563063135	-0.65898621280959069	0.001969300670574757	-0.65701691213901592
0.029000000000000001	1.2990577759630997	-0.65912957835379138	0.002112666382485408	-0.65701691197130596
0.029999999999999999	1.298991651186953	-0.65927800126322145	0.0022610894653593318	-0.65701691179786215
0.031	1.298923281666853	-0.65943148431730325	0.0024145726986031153	-0.65701691161870013
0.032000000000000001	1.2988526670814273	-0.65959003038740727	0.002573118953570163	-0.65701691143383711
0.033000000000000002	1.2987798070989724	-0.65975364243661627	0.002736731193325528	-0.65701691124329076
0.034000000000000002	1.2987047013774735	-0.65992232351948021	0.0029054124724016799	-0.65701691104707849
0.035000000000000003	1.2986273495646254	-0.66009607678176507	0.0030791659365450859	-0.65701691084521996
0.036000000000000004	1.2985477512978547	-0.66027490546018763	0.0032579948224534536	-0.65701691063773415
0.036999999999999998	1.298465906204342	-0.66045881288214425	0.0034419024575035066	-0.65701691042464072
0.037999999999999999	1.2983818139010448	-0.66064780246543087	0.0036308922594691269	-0.65701691020596176
0.039	1.2982954739947223	-0.660841877717947	0.003824967736229732	-0.65701690998171725
0.040000000000000001	1.2982068860819598	-0.66104104223739846	0.0040241324854687057	-0.65701690975192972
0.041000000000000002	1.2981160497491933	-0.66124529971098411	0.0042283901943617405	-0.65701690951662239
0.042000000000000003	1.2980229645727368	-0.66145465391507396	0.0044377446392549003	-0.65701690927581902
0.043000000000000003	1.2979276301188094	-0.66166910871487628	0.004652199685332258	-0.65701690902954402
0.043999999999999997	1.2978300459435621	-0.66188866806409608	0.0048717592862729002	-0.65701690877782315
0.044999999999999998	1.2977302115931078	-0.66211333600457845	0.005096427483897133	-0.65701690852068129
0.045999999999999999	1.2976281266035494	-0.6623431166659477	0.005326208407801695	-0.65701690825814596
0.047	1.2975237905010111	-0.66257801426522844	0.0055611062749837733	-0.6570169079902447
0.048000000000000001	1.2974172028016686	-0.66281803310645981	0.0058011253894536428	-0.65701690771700616
0.049000000000000002	1.2973083630117819	-0.66306317758029465	0.0060462701418356937	-0.65701690743845897
0.050000000000000003	1.2971972706277271	-0.66331345216359183	0.0062965450089576642	-0.65701690715463412
0.051000000000000004	1.2970839251360309	-0.66356886141899007	0.0065519545534278396	-0.65701690686556224
0.052000000000000005	1.2969683260134044	-0.66382940999447504	0.0068125034231999995	-0.65701690657127509
0.052999999999999999	1.2968504727267789	-0.66409510262293181	0.0070781963511258959	-0.65701690627180587
0.053999999999999999	1.2967303647333419	-0.66436594412168337	0.007349038154494998	-0.65701690596718842
0.055	1.2966080014805745	-0.6646419393920181	0.0076250337345613022	-0.65701690565745685
0.056000000000000001	1.2964833824062891	-0.66492309341870437	0.0079061880760569192	-0.65701690534264745
0.057000000000000002	1.2963565069386687	-0.66520941126948907	0.0081925062466922105	-0.65701690502279686
0.058000000000000003	1.2962273744963069	-0.66550089809458424	0.0084839933966421952	-0.65701690469794205
0.059000000000000004	1.2960959844882483	-0.66579755912614158	0.0087806547580189988	-0.65701690436812255
0.059999999999999998	1.2959623363140309	-0.66609939967770782	0.0090824956443299968	-0.65701690403337787
0.060999999999999999	1.2958264293637287	-0.66640642514367043	0.0093895214499214556	-0.65701690369374899
0.062	1.295688263017996	-0.66671864099868428	0.0097017376494073267	-0.65701690334927698
0.063	1.295547836648111	-0.66703605279708844	0.010019149797082917	-0.65701690300000548
0.064000000000000001	1.295405149616023	-0.66735866617230144	0.010341763526323156	-0.65701690264597823
0.065000000000000002	1.2952602012743986	-0.66768648683620624	0.010669584548965102	-0.65701690228724119
0.066000000000000003	1.2951129909666701	-0.66801952057851388	0.011002618654674425	-0.65701690192383944
0.067000000000000004	1.2949635180270835	-0.66835777326611756	0.011340871710295505	-0.65701690155582204
0.068000000000000005	1.2948117817807503	-0.66870125084242171	0.011684349659184858	-0.65701690118323686
0.069000000000000006	1.2946577815436973	-0.66904995932666178	0.012033058520527475	-0.65701690080613429
0.070000000000000007	1.294501516622919	-0.66940390481320156	0.012387004388635827	-0.65701690042456573
0.071000000000000008	1.294342986316432	-0.66976309347081497	0.012746193432231106	-0.65701690003858382
0.072000000000000008	1.2941821899133288	-0.67012753154194882	0.013110631893706389	-0.65701689964824239
0.072999999999999995	1.2940191266938335	-0.67049722534196898	0.013480326088371304	-0.65701689925359763
0.073999999999999996	1.2938537959293597	-0.67087218125838355	0.01385528240367789	-0.65701689885470571
0.074999999999999997	1.2936861968825677	-0.67125240575005141	0.014235507298427191	-0.65701689845162425
0.075999999999999998	1.2935163288074243	-0.67163790534636936	0.014621007301956248	-0.6570168980444131
0.076999999999999999	1.2933441909492631	-0.67202868664643844	0.015011789013305066	-0.65701689763313342
0.078	1.2931697825448469	-0.67242475631821086	0.015407859100363111	-0.65701689721784773
0.079000000000000001	1.2929931028224304	-0.6728261210976153	0.015809224298994989	-0.6570168967986203
0.080000000000000002	1.2928141510018252	-0.67323278778766171	0.01621589141214479	-0.65701689637551697
0.081000000000000003	1.2926329262944651	-0.67364476325752265	0.016627867308918746	-0.65701689594860391
0.082000000000000003	1.2924494279034735	-0.67406205444159639	0.017045158923645675	-0.65701689551795073
0.083000000000000004	1.2922636550237316	-0.67448466833854259	0.017467773254914797	-0.65701689508362782
0.084000000000000005	1.2920756068419488	-0.6749126120102984	0.017895717364590467	-0.65701689464570789
0.085000000000000006	1.2918852825367337	-0.67534589258106759	0.018328998376803299	-0.65701689420426423
0.086000000000000007	1.2916926812786671	-0.67578451723628996	0.018767623476917222	-0.65701689375937278
0.087000000000000008	1.2914978022303756	-0.67622849322158252	0.019211599910471978	-0.65701689331111057
0.087999999999999995	1.2913006445466078	-0.67667782784165786	0.019660934982100538	-0.65701689285955733
0.088999999999999996	1.2911012073743111	-0.67713252845921512	0.020115636054420932	-0.65701689240479422
0.089999999999999997	1.2908994898527109	-0.67759260249380693	0.020575710546901924	-0.65701689194690505
0.090999999999999998	1.2906954911133905	-0.67805805742067582	0.021041165934702035	-0.65701689148597375
0.091999999999999998	1.2904892102803731	-0.67852890076956951	0.021512009747481353	-0.65701689102208816
0.092999999999999999	1.2902806464702048	-0.67900514012352275	0.021988249568185566	-0.65701689055533719
0.094	1.2900697987920404	-0.67948678311761335	0.02246989303180158	-0.65701689008581177
0.095000000000000001	1.2898566663477293	-0.67997383743769024	0.022956947824084282	-0.65701688961360594
0.096000000000000002	1.2896412482319048	-0.68046631081906828	0.023449421680253657	-0.65701688913881462
0.097000000000000003	1.2894235435320731	-0.68096421104519811	0.023947322383661842	-0.65701688866153629
0.098000000000000004	1.2892035513287066	-0.68146754594629988	0.024450657764429319	-0.65701688818187054
0.099000000000000005	1.2889812706953361	-0.68197632339796943	0.024959435698049749	-0.65701688769991973
0.10000000000000001	1.2887567006986471	-0.68249055131975123	0.025473664103962703	-0.65701688721578855
0.10100000000000001	1.2885298403985772	-0.68301023767367774	0.025993350944093694	-0.65701688672958403
0.10200000000000001	1.2883006888484143	-0.68353539046277656	0.026518504221360768	-0.65701688624141574
0.10300000000000001	1.2880692450948985	-0.68406601772954279	0.02704913197814704	-0.65701688575139572
0.10400000000000001	1.2878355081783246	-0.68460212755437699	0.027585242294738393	-0.65701688525963864
0.105	1.2875994771326471	-0.68514372805398738	0.028126843287725706	-0.65701688476626163
0.106	1.2873611509855871	-0.68569082737975617	0.028673943108370809	-0.65701688427138538
0.107	1.2871205287587413	-0.68624343371606722	0.029226549940935449	-0.65701688377513179
0.108	1.2868776094676928	-0.68680155527859854	0.029784672000972498	-0.65701688327762608
0.109	1.2866323921221243	-0.68736520031257542	0.030348317533578664	-0.65701688277899672
0.11	1.2863848757259331	-0.68793437709098315	0.03091749481160784	-0.65701688227937527
0.111	1.2861350592773484	-0.68850909391274007	0.031492212133844351	-0.65701688177889572
0.112	1.2858829417690514	-0.68908935910083047	0.032072477823135263	-0.6570168812776952
0.113	1.2856285221882964	-0.68967518100039493	0.032658300224480866	-0.65701688077591403
0.114	1.2853717995170353	-0.69026656797677766	0.03324968770308253	-0.65701688027369509
0.115	1.2851127727320439	-0.69086352841353205	0.033846648642347106	-0.65701687977118495
0.11600000000000001	1.2848514408050502	-0.69146607071038102	0.034449191441846806	-0.65701687926853425
0.11700000000000001	1.2845878027028661	-0.69207420328112945	0.035057324515233863	-0.65701687876589554
0.11800000000000001	1.2843218573875208	-0.69268793455153499	0.035671056288108911	-0.65701687826342603
0.11900000000000001	1.2840536038163968	-0.69330727295712768	0.036290395195842248	-0.65701687776128548
0.12	1.2837830409423683	-0.69393222694098378	0.036915349681346854	-0.65701687725963698
0.121	1.2835101677139424	-0.69456280495145073	0.037545928192802398	-0.65701687675864828
0.122	1.2832349830754031	-0.69519901543982021	0.038182139181329046	-0.65701687625849114
0.123	1.282957485966957	-0.69584086685794966	0.038823991098610268	-0.65701687575933942
0.124	1.2826776753248836	-0.69648836765583488	0.039471492394463285	-0.65701687526137165
0.125	1.2823955500816857	-0.6971415262791274	0.040124651514356464	-0.65701687476477089
0.126	1.2821111091662449	-0.69780035116659578	0.040783476896872284	-0.65701687426972355
0.127	1.2818243515039784	-0.6984648507475355	0.04144797697111504	-0.65701687377642048
0.128	1.2815352760170002	-0.69913503343911854	0.042118160154061911	-0.65701687328505665
0.129	1.2812438816242839	-0.69981090764368736	0.042794034847856377	-0.65701687279583099
0.13	1.2809501672418286	-0.70049248174598966	0.0434756094370429	-0.65701687230894679
0.13100000000000001	1.2806541317828286	-0.70117976411035432	0.044162892285741592	-0.65701687182461277
0.13200000000000001	1.2803557741578462	-0.70187276307780155	0.044855891734761538	-0.65701687134303999
0.13300000000000001	1.2800550932749861	-0.70257148696309868	0.045554616098651891	-0.65701687086444682
0.13400000000000001	1.2797520880400752	-0.70327594405174398	0.046259073662689117	-0.65701687038905487
0.13500000000000001	1.2794467573568442	-0.70398614259688919	0.046969272679799362	-0.65701686991708985
0.13600000000000001	1.2791391001271124	-0.70470209081619928	0.047685221367414522	-0.65701686944878479
0.13700000000000001	1.2788291152509774	-0.70542379688863566	0.048406927904260738	-0.65701686898437495
0.13800000000000001	1.2785168016270065	-0.70615126895117986	0.049134400427077972	-0.6570168685241019
0.13900000000000001	1.2782021581524321	-0.70688451509548256	0.04986764702726925	-0.65701686806821336
0.14000000000000001	1.2778851837233511	-0.70762354336443956	0.050606675747478187	-0.65701686761696132
0.14100000000000001	1.2775658772349281	-0.70836836174869666	0.051351494578093453	-0.65701686717060326
0.14200000000000002	1.2772442375816007	-0.70911897818308123	0.052102111453678553	-0.65701686672940263
0.14300000000000002	1.2769202636572907	-0.70987540054295406	0.052858534249325635	-0.65701686629362843
0.14400000000000002	1.2765939543556177	-0.71063763664048596	0.053620770776931677	-0.65701686586355423
0.14499999999999999	1.2762653085701166	-0.71140569422085642	0.054388828781395566	-0.65701686543946081
0.14599999999999999	1.275934325194459	-0.71217958095836942	0.055162715936734573	-0.65701686502163481
0.14699999999999999	1.2756010031226801	-0.71295930445248779	0.055942439842118517	-0.65701686461036923
0.14799999999999999	1.2752653412494073	-0.71374487222378236	0.056728008017820068	-0.65701686420596228
0.14899999999999999	1.274927338470095	-0.71453629170979882	0.057519427901079521	-0.65701686380871926
0.14999999999999999	1.2745869936812622	-0.715333570260834	0.058316706841882407	-0.6570168634189516
0.151	1.2742443057807347	-0.7161367151356256	0.059119852098648153	-0.65701686303697748
0.152	1.2738992736678927	-0.71694573349695034	0.059928870833828106	-0.6570168626631222
0.153	1.2735518962439212	-0.71776063240712895	0.060743770109411073	-0.65701686229771783
0.154	1.2732021724120659	-0.71858141882343785	0.06156455688233476	-0.65701686194110309
0.155	1.2728501010778941	-0.71940809959342522	0.062391237999801043	-0.65701686159362416
0.156	1.2724956811495589	-0.72024068145012743	0.063223820194493269	-0.65701686125563419
0.157	1.2721389115380695	-0.72107917100718733	0.064062310079693888	-0.65701686092749345
0.158	1.2717797911575648	-0.72192357475387037	0.064906714144300104	-0.65701686060957032
0.159	1.2714183189255939	-0.7227738990499778	0.065757038747735905	-0.65701686030224193
0.16	1.2710544937634003	-0.72363015012064924	0.066613290114758292	-0.65701686000589099
0.161	1.2706883145962109	-0.72449233405106606	0.067475474330155785	-0.65701685972091028
0.16200000000000001	1.2703197803535313	-0.72536045678103722	0.06834359733333692	-0.65701685944770027
0.16300000000000001	1.2699488899694458	-0.72623452409947586	0.069217664912806884	-0.65701685918666897
0.16400000000000001	1.2695756423829221	-0.72711454163876366	0.070097682700529962	-0.65701685893823369
0.16500000000000001	1.2692000365381226	-0.72800051486899586	0.070983656166175649	-0.65701685870282023
0.16600000000000001	1.2688220713847211	-0.72889244909210904	0.071875590611246168	-0.65701685848086289
0.16700000000000001	1.2684417458782236	-0.72979034943588927	0.072773491163083334	-0.65701685827280598
0.16800000000000001	1.2680590589802971	-0.73069422084785352	0.073677362768752044	-0.65701685807910148
0.16900000000000001	1.2676740096591026	-0.73160406808901068	0.074587210188798519	-0.65701685790021214
0.17000000000000001	1.2672865968896347	-0.73251989572749032	0.075503037990880553	-0.65701685773660978
0.17100000000000001	1.2668968196540671	-0.73344170813204346	0.076424850543267558	-0.65701685758877593
0.17200000000000001	1.2665046769421042	-0.73436950946540946	0.077352652008207873	-0.65701685745720162
0.17300000000000001	1.2661101677513391	-0.7353033036775497	0.078286446335160714	-0.65701685734238902
0.17400000000000002	1.2657132910876177	-0.7362430944987407	0.079226237253890469	-0.65701685724485026
0.17500000000000002	1.2653140459654098	-0.73718888543252747	0.080172028267420481	-0.65701685716510694
0.17599999999999999	1.2649124314081861	-0.7381406797485367	0.081123822644843899	-0.65701685710369284
0.17699999999999999	1.2645084464488021	-0.73909848047514037	0.082081623413988683	-0.65701685706115165
0.17799999999999999	1.2641020901298892	-0.74006229039197335	0.083045433353934384	-0.65701685703803903
0.17899999999999999	1.2636933615042523	-0.74103211202229913	0.084015254987377469	-0.65701685703492163
0.17999999999999999	1.2632822596352751	-0.74200794762521949	0.084991090572842876	-0.65701685705237667
0.18099999999999999	1.2628687835973311	-0.74298979918773278	0.085972942096738433	-0.65701685709099433
0.182	1.2624529324762035	-0.74397766841662683	0.086960811265249738	-0.65701685715137703
0.183	1.262034705369512	-0.74497155673021009	0.087954699496072195	-0.65701685723413794
0.184	1.2616141013871465	-0.74597146524988223	0.088954607909977237	-0.657016857339905
0.185	1.2611911196517098	-0.7469773947915257	0.089960537322209877	-0.65701685746931582
0.186	1.2607657592989665	-0.74798934585673849	0.090972488233714358	-0.65701685762302409
0.187	1.2603380194783014	-0.74900731862387815	0.091990460822184691	-0.6570168578016935
0.188	1.2599078993531845	-0.75003131293894088	0.093014454932937113	-0.65701685800600373
0.189	1.2594753981016458	-0.75106132830624839	0.094044470069600997	-0.65701685823664735
0.19	1.2590405149167569	-0.75209736387895521	0.095080505384624869	-0.65701685849433034
0.191	1.2586032490071231	-0.75313941844936738	0.09612255966959464	-0.65701685877977278
0.192	1.258163599597381	-0.75418749043906974	0.09717063134536004	-0.65701685909370966
0.193	1.2577215659287084	-0.75524157788885771	0.098224718451966245	-0.65701685943689148
0.19400000000000001	1.2572771472593416	-0.75630167844846874	0.09928481863838709	-0.65701685981008162
0.19500000000000001	1.2568303428651004	-0.75736778936611659	0.10035092915205615	-0.65701686021406047
0.19600000000000001	1.2563811520399255	-0.75843990747781564	0.10142304682819239	-0.65701686064962328
0.19700000000000001	1.2559295740964227	-0.7595180291964968	0.10250116807891649	-0.65701686111758029
0.19800000000000001	1.2554756083664174	-0.76060215050091373	0.10358528888215421	-0.6570168616187595
0.19900000000000001	1.2550192542015193	-0.76169226692432823	0.10467540477032301	-0.65701686215400523
0.20000000000000001	1.2545605109736975	-0.76278837354297457	0.10577151081879828	-0.65701686272417625
0.20100000000000001	1.254099378075864	-0.76389046496430546	0.10687360163415502	-0.65701686333015041
0.20200000000000001	1.2536358549224691	-0.76499853531500328	0.1079816713421813	-0.657016863972822
0.20300000000000001	1.253169940950106	-0.76611257822876233	0.10909571357565938	-0.65701686465310294
0.20400000000000001	1.2527016356181271	-0.76723258683383411	0.11021572146191057	-0.6570168653719235
0.20500000000000002	1.2522309384092707	-0.7683585537403308	0.1113416876100997	-0.65701686613023114
0.20600000000000002	1.2517578488302981	-0.76949047102728807	0.11247360409829497	-0.65701686692899308
0.20700000000000002	1.2512823664126431	-0.77062833022947397	0.11361146246027921	-0.65701686776919477
0.20800000000000002	1.2508044907130713	-0.77177212232394921	0.11475525367210812	-0.65701686865184106
0.20899999999999999	1.2503242213143531	-0.77292183771636735	0.11590496813841117	-0.65701686957795613
0.20999999999999999	1.2498415578259461	-0.77407746622701501	0.11706059567843111	-0.65701687054858393
0.21099999999999999	1.2493564998846909	-0.77523899707658606	0.1182221255117972	-0.65701687156478883
0.21199999999999999	1.2488690471555191	-0.77640641887168393	0.11938954624402828	-0.65701687262765562
0.21299999999999999	1.2483791993321727	-0.77757971959005112	0.12056284585176055	-0.65701687373829054
0.214	1.2478869561379375	-0.77875888656551617	0.12174201166769608	-0.65701687489782012
0.215	1.2473923173263881	-0.77994390647265965	0.12292703036526699	-0.65701687610739268
0.216	1.2468952826821458	-0.78113476531119108	0.12411788794301096	-0.65701687736818015
0.217	1.2463958520216514	-0.78233144839002722	0.12531456970865307	-0.65701687868137415
0.218	1.2458940251939497	-0.78353394031108059	0.12651706026288947	-0.65701688004819114
0.219	1.245389802081488	-0.7847422249527386	0.12772534348286788	-0.65701688146987069
0.22	1.2448831826009299	-0.78595628545303453	0.12893940250536007	-0.65701688294767446
0.221	1.2443741667039816	-0.78717610419251027	0.13015921970962158	-0.65701688448288875
0.222	1.2438627543782328	-0.78840166277675827	0.13138477669993343	-0.65701688607682485
0.223	1.243348945648014	-0.7896329420186381	0.13261605428782125	-0.6570168877308169
0.224	1.2428327405752659	-0.79086992192017291	0.13385303247394598	-0.65701688944622694
0.22500000000000001	1.2423141392604269	-0.79211258165410103	0.13509569042966216	-0.65701689122443885
0.22600000000000001	1.2417931418433328	-0.79336089954510469	0.1363440064782378	-0.65701689306686695
0.22700000000000001	1.241269748504136	-0.79461485305067814	0.13759795807573091	-0.6570168949749472
0.22800000000000001	1.2407439594642367	-0.79587441874166309	0.13885752179151759	-0.65701689695014553
0.22900000000000001	1.2402157749872331	-0.79713957228241983	0.1401226732884662	-0.65701689899395366
0.23000000000000001	1.2396851953798873	-0.7984102884106441	0.14139338730275272	-0.65701690110789135
0.23100000000000001	1.2391522209931067	-0.79968654091681723	0.14266963762331131	-0.65701690329350593
0.23200000000000001	1.2386168522229444	-0.80096830262328955	0.14395139707091562	-0.65701690555237391
0.23300000000000001	1.2380790895116156	-0.8022555453629836	0.14523863747688437	-0.65701690788609923
0.23400000000000001	1.2375389333485318	-0.80354823995772429	0.14653132966140694	-0.65701691029631737
0.23500000000000001	1.2369963842713536	-0.8048463561961734	0.14782944341148246	-0.65701691278469099
0.23600000000000002	1.2364514428670601	-0.80614986281138346	0.14913294745846783	-0.65701691535291562
0.23700000000000002	1.2359041097730392	-0.80745872745794456	0.15044180945522859	-0.657016918002716
0.23800000000000002	1.2353543856781943	-0.80877291668873519	0.15175599595288744	-0.65701692073584772
0.23900000000000002	1.2348022713240716	-0.8100923959312627	0.15307547237716479	-0.65701692355409791
0.23999999999999999	1.2342477675060062	-0.81141712946359168	0.15440020300430576	-0.65701692645928589
0.24099999999999999	1.2336908750742874	-0.81274708038985377	0.15573015093658843	-0.65701692945326529
0.24199999999999999	1.2331315949353465	-0.81408221061532648	0.15706527807740731	-0.65701693253791915
0.24299999999999999	1.2325699280529614	-0.81542248082109414	0.15840554510592689	-0.65701693571516728
0.24399999999999999	1.2320058754494851	-0.81676785043826006	0.15975091145129966	-0.65701693898696045
0.245	1.2314394382070935	-0.81811827762172795	0.16110133526644302	-0.65701694235528496
0.246	1.2308706174690547	-0.81947371922353207	0.16245677340136952	-0.65701694582216252
0.247	1.2302994144410206	-0.82083413076571543	0.16381718137606546	-0.65701694938964994
0.248	1.2297258303923417	-0.82219946641274999	0.16518251335291123	-0.65701695305983876
0.249	1.2291498666574017	-0.82356967894349631	0.16655272210863975	-0.6570169568348565
0.25	1.2285715246369766	-0.82494471972269467	0.16792775900582566	-0.65701696071686899
0.251	1.2279908057996176	-0.82632453867197941	0.16930757396390148	-0.65701696470807791
0.252	1.2274077116830566	-0.82770908424041667	0.17069211542969492	-0.65701696881072169
0.253	1.2268222438956358	-0.82909830337455925	0.17208133034748146	-0.65701697302707784
0.254	1.2262344041177611	-0.83049214148801054	0.17347516412854816	-0.65701697735946241
0.255	1.2256441941033824	-0.83189054243049187	0.17487356062026299	-0.65701698181022894
0.25600000000000001	1.2250516156814963	-0.83329344845641673	0.1762764620746442	-0.65701698638177253
0.25700000000000001	1.2244566707576763	-0.83470080019295256	0.17768380911642626	-0.65701699107652634
0.25800000000000001	1.2238593613156283	-0.83611253660757923	0.17909554071061556	-0.65701699589696361
0.25900000000000001	1.2232596894187722	-0.83752859497513232	0.18051159412953302	-0.65701700084559933
0.26000000000000001	1.2226576572118504	-0.83894891084432621	0.18193190491933747	-0.65701700592498868
0.26100000000000001	1.2220532669225648	-0.84037341800375431	0.18335640686602653	-0.65701701113772781
0.26200000000000001	1.2214465208632388	-0.84180204844736517	0.18478503196090953	-0.65701701648645561
0.26300000000000001	1.2208374214325097	-0.84323473233940271	0.18621771036554927	-0.65701702197385348
0.26400000000000001	1.2202259711170489	-0.84467139797881186	0.18765437037616753	-0.65701702760264435
0.26500000000000001	1.2196121724933104	-0.84611197176310626	0.18909493838751146	-0.65701703337559481
0.26600000000000001	1.21899602822931	-0.84755637815169149	0.1905393388561763	-0.65701703929551525
0.26700000000000002	1.2183775410864326	-0.84900453962864064	0.19198749426338135	-0.65701704536525929
0.26800000000000002	1.2177567139212722	-0.85045637666492013	0.19343932507719569	-0.6570170515877245
0.26900000000000002	1.2171335496875002	-0.85191180768006391	0.19489474971421064	-0.6570170579658533
0.27000000000000002	1.2165080514377669	-0.85337074900328846	0.1963536845006561	-0.65701706450263231
0.27100000000000002	1.2158802223256331	-0.85483311483405178	0.19781604363295793	-0.65701707120109387
0.27200000000000002	1.2152500656075353	-0.85629881720204992	0.19928173913773436	-0.65701707806431553
0.27300000000000002	1.2146175846447831	-0.85776776592664938	0.20075068083122916	-0.65701708509542023
0.27400000000000002	1.2139827829055898	-0.85923986857575607	0.2022227762781795	-0.65701709229757654
0.27500000000000002	1.2133456639671363	-0.8607150304241179	0.20369793075011794	-0.6570170996739999
0.27600000000000002	1.2127062315176698	-0.86219315441105726	0.20517604718310617	-0.65701710722795115
0.27700000000000002	1.2120644893586365	-0.86367414109763918	0.20665702613490089	-0.65701711496273829
0.27800000000000002	1.211420441406851	-0.8651578886232667	0.20814076574155052	-0.65701712288171621
0.27900000000000003	1.2107740916966994	-0.8666442926617095	0.20962716167342349	-0.65701713098828596
0.28000000000000003	1.2101254443823803	-0.86813324637656308	0.21111610709066786	-0.65701713928589522
0.28100000000000003	1.2094745037401817	-0.8696246403761434	0.21260749259810363	-0.65701714777803977
0.28200000000000003	1.2088212741707955	-0.87111836266781029	0.21410120619954873	-0.65701715646826153
0.28300000000000003	1.2081657602016698	-0.87261429861173057	0.21559713325158045	-0.65701716536015009
0.28400000000000003	1.2075079664893997	-0.87411233087407658	0.21709515641673519	-0.65701717445734142
0.28500000000000003	1.2068478978221573	-0.87561233937966787	0.2185951556161484	-0.65701718376351947
0.28600000000000003	1.2061855591221602	-0.87711420126405293	0.22009700798163909	-0.65701719328241381
0.28700000000000003	1.2055209554481814	-0.87861779082504388	0.22160058780724223	-0.65701720301780164
0.28800000000000003	1.2048540919980983	-0.88012297947370077	0.2231057665001939	-0.6570172129735069
0.28899999999999998	1.204184974111485	-0.8816296356847747	0.22461241253137457	-0.65701722315340017
0.28999999999999998	1.2035136072722432	-0.88313762494661385	0.22612039138521636	-0.65701723356139752
0.29099999999999998	1.2028399971112793	-0.88464680971054199	0.22762956550908098	-0.65701724420146101
0.29199999999999998	1.2021641494092208	-0.88615704933971418	0.22913979426211556	-0.65701725507759856
0.29299999999999998	1.2014860700991781	-0.88766820005745783	0.23065093386359489	-0.65701726619386291
0.29399999999999998	1.2008057652695501	-0.8891801148951104	0.23216283734075924	-0.65701727755435113
0.29499999999999998	1.2001232411668736	-0.89069264363936207	0.23367535447615659	-0.65701728916320545
0.29599999999999999	1.1994385041987192	-0.89220563277911225	0.23518833175450171	-0.65701730102461053
0.29699999999999999	1.1987515609366319	-0.89371892545185694	0.23670161230906245	-0.65701731314279455
0.29799999999999999	1.198062418119118	-0.89523236138961404	0.23821503586758627	-0.65701732552202774
0.29899999999999999	1.19737108265468	-0.89674577686440338	0.23972843869778127	-0.65701733816662211
0.29999999999999999	1.1966775616248981	-0.898259004633295	0.24124165355236551	-0.65701735108092951
0.30099999999999999	1.1959818622875606	-0.89977187388304258	0.24275450961370146	-0.6570173642693411
0.30199999999999999	1.1952839920798415	-0.90128421017432081	0.2442668324380321	-0.65701737773628865
0.30299999999999999	1.194583958621529	-0.90279583538557651	0.24577844389933687	-0.65701739148623961
0.30399999999999999	1.1938817697183042	-0.90430656765652495	0.24728916213282703	-0.65701740552369792
0.30499999999999999	1.193177433365068	-0.90581622133130457	0.24879880147810141	-0.65701741985320317
0.30599999999999999	1.1924709577493215	-0.90732460690131322	0.25030717242198441	-0.65701743447932881
0.307	1.1917623512545967	-0.9088315309477506	0.25181408154107021	-0.65701744940668039
0.308	1.19105162246394	-0.91033679608389129	0.25331933144399749	-0.65701746463989386
0.309	1.1903387801634486	-0.91184020089711648	0.25482272071348172	-0.65701748018363482
0.31	1.1896238333458597	-0.91334153989072875	0.25632404384813362	-0.65701749604259518
0.311	1.1889067912141946	-0.91484060342558537	0.25782309120409225	-0.65701751222149318
0.312	1.1881876631854564	-0.9163371776615753	0.25931964893650528	-0.65701752872507002
0.313	1.1874664588943837	-0.91783104449897801	0.26081349894088957	-0.65701754555808844
0.314	1.1867431881972594	-0.91932198151973654	0.26230441879440647	-0.65701756272533007
0.315	1.1860178611757761	-0.92080976192868302	0.26379218169708962	-0.6570175802315934
0.316	1.1852904881409585	-0.92229415449475405	0.26527655641306375	-0.65701759808169036
0.317	1.1845610796371422	-0.92377492349224055	0.26675730721179547	-0.65701761628044508
0.318	1.1838296464460119	-0.92525182864210953	0.26823419380941971	-0.65701763483268982
0.31900000000000001	1.1830961995906963	-0.92672462505344833	0.26970697131018601	-0.65701765374326238
0.32000000000000001	1.1823607503399236	-0.92819306316507655	0.27117539014807335	-0.6570176730170032
0.32100000000000001	1.1816233102122351	-0.92965688868737562	0.27263919602862319	-0.65701769265875243
0.32200000000000001	1.1808838909802593	-0.93111584254438773	0.27409812987104215	-0.65701771267334563
0.32300000000000001	1.1801425046750467	-0.93256966081624104	0.27555192775063075	-0.65701773306561029
0.32400000000000001	1.179399163590465	-0.93401807468195708	0.27700032084159415	-0.65701775384036298
0.32500000000000001	1.1786538802876565	-0.9354608103626989	0.27844303536029585	-0.6570177750024031
0.32600000000000001	1.1779066675995551	-0.93689758906552845	0.27987979250901723	-0.65701779655651116
0.32700000000000001	1.1771575386354687	-0.93832812692773138	0.28131030842028804	-0.65701781850744334
0.32800000000000001	1.1764065067857212	-0.93975213496178389	0.28273429410185702	-0.65701784085992687
0.32900000000000001	1.1756535857263604	-0.94116931900102896	0.28415145538237441	-0.65701786361865455
0.33000000000000002	1.1748987894239258	-0.94257937964614191	0.28556149285786075	-0.65701788678828121
0.33100000000000002	1.1741421321402841	-0.9439820122124567	0.28696410183903998	-0.65701791037341672
0.33200000000000002	1.1733836284375248	-0.94537690667824115	0.28835897229961871	-0.65701793437862244
0.33300000000000002	1.1726232931829232	-0.94676374763399984	0.28974578882559598	-0.65701795880840386
0.33400000000000002	1.1718611415539673	-0.94814221423289624	0.29112423056569153	-0.65701798366720476
0.33500000000000002	1.1710971890434474	-0.94951198014238658	0.29249397118298465	-0.65701800895940199
0.33600000000000002	1.1703314514646144	-0.95087271349715763	0.2938546788078597	-0.65701803468929798
0.33700000000000002	1.1695639449564008	-0.9522240768534701	0.29520601599235641	-0.6570180608611137
0.33800000000000002	1.1687946859887075	-0.95356572714501242	0.29654763966602921	-0.65701808747898327
0.33900000000000002	1.1680236913677575	-0.95489731564036651	0.29787920109342236	-0.65701811454694414
0.34000000000000002	1.1672509782415135	-0.95621848790220465	0.29920034583327249	-0.65701814206893216
0.34100000000000003	1.1664765641051622	-0.95752888374832446	0.30051071369955318	-0.65701817004877128
0.34200000000000003	1.1657004668066648	-0.95882813721465054	0.3018099387244832	-0.65701819849016729
0.34300000000000003	1.1649227045523725	-0.96011587652031771	0.30309764912362047	-0.65701822739669724
0.34400000000000003	1.1641432959127072	-0.96139172403497408	0.30437346726317233	-0.6570182567718017
0.34500000000000003	1.163362259827909	-0.96265529624843038	0.30563700962965401	-0.65701828661877637
0.34600000000000003	1.1625796156138488	-0.96390620374279468	0.30688788680203444	-0.65701831694076018
0.34700000000000003	1.1617953829679049	-0.96514405116723967	0.30812570342651174	-0.65701834774072787
0.34800000000000003	1.161009581974906	-0.96636843721554366	0.30935005819406564	-0.65701837902147808
0.34900000000000003	1.1602222331131382	-0.9675789546065644	0.31056054382094073	-0.65701841078562362
0.35000000000000003	1.1594333572604163	-0.96877519006779789	0.31175674703221729	-0.65701844303558055
0.35100000000000003	1.1586429757002195	-0.96995672432218838	0.31293824854863289	-0.65701847577355554
0.35199999999999998	1.1578511101278894	-0.97112313207835865	0.3141046230768233	-0.65701850900153536
0.35299999999999998	1.1570577826568917	-0.9722739820244316	0.31525543930315625	-0.65701854272127536
0.35399999999999998	1.1562630158251399	-0.97340883682562118	0.31639025989133612	-0.65701857693428511
0.35499999999999998	1.1554668326013806	-0.97452725312578237	0.3175086414839654	-0.65701861164181696
0.35599999999999998	1.1546692563916396	-0.97562878155310406	0.31861013470825184	-0.65701864684485223
0.35699999999999998	1.1538703110457273	-0.97671296673014563	0.31969428418605739	-0.65701868254408824
0.35799999999999998	1.1530700208638049	-0.97777934728841231	0.32076062854849013	-0.65701871873992213
0.35899999999999999	1.152268410603007	-0.97882745588768516	0.32180870045524601	-0.65701875543243915
0.35999999999999999	1.1514655054841212	-0.97985681924030965	0.32283802661891403	-0.65701879262139562
0.36099999999999999	1.1506613311983256	-0.98086695814066638	0.32384812783446226	-0.65701883030620412
0.36199999999999999	1.1498559139139781	-0.98185738750004847	0.32483851901413002	-0.65701886848591839
0.36299999999999999	1.1490492802834618	-0.98282761638717275	0.32580870922795652	-0.65701890715921629
0.36399999999999999	1.1482414574500794	-0.98377714807456529	0.32675820175018194	-0.6570189463243834
0.36499999999999999	1.1474324730550012	-0.98470548009105829	0.32768649411176287	-0.65701898597929542
0.36599999999999999	1.1466223552442585	-0.98561210428065249	0.32859307815925037	-0.65701902612140217
0.36699999999999999	1.145811132675786	-0.9864965068679924	0.3294774401202844	-0.65701906674770805
0.36799999999999999	1.144998834526509	-0.98735816853071878	0.33033906067596414	-0.6570191078547547
0.36899999999999999	1.144185490499473	-0.98819656447896076	0.33117741504035908	-0.65701914943860174
0.37	1.1433711308310155	-0.98901116454224069	0.33199197304743294	-0.65701919149480781
0.371	1.1425557862979752	-0.98980143326406589	0.33278219924565572	-0.65701923401841023
0.372	1.1417394882249385	-0.99056683000449353	0.33354755300058697	-0.6570192770039065
0.373	1.1409222684915203	-0.9913068090509497	0.3342874886057175	-0.65701932044523215
0.374	1.1401041595396748	-0.99202081973760337	0.3350014554018616	-0.65701936433574182
0.375	1.1392851943810369	-0.99270830657358444	0.33568889790539913	-0.65701940866818531
0.376	1.1384654066042867	-0.99336870938035793	0.33634925594566817	-0.65701945343468982
0.377	1.1376448303825397	-0.994001463438552	0.33698196481181758	-0.65701949862673437
0.378	1.1368235004807539	-0.99460599964455998	0.33758645540942989	-0.65701954423513009
0.379	1.1360014522631541	-0.9951817446772282	0.33816215442723202	-0.65701959024999623
0.38	1.1351787217006688	-0.99572812117495091	0.33870848451421287	-0.65701963666073804
0.38100000000000001	1.1343553453783759	-0.99624454792349526	0.33922486446747196	-0.65701968345602335
0.38200000000000001	1.1335313605029529	-0.99673044005488565	0.33971070943112647	-0.65701973062375918
0.38300000000000001	1.1327068049101285	-0.99718520925767473	0.34016543110660652	-0.65701977815106827
0.38400000000000001	1.1318817170721314	-0.99760826399893576	0.34058843797467131	-0.65701982602426445
0.38500000000000001	1.1310561361051295	-0.99799900975831091	0.34097913552948056	-0.65701987422883035
0.38600000000000001	1.1302301017766596	-0.99835684927445001	0.3413369265250587	-0.65701992274939136
0.38700000000000001	1.1294036545130381	-0.99868118280418017	0.34166121123448828	-0.65701997156969183
0.38800000000000001	1.1285768354067494	-0.99897140839474341	0.34195138772217115	-0.65702002067257226
0.38900000000000001	1.1277496862238083	-0.99922692216943898	0.34220685212949653	-0.65702007003994245
0.39000000000000001	1.1269222494110887	-0.99944711862701097	0.34242699897425205	-0.65702011965275897
0.39100000000000001	1.1260945681036143	-0.99963139095511599	0.34261122146411599	-0.65702016949100006
0.39200000000000002	1.125266686131805	-0.99977913135820551	0.34275891182456375	-0.65702021953364176
0.39300000000000002	1.1244386480286723	-0.99988973140015536	0.34286946164152177	-0.65702026975863359
0.39400000000000002	1.1236104990369595	-0.99996258236197089	0.34294226221909568	-0.65702032014287526
0.39500000000000002	1.1227822851162181	-0.99999707561489071	0.34297670495269861	-0.6570203706621921
0.39600000000000002	1.1219540529498133	-0.99999260300920945	0.34297218171789662	-0.65702042129131288
0.39700000000000002	1.1211258499518535	-0.99994855727913112	0.34292808527528484	-0.65702047200384628
0.39800000000000002	1.1202977242740357	-0.99986433246395956	0.34284380969170025	-0.65702052277225931
0.39900000000000002	1.1194697248123988	-0.99973932434592117	0.34271875077806646	-0.6570205735678547
0.40000000000000002	1.1186419012139763	-0.99957293090491106	0.34255230654416069	-0.65702062436075037
0.40100000000000002	1.1178143038833437	-0.9993645527904369	0.3423438776705785	-0.6570206751198584
0.40200000000000002	1.1169869839890478	-0.99911359381102915	0.34209286799816285	-0.6570207258128663
0.40300000000000002	1.1161599934699129	-0.99881946144136657	0.3417986850351501	-0.65702077640621648
0.40400000000000003	1.1153333850412128	-0.99848156734736127	0.34146074048227054	-0.65702082686509078
0.40500000000000003	1.1145072122007009	-0.99809932792941858	0.34107845077602694	-0.65702087715339164
0.40600000000000003	1.1136815292344888	-0.9976721648840845	0.34065123765035638	-0.65702092723372818
0.40700000000000003	1.1128563912227623	-0.99719950578426242	0.34017852871686166	-0.6570209770674007
0.40800000000000003	1.1120318540453273	-0.99668078467816734	0.33965975806377918	-0.6570210266143881
0.40900000000000003	1.1112079743869738	-0.99611544270716501	0.3390943668738276	-0.65702107583333746
0.41000000000000003	1.1103848097426472	-0.99550292874261159	0.33848180406105893	-0.65702112468155272
0.41100000000000003	1.1095624184224169	-0.99484270004179498	0.33782152692680739	-0.65702117311498753
0.41200000000000003	1.108740859556232	-0.9941342229230441	0.33711300183480408	-0.65702122108824002
0.41300000000000003	1.1079201930984501	-0.9933769734600455	0.33635570490549888	-0.65702126855454668
0.41400000000000003	1.1071004798321304	-0.99257043819537749	0.33554912272959653	-0.65702131546578091
0.41500000000000004	1.1062817813730779	-0.99171411487323935	0.33469275310078389	-0.6570213617724554
0.41600000000000004	1.1054641601736264	-0.99080751319131211	0.33378610576758999	-0.65702140742372217
0.41699999999999998	1.1046476795261477	-0.98985015557166101	0.33282870320428193	-0.65702145236737908
0.41799999999999998	1.1038324035662752	-0.98884157795054017	0.33182008140066299	-0.65702149654987718
0.41899999999999998	1.1030183972758283	-0.98778133058692918	0.3307597906705968	-0.65702153991633239
0.41999999999999998	1.1022057264854244	-0.98666897888957816	0.32964739647903907	-0.6570215824105391
0.42099999999999999	1.1013944578767643	-0.98550410426229695	0.32848248028731108	-0.65702162397498587
0.42199999999999999	1.1005846589845785	-0.98428630496718195	0.32726464041630426	-0.65702166455087774
0.42299999999999999	1.09977639819822	-0.98301519700541107	0.32599349292725277	-0.6570217040781583
0.42399999999999999	1.0989697447628881	-0.98169041501519838	0.32466867251965958	-0.6570217424955388
0.42499999999999999	1.0981647687804701	-0.98031161318643512	0.32328983344590817	-0.65702177974052689
0.42599999999999999	1.097361541209986	-0.9788784661914971	0.32185665044203254	-0.6570218157494645
0.42699999999999999	1.0965601338676203	-0.97739067013162773	0.32036881967406289	-0.65702185045756489
0.42799999999999999	1.0957606194263274	-0.97584794349825676	0.31882605969929906	-0.65702188379895765
0.42899999999999999	1.0949630714149923	-0.97425002814853912	0.31722811244180366	-0.6570219157067354
0.42999999999999999	1.0941675642171351	-0.97259669029434703	0.31557474418133918	-0.65702194611300779
0.43099999999999999	1.0933741730691404	-0.97088772150386338	0.31386574655490612	-0.6570219749489572
0.432	1.0925829740579964	-0.96912293971487062	0.31210093756996932	-0.65702200214490136
0.433	1.0917940441185292	-0.96730219025874842	0.31028016262838731	-0.65702202763036111
0.434	1.0910074610301141	-0.96542534689411763	0.30840329555998652	-0.65702205133413116
0.435	1.0902233034128492	-0.96349231284900294	0.30647023966464493	-0.65702207318435801
0.436	1.0894416507231748	-0.96150302187029846	0.30448092876167332	-0.65702209310862514
0.437	1.0886625832489207	-0.95945743927924076	0.30243532824520325	-0.65702211103403751
0.438	1.0878861821037673	-0.95735556303152647	0.30033343614420932	-0.65702212688731709
0.439	1.087112529221103	-0.95519742478061609	0.29817528418571149	-0.6570221405949046
0.44	1.0863417073472608	-0.95298309094268152	0.29596093885962094	-0.65702215208306058
0.441	1.0855738000341189	-0.95071266376158881	0.29369050248360734	-0.65702216127798141
0.442	1.0848088916310481	-0.94838628237219291	0.29136411426628145	-0.65702216810591141
0.443	1.084047067276191	-0.94600412386017041	0.28898195136689997	-0.65702217249327044
0.44400000000000001	1.083288412887055	-0.94356640431649574	0.28654422994971585	-0.6570221743667799
0.44500000000000001	1.0825330151504049	-0.94107337988460626	0.28405120623100877	-0.6570221736535975
0.44600000000000001	1.0817809615114384	-0.93852534779820496	0.28150317751674492	-0.65702217028146004
0.44700000000000001	1.0810323401622297	-0.93592264740756015	0.27890048322873162	-0.65702216417882853
0.44800000000000001	1.0802872400294243	-0.9332656611920862	0.27624350591704427	-0.65702215527504193
0.44900000000000001	1.0795457507611721	-0.93055481575689702	0.27353267225642308	-0.65702214350047394
0.45000000000000001	1.0788079627132825	-0.92779058281094784	0.27076845402425054	-0.6570221287866973
0.45100000000000001	1.078073966934588	-0.92497348012429637	0.2679513690576435	-0.65702211106665287
0.45200000000000001	1.0773438551515024	-0.92210407246193915	0.2650819821871136	-0.65702209027482561
0.45300000000000001	1.076617719751759	-0.91918297249159653	0.26216090614417398	-0.65702206634742255
0.45400000000000001	1.0758956537673179	-0.91621084166275746	0.25918880244019726	-0.65702203922256019
0.45500000000000002	1.0751777508564275	-0.91318839105421068	0.25616638221376042	-0.65702200884045026
0.45600000000000002	1.0744641052848309	-0.91011638218724311	0.25309440704364583	-0.65702197514359728
0.45700000000000002	1.0737548119061036	-0.9069956278016027	0.24997368972460748	-0.65702193807699527
0.45800000000000002	1.0730499661411126	-0.90382699259127874	0.24680509500295222	-0.65702189758832652
0.45900000000000002	1.0723496639565895	-0.90061139389710876	0.24358954026893692	-0.65702185362817178
0.46000000000000002	1.0716540018428042	-0.89734980235315098	0.24032799620293507	-0.65702180615021588
0.46100000000000002	1.0709630767903342	-0.89404324248374367	0.23702148737228634	-0.65702175511145733
0.46200000000000002	1.0702769862659212	-0.89069279324813655	0.23367109277571174	-0.65702170047242481
0.46300000000000002	1.0695958281874074	-0.88729958852953517	0.23027794633214782	-0.65702164219738735
0.46400000000000002	1.068919700897748	-0.88386481756541091	0.22684323731083975	-0.65702158025457114
0.46500000000000002	1.0682487031380943	-0.88038972531589432	0.2233682106995192	-0.65702151461637515
0.46600000000000003	1.067582934019943	-0.87687561276708426	0.21985416750749537	-0.65702144525958883
0.46700000000000003	1.0669224929963519	-0.87332383716609674	0.21630246500049341	-0.6570213721656033
0.46800000000000003	1.0662674798322178	-0.86973581218472185	0.2127145168640939	-0.65702129532062792
0.46900000000000003	1.0656179945736191	-0.86611300800855151	0.20909179329265545	-0.65702121471589603
0.47000000000000003	1.0649741375162236	-0.86245695134852007	0.20543582100064048	-0.65702113034787957
0.47100000000000003	1.0643360091727643	-0.85876922537180511	0.20174818315331608	-0.657021042218489
0.47200000000000003	1.0637037102395854	-0.85505146954913225	0.19803051921386206	-0.65702095033527019
0.47300000000000003	1.0630773415622685	-0.85130537941560136	0.19428452470399371	-0.65702085471160765
0.47400000000000003	1.0624570041003401	-0.84753270624219379	0.19051195087529185	-0.65702075536690197
0.47500000000000003	1.0618427988910732	-0.84373525661528936	0.18671460428853237	-0.65702065232675699
0.47600000000000003	1.0612348270123908	-0.83991489192156776	0.18289434629841975	-0.65702054562314804
0.47700000000000004	1.0606331895448844	-0.83607352773584487	0.17905309244125353	-0.65702043529459131
0.47800000000000004	1.0600379875329575	-0.83221313310948575	0.17519281172319662	-0.65702032138628907
0.47900000000000004	1.0594493219451142	-0.8283357297572489	0.17131552580696549	-0.65702020395028338
0.47999999999999998	1.0588672936334025	-0.82444339114050535	0.16742330809493103	-0.65702008304557435
0.48099999999999998	1.0582920032920373	-0.82053824144504306	0.16351828270679558	-0.65701995873824748
0.48199999999999998	1.0577235514152192	-0.81662245445178705	0.15960262335020964	-0.65701983110157736
0.48299999999999998	1.0571620382541702	-0.81269825229900938	0.15567855208289641	-0.657019700216113
0.48399999999999999	1.0566075637734134	-0.80876790413483368	0.15174833796507578	-0.65701956616975787
0.48499999999999999	1.056060227606318	-0.8048337246590358	0.14781429560121395	-0.65701942905782185
0.48599999999999999	1.0555201290099405	-0.8008980725534407	0.14387878357037265	-0.65701928898306805
0.48699999999999999	1.0549873668191874	-0.79696334880042219	0.13994420274469357	-0.65701914605572864
0.48799999999999999	1.0544620394003337	-0.79303199488933984	0.13601299449582674	-0.65701900039351313
0.48899999999999999	1.0539442446039282	-0.78910649091099039	0.13208763878939733	-0.65701885212159306
0.48999999999999999	1.0534340797171189	-0.78518935354046526	0.12817065216790102	-0.65701870137256424
0.49099999999999999	1.0529316414154368	-0.78128313390910753	0.12426458562272705	-0.65701854828638051
0.49199999999999999	1.0524370257140769	-0.77739041536660825	0.12037202235632283	-0.65701839301028542
0.49299999999999999	1.0519503279187137	-0.77351381113455142	0.11649557543584296	-0.65701823569870843
0.49399999999999999	1.0514716425758945	-0.76965596185308982	0.11263788533995694	-0.65701807651313282
0.495	1.0510010634230542	-0.76581953302278594	0.10880161740083291	-0.657017915621953
0.496	1.0505386833381962	-0.76200721234396251	0.10498945914366127	-0.6570177532003012
0.497	1.0500845942892862	-0.75822170695628444	0.10120411752643435	-0.65701758942985011
0.498	1.0496388872834084	-0.75446574058164995	0.097448316083053391	-0.65701742449859657
0.499	1.0492016523157317	-0.75074205057380716	0.093724791973192445	-0.65701725860061466
0.5	1.0487729783183402	-0.74705338487849415	0.090036292942707166	-0.65701709193578695
0.501	1.0483529531089795	-0.74340249890824772	0.086385574198734313	-0.65701692470951345
0.502	1.0479416633397731	-0.73979215233638174	0.082775395203984012	-0.65701675713239771
0.503	1.0475391944459644	-0.73622510581498091	0.079208516395078879	-0.65701658941990204
0.504	1.0471456305947426	-0.73270411762213028	0.075687695830140997	-0.65701642179198927
0.505	1.0467610546342077	-0.72923194024390536	0.072215685771167965	-0.65701625447273737
0.50600000000000001	1.0463855480425359	-0.72581131689699907	0.068795229207070416	-0.6570160876899287
0.50700000000000001	1.0460191908774055	-0.7224449779981903	0.065429056323564702	-0.65701592167462564
0.50800000000000001	1.0456620617257415	-0.7191356375871516	0.062119880926424009	-0.65701575666072753
0.50900000000000001	1.0453142376538429	-0.71588598970938078	0.058870396824886088	-0.65701559288449474
0.51000000000000001	1.0449757941579525	-0.71269870476636177	0.055683274182296447	-0.65701543058406531
0.51100000000000001	1.0446468051153355	-0.70957642584028813	0.052561155841329171	-0.65701526999895898
0.51200000000000001	1.0443273427359243	-0.706521765000931	0.049506653631371848	-0.65701511136955915
0.51300000000000001	1.0440174775145974	-0.70353729960245914	0.046522344665885701	-0.65701495493657347
0.51400000000000001	1.0437172781841537	-0.70062556857825475	0.043610767637754552	-0.65701480094050024
0.51500000000000001	1.0434268116690451	-0.69778906874188529	0.040774419120815746	-0.65701464962106959
0.51600000000000001	1.0431461430399309	-0.69503025110260941	0.038015749885920998	-0.65701450121668836
0.51700000000000002	1.0428753354691169	-0.69235151720385879	0.035337161240003676	-0.65701435596385516
0.51800000000000002	1.0426144501869417	-0.68975521549332885	0.032741001396731424	-0.65701421409659744
0.51900000000000002	1.0423635464391703	-0.68724363773328623	0.030229561887395846	-0.65701407584589033
0.52000000000000002	1.0421226814454594	-0.68481901545980906	0.027805074020735666	-0.65701394143907343
0.52100000000000002	1.0418919103589497	-0.68248351649967764	0.025469705400403938	-0.6570138110992737
0.52200000000000002	1.0416712862270494	-0.68023924155360493	0.023225556508773098	-0.65701368504483182
0.52300000000000002	1.0414608599534629	-0.67808822085445275	0.021074657365723906	-0.65701356348872886
0.52400000000000002	1.0412606802615232	-0.67603241090900434	0.019018964270984377	-0.65701344663801997
0.52500000000000002	1.0410707936588823	-0.6740736913317531	0.017060356638472964	-0.65701333469328016
0.52600000000000002	1.0408912444036156	-0.67221386177902476	0.015200633930956329	-0.65701322784806848
0.52700000000000002	1.040722074471788	-0.67045463899154933	0.013441512703155698	-0.65701312628839359
0.52800000000000002	1.0405633235265352	-0.66879765395342616	0.011784623761227844	-0.65701303019219837
0.52900000000000003	1.0404150288887066	-0.66724444917516834	0.010231509446307113	-0.65701293972886121
0.53000000000000003	1.0402772255091173	-0.66579647610826154	0.0087836210495245252	-0.65701285505873697
0.53100000000000003	1.0401499459424499	-0.66445509269830527	0.007442316365619225	-0.65701277633268607
0.53200000000000003	1.0400332203228508	-0.66322156108357744	0.0062088573919276743	-0.65701270369164977
0.53300000000000003	1.039927076341258	-0.66209704544542625	0.0050844081791779515	-0.65701263726624826
0.53400000000000003	1.0398315392244966	-0.66108261001653945	0.0040700328401314743	-0.65701257717640793
0.53500000000000003	1.0397466317161759	-0.66017921725270501	0.0031666937217039244	-0.65701252353100104
0.53600000000000003	1.0396723740594207	-0.65938772617330521	0.0023752497457627218	-0.65701247642754246
0.53700000000000003	1.0396087839814607	-0.65870889087523565	0.0016964549233416	-0.65701243595189407
0.53800000000000003	1.0395558766801081	-0.65814335922455536	0.0011309570465357112	-0.65701240217801959
0.53900000000000003	1.0395136648121399	-0.65769167172960596	0.00067929656184501129	-0.6570123751677609
0.54000000000000004	1.0394821584836109	-0.65735426059888269	0.00034190562822166744	-0.65701235497066102
0.54100000000000004	1.0394613652421056	-0.65713144898636688	0.00011910736255095411	-0.65701234162381594
0.54200000000000004	1.0394512900709469	-0.65702345042651533	1.1115274756877446e-05	-0.6570123351517585
0.54300000000000004	1.0394519353853702	-0.65703036846056806	1.8032894175912712e-05	-0.65701233556639216
0.54400000000000004	1.0394633010306675	-0.65715219645523959	0.00013985358828713087	-0.65701234286695243
0.54500000000000004	1.0394853842823073	-0.6573888176143452	0.00037646057432708552	-0.65701235704001815
0.54600000000000004	1.0395181798480257	-0.65774000518328535	0.00072762712375559931	-0.65701237805952972
0.54700000000000004	1.0395616798718916	-0.65820542284586825	0.001193016958976502	-0.65701240588689169
0.54800000000000004	1.0396158739403332	-0.65878462531223292	0.0017721848411579046	-0.65701244047107499
0.54900000000000004	1.039680749090119	-0.65947705909621002	0.0024645773474422498	-0.65701248174876781
0.55000000000000004	1.0397562898182799	-0.66028206347984808	0.0032695338352895561	-0.65701252964455847
0.55100000000000005	1.0398424780939566	-0.66119887166232916	0.0041862875911603363	-0.6570125840711688
0.55200000000000005	1.0399392933721505	-0.66222661208992362	0.0052139671602200221	-0.65701264492970357
0.55300000000000005	1.0400467126093593	-0.66336430996317519	0.0063515978532365592	-0.65701271210993861
0.55400000000000005	1.0401647102810681	-0.66461088891699305	0.0075981034263492954	-0.65701278549064379
0.55500000000000005	1.0402932584010709	-0.66596517286884627	0.0089523079289124969	-0.65701286493993372
0.55600000000000005	1.0404323265425905	-0.66742588802981784	0.010412937714162608	-0.65701295031565521
0.55700000000000005	1.0405818818611594	-0.6689916650728045	0.01197862360702681	-0.65701304146577766
0.55800000000000005	1.040741889119231	-0.67066104145182104	0.013647903222982757	-0.65701313822883833
0.55900000000000005	1.0409123107124783	-0.67243246386589606	0.015419223431497642	-0.65701324043439846
0.56000000000000005	1.0410931066977376	-0.67430429086073795	0.017290942957219928	-0.65701334790351806
0.56100000000000005	1.0412842348225568	-0.67627479556102399	0.01926133511177066	-0.65701346044925335
0.56200000000000006	1.0414856505562988	-0.67834216852585971	0.021328590648684274	-0.6570135778771754
0.56300000000000006	1.0416973071227533	-0.68050452071968071	0.023490820733781864	-0.65701369998589887
0.56400000000000006	1.0419191555342062	-0.68275988659064613	0.025746060023024278	-0.65701382656762186
0.56500000000000006	1.0421511446269156	-0.68510622724837633	0.028092269839687985	-0.6570139574086884
0.56600000000000006	1.0423932210979392	-0.68754143373268928	0.03052734144253446	-0.65701409229015484
0.56700000000000006	1.0426453295432581	-0.69006333036486112	0.033049099376503584	-0.65701423098835754
0.56800000000000006	1.04290741249714	-0.69266967817283653	0.035655304897353704	-0.65701437327548284
0.56900000000000006	1.0431794104726861	-0.69535817838175529	0.038343659461594862	-0.65701451892016038
0.57000000000000006	1.0434612620034978	-0.69812647596105393	0.041111808273017622	-0.65701466768803629
0.57100000000000006	1.0437529036864073	-0.70097216321945588	0.043957343877107188	-0.65701481934234873
0.57200000000000006	1.0440542702252089	-0.70389278343915462	0.046877809794650165	-0.65701497364450445
0.57300000000000006	1.0443652944753299	-0.70688583454053777	0.049870704185889229	-0.65701513035464854
0.57400000000000007	1.0446859074893782	-0.70994877276889001	0.052933483536658034	-0.65701528923223196
0.57500000000000007	1.0450160385635039	-0.71307901639458571	0.056063566358033709	-0.65701545003655204
0.57600000000000007	1.0453556152845129	-0.71627394941848133	0.059258336891176211	-0.65701561252730512
0.57699999999999996	1.0457045635776678	-0.71953092527429297	0.062515148809181839	-0.65701577646511111
0.57799999999999996	1.0460628077551131	-0.7228472705199902	0.065831328907960465	-0.6570159416120297
0.57899999999999996	1.0464302705648629	-0.72622028851041209	0.069204180778351332	-0.65701610773206076
0.57999999999999996	1.0468068732402869	-0.72964726304354244	0.072630988451919079	-0.65701627459162337
0.58099999999999996	1.0471925355500322	-0.73312546197314266	0.076109020013118894	-0.65701644196002373
0.58199999999999996	1.0475871758483208	-0.73665214078068963	0.079635531170784868	-0.65701660960990482
0.58299999999999996	1.0479907111255582	-0.74022454609984134	0.083207768782177532	-0.65701677731766384
0.58399999999999996	1.0484030570591951	-0.74383991918698422	0.086822974323124677	-0.65701694486385953
0.58499999999999996	1.0488241280647821	-0.74749549933169313	0.090478387298099386	-0.6570171120335937
0.58599999999999997	1.0492538373471572	-0.75118852720127505	0.094171248584402206	-0.65701727861687287
0.58699999999999997	1.0496920969517101	-0.75491624811389269	0.097898803704946996	-0.65701744440894572
0.58799999999999997	1.0501388178156645	-0.75867591523510391	0.10165830602449083	-0.65701760921061303
0.58899999999999997	1.0505939098193249	-0.76246479269301437	0.10544701986449578	-0.65701777282851859
0.58999999999999997	1.051057281837233	-0.76628015860757959	0.1092622235321636	-0.65701793507541595
0.59099999999999997	1.0515288417891802	-0.77011930802994844	0.11310121225954016	-0.65701809577040826
0.59199999999999997	1.0520084966910261	-0.77397955578810951	0.11696130104894499	-0.65701825473916453
0.59299999999999997	1.0524961527052727	-0.77785823923545072	0.12083982742133961	-0.65701841181411114
0.59399999999999997	1.0529917151913459	-0.78175272089921499	0.124734154064606	-0.65701856683460902
0.59499999999999997	1.053495088755537	-0.78566039102615015	0.12864167137906177	-0.65701871964708836
0.59599999999999997	1.0540061773005609	-0.78957867002306736	0.1325597999178903	-0.65701887010517712
0.59699999999999998	1.054524884074687	-0.79350501079031233	0.13648599272051049	-0.6570190180698019
0.59799999999999998	1.0550511117204	-0.79743690094650921	0.14041773753725081	-0.65701916340925837
0.59899999999999998	1.0555847623225525	-0.80137186494330148	0.14435255894402663	-0.65701930599927483
0.59999999999999998	1.0561257374559714	-0.80530746606908243	0.14828802034604385	-0.65701944572303861
0.60099999999999998	1.0566739382324808	-0.80924130834108565	0.15222172586986857	-0.65701958247121706
0.60199999999999998	1.0572292653473083	-0.81317103828545534	0.15615132214350796	-0.65701971614194732
0.60299999999999998	1.0577916191248413	-0.81709434660525604	0.16007449996444326	-0.65701984664081281
0.60399999999999998	1.0583608995637033	-0.82100896973663984	0.16398899585583981	-0.65701997388080002
0.60499999999999998	1.0589370063811208	-0.82491269129366973	0.16789259351143054	-0.65702009778223913
0.60599999999999998	1.0595198390565552	-0.82880334340255657	0.17178312512982924	-0.65702021827272739
0.60699999999999998	1.0601092968745731	-0.83267880792631299	0.1756584726392765	-0.65702033528703652
0.60799999999999998	1.060705278966932	-0.83653701758106336	0.17951656881405501	-0.65702044876700838
0.60899999999999999	1.0613076843538605	-0.8403759569454663	0.1833553982840298	-0.65702055866143649
0.60999999999999999	1.0619164119845121	-0.84419366336490431	0.18717299843897656	-0.65702066492592781
0.61099999999999999	1.0625313607765769	-0.84798822775231653	0.19096746022955266	-0.65702076752276384
0.61199999999999999	1.0631524296550316	-0.85175779528768736	0.19473692886694438	-0.65702086642074298
0.61299999999999999	1.0637795175900164	-0.85550056601840696	0.19847960442338863	-0.65702096159501833
0.61399999999999999	1.0644125236338233	-0.85921479536284151	0.20219374233591833	-0.65702105302692315
0.61499999999999999	1.0650513469569864	-0.8628987945196045	0.20587765381581721	-0.65702114070378725
0.61599999999999999	1.0656958868834634	-0.866550930785148	0.20952970616639499	-0.65702122461875301
0.61699999999999999	1.0663460429248999	-0.8701696277823765	0.21314832301180273	-0.65702130477057374
0.61799999999999999	1.0670017148139714	-0.87375336560312888	0.21673198443970648	-0.65702138116342246
0.61899999999999999	1.0676628025367949	-0.8773006808673991	0.22027922706072223	-0.65702145380667687
0.62	1.0683292063644099	-0.88081016670230849	0.22378864398758702	-0.65702152271472147
0.621	1.0690008268833224	-0.88428047264383269	0.22725888473710171	-0.65702158790673093
0.622	1.0696775650251142	-0.88771030446438548	0.23068865505793032	-0.65702164940645513
0.623	1.0703593220951151	-0.89109842392938843	0.23407671668737803	-0.65702170724201037
0.624	1.0710459998001398	-0.89444364848595281	0.23742188704029688	-0.65702176144565594
0.625	1.0717375002752945	-0.89774485088687062	0.24072303883328602	-0.65702181205358456
0.626	1.0724337261098515	-0.90100095875306496	0.24397909964735953	-0.65702185910570543
0.627	1.0731345803722032	-0.90421095407768304	0.24718905143225356	-0.65702190264542948
0.628	1.0738399666338938	-0.9073738726749907	0.25035192995553307	-0.65702194271945769
0.629	1.0745497889927413	-0.91048880357720985	0.25346682419964056	-0.65702197937756934
0.63	1.0752639520950547	-0.91355488838241383	0.2565328757100015	-0.65702201267241234
0.63100000000000001	1.075982361156955	-0.9165713205565742	0.25954927789726789	-0.6570220426593063
0.63200000000000001	1.0767049219848088	-0.91953734469277482	0.26251527529674135	-0.65702206939603347
0.63300000000000001	1.0774315409947854	-0.9224522557306134	0.2654301627879696	-0.6570220929426438
0.63400000000000001	1.078162125231547	-0.92531539813871988	0.26829328477745895	-0.65702211336126093
0.63500000000000001	1.0788965823860848	-0.92812616506328149	0.27110403434738689	-0.65702213071589455
0.63600000000000001	1.0796348208127109	-0.93088399744539374	0.27386185237313815	-0.65702214507225554
0.63700000000000001	1.080376749545221	-0.93358838310999692	0.27656622661242081	-0.65702215649757612
0.63800000000000001	1.0811222783122381	-0.93623885582908417	0.27921669076864697	-0.6570221650604372
0.63900000000000001	1.0818713175517531	-0.9388349943617913	0.28181282353119363	-0.65702217083059766
0.64000000000000001	1.0826237784248753	-0.94137642147391132	0.28435424759507838	-0.65702217387883288
0.64100000000000001	1.0833795728288069	-0.94386280293928571	0.28684062866250842	-0.65702217427677723
0.64200000000000002	1.0841386134090569	-0.9462938465254529	0.2892716744286804	-0.65702217209677249
0.64300000000000002	1.0849008135709086	-0.94866930096584356	0.29164713355412514	-0.65702216741171848
0.64400000000000002	1.0856660874901574	-0.95098895492074598	0.29396679462580771	-0.65702216029493821
0.64500000000000002	1.0864343501231326	-0.95325263592914911	0.29623048510910965	-0.65702215082003945
0.64600000000000002	1.0872055172160211	-0.95546020935352072	0.29843807029273145	-0.65702213906078932
0.64700000000000002	1.0879795053135073	-0.95761157731946178	0.30058945222847111	-0.65702212509099067
0.64800000000000002	1.0887562317667454	-0.95970667765211304	0.30268456866774568	-0.6570221089843673
0.64900000000000002	1.0895356147406821	-0.96174548281108785	0.30472339199663795	-0.65702209081444995
0.65000000000000002	1.0903175732207435	-0.96372799882563931	0.30670592817116438	-0.65702207065447493
0.65100000000000002	1.0911020270189056	-0.96565426423166079	0.30863221565437549	-0.6570220485772853
0.65200000000000002	1.0918888967791602	-0.96752434901205109	0.31050232435681641	-0.65702202465523474
0.65300000000000002	1.092678103982399	-0.96933835354189313	0.31231635458179119	-0.65702199896010194
0.65400000000000003	1.0934695709507256	-0.97109640753980142	0.31407443597679291	-0.65702197156300857
0.65500000000000003	1.0942632208512177	-0.97279866902672474	0.31577672649238187	-0.65702194253434287
0.65600000000000003	1.0950589776991506	-0.97444532329339983	0.31742341134971408	-0.65702191194368575
0.65700000000000003	1.0958567663607022	-0.97603658187759246	0.31901470201784582	-0.65702187985974669
0.65800000000000003	1.0966565125551531	-0.97757268155216348	0.32055083520186345	-0.65702184635030003
0.65900000000000003	1.0974581428566001	-0.97905388332494714	0.32203207184281551	-0.65702181148213157
0.66000000000000003	1.098261584695196	-0.98048047145133466	0.32345869613035083	-0.65702177532098383
0.66100000000000003	1.0990667663579337	-0.98185275246040682	0.3248310145288974	-0.65702173793150942
0.66200000000000003	1.0998736169889889	-0.98317105419537798	0.32614935481814966	-0.65702169937722832
0.66300000000000003	1.1006820665896382	-0.98443572486905473	0.32741406514856541	-0.65702165972048931
0.66400000000000003	1.101492046017766	-0.98564713213494559	0.32862551311251043	-0.65702161902243517
0.66500000000000004	1.1023034869869752	-0.98680566217460086	0.32978408483162941	-0.65702157734297151
0.66600000000000004	1.1031163220653186	-0.98791171880170081	0.33089018406096099	-0.65702153474073977
0.66700000000000004	1.1039304846736631	-0.98896572258335458	0.3319442313102593	-0.65702149127309528
0.66800000000000004	1.1047459090837015	-0.98996810997901497	0.33294666298292974	-0.65702144699608522
0.66900000000000004	1.1055625304156274	-0.99091933249737019	0.33389793053293587	-0.65702140196443426
0.67000000000000004	1.1063802846354838	-0.99181985587151189	0.33479849963998287	-0.65702135623152902
0.67100000000000004	1.1071991085522037	-0.99267015925264612	0.33564884940323697	-0.6570213098494091
0.67200000000000004	1.1080189398143503	-0.99347073442255307	0.33644947155379407	-0.65702126286875906
0.67300000000000004	1.1088397169065742	-0.99422208502497234	0.33720086968606938	-0.65702121533890301
0.67400000000000004	1.1096613791457988	-0.99492472581603897	0.3379035585082365	-0.65702116730780247
0.67500000000000004	1.1104838666771446	-0.99557918193386508	0.33855806311180792	-0.65702111882205716
0.67600000000000005	1.1113071204696083	-0.99618598818731696	0.33916491826041123	-0.65702106992690568
0.67700000000000005	1.1121310823115056	-0.99674568836401289	0.33972466769778115	-0.65702102066623169
0.67800000000000005	1.1129556948056887	-0.99725883455752284	0.34023786347495422	-0.65702097108256863
0.67900000000000005	1.1137809013645534	-0.99772598651373223	0.34070506529662348	-0.65702092121710876
0.68000000000000005	1.1146066462048438	-0.99814771099629396	0.34112683988658066	-0.6570208711097133
0.68100000000000005	1.1154328743422659	-0.99852458117107123	0.3415037603721473	-0.65702082079892388
0.68200000000000005	1.1162595315859207	-0.99885717600944535	0.34183640568747037	-0.65702077032197503
0.68300000000000005	1.1170865645325676	-0.99914607971034486	0.34212535999553595	-0.65702071971480891
0.68400000000000005	1.117913920560728	-0.99939188114082245	0.3423712121287304	-0.65702066901209211
0.68500000000000005	1.1187415478246374	-0.9995951732949917	0.34257455504776185	-0.65702061824722979
0.68600000000000005	1.1195693952480557	-0.99975655277111986	0.34273598531873256	-0.65702056745238724
0.68700000000000006	1.1203974125179472	-0.99987661926664506	0.34285610260813931	-0.65702051665850569
0.68800000000000006	1.1212255500780355	-0.99995597509088374	0.34293550919556032	-0.65702046589532337
0.68900000000000006	1.1220537591222437	-0.99999522469517133	0.34297480950377462	-0.65702041519139676
0.69000000000000006	1.122881991588029	-0.99999497422016803	0.3429746096460482	-0.65702036457411983
0.69100000000000006	1.1237102001496178	-0.99995583106005381	0.34293551699030594	-0.65702031406974792
0.69200000000000006	1.1245383382111496	-0.9998784034433208	0.3428581397399017	-0.65702026370341904
0.69300000000000006	1.1253663598997383	-0.99976330002986602	0.34274308653068869	-0.65702021349917739
0.69400000000000006	1.126194220058458	-0.99961112952407793	0.34259096604408251	-0.65702016347999548
0.69500000000000006	1.1270218742392573	-0.9994225003036028	0.34240238663580386	-0.65702011366779889
0.69600000000000006	1.1278492786958139	-0.99919802006347236	0.3421779559799823	-0.65702006408349001
0.69700000000000006	1.1286763903763317	-0.99893829547526669	0.34191828072829533	-0.65702001474697136
0.69800000000000006	1.1295031669162889	-0.99864393186098488	0.34162396618381463	-0.65701996567717025
0.69900000000000007	1.1303295666311426	-0.99831553288129016	0.34129561598922692	-0.65701991689206318
0.70000000000000007	1.131155548508995	-0.99795370023779517	0.34093383182909476	-0.65701986840870041
0.70100000000000007	1.1319810722032291	-0.99755903338905083	0.3405392131458212	-0.65701982024322958
0.70200000000000007	1.1328060980251158	-0.99713212927989969	0.34011235686897878	-0.65701977241092091
0.70300000000000007	1.1336305869364012	-0.99667358208385792	0.33965385715766711	-0.65701972492619087
0.70399999999999996	1.134454500541876	-0.99618398295818433	0.33916430515555801	-0.65701967780262627
0.70499999999999996	1.1352778010819342	-0.99566391981130287	0.3386442887582935	-0.65701963105300942
0.70599999999999996	1.1361004514251243	-0.99511397708223781	0.33809439239289796	-0.65701958468933985
0.70699999999999996	1.1369224150606974	-0.99453473553173155	0.33751519680887143	-0.65701953872286012
0.70799999999999996	1.1377436560911569	-0.99392677204470947	0.33690727888063188	-0.65701949316407759
0.70899999999999996	1.1385641392248143	-0.99329065944376338	0.33627121142097477	-0.65701944802278867
0.70999999999999996	1.1393838297683532	-0.99262696631332648	0.33560756300522587	-0.6570194033081006
0.71099999999999997	1.1402026936194076	-0.99193625683421704	0.33491689780576217	-0.65701935902845487
0.71199999999999997	1.1410206972591557	-0.99121909062822988	0.33419977543658097	-0.65701931519164891
0.71299999999999997	1.1418378077449329	-0.9904760226124617	0.33345675080760351	-0.6570192718048582
0.71399999999999997	1.1426539927028707	-0.98970760286305648	0.33268837398839918	-0.65701922887465725
0.71499999999999997	1.1434692203205579	-0.98891437648806746	0.33189519008102558	-0.65701918640704182
0.71599999999999997	1.1442834593397331	-0.98809688350912983	0.33107773910168087	-0.65701914440744891
0.71699999999999997	1.1450966790490094	-0.987255658751648	0.33023655587087164	-0.65701910288077636
0.71799999999999997	1.1459088492766303	-0.98639123174320964	0.32937216991180479	-0.6570190618314049
0.71899999999999997	1.1467199403832664	-0.98550412661993059	0.32848510535671516	-0.65701902126321543
0.71999999999999997	1.1475299232548477	-0.98459486204045932	0.32757588086084921	-0.65701898117961011
0.72099999999999997	1.1483387692954392	-0.98366395110735705	0.32664500952382736	-0.65701894158352969
0.72199999999999998	1.1491464504201594	-0.98271190129558783	0.32569299881811548	-0.65701890247747241
0.72299999999999998	1.1499529390481436	-0.9817392143878525	0.32472035052434084	-0.65701886386351172
0.72399999999999998	1.1507582080955545	-0.98074638641650713	0.32372756067319297	-0.65701882574331416
0.72499999999999998	1.1515622309686431	-0.97973390761181356	0.32271511949365755	-0.65701878811815595
0.72599999999999998	1.152364981556858	-0.97870226235627411	0.3216835113673347	-0.65701875098893936
0.72699999999999998	1.1531664342260077	-0.97765192914481081	0.32063321478860185	-0.65701871435620895
0.72799999999999998	1.1539665638114764	-0.9765833805505526	0.31956470233038381	-0.65701867822016879
0.72899999999999998	1.1547653456114955	-0.97549708319599793	0.31847844061530256	-0.65701864258069542
0.72999999999999998	1.1555627553804688	-0.97439349772933459	0.31737489029198102	-0.65701860743735363
0.73099999999999998	1.1563587693223571	-0.97327307880569625	0.31625450601628419	-0.657018572789412
0.73199999999999998	1.1571533640841198	-0.97213627507314126	0.31511773643728519	-0.65701853863585602
0.73299999999999998	1.1579465167492164	-0.97098352916315078	0.31396502418774913	-0.6570185049754016
0.73399999999999999	1.1587382048311672	-0.96981527768544462	0.31279680587893566	-0.65701847180650896
0.73499999999999999	1.1595284062671762	-0.9686319512269177	0.31161351209952382	-0.65701843912739388
0.73599999999999999	1.1603170994118142	-0.9674339743545135	0.31041556741847071	-0.65701840693604274
0.73699999999999999	1.1611042630307646	-0.96622176562184237	0.30920339039161959	-0.65701837523022277
0.73799999999999999	1.1618898762946341	-0.96499573757937362	0.30797739357188014	-0.65701834400749348
0.73899999999999999	1.1626739187728226	-0.96375629678802632	0.30673798352280657	-0.65701831326521976
0.73999999999999999	1.1634563704274614	-0.96250384383598775	0.3054855608354069	-0.65701828300058085
0.74099999999999999	1.1642372116074133	-0.96123877335860375	0.30422052014802153	-0.65701825321058216
0.74199999999999999	1.1650164230423381	-0.95996147406117682	0.30294325016911233	-0.65701822389206455
0.74299999999999999	1.1657939858368227	-0.95867232874452624	0.30165413370281169	-0.65701819504171455
0.74399999999999999	1.1665698814645764	-0.95737171433315893	0.30035354767708372	-0.65701816665607526
0.745	1.1673440917626925	-0.95606000190590856	0.29904186317435572	-0.65701813873155279
0.746	1.1681165989259747	-0.95473755672890914	0.29771944546448148	-0.65701811126442766
0.747	1.1688873855013293	-0.95340473829076655	0.29638665403990511	-0.6570180842508615
0.748	1.1696564343822231	-0.95206190033980209	0.29504384265289624	-0.6570180576869058
0.749	1.1704237288032069	-0.95070939092324369	0.29369135935473256	-0.65701803156851113
0.75	1.1711892523345053	-0.94934755242824476	0.29232954653671211	-0.6570180058915327
0.751	1.1719529888766718	-0.9479767216246171	0.29095874097287783	-0.65701798065173933
0.752	1.1727149226553095	-0.94659722970916516	0.28957927386434601	-0.65701795584481915
0.753	1.173475038215857	-0.94520940235151729	0.28819147088513003	-0.65701793146638732
0.754	1.1742333204184401	-0.94381355974134928	0.28679565222935766	-0.65701790751199163
0.755	1.1749897544327881	-0.94241001663690271	0.28539213265978297	-0.65701788397711969
0.75600000000000001	1.175744325733215	-0.94099908241470132	0.28398122155749717	-0.65701786085720415
0.75700000000000001	1.1764970200936655	-0.93958106112037676	0.28256322297274744	-0.65701783814762926
0.75800000000000001	1.1772478235828252	-0.93815625152051263	0.28113843567677682	-0.65701781584373586
0.75900000000000001	1.1779967225592947	-0.93672494715542476	0.27970715321459833	-0.65701779394082638
0.76000000000000001	1.178743703666828	-0.93528743639279532	0.27826966395862546	-0.65701777243416992
0.76100000000000001	1.1794887538296335	-0.93384400248208621	0.27682625116307935	-0.65701775131900686
0.76200000000000001	1.1802318602477377	-0.93239492360965348	0.27537719301909869	-0.65701773059055479
0.76300000000000001	1.1809730103924125	-0.93094047295449278	0.27392276271048155	-0.65701771024401123
0.76400000000000001	1.1817121920016644	-0.92948091874454875	0.27246322846999044	-0.65701769027455836
0.76500000000000001	1.1824493930757844	-0.92801652431352211	0.27099885363615484	-0.65701767067736727
0.76600000000000001	1.1831846018729604	-0.92654754815811224	0.2695298967105097	-0.65701765144760249
0.76700000000000002	1.1839178069049499	-0.92507424399563276	0.2680566114152092	-0.65701763258042356
0.76800000000000002	1.1846489969328131	-0.92359686082194947	0.26657924675095906	-0.65701761407099046
0.76900000000000002	1.1853781609627068	-0.92211564296967719	0.26509804705521262	-0.65701759591446462
0.77000000000000002	1.1861052882417351	-0.92063083016659408	0.2636132520605789	-0.65701757810601524
0.77100000000000002	1.1868303682538621	-0.91914265759421265	0.2621250969533932	-0.65701756064081951
0.77200000000000002	1.1875533907158811	-0.91765135594646863	0.26063381243240197	-0.6570175435140666
0.77300000000000002	1.1882743455734415	-0.91615715148847932	0.25913962476751851	-0.65701752672096081
0.77400000000000002	1.1889932229971347	-0.91466026611532703	0.25764275585860469	-0.65701751025672239
0.77500000000000002	1.1897100133786347	-0.91316091741083116	0.25614342329424006	-0.65701749411659116
0.77600000000000002	1.1904247073268963	-0.9116593187062656	0.25464184041043758	-0.65701747829582802
0.77700000000000002	1.1911372956644084	-0.91015567913898909	0.25313821634927086	-0.65701746278971829
0.77800000000000002	1.1918477694235015	-0.90865020371094962	0.25163275611737718	-0.65701744759357239
0.77900000000000003	1.1925561198427119	-0.90714309334703247	0.25012566064430336	-0.65701743270272916
0.78000000000000003	1.1932623383631982	-0.90563454495321882	0.2486171268406637	-0.6570174181125551
0.78100000000000003	1.1939664166252104	-0.90412475147452864	0.24710734765607953	-0.65701740381844909
0.78200000000000003	1.1946683464646144	-0.90261390195271607	0.24559651213687342	-0.65701738981584268
0.78300000000000003	1.1953681199094666	-0.90110218158369038	0.24408480548349112	-0.65701737610019928
0.78400000000000003	1.1960657291766399	-0.89958977177464572	0.2425724091076264	-0.65701736266701927
0.78500000000000003	1.1967611666685025	-0.89807685020086514	0.24105950068902554	-0.65701734951183965
0.78600000000000003	1.1974544249696457	-0.89656359086218318	0.23954625423194978	-0.65701733663023343
0.78700000000000003	1.1981454968436616	-0.89505016413908867	0.2380328401212744	-0.65701732401781432
0.78800000000000003	1.1988343752299704	-0.89353673684844082	0.23651942517820568	-0.65701731167023514
0.78900000000000003	1.199521053240697	-0.89202347229878654	0.23500617271559746	-0.65701729958318911
0.79000000000000004	1.2002055241575944	-0.89051053034526118	0.23349324259285065	-0.65701728775241053
0.79100000000000004	1.2008877814290151	-0.88899806744405541	0.23198079127037938	-0.657017276173676
0.79200000000000004	1.2015678186669292	-0.88748623670643645	0.23046897186362958	-0.65701726484280687
0.79300000000000004	1.2022456296439894	-0.88597518795230323	0.22895793419663651	-0.65701725375566666
0.79400000000000004	1.2029212082906418	-0.88446506776327127	0.22744782485510859	-0.65701724290816266
0.79500000000000004	1.2035945486922799	-0.88295601953527336	0.22593878723902519	-0.6570172322962482
0.79600000000000004	1.2042656450864457	-0.88144818353065968	0.22443096161473941	-0.65701722191592027
0.79700000000000004	1.2049344918600737	-0.87994169692979662	0.22292448516657407	-0.65701721176322259
0.79800000000000004	1.2056010835467774	-0.87843669388214662	0.2214194920479034	-0.65701720183424328
0.79900000000000004	1.2062654148241794	-0.87693330555683113	0.21991611343171191	-0.65701719212511922
0.80000000000000004	1.2069274805112846	-0.87543166019265484	0.21841447756062285	-0.65701718263203202
0.80100000000000005	1.2075872755658936	-0.87393188314759962	0.21691470979639016	-0.65701717335120946
0.80200000000000005	1.2082447950820578	-0.87243409694777541	0.21541693266884765	-0.65701716427892776
0.80300000000000005	1.2089000342875751	-0.87093842133581889	0.21392126592431004	-0.65701715541150885
0.80400000000000005	1.2095529885415257	-0.86944497331874382	0.21242782657342218	-0.65701714674532163
0.80500000000000005	1.2102036533318468	-0.86795386721523449	0.21093672893845178	-0.65701713827678265
0.80600000000000005	1.2108520242729466	-0.86646521470237792	0.2094480847000221	-0.65701713000235584
0.80700000000000005	1.2114980971033567	-0.8649791248618337	0.20796200294328279	-0.65701712191855088
0.80800000000000005	1.2121418676834219	-0.86349570422544164	0.20647859020351564	-0.65701711402192597
0.80900000000000005	1.2127833319930279	-0.86201505682025958	0.20499795051117428	-0.65701710630908527
0.81000000000000005	1.2134224861293648	-0.86053728421303632	0.20352018543635589	-0.65701709877668046
0.81100000000000005	1.2140593263047279	-0.85906248555411224	0.20204539413270464	-0.65701709142140763
0.81200000000000006	1.2146938488443528	-0.85759075762075909	0.20057367338074633	-0.65701708424001271
0.81300000000000006	1.2153260501842871	-0.85612219485994034	0.19910511763065433	-0.65701707722928604
0.81400000000000006	1.2159559268692961	-0.85465688943051055	0.19763981904444711	-0.65701707038606338
0.81500000000000006	1.2165834755508023	-0.85319493124484591	0.19617786753761826	-0.65701706370722768
0.81600000000000006	1.2172086929848585	-0.8517364080099078	0.19471935082020042	-0.65701705718970738
0.81700000000000006	1.2178315760301555	-0.85028140526773965	0.19326435443726431	-0.65701705083047535
0.81800000000000006	1.2184521216460602	-0.84883000643540485	0.19181296180885443	-0.65701704462655042
0.81900000000000006	1.2190703268906882	-0.84738229284436006	0.19036525426936446	-0.6570170385749956
0.82000000000000006	1.2196861889190056	-0.84593834377927202	0.18892131110635388	-0.65701703267291811
0.82100000000000006	1.2202997049809641	-0.84449823651627898	0.18748120959880848	-0.65701702691747044
0.82200000000000006	1.220910872419666	-0.84306204636069548	0.18604502505484855	-0.65701702130584694
0.82300000000000006	1.2215196886695594	-0.84162984668417273	0.18461283084888658	-0.65701701583528616
0.82400000000000007	1.2221261512546628	-0.84020170896130941	0.18318469845823923	-0.65701701050307015
0.82500000000000007	1.2227302577868202	-0.83877770280571939	0.18176069749919566	-0.65701700530652374
0.82600000000000007	1.2233320059639845	-0.83735789600555921	0.18034089576254717	-0.65701700024301202
0.82700000000000007	1.2239313935685288	-0.83594235455852561	0.17892535924858147	-0.65701699530994417
0.82800000000000007	1.2245284184655862	-0.83453114270631523	0.17751415220154587	-0.65701699050476936
0.82900000000000007	1.2251230786014182	-0.8331243229685612	0.17610733714358323	-0.65701698582497792
0.83000000000000007	1.2257153720018079	-0.83172195617624789	0.17470497490814588	-0.65701698126810204
0.83100000000000007	1.2263052967704824	-0.83032410150460345	0.17330712467289114	-0.65701697683171234
0.83200000000000007	1.2268928510875599	-0.82893081650548339	0.17191384399206364	-0.65701697251341973
0.83299999999999996	1.2274780332080235	-0.82754215713924351	0.17052518882836881	-0.65701696831087464
0.83399999999999996	1.2280608414602201	-0.8261581778061089	0.16914121358434278	-0.65701696422176614
0.83499999999999996	1.2286412742443846	-0.82477893137704483	0.16776197113322353	-0.65701696024382128
0.83599999999999997	1.2292193300311889	-0.82340446922413335	0.16638751284932776	-0.65701695637480562
0.83699999999999997	1.229795007360315	-0.822034841250461	0.16501788863793984	-0.65701695261252113
0.83799999999999997	1.2303683048390519	-0.82067009591952433	0.16365314696471628	-0.65701694895480811
0.83899999999999997	1.2309392211409163	-0.81931028028415576	0.16229333488461284	-0.65701694539954292
0.83999999999999997	1.2315077550042968	-0.81795544001497578	0.16093849807033808	-0.65701694194463767
0.84099999999999997	1.2320739052311205	-0.81660561942837973	0.15958868084033939	-0.65701693858804033
0.84199999999999997	1.2326376706855415	-0.81526086151406041	0.15824392618632688	-0.65701693532773353
0.84299999999999997	1.2331990502926526	-0.81392120796207634	0.15690427580034036	-0.65701693216173596
0.84399999999999997	1.2337580430372186	-0.81258669918946358	0.15556977010136491	-0.65701692908809872
0.84499999999999997	1.2343146479624294	-0.81125737436640821	0.15424044826150071	-0.65701692610490747
0.84599999999999997	1.234868864168676	-0.80993327144197469	0.15291634823169203	-0.65701692321028271
0.84699999999999998	1.2354206908123468	-0.80861442716939713	0.15159750676702205	-0.65701692040237503
0.84799999999999998	1.2359701271046437	-0.80730087713094734	0.15028395945157755	-0.65701691767936976
0.84899999999999998	1.236517172310418	-0.80599265576237278	0.14897574072289016	-0.65701691503948267
0.84999999999999998	1.2370618257470276	-0.80468979637692051	0.14767288389595917	-0.65701691248096128
0.85099999999999998	1.2376040867832114	-0.80339233118894682	0.14637542118686184	-0.65701691000208495
0.85199999999999998	1.2381439548379845	-0.8021002913371188	0.14508338373595581	-0.65701690760116294
0.85299999999999998	1.2386814293795512	-0.80081370690721521	0.14379680163068029	-0.65701690527653489
0.85399999999999998	1.2392165099242369	-0.79953260695453054	0.14251570392796076	-0.65701690302656979
0.85499999999999998	1.2397491960354381	-0.79825701952589001	0.14124011867622288	-0.65701690084966713
0.85599999999999998	1.24027948732259	-0.79698697168127486	0.13997007293702096	-0.65701689874425395
0.85699999999999998	1.2408073834401523	-0.79572248951507207	0.13870559280628689	-0.65701689670878516
0.85799999999999998	1.2413328840866111	-0.79446359817694956	0.13744670343520404	-0.65701689474174552
0.85899999999999999	1.2418559890034988	-0.79321032189235841	0.13619342905071241	-0.65701689284164599
0.85999999999999999	1.2423766979744308	-0.791962683982675	0.13494579297565013	-0.65701689100702487
0.86099999999999999	1.2428950108241574	-0.7907207068849833	0.13370381764853595	-0.65701688923644741
0.86199999999999999	1.2434109274176339	-0.789484412171503	0.1324675246429993	-0.65701688752850373
0.86299999999999999	1.2439244476591038	-0.78825382056867421	0.13123693468686193	-0.65701688588181228
0.86399999999999999	1.2444355714912005	-0.78702895197589273	0.13001206768087697	-0.6570168842950157
0.86499999999999999	1.2449442988940627	-0.78580982548391232	0.12879294271713082	-0.6570168827667815
0.86599999999999999	1.2454506298844652	-0.78459645939291367	0.12757957809711201	-0.65701688129580171
0.86699999999999999	1.2459545645149648	-0.78338887123024681	0.12637199134945343	-0.65701687988079338
0.86799999999999999	1.2464561028730607	-0.78218707776784835	0.12517019924735176	-0.65701687852049662
0.86899999999999999	1.2469552450803696	-0.78099109503934505	0.12397421782567002	-0.65701687721367508
0.87	1.2474519912918134	-0.77980093835684383	0.12278406239772778	-0.65701687595911606
0.871	1.2479463416948233	-0.77861662232741291	0.12159974757178378	-0.65701687475562909
0.872	1.2484382965085561	-0.77743816086926265	0.12042128726721622	-0.65701687360204641
0.873	1.2489278559831236	-0.77626556722762674	0.11924869473040518	-0.65701687249722152
0.874	1.2494150203988359	-0.77509885399035272	0.11808198255032228	-0.6570168714400304
0.875	1.2498997900654576	-0.77393803310320142	0.11692116267383186	-0.65701687042936951
0.876	1.2503821653214771	-0.77278311588486504	0.11576624642070875	-0.65701686946415627
0.877	1.2508621465333871	-0.77163411304170637	0.11461724449837699	-0.65701686854332941
0.878	1.2513397340949797	-0.77049103468222024	0.11347416701637408	-0.6570168676658461
0.879	1.2518149284266509	-0.76935389033123125	0.1123370235005454	-0.65701686683068583
0.88	1.2522877299747197	-0.76822268894381884	0.11120582290697312	-0.65701686603684573
0.88100000000000001	1.2527581392107576	-0.76709743891898685	0.11008057363564387	-0.65701686528334302
0.88200000000000001	1.2532261566309295	-0.76597814811307163	0.10896128354386006	-0.6570168645692116
0.88300000000000001	1.2536917827553458	-0.76486482385290544	0.10784795995939829	-0.65701686389350711
0.88400000000000001	1.2541550181274268	-0.76375747294872143	0.10674060969341993	-0.65701686325530151
0.88500000000000001	1.2546158633132776	-0.76265610170682163	0.10563923905313741	-0.6570168626536842
0.88600000000000001	1.2550743189010722	-0.76156071594200481	0.10454385385424081	-0.657016862087764
0.88700000000000001	1.2555303855004516	-0.76047132098975379	0.10345445943308849	-0.65701686155666528
0.88800000000000001	1.2559840637419284	-0.75938792171819547	0.10237106065866597	-0.6570168610595295
0.88900000000000001	1.2564353542763047	-0.75831052253983211	0.10129366194431694	-0.65701686059551512
0.89000000000000001	1.2568842577740984	-0.75723912742304766	0.10022226725925035	-0.65701686016379734
0.89100000000000001	1.25733077492498	-0.75617373990339409	0.099156880139827597	-0.6570168597635665
0.89200000000000002	1.257774906437219	-0.75511436309466307	0.09809750370063311	-0.65701685939402998
0.89300000000000002	1.2582166530371404	-0.75406099969974205	0.097044140645332816	-0.65701685905440921
0.89400000000000002	1.2586560154685893	-0.75301365202126513	0.095996793277323494	-0.65701685874394167
0.89500000000000002	1.2590929944924067	-0.75197232197205666	0.094955463510177127	-0.65701685846187952
0.89600000000000002	1.259527590885912	-0.75093701108537325	0.093920152877883689	-0.65701685820748956
0.89700000000000002	1.2599598054423968	-0.74990772052494958	0.092890862544895925	-0.65701685798005371
0.89800000000000002	1.2603896389706259	-0.74888445109484558	0.091867593315979407	-0.6570168577788662
0.89900000000000002	1.2608170922943478	-0.74786720324910871	0.090850345645871897	-0.6570168576032368
0.90000000000000002	1.2612421662518125	-0.74685597710124318	0.089839119648754545	-0.65701685745248861
0.90100000000000002	1.2616648616952997	-0.74585077243349673	0.088833915107539116	-0.6570168573259576
0.90200000000000002	1.2620851794906531	-0.74485158870596802	0.087834731482973896	-0.65701685722299408
0.90300000000000002	1.2625031205168242	-0.74385842506553179	0.08684156792257193	-0.65701685714295988
0.90400000000000003	1.2629186856654235	-0.74287128035459404	0.085854423269364447	-0.65701685708522961
0.90500000000000003	1.2633318758402792	-0.74189015311967399	0.08487329607048294	-0.65701685704919099
0.90600000000000003	1.2637426919570038	-0.74091504161981625	0.08389818458557273	-0.65701685703424351
0.90700000000000003	1.2641511349425689	-0.73994594383484014	0.082929086795041185	-0.65701685703979895
0.90800000000000003	1.2645572057348864	-0.73898285747342352	0.081966000408143502	-0.65701685706528001
0.90900000000000003	1.2649609052823971	-0.73802577998103103	0.081008922870909258	-0.65701685711012181
0.91000000000000003	1.2653622345436675	-0.73707470854768331	0.080057851373912109	-0.65701685717377123
0.91100000000000003	1.2657611944869922	-0.73612964011557069	0.079112782859886058	-0.65701685725568459
0.91200000000000003	1.2661577860900046	-0.73519057138652111	0.078173714031190861	-0.65701685735533022
0.91300000000000003	1.2665520103392927	-0.7342574988293169	0.077240641357129144	-0.65701685747218774
0.91400000000000003	1.2669438682300236	-0.73333041868686377	0.076313561081118267	-0.65701685760574546
0.91500000000000004	1.2673333607655732	-0.73240932698322314	0.0753924692277195	-0.65701685775550367
0.91600000000000004	1.2677204889571625	-0.73149421953049876	0.074477361609527004	-0.65701685792097175
0.91700000000000004	1.2681052538235003	-0.73058509193558951	0.073568233833919486	-0.65701685810166999
0.91800000000000004	1.2684876563904333	-0.72968193960680316	0.07266508130967668	-0.65701685829712653
0.91900000000000004	1.2688676976905997	-0.72878475776034446	0.071767899253463635	-0.65701685850688085
0.92000000000000004	1.269245378763092	-0.7278935414266664	0.070876682696184787	-0.65701685873048166
0.92100000000000004	1.2696207006531233	-0.72700828545669649	0.069991426489210681	-0.65701685896748585
0.92200000000000004	1.2699936644117005	-0.72612898452793939	0.069112125310479319	-0.65701685921746011
0.92300000000000004	1.2703642710953031	-0.72525563315045471	0.068238773670474789	-0.6570168594799799
0.92400000000000004	1.2707325217655676	-0.7243882256727141	0.067371365918085291	-0.65701685975462887
0.92500000000000004	1.2710984174889772	-0.72352675628734187	0.066509896246342931	-0.65701686004099891
0.92600000000000005	1.271461959336557	-0.72267121903673892	0.06565435869804738	-0.65701686033869156
0.92700000000000005	1.2718231483835749	-0.72182160781859139	0.064804747171275684	-0.65701686064731568
0.92800000000000005	1.2721819857092478	-0.72097791639126851	0.063961055424780422	-0.65701686096648815
0.92900000000000005	1.2725384723964519	-0.72014013837911195	0.063123277083278043	-0.65701686129583392
0.93000000000000005	1.2728926095314395	-0.71930826727761565	0.062291405642629923	-0.65701686163498574
0.93100000000000005	1.2732443982035597	-0.71848229645850104	0.061465434474917667	-0.65701686198358333
0.93200000000000005	1.2735938395049853	-0.71766221917468986	0.060645356833415077	-0.65701686234127477
0.93300000000000005	1.2739409345304424	-0.7168480285651726	0.059831165857458478	-0.65701686270771409
0.93400000000000005	1.2742856843769468	-0.71603971765978192	0.059022854577217454	-0.65701686308256446
0.93500000000000005	1.2746280901435443	-0.71523727938386161	0.058220415918367914	-0.65701686346549371
0.93600000000000005	1.2749681529310553	-0.71444070656284686	0.057423842706669309	-0.65701686385617752
0.93700000000000006	1.2753058738418239	-0.71364999192674694	0.056633127672447735	-0.65701686425429917
0.93800000000000006	1.2756412539794721	-0.71286512811453451	0.055848263454987009	-0.65701686465954745
0.93900000000000006	1.2759742944486576	-0.71208610767844793	0.055069242606829147	-0.65701686507161883
0.94000000000000006	1.2763049963548367	-0.71131292308820038	0.054296057597986211	-0.65701686549021421
0.94100000000000006	1.2766333608040301	-0.71054556673510749	0.053528700820065118	-0.65701686591504238
0.94200000000000006	1.2769593889025941	-0.7097840309361253	0.052767164590307211	-0.65701686634581813
0.94300000000000006	1.2772830817569956	-0.70902830793780414	0.052011441155543986	-0.65701686678226012
0.94400000000000006	1.27760444047359	-0.70827838992016701	0.051261522696070948	-0.65701686722409602
0.94500000000000006	1.2779234661584051	-0.70753426900049754	0.050517401329440888	-0.6570168676710566
0.94600000000000006	1.2782401599169262	-0.70679593723705869	0.049779069114178232	-0.65701686812288052
0.94700000000000006	1.2785545228538877	-0.70606338663272583	0.049046518053416061	-0.65701686857930974
0.94800000000000006	1.2788665560730665	-0.70533660913855067	0.048319740098457242	-0.65701686904009349
0.94900000000000007	1.2791762606770798	-0.70461559665724616	0.047598727152261079	-0.65701686950498506
0.95000000000000007	1.2794836377671865	-0.70390034104660082	0.046883471072857105	-0.65701686997374376
0.95100000000000007	1.279788688443092	-0.70319083412282057	0.04617396367668726	-0.65701687044613333
0.95200000000000007	1.2800914138027566	-0.7024870676638012	0.045470196741877987	-0.65701687092192318
0.95300000000000007	1.2803918149422071	-0.70178903341233068	0.044772162011443524	-0.65701687140088716
0.95400000000000007	1.2806898929553521	-0.70109672307922521	0.044079851196421729	-0.65701687188280344
0.95500000000000007	1.2809856489338001	-0.70041012834640015	0.043393255978943925	-0.65701687236745621
0.95600000000000007	1.2812790839666817	-0.69972924086987276	0.04271236801523981	-0.65701687285463295
0.95700000000000007	1.2815701991404735	-0.69905405228270601	0.042037178938578931	-0.65701687334412706
0.95800000000000007	1.2818589955388275	-0.69838455419788426	0.041367680362149731	-0.65701687383573448
0.95900000000000007	1.2821454742424008	-0.69772073821113545	0.04070386388187771	-0.65701687432925771
0.95999999999999996	1.2824296363286902	-0.6970625959036858	0.040045721079183652	-0.65701687482450211
0.96099999999999997	1.28271148287187	-0.69641011884495985	0.039393243523683119	-0.65701687532127673
0.96199999999999997	1.2829910149426307	-0.6957632985952249	0.038746422775828487	-0.65701687581939638
0.96299999999999997	1.2832682336080228	-0.69512212670817353	0.038105250389494631	-0.65701687631867889
0.96399999999999997	1.2835431399313024	-0.69448659473345498	0.03746971791450928	-0.65701687681894572
0.96499999999999997	1.2838157349717798	-0.69385669421915186	0.036839816899129185	-0.65701687732002267
0.96599999999999997	1.2840860197846704	-0.69323241671420266	0.036215538892463324	-0.65701687782173934
0.96699999999999997	1.2843539954209489	-0.69261375377077239	0.035596875446843881	-0.65701687832392852
0.96799999999999997	1.2846196629272055	-0.69200069694657373	0.0349838181201464	-0.65701687882642734
0.96899999999999997	1.284883023345506	-0.69139323780713557	0.034376358478059761	-0.65701687932907582
0.96999999999999997	1.2851440777132523	-0.69079136792802498	0.033774488096307308	-0.65701687983171764
0.97099999999999997	1.285402827063048	-0.69019507889702025	0.03317819856281988	-0.65701688033420036
0.97199999999999998	1.2856592724225637	-0.68960436231623667	0.03258748147986186	-0.65701688083637477
0.97299999999999998	1.2859134148144078	-0.68901920980420506	0.032002328466110917	-0.65701688133809411
0.97399999999999998	1.2861652552559966	-0.68843961299790846	0.03142273115869279	-0.65701688183921569
0.97499999999999998	1.2864147947594289	-0.68786556355477113	0.030848681215171606	-0.65701688233959954
0.97599999999999998	1.2866620343313624	-0.6872970531546051	0.030280170315496832	-0.65701688283910831
0.97699999999999998	1.2869069749728914	-0.68673407350151672	0.029717190163907697	-0.65701688333760899
0.97799999999999998	1.2871496176794284	-0.68617661632576665	0.029159732490795946	-0.6570168838349707
0.97899999999999998	1.2873899634405865	-0.68562467338559285	0.028607789054527703	-0.6570168843310652
0.97999999999999998	1.2876280132400646	-0.68507823646899246	0.028061351643225329	-0.65701688482576714
0.98099999999999998	1.2878637680555345	-0.68453729739546509	0.027520412076510053	-0.65701688531895508
0.98199999999999998	1.2880972288585304	-0.68400184801771502	0.026984962207206177	-0.65701688581050888
0.98299999999999998	1.28832839661434	-0.68347188022331973	0.026454993923007607	-0.65701688630031208
0.98399999999999999	1.2885572722818983	-0.68294738593635718	0.025930499148107498	-0.65701688678824965
0.98499999999999999	1.2887838568136822	-0.68242835711900229	0.025411469844791711	-0.65701688727421059
0.98599999999999999	1.2890081511556086	-0.68191478577308207	0.024897898014996898	-0.6570168877580852
0.98699999999999999	1.289230156246933	-0.68140666394159988	0.024389775701833819	-0.65701688823976601
0.98799999999999999	1.2894498730201509	-0.68090398371022653	0.023887094991076691	-0.65701688871914987
0.98899999999999999	1.2896673024009004	-0.68040673720875366	0.023389848012619171	-0.65701688919613455
0.98999999999999999	1.2898824453078679	-0.67991491661251768	0.022898026941897735	-0.65701688967062
0.99099999999999999	1.2900953026526938	-0.67942851414379057	0.022411624001283062	-0.65701689014250753
0.99199999999999999	1.2903058753398806	-0.67894752207314391	0.021930631461440041	-0.65701689061170387
0.99299999999999999	1.2905141642667044	-0.67847193272077155	0.021455041642657106	-0.65701689107811445
0.99399999999999999	1.290720170323125	-0.67800173845779443	0.020984846916145491	-0.657016891541649
0.995	1.2909238943917005	-0.67753693170752727	0.020520039705308989	-0.65701689200221824
0.996	1.291125337347502	-0.67707750494672114	0.020060612486984854	-0.65701689245973627
0.997	1.2913245000580307	-0.67662345070677354	0.019606557792656413	-0.65701689291411713
0.998	1.2915213833831358	-0.67617476157491652	0.019157868209637944	-0.65701689336527858
0.999	1.2917159881749349	-0.67573143019537096	0.018714536382232416	-0.65701689381313855
1	1.2919083152777349	-0.67529344927048207	0.018276555012862638	-0.65701689425761944
1.0010000000000001	1.2920983655279554	-0.67486081156181943	0.01784391686317631	-0.65701689469864311
1.002	1.2922861397540535	-0.67443350989125972	0.017416614755125584	-0.65701689513613415
1.0030000000000001	1.2924716387764492	-0.67401153714204032	0.016994641572021567	-0.65701689557001874
1.004	1.2926548634074531	-0.67359488625978936	0.016577990259564333	-0.65701689600022506
1.0050000000000001	1.2928358144511951	-0.67318355025353172	0.01616665382684895	-0.65701689642668282
1.006	1.293014492703555	-0.67277752219667164	0.015760625347347935	-0.65701689684932374
1.0070000000000001	1.2931908989520942	-0.67237679522795046	0.015359897959870689	-0.65701689726807977
1.008	1.2933650339759881	-0.67198136255238639	0.014964464869500342	-0.65701689768288607
1.0090000000000001	1.293536898545961	-0.67159121744218786	0.014574319348508492	-0.65701689809367936
1.01	1.2937064934242217	-0.67120635323764466	0.014189454737248239	-0.65701689850039646
1.0110000000000001	1.2938738193644006	-0.6708267633480024	0.013809864445025997	-0.65701689890297643
1.012	1.2940388771114872	-0.67045244125231318	0.013435541950952493	-0.65701689930136065
1.0130000000000001	1.2942016674017709	-0.67008338050026384	0.01306648080477338	-0.65701689969549049
1.014	1.2943621909627805	-0.66971957471299004	0.012702674627679867	-0.65701690008531022
1.0150000000000001	1.2945204485132271	-0.66936101758386335	0.012344117113099774	-0.65701690047076355
1.016	1.294676440762947	-0.66900770287926659	0.011990802027469404	-0.6570169008517972
1.0170000000000001	1.2948301684128456	-0.66865962443934568	0.011642723210986602	-0.6570169012283591
1.018	1.2949816321548437	-0.66831677617874208	0.011299874578345422	-0.65701690160039661
1.0190000000000001	1.2951308326718236	-0.66797915208731373	0.010962250119452717	-0.657016901967861
1.02	1.2952777706375771	-0.66764674623083065	0.010629843900127041	-0.65701690233070364
1.0210000000000001	1.2954224467167548	-0.66731955275165622	0.010302650062780208	-0.65701690268887603
1.022	1.2955648615648152	-0.66699756586941472	0.009980662827081873	-0.65701690304233284
1.0230000000000001	1.2957050158279766	-0.66668077988163654	0.0096638764906074159	-0.65701690339102914
1.024	1.2958429101431694	-0.66636918916438981	0.0093522854294695399	-0.65701690373492028
1.0249999999999999	1.2959785451379888	-0.66606278817289755	0.0090458840989338235	-0.65701690407396374
1.026	1.2961119214306491	-0.66576157144213644	0.0087446670340186067	-0.65701690440811777
1.0269999999999999	1.2962430396299394	-0.66546553358742089	0.0084486288500794718	-0.65701690473734142
1.028	1.2963719003351792	-0.66517466930497393	0.0081577642433786433	-0.65701690506159527
1.0289999999999999	1.2964985041361765	-0.66488897337248076	0.0078720679916395968	-0.65701690538084112
1.03	1.2966228516131857	-0.66460844064962832	0.0075915349545871728	-0.65701690569504112
1.0309999999999999	1.2967449433368663	-0.66433306607863241	0.0073161600744734278	-0.65701690600415896
1.032	1.2968647798682444	-0.66406284468474785	0.0070459383765895727	-0.65701690630815823
1.0329999999999999	1.2969823617586722	-0.66379777157676934	0.0067808649697641971	-0.65701690660700518
1.034	1.297097689549791	-0.66353784194751397	0.0065209350468480717	-0.65701690690066594
1.0349999999999999	1.2972107637734942	-0.66328305107429364	0.0062661438851857806	-0.65701690718910788
1.036	1.2973215849518909	-0.66303339431937358	0.0060164868470744173	-0.65701690747229913
1.0369999999999999	1.2974301535972705	-0.66278886713041796	0.0057719593802096026	-0.65701690775020838
1.038	1.2975364702120686	-0.66254946504092549	0.0055325570181190475	-0.65701690802280643
1.0389999999999999	1.2976405352888336	-0.6623151836706469	0.0052982753805838915	-0.65701690829006298
1.04	1.2977423493101934	-0.66208601872599848	0.0050691101740480441	-0.65701690855195038
1.0409999999999999	1.2978419127488245	-0.66186196600045633	0.0048450571920157417	-0.65701690880844055
1.042	1.2979392260674203	-0.66164302137494524	0.0046261123154375337	-0.65701690905950771
1.0429999999999999	1.298034289718661	-0.66142918081821045	0.0044122715130849059	-0.65701690930512557
1.044	1.2981271041451852	-0.66122044038718197	0.0042035308419137293	-0.65701690954526826
1.0449999999999999	1.29821766977956	-0.66101679622732878	0.0039998864474167523	-0.65701690977991201
1.046	1.2983059870442542	-0.66081824457299876	0.0038013345639652998	-0.65701691000903351
1.0469999999999999	1.2983920563516111	-0.66062478174774919	0.003607871515140376	-0.65701691023260878
1.048	1.2984758781038224	-0.66043640416467031	0.003419493714053352	-0.65701691045061694
1.0489999999999999	1.2985574526929022	-0.66025310832669215	0.0032361976636564021	-0.6570169106630358
1.05	1.2986367805006638	-0.66007489082688797	0.0030579799570428631	-0.65701691086984515
1.0509999999999999	1.298713861898694	-0.65990174834876236	0.0028848372777376791	-0.65701691107102467
1.052	1.2987886972483316	-0.65973367766653324	0.0027167663999780882	-0.65701691126655515
1.0529999999999999	1.2988612869006437	-0.6595706756454025	0.0025537641889846982	-0.65701691145641783
1.054	1.298931631196405	-0.65941273924181854	0.0023958276012231148	-0.65701691164059539
1.0549999999999999	1.2989997304660765	-0.65925986550372617	0.0022429536846562451	-0.65701691181906996
1.056	1.2990655850297852	-0.65911205157081187	0.0020951395789874342	-0.65701691199182444
1.0569999999999999	1.2991291951973045	-0.65896929467473775	0.0019523825158945496	-0.65701691215884317
1.0580000000000001	1.2991905612680354	-0.65883159213936615	0.0018146798192551579	-0.65701691232011095
1.0589999999999999	1.299249683530989	-0.6586989413809754	0.0016820289053629061	-0.65701691247561245
1.0600000000000001	1.2993065622647679	-0.65857133990846939	0.0015544272831352352	-0.65701691262533413
1.0609999999999999	1.2993611977375508	-0.65844878532357443	0.0014318725543125345	-0.65701691276926188
1.0620000000000001	1.2994135902070751	-0.65833127532103186	0.0013143624136488492	-0.65701691290738307
1.0629999999999999	1.299463739920623	-0.65821880768877894	0.001201894649094248	-0.65701691303968468
1.0640000000000001	1.2995116471150052	-0.65811138030812488	0.0010944671419689498	-0.65701691316615596
1.0649999999999999	1.299557312016548	-0.65800899115391354	0.00099207786712930722	-0.65701691328678424
1.0660000000000001	1.2996007348410794	-0.65791163829468591	0.00089472489312573933	-0.65701691340156021
1.0669999999999999	1.2996419157939165	-0.65781931989282605	0.00080240638235270015	-0.65701691351047331
1.0680000000000001	1.2996808550698535	-0.6577320342047045	0.00071512059119076884	-0.65701691361351378
1.069	1.2997175528531502	-0.65764977958081383	0.00063286587014093785	-0.65701691371067295
1.0700000000000001	1.299752009317521	-0.65757255446589269	0.00055564066395117804	-0.65701691380194149
1.071	1.2997842246261251	-0.65750035739904766	0.00048344351173534666	-0.65701691388731231
1.0720000000000001	1.2998141989315566	-0.65743318701386189	0.00041627304708450973	-0.65701691396677742
1.073	1.2998419323758359	-0.65737104203850139	0.00035412799817073685	-0.65701691404033069
1.0740000000000001	1.2998674250904014	-0.65731392129580857	0.00029700718784342962	-0.65701691410796514
1.075	1.2998906771961019	-0.65726182370339337	0.00024490953371823668	-0.65701691416967511
1.0760000000000001	1.2999116888031892	-0.6572147482737144	0.00019783404825860504	-0.65701691422545583
1.077	1.2999304600113124	-0.65717269411415191	0.00015577983885001412	-0.65701691427530184
1.0780000000000001	1.2999469909095118	-0.65713566042707583	0.00011874610786693384	-0.65701691431920894
1.079	1.2999612815762134	-0.65710364650990627	8.6732152732544747e-05	-0.65701691435717369
1.0800000000000001	1.2999733320792248	-0.65707665175516472	5.9737365971253547e-05	-0.65701691438919352
1.081	1.2999831424757318	-0.657054675650519	3.7761235254033857e-05	-0.657016914415265
1.0820000000000001	1.2999907128122943	-0.65703771777882147	2.080334343661767e-05	-0.6570169144353849
1.083	1.2999960431248432	-0.65702577781814375	8.8633685905589464e-06	-0.65701691444955324
1.0840000000000001	1.2999991334386798	-0.65701885554179484	1.9410840271869928e-06	-0.65701691445776766
1.085	1.2999999837684733	-0.65701695081834222	3.6358314463149021e-08	-0.65701691446002775
1.0860000000000001	1.2999985941182597	-0.65702006361162024	3.1491552867501807e-06	-0.65701691445633348
1.087	1.2999949644814428	-0.65702819398073298	1.1279534047500007e-05	-0.65701691444668553
1.0880000000000001	1.2999890948407935	-0.65704134208004894	2.4427648964861211e-05	-0.65701691443108412
1.089	1.2999809851684512	-0.65705950815919101	4.2593749660203872e-05	-0.65701691440953081
1.0900000000000001	1.2999706354259253	-0.65708269256301666	6.5778180989555258e-05	-0.65701691438202714
1.091	1.2999580455640973	-0.65711089573159387	9.3981383017935924e-05	-0.6570169143485759
1.0920000000000001	1.299943215523224	-0.65714411820016683	0.00012720389098658163	-0.6570169143091803
1.093	1.2999261452329407	-0.65718236059911561	0.00016544633527303259	-0.65701691426384257
1.0940000000000001	1.2999068346122653	-0.65722562365391113	0.0002087094413440681	-0.65701691421256703
1.095	1.2998852835696026	-0.65727390818506004	0.00025699402970145866	-0.65701691415535857
1.0960000000000001	1.2998614920027505	-0.65732721510804182	0.00031030101582050693	-0.65701691409222129
1.097	1.2998354597989046	-0.65738554543324268	0.00036863141008134102	-0.65701691402316131
1.0980000000000001	1.2998071868346661	-0.65744890026587721	0.00043198631769292284	-0.65701691394818429
1.099	1.2997766729760483	-0.65751728080590599	0.00050036693860972795	-0.65701691386729622
1.1000000000000001	1.2997439180784838	-0.65759068834794576	0.00057377456744105073	-0.65701691378050475
1.101	1.2997089219868339	-0.65766912428116975	0.00065221059335288285	-0.65701691368781689
1.1020000000000001	1.2996716845353973	-0.65775259008920328	0.00073567649996231178	-0.65701691358924097
1.103	1.2996322055479195	-0.65784108735001057	0.00082417386522437824	-0.65701691348478619
1.1040000000000001	1.2995904848376034	-0.65793461773577189	0.0009177043613113299	-0.65701691337446055
1.105	1.2995465222071203	-0.65803318301275882	0.0010162697544842043	-0.6570169132582746
1.1060000000000001	1.299500317448621	-0.65813678504119477	0.0011198719049566692	-0.65701691313623811
1.107	1.299451870343749	-0.65824542577511291	0.0012285127667510428	-0.65701691300836185
1.1080000000000001	1.2994011806636518	-0.65835910726220437	0.0013421943875464141	-0.65701691287465791
1.109	1.2993482481689966	-0.65847783164365636	0.0014609189085187826	-0.65701691273513763
1.1100000000000001	1.2992930726099827	-0.65860160115398625	0.0015846885641731211	-0.6570169125898131
1.111	1.299235653726357	-0.65873041812086575	0.0017135056821672731	-0.65701691243869842
1.1120000000000001	1.2991759912474294	-0.65886428496493488	0.0018473726831275896	-0.65701691228180725
1.113	1.2991140848920899	-0.65900320419960956	0.0019862920804561944	-0.65701691211915336
1.1140000000000001	1.2990499343688242	-0.659147178430882	0.0021302664801297793	-0.65701691195075218
1.115	1.2989835393757323	-0.65929621035710906	0.0022792985804898176	-0.65701691177661925
1.1160000000000001	1.298914899600546	-0.65945030276879446	0.0024333911720240725	-0.65701691159677034
1.117	1.2988440147206486	-0.65960945854836184	0.0025925471371392897	-0.65701691141122254
1.1180000000000001	1.2987708844030941	-0.65977368066991826	0.0027567694499249428	-0.65701691121999328
1.119	1.2986955083046277	-0.65994297219900866	0.0029260611759079052	-0.65701691102310078
1.1200000000000001	1.2986178860717068	-0.66011733629236169	0.0031004254717979115	-0.65701691082056379
1.121	1.2985380173405237	-0.66029677619762561	0.0032798655852236689	-0.65701691061240197
1.1220000000000001	1.2984559017370265	-0.66048129525309474	0.0034643848544594837	-0.6570169103986353
1.123	1.2983715388769443	-0.66067089688742708	0.0036539867081422329	-0.65701691017928487
1.1240000000000001	1.29828492836581	-0.66086558461935008	0.0038486746649785538	-0.65701690995437156
1.125	1.2981960697989852	-0.66106536205736066	0.0040484523334420684	-0.65701690972391857
1.1260000000000001	1.2981049627616865	-0.66127023289940901	0.0042533234114604983	-0.65701690948794855
1.127	1.2980116068290111	-0.66148020093257798	0.0044632916860924843	-0.65701690924648548
1.1280000000000001	1.2979160015659643	-0.66169527003274731	0.0046783610331939474	-0.65701690899955334
1.129	1.2978181465274876	-0.66191544416425196	0.0048985354170738059	-0.65701690874717811
1.1300000000000001	1.2977180412584868	-0.66214072737952501	0.0051238188901388711	-0.6570169084893861
1.131	1.2976156852938623	-0.66237112381873087	0.0053542155925277168	-0.65701690822620318
1.1320000000000001	1.2975110781585386	-0.66260663770939121	0.0055897297517333456	-0.65701690795765788
1.133	1.2974042193674962	-0.66284727336599314	0.0058303656822144296	-0.65701690768377874
1.1340000000000001	1.2972951084258033	-0.66309303518958962	0.0060761277849949386	-0.65701690740459473
1.135	1.2971837448286487	-0.6633439276673887	0.0063270205472519348	-0.65701690712013672
1.1360000000000001	1.2970701280613757	-0.6635999553723263	0.0065830485418913029	-0.65701690683043501
1.137	1.2969542575995159	-0.66386112296263367	0.006844216427111212	-0.65701690653552247
1.1380000000000001	1.2968361329088258	-0.66412743518138462	0.0071105289459530759	-0.65701690623543152
1.139	1.2967157534453224	-0.66439889685603626	0.007381990925839751	-0.65701690593019646
1.1400000000000001	1.2965931186553206	-0.6646755128979529	0.0076586072781007677	-0.65701690561985215
1.141	1.2964682279754718	-0.66495728830191803	0.0079403829974843132	-0.65701690530443368
1.1420000000000001	1.2963410808328022	-0.66524422814563422	0.0082273231616557252	-0.65701690498397847
1.143	1.2962116766447536	-0.66553633758920683	0.0085194329306822435	-0.65701690465852458
1.1440000000000001	1.2960800148192242	-0.66583362187461392	0.0088167175465037311	-0.65701690432811022
1.145	1.2959460947546102	-0.66613608632516463	0.0091191823323891127	-0.65701690399277557
1.1460000000000001	1.2958099158398495	-0.66644373634493936	0.0094268326923782203	-0.65701690365256116
1.147	1.2956714774544649	-0.66675657741821825	0.0097396741107087948	-0.6570169033075095
1.1480000000000001	1.2955307789686095	-0.6670746151088911	0.010057712151228318	-0.6570169029576628
1.149	1.2953878197431123	-0.66739785505985627	0.010380952456790389	-0.65701690260306589
1.1500000000000001	1.2952425991295258	-0.66772630299239999	0.010709400748635337	-0.65701690224376463
1.151	1.2950951164701734	-0.66805996470556006	0.011043062825754726	-0.65701690187980533
1.1520000000000001	1.2949453710981995	-0.6683988460754744	0.01138194456423949	-0.65701690151123493
1.153	1.2947933623376187	-0.66874295305471476	0.011726051916611285	-0.65701690113810352
1.1539999999999999	1.2946390895033675	-0.66909229167159723	0.012075390911136795	-0.65701690076046049
1.155	1.2944825519013572	-0.66944686802948217	0.012429967651124601	-0.65701690037835758
1.1559999999999999	1.2943237488285269	-0.66980668830605228	0.012789788314204263	-0.65701689999184798
1.157	1.2941626795728984	-0.67017175875257318	0.013154859151587281	-0.65701689960098586
1.1579999999999999	1.2939993434136328	-0.67054208569313578	0.013525186487309515	-0.65701689920582629
1.159	1.2938337396210859	-0.6709176755238816	0.013900776717454747	-0.65701689880642689
1.1599999999999999	1.2936658674568686	-0.67129853471220424	0.014281636309358943	-0.65701689840284527
1.161	1.2934957261739053	-0.67168466979593611	0.01466777180079485	-0.65701689799514129
1.1619999999999999	1.2933233150164944	-0.67207608738251257	0.015059189799136506	-0.65701689758337611
1.163	1.293148633220371	-0.67247279414811634	0.015455896980503285	-0.65701689716761302
1.1639999999999999	1.2929716800127702	-0.67287479683679852	0.015857900088882999	-0.65701689674791552
1.165	1.2927924546124914	-0.67328210225958318	0.016265205935233687	-0.65701689632434945
1.1659999999999999	1.2926109562299644	-0.6736947172935458	0.016677821396563586	-0.6570168958969822
1.167	1.2924271840673165	-0.67411264888087252	0.017095753414988899	-0.6570168954658836
1.1679999999999999	1.2922411373184417	-0.67453590402789254	0.017519008996768864	-0.6570168950311237
1.169	1.2920528151690702	-0.67496448980409307	0.017947595211317651	-0.65701689459277546
1.1699999999999999	1.2918622167968405	-0.67539841334110484	0.018381519190192611	-0.65701689415091225
1.171	1.2916693413713716	-0.6758376818316687	0.018820788126058426	-0.65701689370561023
1.1719999999999999	1.2914741880543374	-0.67628230252857457	0.019265409271626607	-0.65701689325694801
1.173	1.2912767559995437	-0.67673228274357422	0.01971538993856984	-0.65701689280500442
1.1739999999999999	1.2910770443530042	-0.67718762984627134	0.020170737496410712	-0.6570168923498606
1.175	1.2908750522530199	-0.67764835126298417	0.020631459371384202	-0.65701689189159995
1.1759999999999999	1.2906707788302596	-0.67811445447558161	0.021097563045273465	-0.65701689143030817
1.177	1.2904642232078416	-0.67858594702029118	0.02156905605421832	-0.65701689096607285
1.1779999999999999	1.290255384501418	-0.67906283648647869	0.022045945987495878	-0.65701689049898282
1.179	1.2900442618192591	-0.67954513051540322	0.022528240486272756	-0.65701689002913044
1.1799999999999999	1.2898308542623416	-0.68003283679893645	0.023015947242328257	-0.6570168895566082
1.181	1.2896151609244353	-0.68052596307826041	0.02350907399674795	-0.65701688908151246
1.1819999999999999	1.2893971808921951	-0.68102451714252887	0.024007628538587001	-0.65701688860394192
1.1830000000000001	1.2891769132452526	-0.68152850682749866	0.024511618703502637	-0.65701688812399606
1.1839999999999999	1.2889543570563098	-0.6820379400141322	0.025021052372355166	-0.65701688764177701
1.1850000000000001	1.2887295113912345	-0.68255282462716715	0.025535937469776778	-0.65701688715739037
1.1859999999999999	1.2885023753091582	-0.68307316863365108	0.026056281962707616	-0.65701688667094349
1.1870000000000001	1.2882729478625754	-0.6835989800414447	0.02658209385889829	-0.65701688618254639
1.1879999999999999	1.2880412280974447	-0.6841302668976893	0.027113381205378241	-0.65701688569231109
1.1890000000000001	1.287807215053292	-0.68466703728724188	0.027650152086889247	-0.65701688520035262
1.1899999999999999	1.2875709077633157	-0.68520929933107255	0.028192414624283294	-0.65701688470678921
1.1910000000000001	1.287332305254494	-0.68575706118462443	0.028740176972884123	-0.65701688421174032
1.1919999999999999	1.2870914065476935	-0.68631033103614114	0.02929344732081169	-0.6570168837153294
1.1930000000000001	1.286848210657781	-0.68686911710495091	0.029852233887268789	-0.65701688321768215
1.194	1.2866027165937368	-0.68743342763971516	0.030416544920789053	-0.65701688271892611
1.1950000000000001	1.2863549233587694	-0.68800327091663971	0.030986388697445535	-0.65701688221919419
1.196	1.2861048299504338	-0.68857865523763939	0.031561773519019072	-0.65701688171862027
1.1970000000000001	1.2858524353607514	-0.68915958892846763	0.032142707711125561	-0.65701688121734203
1.198	1.2855977385763315	-0.68974608033680163	0.032729199621301414	-0.65701688071550024
1.1990000000000001	1.2853407385784961	-0.69033813783028475	0.03332125761704624	-0.65701688021323856
1.2	1.2850814343434063	-0.69093576979452553	0.033918890083821818	-0.65701687971070366
1.2010000000000001	1.2848198248421916	-0.6915389846310529	0.03452210542300671	-0.65701687920804619
1.202	1.284555909041081	-0.69214779075522492	0.035130912049805355	-0.65701687870541958
1.2030000000000001	1.2842896859015369	-0.69276219659409144	0.035745318391110795	-0.6570168782029806
1.204	1.2840211543803919	-0.69338221058421023	0.03636533288332023	-0.65701687770089001
1.2050000000000001	1.2837503134299864	-0.69400784116941461	0.036990963970102153	-0.65701687719931245
1.206	1.2834771619983121	-0.69463909679852887	0.037622220100114401	-0.65701687669841446
1.2070000000000001	1.2832016990291539	-0.69527598592304041	0.038259109724671836	-0.65701687619836857
1.208	1.282923923462238	-0.69591851699471263	0.038901641295362922	-0.65701687569934974
1.2090000000000001	1.282643834233381	-0.69656669846315056	0.03954982326161386	-0.65701687520153673
1.21	1.2823614302746413	-0.69722053877331258	0.040203664068199474	-0.65701687470511305
1.2110000000000001	1.282076710514475	-0.69788004636296563	0.040863172152699585	-0.657016874210266
1.212	1.2817896738778938	-0.69854522966008581	0.041528355942899921	-0.65701687371718587
1.2130000000000001	1.2815003192866243	-0.69921609708020527	0.042199223854136367	-0.65701687322606894
1.214	1.2812086456592735	-0.6998926570236953	0.042875784286581349	-0.65701687273711395
1.2150000000000001	1.2809146519114936	-0.70057491787299697	0.043558045622471321	-0.65701687225052563
1.216	1.280618336956153	-0.70126288798978642	0.044246016223274134	-0.65701687176651224
1.2170000000000001	1.2803196997035087	-0.70195657571208159	0.044939704426794985	-0.65701687128528663
1.218	1.2800187390613817	-0.70265598935128626	0.045639118544219807	-0.6570168708070665
1.2190000000000001	1.2797154539353368	-0.70336113718916971	0.046344266857094821	-0.6570168703320749
1.22	1.2794098432288645	-0.70407202747477915	0.047055157614240971	-0.6570168698605382
1.2210000000000001	1.2791019058435673	-0.70478866842129095	0.047771799028601958	-0.657016869392689
1.222	1.278791640679348	-0.70551106820278853	0.048494199274024472	-0.6570168689287641
1.2230000000000001	1.2784790466346025	-0.70623923495097563	0.049222366481969392	-0.6570168684690062
1.224	1.2781641226064164	-0.70697317675181504	0.049956308738152488	-0.65701686801366255
1.2250000000000001	1.2778468674907635	-0.7077129016420991	0.050696034079113203	-0.65701686756298594
1.226	1.2775272801827096	-0.70845841760594497	0.051441550488710207	-0.65701686711723473
1.2270000000000001	1.2772053595766191	-0.70920973257121545	0.052192865894542112	-0.65701686667667336
1.228	1.2768811045663664	-0.70996685440586194	0.052949988164292021	-0.65701686624156996
1.2290000000000001	1.2765545140455488	-0.71072979091419497	0.053712925101994269	-0.65701686581220065
1.23	1.2762255869077059	-0.71149854983306848	0.054481684444221912	-0.65701686538884663
1.2310000000000001	1.2758943220465413	-0.71227313882798793	0.055256273856193319	-0.65701686497179457
1.232	1.275560718356149	-0.71305356548913501	0.056036700927796342	-0.65701686456133868
1.2330000000000001	1.2752247747312437	-0.71383983732730605	0.056822973169528446	-0.6570168641577776
1.234	1.2748864900673951	-0.71463196176976884	0.057615098008351094	-0.65701686376141777
1.2350000000000001	1.2745458632612663	-0.71542994615602862	0.058413082783456638	-0.65701686337257192
1.236	1.2742028932108578	-0.71623379773350404	0.059216934741946288	-0.6570168629915577
1.2370000000000001	1.2738575788157531	-0.7170435236531193	0.060026661034416971	-0.65701686261870229
1.238	1.273509918977372	-0.71785913096479392	0.060842268710455789	-0.65701686225433809
1.2390000000000001	1.2731599125992257	-0.71868062661284482	0.061663764714039837	-0.65701686189880504
1.24	1.2728075585871788	-0.71950801743128867	0.062491155878839834	-0.65701686155244887
1.2410000000000001	1.2724528558497137	-0.72034131013905045	0.063324448923425578	-0.65701686121562486
1.242	1.2720958032982015	-0.72118051133506567	0.064163650446371304	-0.65701686088869438
1.2430000000000001	1.2717363998471769	-0.72202562749328614	0.065008766921259023	-0.65701686057202713
1.244	1.2713746444146188	-0.72287666495757763	0.065859804691577942	-0.6570168602659997
1.2450000000000001	1.2710105359222346	-0.7237336299365148	0.066716769965517841	-0.6570168599709969
1.246	1.2706440732957507	-0.72459652849806644	0.067579668810654317	-0.65701685968741208
1.2470000000000001	1.2702752554652079	-0.7254653665641706	0.068448507148524115	-0.65701685941564647
1.248	1.269904081365262	-0.72634014990519735	0.069323290749087996	-0.65701685915610941
1.2490000000000001	1.2695305499354896	-0.72722088413429864	0.070204025225079361	-0.65701685890921924
1.25	1.2691546601207	-0.72810757470163856	0.071090716026236137	-0.65701685867540238
1.2510000000000001	1.2687764108712516	-0.72900022688850841	0.071983368433413991	-0.65701685845509439
1.252	1.2683958011433747	-0.72989884580131914	0.072881987552578381	-0.65701685824874079
1.2530000000000001	1.2680128298995004	-0.7308034363654683	0.073786578308673162	-0.65701685805679511
1.254	1.267627496108594	-0.73171400331908443	0.074697145439363427	-0.65701685787972097
1.2550000000000001	1.2672397987464961	-0.73263055120664178	0.07561369348865038	-0.65701685771799134
1.256	1.2668497367962681	-0.73355308437244449	0.076536226800355392	-0.65701685757208905
1.2570000000000001	1.2664573092485454	-0.73448160695397724	0.077464749511471198	-0.65701685744250604
1.258	1.2660625151018949	-0.73541612287512326	0.078399265545377447	-0.6570168573297458
1.2590000000000001	1.2656653533631812	-0.73635663583923916	0.079339778604918171	-0.65701685723432102
1.26	1.2652658230479374	-0.73730314932209395	0.080286292165338488	-0.65701685715675551
1.2610000000000001	1.2648639231807433	-0.73825566656466268	0.081238809467078094	-0.65701685709758462
1.262	1.2644596527956107	-0.73921419056577131	0.082197333508418569	-0.65701685705735269
1.2630000000000001	1.2640530109363743	-0.74017872407459917	0.083161867037981965	-0.65701685703661716
1.264	1.2636439966570916	-0.74114926958302285	0.084132412547077942	-0.65701685703594492
1.2650000000000001	1.2632326090224466	-0.74212582931781235	0.085108972261896385	-0.65701685705591595
1.266	1.2628188471081643	-0.74310840523266464	0.086091548135542886	-0.65701685709712176
1.2670000000000001	1.2624027100014299	-0.74409699900008031	0.087080141839914166	-0.65701685716016611
1.268	1.2619841968013175	-0.74509161200307383	0.088074754757410237	-0.65701685724566361
1.2690000000000001	1.2615633066192236	-0.74609224532672358	0.089075387972480574	-0.65701685735424298
1.27	1.2611400385793117	-0.74709889974954513	0.09008204226300108	-0.65701685748654404
1.2710000000000001	1.2607143918189614	-0.74811157573470077	0.09109471809147883	-0.65701685764322193
1.272	1.2602863654892285	-0.7491302734210239	0.092113415596081369	-0.65701685782494257
1.2730000000000001	1.2598559587553106	-0.75015499261387375	0.093138134581487453	-0.6570168580323863
1.274	1.2594231707970227	-0.75118573277580358	0.094168874509555828	-0.65701685826624778
1.2750000000000001	1.2589880008092806	-0.75222249301704314	0.095205634489808968	-0.65701685852723413
1.276	1.2585504480025924	-0.75326527208579619	0.096248413269728272	-0.65701685881606786
1.2770000000000001	1.2581105116035591	-0.75431406835834314	0.097297209224857253	-0.65701685913348584
1.278	1.2576681908553846	-0.75536887982894929	0.09835202034870949	-0.6570168594802398
1.2790000000000001	1.2572234850183939	-0.75642970409957266	0.099412844242477705	-0.6570168598570949
1.28	1.25677639337056	-0.7574965383693737	0.10047967810454027	-0.65701686026483341
1.2809999999999999	1.256326915208041	-0.75856937942401492	0.10155251871976187	-0.65701686070425303
1.282	1.255875049845727	-0.7596482236247506	0.10263136244858441	-0.6570168611761662
1.2829999999999999	1.2554207966177953	-0.76073306689730624	0.10371620521590436	-0.65701686168140183
1.284	1.254964154878276	-0.76182390472053951	0.10480704249973329	-0.65701686222080624
1.2849999999999999	1.2545051240016283	-0.76292073211487765	0.10590386931963702	-0.65701686279524063
1.286	1.2540437033833254	-0.76402354363053493	0.10700668022495025	-0.65701686340558463
1.2869999999999999	1.2535798924404506	-0.76513233333549691	0.10811546928276203	-0.65701686405273485
1.288	1.2531136906123044	-0.76624709480327502	0.10923023006566887	-0.65701686473760612
1.2889999999999999	1.2526450973610213	-0.76736782110042023	0.11035095563929077	-0.65701686546112947
1.29	1.2521741121721972	-0.76849450477380232	0.11147763854954647	-0.65701686622425581
1.2909999999999999	1.2517007345555293	-0.76962713783763781	0.11261027080968361	-0.65701686702795414
1.292	1.2512249640454658	-0.7707657117602722	0.11374884388705973	-0.65701686787321245
1.2929999999999999	1.2507468002018673	-0.77191021745070687	0.1148933486896698	-0.65701686876103704
1.294	1.2502662426106803	-0.77306064524487061	0.11604377555241589	-0.65701686969245476
1.2949999999999999	1.2497832908846216	-0.77421698489162738	0.11720011422311478	-0.65701687066851255
1.296	1.2492979446638761	-0.77537922553851635	0.11836235384823898	-0.65701687169027734
1.2969999999999999	1.2488102036168054	-0.77654735571722244	0.11953048295838688	-0.65701687275883558
1.298	1.2483200674406689	-0.77772136332877406	0.12070448945347712	-0.65701687387529695
1.2989999999999999	1.2478275358623592	-0.77890123562845304	0.12188436058766315	-0.65701687504078987
1.3	1.2473326086391479	-0.7800869592104287	0.12307008295396293	-0.65701687625646576
1.3009999999999999	1.246835285559446	-0.78127851999209708	0.12426164246859929	-0.6570168775234978
1.302	1.2463355664435771	-0.78247590319812899	0.12545902435504613	-0.6570168788430828
1.3029999999999999	1.2458334511445648	-0.78367909334421459	0.12666221312777587	-0.65701688021643867
1.304	1.2453289395489322	-0.7848880742205111	0.12787119257570315	-0.65701688164480798
1.3049999999999999	1.2448220315775176	-0.78610282887477445	0.12908594574531984	-0.65701688312945461
1.306	1.2443127271863019	-0.78732333959518508	0.13030645492351681	-0.6570168846716683
1.3069999999999999	1.2438010263672528	-0.78854958789285001	0.13153270162008712	-0.65701688627276289
1.3080000000000001	1.2432869291491813	-0.78978155448398246	0.13276466654990568	-0.65701688793407675
1.3089999999999999	1.242770435598616	-0.79101921927175356	0.13400232961478037	-0.65701688965697325
1.3100000000000001	1.2422515458206898	-0.79226256132781092	0.13524566988497	-0.65701689144284092
1.3109999999999999	1.2417302599600433	-0.7935115588734587	0.13649466558036272	-0.65701689329309598
1.3120000000000001	1.2412065782017447	-0.79476618926049003	0.13774929405131126	-0.65701689520917883
1.3129999999999999	1.2406805007722241	-0.79602642895167541	0.13900953175911837	-0.65701689719255707
1.3140000000000001	1.2401520279402243	-0.79729225350089528	0.14027535425616855	-0.65701689924472673
1.3149999999999999	1.2396211600177691	-0.79856363753290949	0.14154673616569913	-0.65701690136721036
1.3160000000000001	1.2390878973611479	-0.79984055472276649	0.14282365116120724	-0.65701690356155928
1.3169999999999999	1.2385522403719167	-0.80112297777483876	0.14410607194548583	-0.6570169058293529
1.3180000000000001	1.2380141894979171	-0.80241087840148406	0.14539397022928399	-0.65701690817220004
1.319	1.2374737452343132	-0.80370422730132429	0.1466873167095861	-0.65701691059173817
1.3200000000000001	1.2369309081246458	-0.80500299413713905	0.1479860810475043	-0.65701691308963472
1.321	1.2363856787619045	-0.80630714751336696	0.14929023184577894	-0.65701691566758802
1.3220000000000001	1.23583805778962	-0.80761665495320734	0.15059973662588136	-0.657016918327326
1.323	1.2352880459029727	-0.8089314828753229	0.15191456180471336	-0.65701692107060961
1.3240000000000001	1.2347356438499233	-0.81025159657012691	0.15323467267089849	-0.65701692389922839
1.325	1.2341808524323601	-0.81157696017566661	0.15456003336065902	-0.65701692681500756
1.3260000000000001	1.2336236725072685	-0.81290753665307491	0.15589060683327291	-0.65701692981980198
1.327	1.2330641049879187	-0.81424328776160704	0.15722635484610628	-0.65701693291550078
1.3280000000000001	1.2325021508450751	-0.81558417403324079	0.15856723792921462	-0.65701693610402612
1.329	1.2319378111082258	-0.81693015474684239	0.15991321535950798	-0.65701693938733441
1.3300000000000001	1.2313710868668333	-0.81828118790189031	0.16126424513447443	-0.65701694276741585
1.331	1.2308019792716074	-0.81963723019175228	0.16262028394545627	-0.65701694624629603
1.3320000000000001	1.2302304895357985	-0.82099823697650898	0.16398128715047353	-0.65701694982603542
1.333	1.2296566189365146	-0.82236416225532005	0.16534720874658942	-0.65701695350873068
1.3340000000000001	1.2290803688160594	-0.82373495863832635	0.16671800134181211	-0.65701695729651421
1.335	1.2285017405832952	-0.82511057731808224	0.16809361612652754	-0.65701696119155473
1.3360000000000001	1.2279207357150261	-0.82649096804051703	0.16947400284445813	-0.6570169651960589
1.337	1.2273373557574083	-0.82787607907541227	0.17085910976314192	-0.65701696931227038
1.3380000000000001	1.2267516023273817	-0.82926585718639823	0.17224888364392679	-0.65701697354247146
1.339	1.2261634771141274	-0.83066024760045587	0.17364326971147478	-0.65701697788898106
1.3400000000000001	1.2255729818805494	-0.83205919397693162	0.17504221162277153	-0.65701698235416006
1.341	1.2249801184647815	-0.8334626383760424	0.17644565143563565	-0.65701698694040678
1.3420000000000001	1.2243848887817204	-0.8348705212268821	0.17785352957672296	-0.65701699165015914
1.343	1.223787294824584	-0.83628278129491695	0.17926578480902106	-0.65701699648589584
1.3440000000000001	1.2231873386664969	-0.83769935564896514	0.18068235419882947	-0.65701700145013564
1.345	1.2225850224621011	-0.83912017962766017	0.18210317308222049	-0.65701700654543971
1.3460000000000001	1.2219803484491969	-0.84054518680538615	0.18352817503097663	-0.65701701177440952
1.347	1.2213733189504086	-0.84197430895768843	0.18495729181799989	-0.65701701713968852
1.3480000000000001	1.2207639363748799	-0.84340747602615207	0.18639045338218904	-0.657017022643963
1.349	1.2201522032199974	-0.84484461608274186	0.18782758779278061	-0.65701702828996122
1.3500000000000001	1.2195381220731432	-0.84628565529360533	0.18926862121315	-0.65701703408045531
1.351	1.2189216956134767	-0.84773051788232889	0.19071347786406836	-0.65701704001826056
1.3520000000000001	1.2183029266137471	-0.84917912609264845	0.19216207998641271	-0.65701704610623568
1.353	1.2176818179421351	-0.85063140015060901	0.1936143478033252	-0.6570170523472838
1.3540000000000001	1.2170583725641269	-0.85208725822617093	0.19507019948181867	-0.65701705874435223
1.355	1.2164325935444171	-0.85354661639425977	0.19652955109382581	-0.65701706530043391
1.3560000000000001	1.2158044840488471	-0.85500938859525566	0.19799231657668925	-0.65701707201856641
1.357	1.2151740473463721	-0.85647548659492256	0.19945840769309023	-0.65701707890183236
1.3580000000000001	1.2145412868110634	-0.85794481994377358	0.20092773399041364	-0.65701708595335995
1.359	1.2139062059241419	-0.85941729593587257	0.2024002027595482	-0.6570170931763244
1.3600000000000001	1.2132688082760477	-0.86089281956706487	0.20387571899311971	-0.65701710057394513
1.361	1.2126290975685414	-0.86237129349264707	0.20535418534315666	-0.65701710814949044
1.3620000000000001	1.2119870776168429	-0.86385261798446078	0.20683550207818752	-0.65701711590627321
1.363	1.211342752351803	-0.86533669088742249	0.20831956703976906	-0.65701712384765343
1.3640000000000001	1.2106961258221123	-0.86682340757548371	0.20980627559844625	-0.65701713197703748
1.365	1.2100472021965456	-0.86831266090702308	0.21129552060914328	-0.65701714029787983
1.3660000000000001	1.209395985766244	-0.8698043411796692	0.21278719236598781	-0.65701714881368134
1.367	1.2087424809470337	-0.87129833608455853	0.21428117855656892	-0.65701715752798961
1.3680000000000001	1.2080866922817828	-0.87279453066003065	0.21577736421563065	-0.6570171664444
1.369	1.207428624442797	-0.87429280724475833	0.21727563167820418	-0.65701717556655415
1.3700000000000001	1.2067682822342536	-0.87579304543032244	0.21877586053218098	-0.65701718489814143
1.371	1.2061056705946762	-0.87729512201322768	0.22027792757033032	-0.6570171944428973
1.3720000000000001	1.2054407945994479	-0.87879891094637008	0.22178170674176553	-0.65701720420460452
1.373	1.2047736594633662	-0.88030428328995702	0.22328706910286386	-0.65701721418709313
1.3740000000000001	1.2041042705432399	-0.88181110716188305	0.22479388276764492	-0.65701722439423815
1.375	1.2034326333405256	-0.88331924768757553	0.22630201285761353	-0.65701723482996199
1.3760000000000001	1.202758753504009	-0.88482856694930678	0.22781132145107463	-0.65701724549823215
1.377	1.202082636832527	-0.88633892393498881	0.22932166753192681	-0.65701725640306197
1.3780000000000001	1.2014042892777352	-0.88785017448645243	0.23083290693794339	-0.65701726754850909
1.379	1.2007237169469183	-0.88936217124722594	0.23234489230854971	-0.65701727893867623
1.3800000000000001	1.2000409261058447	-0.89087476360981843	0.23385747303210716	-0.6570172905777113
1.381	1.1993559231816684	-0.89238779766251797	0.23537049519271425	-0.65701730246980372
1.3820000000000001	1.1986687147658748	-0.89390111613572443	0.23688380151653687	-0.65701731461918755
1.383	1.197979307617274	-0.89541455834781836	0.23839723131768087	-0.65701732703013749
1.3840000000000001	1.1972877086650404	-0.8969279601505894	0.2399106204436198	-0.65701733970696963
1.385	1.1965939250118005	-0.89844115387423495	0.24142380122019372	-0.65701735265404126
1.3860000000000001	1.1958979639367679	-0.89995396827194396	0.24293660239619466	-0.65701736587574933
1.387	1.1951998328989295	-0.90146622846408442	0.24444884908755615	-0.65701737937652827
1.3880000000000001	1.1944995395402773	-0.90297775588201601	0.24596036272116434	-0.65701739316085161
1.389	1.1937970916890945	-0.90448836821153855	0.24747096097831173	-0.65701740723322688
1.3900000000000001	1.1930924973632882	-0.90599787933601128	0.24898045773781322	-0.65701742159819809
1.391	1.1923857647737759	-0.90750609927915016	0.25048866301880762	-0.65701743626034248
1.3920000000000001	1.191676902327923	-0.90901283414753697	0.25199538292326795	-0.65701745122426902
1.393	1.1909659186330319	-0.91051788607286266	0.25350041957824554	-0.65701746649461712
1.3940000000000001	1.1902528224998847	-0.91202105315393156	0.25500357107787519	-0.65701748207605637
1.395	1.1895376229463399	-0.9135221293984519	0.25650463142516955	-0.65701749797328235
1.3960000000000001	1.1888203292009818	-0.91502090466464769	0.25800339047363219	-0.65701751419101551
1.397	1.1881009507068261	-0.91651716460272148	0.25949963386872171	-0.65701753073399982
1.3980000000000001	1.1873794971250793	-0.91801069059620011	0.26099314298920001	-0.65701754760700015
1.399	1.1866559783389543	-0.91950125970320062	0.26248369488840001	-0.65701756481480067
1.4000000000000001	1.1859304044575432	-0.92098864459765117	0.26397106223545025	-0.65701758236220087
1.401	1.1852027858197456	-0.92247261351051135	0.26545501325649529	-0.65701760025401601
1.4020000000000001	1.1844731329982561	-0.92395293017102309	0.2669353116759533	-0.65701761849506979
1.403	1.1837414568036073	-0.92542935374804969	0.26841171665785435	-0.65701763709019534
1.4040000000000001	1.1830077682882734	-0.9269016387915362	0.26988398274730468	-0.65701765604423157
1.405	1.1822720787508318	-0.92836953517414422	0.27135185981212506	-0.65701767536201916
1.4060000000000001	1.1815343997401846	-0.92983278803311109	0.27281509298471318	-0.65701769504839791
1.407	1.18079474305984	-0.93129113771238514	0.27427342260418308	-0.65701771510820206
1.4079999999999999	1.180053120772254	-0.93274431970509419	0.27572658415883627	-0.65701773554625786
1.409	1.1793095452032327	-0.93419206459640336	0.27717430822902311	-0.65701775636738025
1.4099999999999999	1.1785640289463974	-0.93563409800682051	0.27861632043045353	-0.65701777757636703
1.411	1.17781658486771	-0.93707014053601778	0.28005234135802215	-0.65701779917799563
1.4119999999999999	1.1770672261100612	-0.93849990770723057	0.28148208653021173	-0.65701782117701879
1.413	1.1763159660979217	-0.93992310991230599	0.28290526633414625	-0.65701784357815973
1.4139999999999999	1.1755628185420557	-0.94133945235747096	0.28432158597136331	-0.65701786638610771
1.415	1.174807797444299	-0.94274863500989525	0.28573074540438337	-0.65701788960551188
1.4159999999999999	1.1740509171023994	-0.94415035254512947	0.28713243930415216	-0.65701791324097725
1.417	1.1732921921149229	-0.9455442942954978	0.28852635699843943	-0.65701793729705837
1.4179999999999999	1.172531637386222	-0.94693014419953225	0.28991218242127859	-0.65701796177825367
1.419	1.1717692681314715	-0.94830758075253474	0.29128959406353577	-0.65701798668899891
1.4199999999999999	1.1710050998817667	-0.94967627695836343	0.29265826492470121	-0.65701801203366217
1.421	1.1702391484892876	-0.95103590028253426	0.29401786246599787	-0.65701803781653645
1.4219999999999999	1.1694714301325286	-0.95238611260674222	0.2953680485649085	-0.65701806404183372
1.423	1.1687019613215948	-0.95372657018489881	0.29670847947122359	-0.65701809071367523
1.4239999999999999	1.1679307589035608	-0.95505692360080596	0.29803880576471803	-0.65701811783608788
1.425	1.1671578400678981	-0.95637681772756411	0.29935867231456964	-0.65701814541299441
1.4259999999999999	1.1663832223519677	-0.95768589168883844	0.30066771824063387	-0.65701817344820457
1.427	1.1656069236465767	-0.95898377882210439	0.30196557687669578	-0.65701820194540861
1.4279999999999999	1.1648289622016026	-0.96027010664399293	0.30325187573582474	-0.65701823090816824
1.429	1.1640493566316825	-0.9615444968178668	0.30452623647795946	-0.65701826033990729
1.4299999999999999	1.1632681259219682	-0.9628065651237615	0.3057882748798591	-0.65701829024390235
1.431	1.162485289433945	-0.96405592143083207	0.30703760080755771	-0.65701832062327437
1.4319999999999999	1.1617008669113191	-0.96529216967244247	0.30827381819146604	-0.65701835148097643
1.4330000000000001	1.1609148784859662	-0.96651490782405469	0.30949652500426889	-0.65701838281978575
1.4339999999999999	1.1601273446839471	-0.96772372788406302	0.31070531324177136	-0.65701841464229171
1.4350000000000001	1.1593382864315862	-0.96891821585773796	0.31189976890685223	-0.65701844695088574
1.4359999999999999	1.1585477250616154	-0.9700979517444378	0.31307947199668851	-0.6570184797477493
1.4370000000000001	1.1577556823193793	-0.97126250952826099	0.31424399649341933	-0.6570185130348416
1.4379999999999999	1.156962180369105	-0.9724114571723127	0.31539291035842387	-0.65701854681388883
1.4390000000000001	1.1561672418002324	-0.97354435661676386	0.31652577553039318	-0.65701858108637068
1.4399999999999999	1.1553708896338075	-0.97466076378088762	0.31764214792737994	-0.65701861585350763
1.4410000000000001	1.1545731473289356	-0.97576022856926492	0.31874157745301807	-0.6570186511162468
1.4419999999999999	1.1537740387892939	-0.97684229488235852	0.31982360800710763	-0.65701868687525089
1.4430000000000001	1.1529735883697045	-0.97790650063164752	0.32088777750076775	-0.65701872313087972
1.444	1.1521718208827638	-0.97895237775954469	0.32193361787636438	-0.65701875988318026
1.4450000000000001	1.1513687616055301	-0.97997945226429517	0.32296065513242755	-0.65701879713186762
1.446	1.1505644362862659	-0.98098724423008865	0.32396840935377574	-0.65701883487631285
1.4470000000000001	1.1497588711512352	-0.98197526786260025	0.32495639474707527	-0.65701887311552498
1.448	1.1489520929115544	-0.98294303153019713	0.32592411968206231	-0.65701891184813488
1.4490000000000001	1.1481441287700933	-0.98389003781104789	0.32687108673866744	-0.65701895107238051
1.45	1.1473350064284284	-0.98481578354637112	0.32779679276028412	-0.65701899078608705
1.4510000000000001	1.1465247540938428	-0.98571975990008065	0.32870072891342922	-0.65701903098665149
1.452	1.1457134004863738	-0.98660145242507558	0.32958238075405172	-0.6570190716710238
1.4530000000000001	1.1449009748459054	-0.98746034113643677	0.33044122830074818	-0.65701911283568859
1.454	1.1440875069393031	-0.98829590059179817	0.33127674611515218	-0.65701915447664594
1.4550000000000001	1.1432730270675902	-0.98910759997916131	0.33208840338976864	-0.65701919658939267
1.456	1.1424575660731617	-0.9898949032124329	0.33287566404353058	-0.65701923916890226
1.4570000000000001	1.1416411553470349	-0.99065726903496731	0.33363798682536133	-0.65701928220960593
1.458	1.1408238268361341	-0.99139415113140028	0.33437482542602981	-0.65701932570537047
1.4590000000000001	1.1400056130506058	-0.99210499824807075	0.33508562859859264	-0.65701936964947816
1.46	1.1391865470711615	-0.9927892543223269	0.33576984028772122	-0.65701941403460573
1.4610000000000001	1.1383666625564475	-0.99344635862102004	0.33642689976821716	-0.65701945885280288
1.462	1.1375459937504353	-0.99407574588849412	0.33705624179302429	-0.65701950409546983
1.4630000000000001	1.1367245754898323	-0.99467684650438504	0.33765729675104933	-0.65701954975333576
1.464	1.1359024432115077	-0.99524908665154299	0.33822949083510828	-0.65701959581643465
1.4650000000000001	1.13507963295993	-0.99579188849440314	0.33877224622031843	-0.65701964227408471
1.466	1.1342561813946137	-0.99630467036812465	0.33928498125326162	-0.65701968911486297
1.4670000000000001	1.1334321257975704	-0.99678684697882758	0.33976711065224385	-0.65701973632658373
1.468	1.1326075040807595	-0.99723782961525753	0.34021804571898451	-0.65701978389627302
1.4690000000000001	1.1317823547935364	-0.99765702637221232	0.34063719456206554	-0.65701983181014678
1.47	1.1309567171300914	-0.99804384238606247	0.34102396233247756	-0.65701988005358491
1.4710000000000001	1.1301306309368766	-0.99839768008270635	0.34137775147159816	-0.65701992861110825
1.472	1.1293041367200138	-0.99871793943829446	0.34169796197194047	-0.65701997746635399
1.4730000000000001	1.1284772756526815	-0.99900401825306218	0.34198399165101079	-0.65702002660205139
1.474	1.1276500895824726	-0.99925531243860988	0.34223523643861287	-0.65702007599999701
1.4750000000000001	1.1268226210387187	-0.99947121631896763	0.34245109067793672	-0.65702012564103085
1.476	1.1259949132397757	-0.99965112294578007	0.34263094744076805	-0.65702017550501202
1.4770000000000001	1.1251670101002653	-0.99979442442794697	0.34277419885715293	-0.65702022557079398
1.478	1.1243389562382635	-0.99990051227605015	0.34288023645984878	-0.65702027581620137
1.4790000000000001	1.1235107969824334	-0.99996877776189519	0.34294845154388987	-0.65702032621800532
1.48	1.1226825783790928	-0.9999986122934913	0.34297823554159051	-0.65702037675190073
1.4810000000000001	1.1218543471992124	-0.99998940780578693	0.34296898041330404	-0.6570204273924829
1.482	1.1210261509453345	-0.99994055716747376	0.34292007905424987	-0.65702047811322384
1.4830000000000001	1.1201980378584084	-0.99985145460416458	0.34283092571771268	-0.6570205288864519
1.484	1.1193700569245308	-0.99972149613823769	0.34270091645490941	-0.65702057968332828
1.4850000000000001	1.118542257881588	-0.99955008004563872	0.34252944957181236	-0.65702063047382642
1.486	1.117714691225788	-0.99933660732991436	0.34231592610320205	-0.65702068122671231
1.4870000000000001	1.1168874082180762	-0.99908048221374091	0.34205975030421665	-0.65702073190952426
1.488	1.1160604608904254	-0.99878111264820046	0.3417603301596463	-0.65702078248855411
1.4890000000000001	1.1152339020519924	-0.99843791084004208	0.34141707791121145	-0.65702083292883062
1.49	1.1144077852951286	-0.99805029379714449	0.34102941060304337	-0.65702088319410112
1.4910000000000001	1.113582165001241	-0.99761768389239003	0.3405967506455721	-0.65702093324681798
1.492	1.1127570963464879	-0.99713950944612817	0.34011852639800511	-0.65702098304812306
1.4930000000000001	1.1119326353073029	-0.99661520532739667	0.33959417276956094	-0.65702103255783573
1.494	1.1111088386657364	-0.99604421357404083	0.33902313183959953	-0.65702108173444129
1.4950000000000001	1.1102857640146035	-0.99542598403184979	0.3384048534967678	-0.65702113053508193
1.496	1.1094634697624279	-0.99475997501280133	0.33773879609725266	-0.65702117891554868
1.4970000000000001	1.1086420151381697	-0.99404565397248223	0.33702442714220682	-0.65702122683027542
1.498	1.107821460195727	-0.99328249820671766	0.33626122397438324	-0.65702127423233447
1.4990000000000001	1.1070018658182006	-0.99246999556742033	0.33544867449398424	-0.65702132107343614
1.5	1.1061832937219058	-0.99160764519762346	0.33458627789369533	-0.65702136730392813
1.5010000000000001	1.1053658064601239	-0.9906949582856428	0.33367354541284289	-0.65702141287279991
1.502	1.1045494674265783	-0.98973145883825975	0.33271000111057369	-0.65702145772768605
1.5030000000000001	1.1037343408586218	-0.98871668447279437	0.33169518265791725	-0.65702150181487706
1.504	1.1029204918401243	-0.98765018722787934	0.33062864214855064	-0.65702154507932864
1.5050000000000001	1.1021079863040464	-0.9865315343927179	0.32950994692804114	-0.65702158746467676
1.506	1.1012968910346848	-0.98536030935455066	0.32833868044129594	-0.65702162891325466
1.5070000000000001	1.1004872736695765	-0.98413611246401556	0.32711444309790172	-0.65702166936611384
1.508	1.0996792027010485	-0.98285856191803367	0.32583685315498512	-0.65702170876304855
1.5090000000000001	1.0988727474773952	-0.98152729465979638	0.32450554761717387	-0.65702174704262251
1.51	1.0980679782036746	-0.98014196729538416	0.32312018315318242	-0.65702178414220169
1.5110000000000001	1.0972649659421032	-0.97870225702647895	0.32168043702848909	-0.65702181999798981
1.512	1.0964637826120376	-0.97720786259858206	0.32018600805351427	-0.65702185454506778
1.5130000000000001	1.0956645009895261	-0.97565850526408204	0.31863661754664491	-0.65702188771743719
1.514	1.0948671947064172	-0.9740539297594577	0.317032010311388	-0.65702191944806976
1.5150000000000001	1.0940719382490065	-0.97239390529583081	0.31537195562687081	-0.65702194966895999
1.516	1.093278806956208	-0.97067822656201908	0.31365624825083599	-0.65702197831118303
1.5170000000000001	1.0924878770172335	-0.96890671473916723	0.31188470943420987	-0.65702200530495736
1.518	1.0916992254687645	-0.96707921852596179	0.31005718794625042	-0.65702203057971142
1.5190000000000001	1.0909129301916007	-0.96519561517336605	0.30817356110920741	-0.6570220540641587
1.52	1.0901290699067665	-0.96325581152772433	0.3062337358413505	-0.65702207568637383
1.5210000000000001	1.0893477241710621	-0.96125974508101963	0.30423764970714323	-0.65702209537387635
1.522	1.0885689733720427	-0.95920738502698488	0.30218527197326372	-0.65702211305372116
1.5230000000000001	1.0877928987224068	-0.95709873332167872	0.30007660466908764	-0.65702212865259102
1.524	1.0870195822537794	-0.95493382574707009	0.29791168365017212	-0.65702214209689802
1.5250000000000001	1.0862491068098739	-0.95271273297608206	0.2956905796631914	-0.6570221533128906
1.526	1.0854815560390139	-0.95043556163745646	0.29341339941069305	-0.65702216222676335
1.5270000000000001	1.0847170143860019	-0.94810245537873539	0.29108028661395907	-0.65702216876477637
1.528	1.0839555670833161	-0.94571359592554471	0.288691423072167	-0.65702217285337772
1.5290000000000001	1.08319730014162	-0.9432692041352988	0.28624702971596466	-0.65702217441933408
1.53	1.08244230033957	-0.9407695410433492	0.28374736765348285	-0.65702217338986635
1.5310000000000001	1.0816906552129033	-0.93821490889951531	0.28119273920672494	-0.65702216969279037
1.532	1.0809424530427916	-0.93560565219285263	0.27858348893618801	-0.65702216325666463
1.5330000000000001	1.0801977828434459	-0.9329421586624278	0.27592000465148403	-0.65702215401094377
1.534	1.0794567343489563	-0.93022486029178308	0.27320271840564647	-0.65702214188613661
1.5350000000000001	1.0787193979993523	-0.92745423428469742	0.27043210747072616	-0.65702212681397132
1.536	1.0779858649258713	-0.92463080401976594	0.26760869529219899	-0.65702210872756694
1.5369999999999999	1.0772562269354171	-0.92175513998123559	0.26473305241963002	-0.65702208756160552
1.538	1.0765305764941999	-0.91882786066347721	0.26180579741096327	-0.65702206325251389
1.5389999999999999	1.0758090067105421	-0.91584963344638393	0.25882759770773367	-0.65702203573865026
1.54	1.0750916113168376	-0.91282117543892127	0.25579917047842876	-0.65702200496049246
1.5409999999999999	1.0743784846506539	-0.9097432542879953	0.25272128342716149	-0.6570219708608338
1.542	1.0736697216349647	-0.90661668894973646	0.24959475556475566	-0.65702193338498083
1.5429999999999999	1.0729654177575034	-0.90344235042024268	0.24642045793928863	-0.65702189248095411
1.544	1.0722656690492276	-0.90022116242278116	0.24319931432308498	-0.65702184809969622
1.5449999999999999	1.0715705720618849	-0.89695410204839177	0.23993230185311021	-0.65702180019528156
1.546	1.0708802238446724	-0.89364220034679653	0.23662045162167378	-0.65702174872512276
1.5469999999999999	1.0701947219199823	-0.89028654286450482	0.23326484921431964	-0.65702169365018515
1.548	1.0695141642582287	-0.88688827012696048	0.22986663519175723	-0.65702163493520327
1.5489999999999999	1.0688386492517472	-0.88344857806156285	0.22642700551266845	-0.65702157254889437
1.55	1.0681682756877664	-0.87996871835839574	0.22294721189421823	-0.65702150646417756
1.5509999999999999	1.0675031427204442	-0.87644999876547658	0.21942856210709616	-0.65702143665838042
1.552	1.0668433498419712	-0.87289378331539136	0.21587242020192574	-0.6570213631134656
1.5529999999999999	1.0661889968527358	-0.86930149248013122	0.21228020666389752	-0.65702128581623365
1.554	1.0655401838305547	-0.8656746032510525	0.20865339849251233	-0.6570212047585402
1.5549999999999999	1.0648970110989677	-0.86201464914086046	0.20499352920336045	-0.65702111993750001
1.556	1.0642595791946008	-0.85832322010460471	0.2013021887489147	-0.65702103135569001
1.5569999999999999	1.0636279888336029	-0.85460196237673069	0.19758102335537864	-0.65702093902135206
1.5580000000000001	1.0630023408771592	-0.85085257822128946	0.19383173527270653	-0.65702084294858287
1.5589999999999999	1.0623827362960903	-0.84707682559252095	0.1900560824349993	-0.65702074315752168
1.5600000000000001	1.0617692761345443	-0.84327651770311007	0.18625587802858118	-0.65702063967452884
1.5609999999999999	1.0611620614727943	-0.83945352249753746	0.18243298996517587	-0.65702053253236159
1.5620000000000001	1.0605611933891492	-0.83560976202805648	0.17858934025772757	-0.65702042177032893
1.5629999999999999	1.0599667729209954	-0.83174721173100719	0.17472690429655313	-0.65702030743445405
1.5640000000000001	1.0593789010249803	-0.82786789960126939	0.17084771002366481	-0.65702018957760455
1.5649999999999999	1.0587976785363584	-0.8239739052629016	0.1669538370032726	-0.657020068259629
1.5660000000000001	1.0582232061275154	-0.82006735893413385	0.16304741538665612	-0.65701994354747772
1.5669999999999999	1.0576555842656903	-0.81615044028508388	0.15913062476979148	-0.65701981551529243
1.5680000000000001	1.0570949131699205	-0.81222537718683441	0.1552056929423293	-0.65701968424450508
1.569	1.0565412927672309	-0.80829444435064701	0.15127489452674192	-0.65701954982390509
1.5700000000000001	1.0559948226480933	-0.80435996185639747	0.14734054950669526	-0.65701941234970218
1.571	1.0554556020211832	-0.80042429356950429	0.14340502164395058	-0.65701927192555365
1.5720000000000001	1.0549237296674647	-0.79648984544595924	0.13947071678336379	-0.65701912866259549
1.573	1.0543993038936323	-0.79255906372525997	0.13554008104582452	-0.65701898267943548
1.5740000000000001	1.0538824224849452	-0.78863443301140901	0.13161559890926447	-0.65701883410214457
1.575	1.0533731826574844	-0.78471847424236252	0.1276997911781626	-0.65701868306419997
1.5760000000000001	1.0528716810098759	-0.7808137425487276	0.12379521284228244	-0.65701852970644514
1.577	1.0523780134745118	-0.77692282500268828	0.11990445082569581	-0.65701837417699249
1.5780000000000001	1.0518922752683133	-0.77304833825859998	0.11603012162747407	-0.65701821663112592
1.579	1.0514145608430763	-0.76919292608693324	0.11217486885576312	-0.65701805723117013
1.5800000000000001	1.0509449638354433	-0.7653592568036407	0.10834136065730039	-0.65701789614634032
1.581	1.0504835770165473	-0.76155002059734533	0.10453228704477993	-0.65701773355256543
1.5820000000000001	1.0500304922413746	-0.75776792675711935	0.1007503571248245	-0.65701756963229485
1.583	1.0495858003978951	-0.75401570080394853	0.096998296229678774	-0.65701740457426971
1.5840000000000001	1.0491495913560094	-0.7502960815293731	0.093278842956096619	-0.65701723857327643
1.585	1.0487219539163668	-0.74661181794513132	0.089594746115253143	-0.65701707182987823
1.5860000000000001	1.0483029757591047	-0.74296566614798909	0.085948761597871057	-0.65701690455011807
1.587	1.0478927433925653	-0.73936038610430987	0.082343649159105317	-0.65701673694520457
1.5880000000000001	1.0474913421020444	-0.7357987383592417	0.078782169128082558	-0.65701656923115914
1.589	1.0470988558986314	-0.73228348067580162	0.075267079047337662	-0.65701640162846398
1.5900000000000001	1.0467153674681946	-0.72881736460939228	0.071801130247728953	-0.65701623436166334
1.591	1.0463409581205758	-0.72540313202369999	0.06838706436474358	-0.65701606765895637
1.5920000000000001	1.0459757077390501	-0.72204351155419788	0.06502760980242521	-0.65701590175177271
1.593	1.0456196947301146	-0.71874121502578348	0.061725478151462766	-0.65701573687432069
1.5940000000000001	1.0452729959736644	-0.71549893383138574	0.058483360568273662	-0.65701557326311211
1.595	1.0449356867736215	-0.71231933527867142	0.055303924122192802	-0.65701541115647866
1.5960000000000001	1.0446078408090769	-0.70920505891221186	0.052189808118139912	-0.65701525079407197
1.597	1.04428953008601	-0.70615871281872122	0.04914362040237983	-0.65701509241634137
1.5980000000000001	1.0439808248896467	-0.70318286992321255	0.046167933659212505	-0.65701493626400009
1.599	1.043681793737522	-0.7002800642841116	0.043265281706629008	-0.65701478257748258
1.6000000000000001	1.0433925033333078	-0.69745278739553651	0.040438155799146933	-0.65701463159638962
1.601	1.0431130185214714	-0.69470348450511787	0.037689000946189717	-0.65701448355892811
1.6020000000000001	1.0428434022428248	-0.69203455095583077	0.035020212254500527	-0.6570143387013303
1.603	1.0425837154910287	-0.68944832856046911	0.032434131303179473	-0.6570141972572896
1.6040000000000001	1.0423340172701123	-0.68694710201737275	0.029933042560003162	-0.65701405945736957
1.605	1.0420943645530709	-0.68453309537616125	0.027519169847726233	-0.65701392552843507
1.6060000000000001	1.0418648122415992	-0.68220846856214346	0.025194672869074963	-0.6570137956930685
1.607	1.0416454131270205	-0.67997531396811839	0.022961643799122803	-0.65701367016899559
1.6080000000000001	1.0414362178524699	-0.6778356531221954	0.02082210395368583	-0.65701354916850963
1.609	1.0412372748763878	-0.67579143344021286	0.018778000542292519	-0.65701343289792036
1.6100000000000001	1.0410486304373772	-0.67384452507115089	0.016831203514166563	-0.65701332155698433
1.611	1.0408703285204808	-0.67199671784389281	0.014983502505513306	-0.65701321533837953
1.6120000000000001	1.0407024108249283	-0.67024971832338842	0.013236603896220707	-0.6570131144271677
1.613	1.040544916733402	-0.66860514698416207	0.011592127983873478	-0.65701301900028863
1.6140000000000001	1.0403978832828717	-0.66706453550879985	0.010051606282736054	-0.6570129292260638
1.615	1.0402613451370424	-0.66562932421880561	0.0086164789550856168	-0.65701284526371995
1.6160000000000001	1.0401353345604587	-0.66430085964492269	0.0072880923819724358	-0.65701276726295021
1.617	1.0400198813943071	-0.66308039224362725	0.0060676968801511959	-0.65701269536347606
1.6180000000000001	1.0399150130339545	-0.66196907426621543	0.0049564445715657287	-0.65701262969464969
1.619	1.0398207544082594	-0.66096795778646111	0.0039553874113813772	-0.65701257037507976
1.6200000000000001	1.039737127960688	-0.66007799289243563	0.0030654753801457081	-0.65701251751228995
1.621	1.0396641536322677	-0.65930002604762761	0.0022875548452210757	-0.65701247120240658
1.6220000000000001	1.0396018488464027	-0.65863479862604501	0.0016223670961731825	-0.65701243152987188
1.623	1.0395502284955795	-0.65808294562552261	0.0010705470583203336	-0.65701239856720228
1.6240000000000001	1.0395093049299815	-0.65764499456291947	0.00063262218815033006	-0.65701237237476917
1.625	1.0394790879480331	-0.65732136455441958	0.00030901155379809043	-0.65701235300062144
1.6260000000000001	1.0394595847888879	-0.6571123655835982	0.00010002510324926454	-0.65701234048034896
1.627	1.039450800126873	-0.65701819795935945	5.863122395588299e-06	-0.65701233483696386
1.6280000000000001	1.0394527360679002	-0.65703895196536743	2.6615884518872126e-05	-0.65701233608084852
1.629	1.0394653921478483	-0.65717460770194069	0.00016226349222469913	-0.65701234420971599
1.6300000000000001	1.039488765332919	-0.65742503512090478	0.00041267591228659456	-0.65701235920861822
1.631	1.0395228500219675	-0.65778999425328477	0.00077761320329908419	-0.65701238104998572
1.6320000000000001	1.039567638050803	-0.65826913562919209	0.0012567259354761523	-0.65701240969371599
1.633	1.0396231186984515	-0.6588620008886652	0.0018495558013726337	-0.65701244508729262
1.6340000000000001	1.0396892786953713	-0.65956802358168565	0.0025555364157525029	-0.65701248716593319
1.635	1.0397661022336087	-0.66038653015507487	0.0033739943022822552	-0.65701253585279262
1.6360000000000001	1.0398535709788732	-0.66131674112336336	0.0043041500641920298	-0.65701259105917131
1.637	1.0399516640845197	-0.66235777242032512	0.0053451197355240615	-0.65701265268480102
1.6380000000000001	1.0400603582074057	-0.66350863692719209	0.006495916309079787	-0.65701272061811233
1.639	1.0401796275256074	-0.66476824617326002	0.007755451436685554	-0.65701279473657448
1.6400000000000001	1.040309443757957	-0.66613541220396844	0.0091225372969244486	-0.65701287490704396
1.641	1.040449776185377	-0.66760884961118538	0.010595888625030183	-0.65701296098615525
1.6420000000000001	1.0406005916739727	-0.66918717771993119	0.01217412489921018	-0.65701305282072098
1.643	1.0407618546998469	-0.67086892292543432	0.013855772677260446	-0.65701315024817386
1.6440000000000001	1.0409335273756002	-0.67265252117398289	0.015639268076956158	-0.65701325309702674
1.645	1.0411155694784693	-0.67453632058069779	0.017522959393350516	-0.65701336118734732
1.6460000000000001	1.0413079384800654	-0.67651858417705357	0.019505109845791437	-0.65701347433126212
1.647	1.041510589577662	-0.67859749278064818	0.021583900447172233	-0.65701359233347589
1.6480000000000001	1.0417234757269846	-0.68077114797947136	0.023757432987669261	-0.65701371499180206
1.649	1.0419465476764529	-0.68303757522269626	0.026023733124987545	-0.65701384209770874
1.6500000000000001	1.0421797540028208	-0.6853947270098053	0.02838075357293501	-0.65701397343687029
1.651	1.0424230411481643	-0.68784048616972271	0.030826377379977364	-0.65701410878974531
1.6520000000000001	1.0426763534581567	-0.69037266922142626	0.033358421289289557	-0.6570142479321367
1.653	1.0429396332215783	-0.69298902980749055	0.035974639171715457	-0.65701439063577505
1.6540000000000001	1.0432128207110003	-0.69568726219187615	0.038672725522975356	-0.65701453666890075
1.655	1.0434958542245831	-0.69846500481325702	0.04145031901642067	-0.65701468579683631
1.6560000000000001	1.0437886701289312	-0.70131984388519708	0.044305006102625749	-0.6570148377825713
1.657	1.0440912029029397	-0.70424931703445814	0.047234324647128664	-0.65701499238732952
1.6580000000000001	1.0444033851825754	-0.70725091696882902	0.050235767597683743	-0.65701514937114525
1.659	1.0447251478065247	-0.71032209516588862	0.053306786672469512	-0.65701530849341916
1.6600000000000001	1.0450564198626495	-0.71346026557427233	0.056444796060803756	-0.65701546951346856
1.661	1.0453971287351873	-0.71666280831912932	0.059647176128052821	-0.6570156321910765
1.6620000000000001	1.0457472001526293	-0.71992707340358919	0.062911277116582912	-0.65701579628700624
1.663	1.0461065582362181	-0.72325038439831202	0.066234422834786671	-0.65701596156352537
1.6640000000000001	1.0464751255489979	-0.72663004211132476	0.069613914326425885	-0.65701612778489893
1.665	1.0468528231453567	-0.73006332823063191	0.073047033512760984	-0.65701629471787093
1.6659999999999999	1.047239570620996	-0.73354750893231335	0.076531046800186825	-0.6570164621321265
1.667	1.0476352861632696	-0.73707983844709846	0.080063208646362238	-0.65701662980073627
1.6679999999999999	1.0480398866018255	-0.74065756257868154	0.083640765078104543	-0.65701679750057695
1.669	1.0484532874594941	-0.74427792216735478	0.087260957154619137	-0.65701696501273565
1.6699999999999999	1.048875403003362	-0.74793815649283246	0.090921024369947048	-0.65701713212288537
1.671	1.0493061462959723	-0.75163550661048495	0.094618207988836731	-0.65701729862164826
1.6719999999999999	1.0497454292465929	-0.75536721861550404	0.098349754310579976	-0.65701746430492403
1.673	1.0501931626624981	-0.75913054682989811	0.10211291785569414	-0.65701762897420402
1.6739999999999999	1.0506492563002074	-0.76292275690753319	0.10590496447068079	-0.65701779243685243
1.675	1.0511136189166272	-0.76674112885281787	0.10972317434644425	-0.65701795450637357
1.6759999999999999	1.051586158320043	-0.7705829599489622	0.11356484494631021	-0.65701811500265195
1.677	1.0520667814209101	-0.77444556759210004	0.11742729383994267	-0.65701827375215738
1.6779999999999999	1.0525553942823966	-0.77832629202796255	0.12130786143981634	-0.65701843058814624
1.679	1.0530519021706248	-0.78222249898807794	0.12520391363725836	-0.65701858535081958
1.6799999999999999	1.0535562096045705	-0.78613158222289981	0.12911284433542905	-0.65701873788747078
1.681	1.0540682204055707	-0.79005096592956336	0.13303207787696125	-0.65701888805260211
1.6819999999999999	1.0545878377464004	-0.79397810707234395	0.13695907136432448	-0.65701903570801945
1.6830000000000001	1.0551149641998749	-0.79791049759423727	0.14089131687131981	-0.65701918072291743
1.6839999999999999	1.0556495017869381	-0.80184566651835887	0.14482634354444252	-0.6570193229739163
1.6850000000000001	1.0561913520242003	-0.80578118193828274	0.14876171959317597	-0.65701946234510678
1.6859999999999999	1.0567404159708891	-0.80971465289664435	0.15269505416859191	-0.65701959872805249
1.6870000000000001	1.0572965942751791	-0.81364373115173061	0.15662399912994016	-0.65701973202179043
1.6879999999999999	1.0578597872198674	-0.8175661128319982	0.16054625069920245	-0.65701986213279573
1.6890000000000001	1.0584298947673669	-0.82147953997881284	0.1644595510038685	-0.6570199889749444
1.6899999999999999	1.0590068166039857	-0.82538180197790911	0.16836168950846378	-0.65702011246944536
1.6910000000000001	1.0595904521834683	-0.82927073688038111	0.17225050433561445	-0.65702023254476671
1.6919999999999999	1.0601807007697726	-0.83314423261421711	0.17612388347768226	-0.65702034913653484
1.6930000000000001	1.0607774614790602	-0.83700022808766894	0.17997976590023207	-0.65702046218743693
1.694	1.061380633320878	-0.84083671418590633	0.18381614253881448	-0.65702057164709182
1.6950000000000001	1.0619901152385112	-0.84465173466266741	0.18763105719074927	-0.65702067747191817
1.696	1.0626058061484929	-0.84844338692877885	0.19142260730378788	-0.65702077962499095
1.6970000000000001	1.0632276049792486	-0.85220982273959134	0.1951889446637077	-0.65702087807588361
1.698	1.0638554107088676	-0.85594924878355738	0.1989282759830561	-0.65702097280050131
1.6990000000000001	1.0644891224019837	-0.85965992717432038	0.20263886339341042	-0.65702106378090996
1.7	1.065128639245756	-0.86334017584880285	0.20631902484365564	-0.65702115100514724
1.7010000000000001	1.0657738605849412	-0.86698836887394637	0.20996713440690384	-0.65702123446704253
1.702	1.0664246859560467	-0.87060293666480248	0.21358162249878834	-0.65702131416601417
1.7030000000000001	1.0670810151205607	-0.87418236611683153	0.21716097600996176	-0.65702139010686977
1.704	1.0677427480972526	-0.87772520065531245	0.22070373835570906	-0.65702146229960334
1.7050000000000001	1.0684097851935404	-0.88123004020484674	0.22420850944566006	-0.65702153075918668
1.706	1.0690820270359229	-0.88469554108199699	0.22767394557664233	-0.65702159550535466
1.7070000000000001	1.069759374599476	-0.8881204158141609	0.23109875925176446	-0.65702165656239642
1.708	1.0704417292364119	-0.89150343288779221	0.23448171892885611	-0.65702171395893605
1.7090000000000001	1.0711289927037047	-0.89484341642913479	0.23782164870141648	-0.65702176772771836
1.71	1.0718210671897834	-0.89813924582063542	0.24111742791523874	-0.65702181790539671
1.7110000000000001	1.072517855340297	-0.90138985525619741	0.24436799072388424	-0.65702186453231315
1.712	1.0732192602829544	-0.90459423323846044	0.24757232558617739	-0.65702190765228308
1.7130000000000001	1.0739251856514496	-0.9077514220212699	0.25072947470887963	-0.65702194731239028
1.714	1.0746355356084722	-0.91086051700045245	0.25383853343768159	-0.65702198356277086
1.7150000000000001	1.0753502148678173	-0.91392066605603328	0.25689864959962505	-0.65702201645640823
1.716	1.0760691287155977	-0.91693106884895648	0.25990902280003153	-0.65702204604892489
1.7170000000000001	1.0767921830305729	-0.91989097607536086	0.26286890367697324	-0.65702207239838761
1.718	1.0775192843036006	-0.92279968868138029	0.26577759311627464	-0.6570220955651056
1.7190000000000001	1.078250339656224	-0.92565655704142036	0.26863444142998	-0.65702211561144042
1.72	1.0789852568584049	-0.92846098010278033	0.27143884750116509	-0.65702213260161524
1.7210000000000001	1.0797239443454161	-0.93121240449944165	0.27419025789790713	-0.65702214660153446
1.722	1.0804663112339032	-0.93391032363776261	0.27688816595916155	-0.65702215767860106
1.7230000000000001	1.0812122673371329	-0.93655427675677072	0.27953211085522323	-0.65702216590154749
1.724	1.0819617231794358	-0.93914384796563821	0.28212167662537596	-0.6570221713402622
1.7250000000000001	1.0827145900098643	-0.94167866526089172	0.28465649119525732	-0.65702217406563435
1.726	1.0834707798150733	-0.94415839952577763	0.28713622537638805	-0.65702217414938957
1.7270000000000001	1.0842302053314452	-0.9465827635141757	0.28956059185023164	-0.65702217166394405
1.728	1.0849927800564669	-0.94895151082132778	0.29192934413907018	-0.65702216668225755
1.7290000000000001	1.0857584182593818	-0.95126443484358925	0.29424227556589649	-0.65702215927769281
1.73	1.0865270349911265	-0.9535213677293215	0.29649921820543662	-0.65702214952388482
1.7310000000000001	1.0872985460935707	-0.95572217932294534	0.29870004182833471	-0.65702213749461058
1.732	1.0880728682080767	-0.95786677610411197	0.30084465284044187	-0.65702212326367015
1.7330000000000001	1.088849918783392	-0.95995510012383534	0.30293299321906753	-0.65702210690476781
1.734	1.0896296160828953	-0.96198712793937124	0.30496503944796466	-0.65702208849140664
1.7350000000000001	1.0904118791912076	-0.96396286954951438	0.30694080145273456	-0.65702206809677977
1.736	1.0911966280201892	-0.96588236733192856	0.30886032153825294	-0.65702204579367562
1.7370000000000001	1.0919837833143353	-0.96774569498401708	0.31072367332963335	-0.65702202165438373
1.738	1.0927732666555894	-0.96955295646877238	0.31253096071816377	-0.6570219957506086
1.7390000000000001	1.0935650004675894	-0.9713042849669542	0.31428231681356683	-0.65702196815338731
1.74	1.0943589080193625	-0.97299984183687083	0.31597790290385724	-0.65702193893301364
1.7410000000000001	1.095154913428487	-0.97463981558295654	0.31761790742398921	-0.65702190815896733
1.742	1.095952941663735	-0.97622442083425875	0.31920254493440975	-0.65702187589984895
1.7430000000000001	1.0967529185472134	-0.97775389733387685	0.32073205511055969	-0.65702184222331717
1.744	1.0975547707560183	-0.97922850894032232	0.32220670174428834	-0.65702180719603398
1.7450000000000001	1.0983584258234207	-0.98064854264169199	0.32362677175807902	-0.65702177088361302
1.746	1.0991638121395957	-0.9820143075834844	0.32499257423291139	-0.65702173335057301
1.7470000000000001	1.0999708589519142	-0.98332613411081438	0.3263044394505194	-0.65702169466029492
1.748	1.1007794963648092	-0.98458437282572375	0.3275627179507396	-0.6570216548749841
1.7490000000000001	1.1015896553392357	-0.98578939366021534	0.3287677796045797	-0.65702161405563564
1.75	1.1024012676917343	-0.98694158496558404	0.32992001270357929	-0.65702157226200475
1.7510000000000001	1.1032142660931175	-0.98804135261855142	0.33101982306597211	-0.65702152955257931
1.752	1.1040285840667909	-0.9890891191446658	0.33206763316010823	-0.65702148598455756
1.7530000000000001	1.1048441559867241	-0.99008532285936446	0.33306388124553521	-0.65702144161382925
1.754	1.1056609170750844	-0.99103041702704719	0.33400902053208992	-0.65702139649495728
1.7550000000000001	1.1064788033995494	-0.99192486903846833	0.33490351835730048	-0.65702135068116785
1.756	1.1072977518703091	-0.99276915960668988	0.33574785538235291	-0.65702130422433691
1.7570000000000001	1.1081177002367724	-0.99356378198181505	0.33654252480682878	-0.65702125717498627
1.758	1.1089385870839898	-0.99430924118465747	0.3372880316023823	-0.65702120958227517
1.7590000000000001	1.1097603518288084	-0.99500605325948177	0.33798489176547974	-0.65702116149400203
1.76	1.1105829347157647	-0.99565474454589009	0.33863363158928833	-0.6570211129566017
1.7610000000000001	1.1114062768127351	-0.99625585096991576	0.33923478695476561	-0.65702106401515015
1.762	1.1122303200063504	-0.99680991735433211	0.3397889026409644	-0.65702101471336771
1.7630000000000001	1.1130550069971883	-0.99731749674816261	0.34029653165453683	-0.65702096509362584
1.764	1.1138802812947555	-0.99777914977534787	0.34075823457839166	-0.65702091519695616
1.7650000000000001	1.1147060872122678	-0.99819544400248805	0.34117457893942754	-0.65702086506306046
1.766	1.115532369861242	-0.998566953325565	0.34154613859524269	-0.65702081473032226
1.7670000000000001	1.1163590751459085	-0.99889425737551152	0.34187349313969212	-0.65702076423581945
1.768	1.1171861497574547	-0.99917794094248324	0.34215722732714293	-0.65702071361534031
1.7690000000000001	1.1180135411681091	-0.9994185934186548	0.34239793051525702	-0.65702066290339778
1.77	1.1188411976250772	-0.99961680825935639	0.34259619612610853	-0.65702061213324781
1.7710000000000001	1.1196690681443342	-0.99977318246233327	0.3427526211254267	-0.65702056133690656
1.772	1.1204971025042907	-0.99988831606490836	0.34286780551973856	-0.65702051054516986
1.7730000000000001	1.1213252512393326	-0.99996281165880019	0.34294235187116795	-0.65702045978763224
1.774	1.1221534656332481	-0.9999972739223455	0.34297686482963641	-0.65702040909270909
1.7750000000000001	1.1229816977125506	-0.99999230916985293	0.34297195068219655	-0.65702035848765639
1.776	1.1238099002397017	-0.99994852491781161	0.34292821691921782	-0.65702030799859379
1.7770000000000001	1.1246380267062452	-0.99986652946766152	0.34284627181713534	-0.65702025765052618
1.778	1.1254660313258591	-0.99974693150482841	0.34272672403746102	-0.65702020746736745
1.7790000000000001	1.1262938690273314	-0.99959033971371469	0.34257018224175168	-0.65702015747196296
1.78	1.127121495447468	-0.99939736240833177	0.34237725472221764	-0.65702010768611419
1.7810000000000001	1.1279488669239397	-0.99916860717825506	0.34214854904765396	-0.65702005813060116
1.782	1.1287759404880726	-0.9989046805495756	0.34188467172436743	-0.65702000882520817
1.7830000000000001	1.1296026738575915	-0.99860618766051767	0.34158622787177101	-0.65701995978874672
1.784	1.1304290254293188	-0.99827373195139291	0.34125382091231249	-0.65701991103908042
1.7850000000000001	1.1312549542718369	-0.99790791486855313	0.34088805227540336	-0.65701986259314982
1.786	1.1320804201181207	-0.99750933558200483	0.34048952111500957	-0.6570198144669952
1.7870000000000001	1.1329053833581415	-0.99707859071635052	0.34005882404056742	-0.6570197666757831
1.788	1.1337298050314517	-0.99661627409471476	0.33959655486088597	-0.65701971923382874
1.7890000000000001	1.1345536468197539	-0.99612297649531867	0.33910330434069769	-0.65701967215462098
1.79	1.1353768710394567	-0.99559928542036591	0.33857965996951994	-0.65701962545084602
1.7910000000000001	1.1361994406342266	-0.99504578487690309	0.33802620574249148	-0.65701957913441156
1.792	1.1370213191675351	-0.9944630551693201	0.3374435219528496	-0.65701953321647055
1.7929999999999999	1.1378424708152102	-0.99385167270315877	0.33683218499571566	-0.65701948770744312
1.794	1.1386628603579918	-0.99321220979990132	0.33619276718285968	-0.6570194426170417
1.7949999999999999	1.1394824531740979	-0.99254523452241028	0.33552583656811802	-0.65701939795429221
1.796	1.1403012152318042	-0.9918513105106983	0.33483195678314087	-0.65701935372755749
1.7969999999999999	1.1411191130820399	-0.99113099682770889	0.33411168688315018	-0.6570193099445587
1.798	1.1419361138510051	-0.99038484781479108	0.33336558120239318	-0.65701926661239796
1.7989999999999999	1.1427521852328095	-0.98961341295656013	0.33259418921898082	-0.65701922373757937
1.8	1.1435672954821399	-0.98881723675483413	0.33179805542880419	-0.65701918132602999
1.8009999999999999	1.1443814134069552	-0.98799685861134801	0.33097771922822777	-0.65701913938312018
1.802	1.1451945083612143	-0.9871528127189485	0.3301337148052626	-0.65701909791368585
1.8029999999999999	1.1460065502376382	-0.98628562796097397	0.3292665710389287	-0.65701905692204532
1.804	1.1468175094605089	-0.98539582781854118	0.32837681140651925	-0.65701901641202198
1.8049999999999999	1.1476273569785089	-0.98448393028544734	0.3274649538984869	-0.6570189763869605
1.806	1.1484360642576004	-0.98355044779042378	0.32653151094067612	-0.65701893684974766
1.8069999999999999	1.1492436032739495	-0.98259588712646262	0.32557698932363277	-0.65701889780282985
1.8080000000000001	1.1500499465068952	-0.98162074938695687	0.32460189013872598	-0.65701885924823089
1.8089999999999999	1.1508550669319664	-0.98062552990839402	0.32360670872082531	-0.65701882118756871
1.8100000000000001	1.1516589380139475	-0.97961071821935308	0.32259193459727931	-0.65701878362207378
1.8109999999999999	1.1524615336999944	-0.97857679799555553	0.32155805144295091	-0.65701874655260462
1.8120000000000001	1.1532628284128037	-0.97752424702073126	0.32050553704106666	-0.65701870997966461
1.8129999999999999	1.1540627970438351	-0.97645353715306438	0.31943486324964776	-0.65701867390341662
1.8140000000000001	1.1548614149465881	-0.97536513429698957	0.31834649597329084	-0.65701863832369867
1.8149999999999999	1.1556586579299357	-0.9742594983801186	0.31724089514007819	-0.65701860324004047
1.8160000000000001	1.1564545022515154	-0.97313708333507365	0.3161185146833988	-0.65701856865167485
1.8169999999999999	1.1572489246111775	-0.97199833708602246	0.31497980252846858	-0.65701853455755388
1.8180000000000001	1.1580419021444939	-0.97084370153970811	0.31382520058334551	-0.65701850095636261
1.819	1.1588334124163269	-0.96967361258076834	0.31265514473423783	-0.65701846784653051
1.8200000000000001	1.1596234334144579	-0.96848850007115894	0.31147006484491296	-0.65701843522624603
1.821	1.1604119435432798	-0.96728878785348471	0.31027038476001667	-0.65701840309346804
1.8220000000000001	1.1611989216175493	-0.96607489375805911	0.30905652231212116	-0.65701837144593789
1.823	1.1619843468562046	-0.96484722961351466	0.30782888933232277	-0.65701834028119188
1.8240000000000001	1.1627681988762448	-0.96360620126078922	0.30658789166421829	-0.65701830959657093
1.825	1.1635504576866742	-0.96235220857032555	0.3053339291810922	-0.65701827938923341
1.8260000000000001	1.1643311036825106	-0.96108564546231778	0.3040673958061535	-0.65701824965616429
1.827	1.165110117638859	-0.95980689992985047	0.30278867953566513	-0.65701822039418534
1.8280000000000001	1.165887480705049	-0.95851635406478131	0.3014981624648157	-0.65701819159996555
1.829	1.1666631743988387	-0.95721438408621551	0.30019622081618491	-0.6570181632700306
1.8300000000000001	1.1674371806006836	-0.95590136037143414	0.29888322497066289	-0.65701813540077125
1.831	1.1682094815480706	-0.9545776474891392	0.29755953950068592	-0.65701810798845328
1.8320000000000001	1.1689800598299189	-0.95324360423488008	0.29622552320565571	-0.65701808102922432
1.833	1.1697488983810451	-0.95189958366854022	0.29488152914941584	-0.65701805451912443
1.8340000000000001	1.1705159804766956	-0.95054593315375191	0.29352790469966084	-0.65701802845409107
1.835	1.1712812897271434	-0.94918299439912945	0.29216499156916015	-0.65701800282996925
1.8360000000000001	1.1720448100723513	-0.94781110350119946	0.29079312585868228	-0.65701797764251713
1.837	1.1728065257767006	-0.94643059098892224	0.28941263810150814	-0.65701795288741405
1.8380000000000001	1.1735664214237851	-0.94504178186969467	0.28802385330942826	-0.65701792856026642
1.839	1.1743244819112697	-0.94364499567673599	0.28662709102012129	-0.65701790465661469
1.8400000000000001	1.1750806924458155	-0.94224054651775468	0.28522266534581464	-0.65701788117194004
1.841	1.1758350385380687	-0.94082874312480269	0.2838108850231339	-0.65701785810166879
1.8420000000000001	1.1765875059977142	-0.93940988890522859	0.28239205346404928	-0.65701783544117931
1.843	1.1773380809285929	-0.93798428199363959	0.28096646880783177	-0.65701781318580776
1.8440000000000001	1.1780867497238849	-0.93655221530478772	0.27953442397393524	-0.65701779133085247
1.845	1.1788334990613543	-0.93511397658730233	0.27809620671572416	-0.65701776987157823
1.8460000000000001	1.1795783158986575	-0.93366984847819257	0.27665209967496907	-0.6570177488032235
1.847	1.1803211874687163	-0.9322201085580385	0.27520238043703671	-0.65701772812100179
1.8480000000000001	1.181062101275151	-0.93076502940681294	0.2737473215867029	-0.65701770782011004
1.849	1.1818010450877774	-0.92930487866024869	0.27228719076452085	-0.6570176878957279
1.8500000000000001	1.1825380069381646	-0.92783991906670615	0.27082225072367982	-0.65701766834302633
1.851	1.1832729751152546	-0.92637040854445929	0.26935275938729153	-0.65701764915716776
1.8520000000000001	1.1840059381610419	-0.92489660023935749	0.26787896990604526	-0.65701763033331217
1.853	1.1847368848663145	-0.92341874258279444	0.26640113071617494	-0.65701761186661956
1.8540000000000001	1.1854658042664534	-0.92193707934993618	0.26491948559768325	-0.65701759375225288
1.855	1.1861926856372929	-0.92045184971815341	0.26343427373277217	-0.65701757598538124
1.8560000000000001	1.1869175184910383	-0.9189632883256128	0.26194572976442931	-0.65701755856118349
1.857	1.1876402925722429	-0.91747162532997484	0.26045408385512409	-0.6570175414748507
1.8580000000000001	1.1883609978538423	-0.91597708646715681	0.25895956174556856	-0.65701752472158825
1.859	1.189079624533246	-0.91447989311011824	0.2574623848134997	-0.65701750829661854
1.8600000000000001	1.1897961630284855	-0.91298026232762886	0.25596277013244428	-0.65701749219518457
1.861	1.1905106039744191	-0.91147840694297522	0.25446093053042557	-0.65701747641254959
1.8620000000000001	1.1912229382189916	-0.90997453559258057	0.25295707464857792	-0.65701746094400271
1.863	1.1919331568195495	-0.9084688527844893	0.25145140699963198	-0.65701744578485732
1.8640000000000001	1.1926412510392104	-0.90696155895669461	0.24994412802624011	-0.6570174309304545
1.865	1.1933472123432862	-0.90545285053527458	0.2484354341591091	-0.65701741637616551
1.8660000000000001	1.1940510323957596	-0.90394291999230481	0.2469255178749119	-0.6570174021173929
1.867	1.1947527030558132	-0.90243195590352188	0.2454145677539504	-0.65701738814957145
1.8680000000000001	1.1954522163744117	-0.90092014300571277	0.24390276853754284	-0.65701737446816999
1.869	1.1961495645909339	-0.89940766225380409	0.24239030118511115	-0.65701736106869291
1.8700000000000001	1.1968447401298574	-0.89789469087762641	0.2408773429309459	-0.65701734794668054
1.871	1.1975377355974917	-0.89638140243833786	0.23936406734062532	-0.65701733509771254
1.8720000000000001	1.1982285437787632	-0.89486796688447545	0.23785064436707004	-0.65701732251740541
1.873	1.1989171576340478	-0.89335455060762992	0.23633724040621237	-0.65701731020141751
1.8740000000000001	1.1996035702960528	-0.89184131649771103	0.23482401835226388	-0.65701729814544718
1.875	1.2002877750667467	-0.89032842399779666	0.23331113765256314	-0.65701728634523349
1.8760000000000001	1.2009697654143361	-0.88881602915854785	0.23179875436198896	-0.65701727479655891
1.877	1.2016495349702894	-0.88730428469217348	0.23028702119692429	-0.65701726349524914
1.8780000000000001	1.2023270775264074	-0.88579334002593035	0.22877608758875717	-0.65701725243717313
1.879	1.2030023870319393	-0.8842833413551503	0.22726609973690665	-0.6570172416182436
1.8800000000000001	1.2036754575907422	-0.88277443169578129	0.22575720066136165	-0.65701723103441967
1.881	1.2043462834584882	-0.88126675093642648	0.22424953025472316	-0.65701722068170332
1.8820000000000001	1.2050148590399119	-0.87976043588988273	0.22274322533373875	-0.65701721055614404
1.883	1.2056811788861042	-0.87825562034415805	0.22123841969032185	-0.65701720065383618
1.8840000000000001	1.2063452376918464	-0.87675243511296774	0.21973524414204701	-0.65701719097092071
1.885	1.2070070302929883	-0.87525100808570011	0.21823382658211418	-0.6570171815035859
1.8860000000000001	1.2076665516638672	-0.87375146427684025	0.2167342920287755	-0.65701717224806477
1.887	1.2083237969147671	-0.87225392587485762	0.21523676267421882	-0.65701716320063874
1.8880000000000001	1.2089787612894201	-0.87075851229053947	0.21374135793290278	-0.65701715435763663
1.889	1.2096314401625465	-0.86926534020477131	0.21224819448933888	-0.65701714571543246
1.8900000000000001	1.2102818290374344	-0.8677745236157649	0.21075738634531702	-0.65701713727044786
1.891	1.210929923543558	-0.86628617388572371	0.20926904486657086	-0.65701712901915288
1.8920000000000001	1.2115757194342351	-0.86480039978694356	0.20778327882888059	-0.65701712095806297
1.893	1.212219212584321	-0.86331730754735259	0.20630019446361073	-0.65701711308374189
1.8940000000000001	1.2128603989879405	-0.86183700089548054	0.2048198955026812	-0.65701710539279934
1.895	1.213499274756257	-0.86035958110486321	0.20334248322297122	-0.657017097881892
1.8960000000000001	1.2141358361152754	-0.85888514703787677	0.20186805649015382	-0.65701709054772295
1.897	1.2147700794036838	-0.85741379518900507	0.2003967118019622	-0.6570170833870429
1.8980000000000001	1.2154020010707278	-0.85594561972753436	0.19892854333088703	-0.6570170763966473
1.899	1.2160315976741209	-0.85448071253968449	0.19746364296630575	-0.6570170695733788
1.9000000000000001	1.2166588658779884	-0.85301916327016958	0.19600210035604457	-0.65701706291412498
1.901	1.2172838024508441	-0.8515610593631936	0.19454400294737395	-0.65701705641581964
1.9020000000000001	1.2179064042636019	-0.8501064861028812	0.1930894360274398	-0.65701705007544142
1.903	1.2185266682876179	-0.84865552665314614	0.19163848276313178	-0.65701704389001436
1.9040000000000001	1.2191445915927668	-0.84720826209699762	0.19019122424039114	-0.65701703785660648
1.905	1.2197601713455479	-0.84576477147529161	0.18874773950296025	-0.65701703197233141
1.9060000000000001	1.2203734048072237	-0.84432513182492142	0.18730810559057665	-0.65701702623434477
1.907	1.2209842893319875	-0.84288941821646257	0.18587239757661453	-0.65701702063984802
1.9080000000000001	1.2215928223651638	-0.8414577037912625	0.18444068860517679	-0.65701701518608568
1.909	1.2221990014414361	-0.84003005979798417	0.18301304992764109	-0.65701700987034306
1.9100000000000001	1.222802824183105	-0.83860655562861375	0.18158955093866344	-0.65701700468995028
1.911	1.2234042882983749	-0.83718725885392165	0.18017025921164306	-0.65701699964227855
1.9120000000000001	1.2240033915796693	-0.83577223525839361	0.17875524053365233	-0.65701699472474129
1.913	1.2246001319019739	-0.83436154887462988	0.17734455893983653	-0.65701698993479329
1.9140000000000001	1.225194507221208	-0.83295526201721648	0.1759382767472866	-0.65701698526992991
1.915	1.2257865155726213	-0.83155343531607651	0.17453645458839043	-0.65701698072768611
1.9160000000000001	1.2263761550692185	-0.83015612774930536	0.17313915144366623	-0.65701697630563916
1.917	1.2269634239002107	-0.82876339667548804	0.17174642467408352	-0.65701697200140452
1.9180000000000001	1.2275483203294923	-0.82737529786551245	0.17035833005287571	-0.65701696781263674
1.919	1.2281308426941417	-0.82599188553388003	0.16897492179684961	-0.65701696373703045
1.9199999999999999	1.2287109894029498	-0.82461321236951357	0.16759625259719674	-0.65701695977231678
1.921	1.2292887589349715	-0.82323932956607671	0.16622237364981149	-0.65701695591626519
1.9219999999999999	1.2298641498381011	-0.82187028685180463	0.16485333468512114	-0.65701695216668354
1.923	1.2304371607276734	-0.82050613251884796	0.16348918399743279	-0.65701694852141523
1.9239999999999999	1.231007790285086	-0.81914691345214452	0.16212996847380307	-0.6570169449783414
1.925	1.2315760372564466	-0.81779267515781406	0.16077573362243511	-0.65701694153537893
1.9259999999999999	1.2321419004512426	-0.81644346179108784	0.15942652360060883	-0.65701693819047902
1.927	1.2327053787410318	-0.8150993161837794	0.15808238124214927	-0.65701693494163016
1.9279999999999999	1.2332664710581576	-0.81376027987129262	0.15674334808443924	-0.65701693178685339
1.929	1.2338251763944832	-0.81242639311918641	0.15540946439498068	-0.6570169287242057
1.9299999999999999	1.2343814938001496	-0.81109769494928741	0.15408076919751118	-0.65701692575177617
1.931	1.2349354223823525	-0.80977422316536818	0.15275730029768059	-0.65701692286768765
1.9319999999999999	1.235486961304141	-0.80845601437839076	0.15143909430829341	-0.65701692007009738
1.9330000000000001	1.2360361097832371	-0.80714310403131417	0.15012618667412261	-0.65701691735719159
1.9339999999999999	1.2365828670908732	-0.80583552642349177	0.14881861169630009	-0.6570169147271917
1.9350000000000001	1.2371272325506517	-0.80453331473463852	0.14751640255628945	-0.65701691217834912
1.9359999999999999	1.2376692055374221	-0.80323650104839306	0.14621959133944673	-0.65701690970894633
1.9370000000000001	1.2382087854761785	-0.80194511637547072	0.14492820905817463	-0.65701690731729612
1.9379999999999999	1.2387459718409743	-0.80065919067641778	0.14364228567467552	-0.65701690500174226
1.9390000000000001	1.239280764153857	-0.7993787528839662	0.1423618501233086	-0.65701690276065761
1.9399999999999999	1.2398131619838197	-0.79810383092500115	0.14108693033255737	-0.65701690059244378
1.9410000000000001	1.2403431649457715	-0.79683445174214373	0.13981755324661219	-0.65701689849553158
1.9419999999999999	1.2408707726995243	-0.79557064131495392	0.13855374484657329	-0.65701689646838068
1.9430000000000001	1.2413959849487979	-0.79431242468075847	0.13729553017128066	-0.65701689450947787
1.944	1.2419188014402418	-0.79305982595511204	0.13604293333777467	-0.65701689261733742
1.9450000000000001	1.2424392219624731	-0.79181286835189535	0.13479597756139419	-0.65701689079050118
1.946	1.2429572463451315	-0.79057157420305413	0.13355468517551647	-0.65701688902753763
1.9470000000000001	1.2434728744579495	-0.78933596497798542	0.13231907765094478	-0.65701688732704067
1.948	1.2439861062098398	-0.7881060613025801	0.13108917561494876	-0.65701688568763128
1.9490000000000001	1.2444969415479976	-0.78688188297791761	0.12986499886996253	-0.65701688410795511
1.95	1.2450053804570176	-0.78566344899862783	0.12864656641194611	-0.65701688258668178
1.9510000000000001	1.2455114229580273	-0.78445077757092219	0.1274338964484148	-0.65701688112250745
1.952	1.246015069107834	-0.78324388613029394	0.12622700641614226	-0.65701687971415168
1.9530000000000001	1.2465163189980877	-0.78204279135889898	0.12502591299854149	-0.65701687836035749
1.954	1.2470151727544567	-0.78084750920262169	0.12383063214272977	-0.65701687705989187
1.9550000000000001	1.2475116305358191	-0.77965805488782491	0.12264117907628114	-0.65701687581154378
1.956	1.2480056925334668	-0.77847444293779866	0.12145756832367263	-0.65701687461412606
1.9570000000000001	1.248497358970323	-0.77729668718890166	0.12027981372242848	-0.65701687346647319
1.958	1.2489866301001749	-0.77612480080640911	0.11910792843896696	-0.65701687236744211
1.9590000000000001	1.2494735062069178	-0.77495879630006526	0.11794192498415505	-0.65701687131591024
1.96	1.2499579876038125	-0.77379868553935283	0.11678181522857534	-0.65701687031077749
1.9610000000000001	1.2504400746327566	-0.77264447976847328	0.11562761041750988	-0.65701686935096337
1.962	1.2509197676635664	-0.7714961896210546	0.11447932118564565	-0.65701686843540896
1.9630000000000001	1.251397067093273	-0.77035382513458106	0.11333695757150608	-0.65701686756307498
1.964	1.2518719733454293	-0.76921739576455517	0.11220052903161333	-0.6570168667329418
1.9650000000000001	1.2523444868694296	-0.76808691039839494	0.1110700444543854	-0.65701686594400954
1.966	1.2528146081398406	-0.76696237736906969	0.10994551217377287	-0.65701686519529678
1.9670000000000001	1.2532823376557438	-0.76584380446848066	0.10882693998263936	-0.65701686448584129
1.968	1.2537476759400894	-0.76473119896059005	0.10771433514589003	-0.65701686381470004
1.9690000000000001	1.2542106235390618	-0.76362456759429886	0.10660770441335247	-0.65701686318094643
1.97	1.2546711810214546	-0.76252391661608732	0.10550705403241396	-0.65701686258367331
1.9710000000000001	1.2551293489780584	-0.76142925178241039	0.10441238976041937	-0.65701686202199105
1.972	1.2555851280210575	-0.76034057837185975	0.10332371687683373	-0.65701686149502603
1.9730000000000001	1.2560385187834382	-0.75925790119709491	0.10224104019517337	-0.65701686100192158
1.974	1.2564895219184062	-0.75818122461654813	0.10116436407470998	-0.65701686054183817
1.9750000000000001	1.2569381380988143	-0.75711055254590476	0.10009369243195089	-0.65701686011395388
1.976	1.2573843680166015	-0.75604588846935972	0.099029028751899839	-0.65701685971745993
1.9770000000000001	1.2578282123822395	-0.75498723545066793	0.097970376099102127	-0.65701685935156584
1.978	1.2582696719241906	-0.75393459614397218	0.096917737128477469	-0.65701685901549467
1.9790000000000001	1.2587087473883736	-0.75288797280443065	0.095871114095944607	-0.65701685870848603
1.98	1.2591454395376402	-0.75184736729863499	0.09483050886884116	-0.65701685842979385
1.9810000000000001	1.2595797491512595	-0.75081278111482941	0.093795922936142417	-0.65701685817868705
1.982	1.2600116770244121	-0.74978421537292983	0.092767357418482396	-0.65701685795444742
1.9830000000000001	1.2604412239676923	-0.74876167083435408	0.091744813077980936	-0.65701685775637308
1.984	1.2608683908066194	-0.74774514791165492	0.090728290327880004	-0.65701685758377493
1.9850000000000001	1.2612931783811576	-0.74673464667796985	0.089717789241992807	-0.65701685743597704
1.986	1.2617155875452437	-0.74573016687628713	0.088713309563968848	-0.65701685731231829
1.9870000000000001	1.262135619166324	-0.7447317079285265	0.087714850716378356	-0.6570168572121482
1.988	1.262553274124897	-0.74373926894445086	0.08672241180961926	-0.6570168571348316
1.9890000000000001	1.2629685533140675	-0.74275284873039449	0.085735991650649865	-0.65701685707974466
1.99	1.2633814576391049	-0.74177244579782664	0.084755588751550467	-0.65701685704627621
1.9910000000000001	1.2637919880170116	-0.74079805837174462	0.083781201337916791	-0.65701685703382784
1.992	1.2642001453760983	-0.73982968439890096	0.082812827357088642	-0.65701685704181234
1.9930000000000001	1.2646059306555659	-0.73886732155587043	0.081850464486216246	-0.65701685706965418
1.994	1.2650093448050959	-0.73791096725695682	0.08089411014016773	-0.65701685711678914
1.9950000000000001	1.2654103887844463	-0.73696061866194595	0.079943761479280354	-0.65701685718266556
1.996	1.2658090635630568	-0.73601627268369985	0.078999415416958402	-0.65701685726674142
1.9970000000000001	1.2662053701196585	-0.73507792599560751	0.078061068627120422	-0.65701685736848714
1.998	1.2665993094418926	-0.73414557503888034	0.077128717551499013	-0.65701685748738137
1.9990000000000001	1.2669908825259337	-0.73321921602971063	0.076202358406795137	-0.65701685762291551
