# Time	Pos	PotentialE	KineticE	TotalE
0	1.29999995	-0.657017112	0	-0.657017112
0.00100000005	1.29999888	-0.657019436	2.50876269e-06	-0.657016933
0.00200000009	1.29999554	-0.657026947	1.00350944e-05	-0.657016933
0.00300000003	1.29998994	-0.657039404	2.25791373e-05	-0.657016814
0.00400000019	1.29998219	-0.657056808	4.01411271e-05	-0.657016695
0.00500000035	1.29997218	-0.65707916	6.27213958e-05	-0.657016456
0.00600000005	1.2999599	-0.657106698	9.03203691e-05	-0.657016397
0.00700000022	1.29994535	-0.657139301	0.000122938567	-0.657016337
0.00800000038	1.29992855	-0.657176971	0.00016057663	-0.657016397
0.00900000054	1.29990959	-0.65721947	0.000203235235	-0.657016218
0.0100000007	1.29988837	-0.657266974	0.000250915211	-0.657016039
0.0110000009	1.29986489	-0.657319546	0.000303617446	-0.65701592
0.0120000001	1.29983914	-0.657377303	0.000361342944	-0.657015979
0.0130000003	1.29981112	-0.657440066	0.00042409281	-0.657015979
0.0140000004	1.29978096	-0.657507658	0.000491868297	-0.6570158
0.0150000006	1.29974854	-0.657580256	0.000564670598	-0.657015562
0.0160000008	1.29971385	-0.6576581	0.000642501051	-0.657015622
0.0170000009	1.2996769	-0.65774101	0.000725361286	-0.657015622
0.0180000011	1.29963768	-0.657828867	0.000813252642	-0.657015622
0.0190000013	1.29959631	-0.657921553	0.000906176923	-0.657015383
0.0200000014	1.29955268	-0.658019304	0.00100413582	-0.657015145
0.0210000016	1.29950678	-0.658122301	0.00110713136	-0.657015145
0.0220000017	1.29945862	-0.658230424	0.00121516525	-0.657015264
0.0230000019	1.2994082	-0.658343315	0.00132823968	-0.657015085
0.0240000002	1.29935563	-0.658461213	0.00144635665	-0.657014847
0.0250000004	1.29930079	-0.658584237	0.00156951835	-0.657014728
0.0260000005	1.29924369	-0.658712387	0.00169772725	-0.657014668
0.0270000007	1.29918432	-0.658845544	0.00183098577	-0.657014549
0.0280000009	1.29912269	-0.658983827	0.00196929625	-0.657014549
0.029000001	1.29905891	-0.659126997	0.00211266149	-0.65701431
0.0300000012	1.29899287	-0.659275174	0.00226108427	-0.657014072
0.0310000014	1.29892457	-0.659428596	0.0024145667	-0.657014012
0.0320000015	1.29885399	-0.659586966	0.00257311249	-0.657013834
0.0329999998	1.29878116	-0.659750581	0.00273672375	-0.657013834
0.0340000018	1.29870605	-0.659919381	0.00290540466	-0.657013953
0.0350000001	1.29862881	-0.660092831	0.00307915732	-0.657013655
0.0360000022	1.29854929	-0.660271406	0.00325798546	-0.657013416
0.0370000005	1.29846752	-0.660455227	0.00344189233	-0.657013357
0.0380000025	1.29838347	-0.660644054	0.00363088143	-0.657013178
0.0390000008	1.29829717	-0.660838068	0.00382495578	-0.657013118
0.0400000028	1.29820859	-0.661037147	0.00402411958	-0.657012999
0.0410000011	1.29811776	-0.661241412	0.00422837632	-0.657013059
0.0420000032	1.29802477	-0.661450565	0.00443772972	-0.65701282
0.0430000015	1.29792953	-0.661664784	0.00465218397	-0.657012582
0.0440000035	1.29783201	-0.661884248	0.00487174233	-0.657012522
0.0450000018	1.29773223	-0.662108839	0.005096409	-0.657012403
0.0460000038	1.29763019	-0.662338495	0.00532618864	-0.657012284
0.0470000021	1.29752588	-0.662573338	0.00556108449	-0.657012224
0.0480000004	1.29741931	-0.662813306	0.00580110215	-0.657012224
0.0490000024	1.29731047	-0.6630584	0.00604624534	-0.657012165
0.0500000007	1.29719949	-0.663308442	0.00629651826	-0.657011926
0.0510000028	1.29708624	-0.663563728	0.00655192649	-0.657011807
0.0520000011	1.29697073	-0.663823962	0.00681247376	-0.657011509
0.0530000031	1.29685295	-0.664089441	0.00707816519	-0.657011271
0.0540000014	1.2967329	-0.664360285	0.00734900497	-0.657011271
0.0550000034	1.29661059	-0.664636135	0.00762499822	-0.657011151
0.0560000017	1.29648602	-0.664917052	0.00790615007	-0.657010913
0.0570000038	1.29635918	-0.665203393	0.00819246657	-0.657010913
0.0580000021	1.29623008	-0.665494859	0.00848395098	-0.657010913
0.0590000041	1.29609871	-0.665791452	0.00878060982	-0.657010853
0.0600000024	1.29596508	-0.666093111	0.0090824496	-0.657010674
0.0610000044	1.29582918	-0.666400254	0.00938947313	-0.657010794
0.0620000027	1.29569101	-0.666712463	0.00970168691	-0.657010794
0.063000001	1.2955507	-0.6670295	0.0100190965	-0.657010376
0.064000003	1.29540813	-0.667351961	0.0103417067	-0.657010257
0.0650000051	1.29526329	-0.667679489	0.0106695248	-0.657009959
0.0659999996	1.29511619	-0.668012321	0.0110025546	-0.65700978
0.0670000017	1.29496682	-0.668350399	0.0113408044	-0.657009602
0.0680000037	1.29481518	-0.668693542	0.011684279	-0.657009244
0.0690000057	1.29466128	-0.669041991	0.0120329838	-0.657009006
0.0700000003	1.29450512	-0.669395864	0.0123869264	-0.657008946
0.0710000023	1.29434657	-0.669754982	0.0127461115	-0.657008886
0.0720000044	1.29418576	-0.670119464	0.0131105455	-0.657008946
0.0730000064	1.29402268	-0.670489192	0.0134802368	-0.657008946
0.074000001	1.29385734	-0.670864165	0.0138551891	-0.657009006
0.075000003	1.29368973	-0.671244383	0.0142354099	-0.657008946
0.076000005	1.29351985	-0.671629906	0.0146209057	-0.657009006
0.077000007	1.29334772	-0.672020674	0.0150116831	-0.657009006
0.0780000016	1.29317319	-0.672417104	0.0154077504	-0.657009363
0.0790000036	1.29299641	-0.672818601	0.0158091113	-0.657009482
0.0800000057	1.29281735	-0.673225522	0.0162157733	-0.657009721
0.0810000002	1.29263604	-0.673637629	0.0166277476	-0.6570099
0.0820000023	1.29245245	-0.674055219	0.0170450322	-0.657010198
0.0830000043	1.29226661	-0.674477935	0.0174676441	-0.657010317
0.0840000063	1.2920785	-0.674905956	0.0178955849	-0.657010376
0.0850000009	1.29188812	-0.67533946	0.0183288623	-0.657010615
0.0860000029	1.29169548	-0.675778151	0.0187674835	-0.657010674
0.0870000049	1.29150057	-0.676222146	0.0192114543	-0.657010674
0.088000007	1.2913034	-0.676671505	0.0196607839	-0.657010734
0.0890000015	1.29110396	-0.677126229	0.0201154817	-0.657010734
0.0900000036	1.29090214	-0.677586555	0.0205755513	-0.657011032
0.0910000056	1.29069805	-0.678052306	0.021041004	-0.65701133
0.0920000076	1.2904917	-0.678523302	0.0215118453	-0.657011449
0.0930000022	1.29028308	-0.678999543	0.0219880808	-0.657011449
0.0940000042	1.2900722	-0.679481268	0.022469718	-0.657011569
0.0950000063	1.28985906	-0.679968357	0.0229567699	-0.657011569
0.0960000008	1.28964365	-0.680460811	0.0234492403	-0.657011569
0.0970000029	1.28942585	-0.680958927	0.0239471365	-0.657011807
0.0980000049	1.28920579	-0.681462407	0.0244504679	-0.657011926
0.0990000069	1.28898346	-0.681971371	0.024959242	-0.657012105
0.100000001	1.28875887	-0.6824857	0.025473468	-0.657012224
0.101000004	1.28853202	-0.683005154	0.0259931516	-0.657011986
0.102000006	1.28830278	-0.683530629	0.026518302	-0.657012343
0.103000008	1.28807127	-0.684061408	0.0270489268	-0.657012463
0.104000002	1.28783751	-0.684597492	0.0275850315	-0.657012463
0.105000004	1.28760147	-0.685139239	0.0281266272	-0.657012582
0.106000006	1.28736305	-0.685686469	0.0286737233	-0.657012761
0.107000008	1.28712237	-0.686239123	0.0292263273	-0.65701282
0.108000003	1.28687942	-0.68679738	0.0297844447	-0.657012939
0.109000005	1.28663421	-0.687361002	0.0303480867	-0.657012939
0.110000007	1.28638661	-0.687930405	0.0309172608	-0.657013118
0.111000009	1.28613675	-0.688505232	0.0314919762	-0.657013237
0.112000003	1.28588462	-0.689085424	0.0320722423	-0.657013178
0.113000005	1.28563011	-0.689671516	0.0326580629	-0.657013476
0.114000008	1.28537333	-0.690263033	0.033249449	-0.657013595
0.115000002	1.28511429	-0.690860033	0.0338464044	-0.657013655
0.116000004	1.28485286	-0.691462874	0.034448944	-0.657013953
0.117000006	1.28458917	-0.692071021	0.0350570753	-0.657013953
0.118000008	1.28432322	-0.692684889	0.0356708094	-0.657014072
0.119000003	1.28405488	-0.69330436	0.0362901464	-0.657014191
0.120000005	1.28378427	-0.693929374	0.0369151011	-0.657014251
0.121000007	1.2835114	-0.694559932	0.0375456735	-0.657014251
0.122000009	1.28323615	-0.695196271	0.0381818824	-0.65701437
0.123000003	1.28295863	-0.695838094	0.0388237312	-0.65701437
0.124000005	1.28267872	-0.696485877	0.0394712277	-0.657014668
0.125	1.28239655	-0.697139263	0.0401243828	-0.657014906
0.126000002	1.28211212	-0.697798073	0.0407832041	-0.657014847
0.127000004	1.2818253	-0.698462725	0.0414477028	-0.657015026
0.128000006	1.28153622	-0.699132919	0.0421178788	-0.657015026
0.129000008	1.28124475	-0.699808896	0.0427937545	-0.657015145
0.13000001	1.28095102	-0.700490534	0.0434753224	-0.657015204
0.131000012	1.28065491	-0.701177895	0.0441626087	-0.657015264
0.131999999	1.28035653	-0.701871037	0.0448556021	-0.657015443
0.133000001	1.28005576	-0.702569962	0.045554325	-0.657015622
0.134000003	1.27975273	-0.703274369	0.0462587811	-0.657015562
0.135000005	1.27944732	-0.703984857	0.0469689742	-0.65701586
0.136000007	1.27913964	-0.704700887	0.0476849191	-0.657015979
0.137000009	1.27882957	-0.705422759	0.0484066196	-0.657016158
0.138000011	1.27851725	-0.706150174	0.0491340868	-0.657016098
0.139000013	1.27820253	-0.706883609	0.0498673283	-0.657016277
0.140000001	1.27788556	-0.707622647	0.0506063513	-0.657016277
0.141000003	1.27756619	-0.708367705	0.0513511598	-0.657016516
0.142000005	1.27724457	-0.709118128	0.0521017797	-0.657016337
0.143000007	1.27692056	-0.709874809	0.0528582036	-0.657016635
0.144000009	1.27659428	-0.710636914	0.053620439	-0.657016456
0.145000011	1.27626562	-0.711405039	0.054388497	-0.657016516
0.146000013	1.27593458	-0.712179005	0.0551623814	-0.657016635
0.147	1.27560127	-0.712958634	0.0559420995	-0.657016516
0.148000002	1.27526557	-0.713744283	0.0567276627	-0.657016635
0.149000004	1.2749275	-0.714535892	0.0575190783	-0.657016814
0.150000006	1.27458715	-0.715333164	0.05831635	-0.657016814
0.151000008	1.27424443	-0.716136456	0.0591194928	-0.657016993
0.15200001	1.27389944	-0.716945291	0.0599285066	-0.657016754
0.153000012	1.27355206	-0.717760265	0.0607434027	-0.657016873
0.154000014	1.2732023	-0.71858114	0.0615641885	-0.657016933
0.155000001	1.27285016	-0.719408095	0.0623908639	-0.657017231
0.156000003	1.27249575	-0.720240474	0.0632234439	-0.657017052
0.157000005	1.27213895	-0.721079111	0.0640619397	-0.657017171
0.158000007	1.27177978	-0.721923709	0.0649063364	-0.65701735
0.159000009	1.27141833	-0.72277391	0.0657566637	-0.657017231
0.160000011	1.27105451	-0.723630071	0.0666129068	-0.657017171
0.161000013	1.2706883	-0.724492371	0.0674750879	-0.657017291
0.162	1.2703197	-0.725360513	0.0683432072	-0.657017291
0.163000003	1.26994884	-0.726234674	0.0692172721	-0.65701741
0.164000005	1.2695756	-0.727114618	0.0700972825	-0.65701735
0.165000007	1.26919997	-0.728000641	0.0709832609	-0.65701735
0.166000009	1.26882195	-0.728892684	0.0718751922	-0.657017469
0.167000011	1.26844168	-0.729790568	0.0727730915	-0.657017469
0.168000013	1.26805902	-0.730694354	0.0736769587	-0.65701741
0.169000015	1.26767397	-0.731604159	0.0745868012	-0.65701735
0.170000002	1.26728654	-0.732519984	0.0755026266	-0.65701735
0.171000004	1.26689672	-0.733441889	0.0764244348	-0.657017469
0.172000006	1.26650453	-0.734369874	0.0773522332	-0.657017648
0.173000008	1.26611006	-0.735303462	0.0782860294	-0.65701741
0.17400001	1.26571321	-0.736243367	0.0792258233	-0.657017529
0.175000012	1.26531398	-0.737188995	0.0801716149	-0.65701735
0.176000014	1.26491237	-0.738140941	0.0811234042	-0.657017529
0.177000001	1.26450837	-0.739098668	0.0820812061	-0.657017469
0.178000003	1.26410198	-0.740062535	0.0830450207	-0.657017529
0.179000005	1.26369321	-0.741032541	0.084014833	-0.657017708
0.180000007	1.26328206	-0.742008388	0.0849906653	-0.657017708
0.181000009	1.26286852	-0.742990375	0.0859725103	-0.657017887
0.182000011	1.26245272	-0.743978143	0.0869603828	-0.657017767
0.183000013	1.26203454	-0.74497205	0.0879542679	-0.657017767
0.184000015	1.26161397	-0.745971859	0.088954173	-0.657017708
0.185000002	1.26119101	-0.746977746	0.0899600983	-0.657017648
0.186000004	1.26076567	-0.747989476	0.0909720436	-0.65701741
0.187000006	1.26033795	-0.749007463	0.0919900164	-0.657017469
0.188000008	1.25990784	-0.750031412	0.0930140167	-0.65701741
0.18900001	1.25947535	-0.75106138	0.0940440297	-0.65701735
0.190000013	1.25904047	-0.752097487	0.0950800702	-0.65701741
0.191000015	1.25860322	-0.753139496	0.0961221159	-0.65701735
0.192000002	1.25816357	-0.754187584	0.097170189	-0.65701741
0.193000004	1.25772154	-0.755241573	0.0982242748	-0.657017291
0.194000006	1.25727713	-0.756301641	0.0992843658	-0.657017291
0.195000008	1.25683033	-0.757367849	0.100350469	-0.65701735
0.19600001	1.25638115	-0.758440018	0.101422586	-0.65701741
0.197000012	1.25592959	-0.759518027	0.102500714	-0.657017291
0.198000014	1.25547564	-0.760602057	0.103584833	-0.657017231
0.199000016	1.25501931	-0.761692166	0.104674943	-0.657017231
0.200000003	1.25456059	-0.762788236	0.10577105	-0.657017171
0.201000005	1.25409949	-0.763890266	0.10687314	-0.657017112
0.202000007	1.253636	-0.764998198	0.107981205	-0.657016993
0.203000009	1.25317013	-0.766112089	0.109095253	-0.657016814
0.204000011	1.25270188	-0.767231941	0.110215254	-0.657016695
0.205000013	1.25223124	-0.768357873	0.111341216	-0.657016635
0.206000015	1.2517581	-0.769489884	0.112473123	-0.657016754
0.207000017	1.25128257	-0.770627856	0.113610975	-0.657016873
0.208000004	1.25080466	-0.771771789	0.114754766	-0.657016993
0.209000006	1.25032437	-0.772921562	0.11590448	-0.657017112
0.210000008	1.24984169	-0.774077177	0.117060103	-0.657017052
0.21100001	1.24935663	-0.775238693	0.118221626	-0.657017052
0.212000012	1.24886918	-0.77640605	0.119389042	-0.657016993
0.213000014	1.24837935	-0.777579308	0.120562345	-0.657016993
0.214000016	1.24788713	-0.778758585	0.121741503	-0.657017112
0.215000004	1.24739254	-0.779943287	0.122926518	-0.657016754
0.216000006	1.24689555	-0.781134009	0.124117374	-0.657016635
0.217000008	1.24639618	-0.782330632	0.125314042	-0.657016575
0.21800001	1.24589431	-0.783533216	0.126516536	-0.657016695
0.219000012	1.24539006	-0.78474164	0.127724826	-0.657016814
0.220000014	1.24488342	-0.785955667	0.128938884	-0.657016754
0.221000016	1.24437439	-0.787175536	0.130158693	-0.657016873
0.222000018	1.24386299	-0.788401127	0.131384239	-0.657016873
0.223000005	1.24334919	-0.789632261	0.132615507	-0.657016754
0.224000007	1.24283302	-0.790869236	0.133852467	-0.657016754
0.225000009	1.24231446	-0.792111874	0.135095119	-0.657016754
0.226000011	1.24179351	-0.793360114	0.13634342	-0.657016695
0.227000013	1.24127018	-0.794613779	0.137597367	-0.657016397
0.228000015	1.24074435	-0.795873404	0.138856933	-0.657016456
0.229000017	1.24021614	-0.797138691	0.140122071	-0.657016635
0.230000004	1.23968554	-0.798409462	0.141392797	-0.657016635
0.231000006	1.23915255	-0.799685717	0.142669037	-0.657016695
0.232000008	1.23861718	-0.800967455	0.143950775	-0.657016695
0.23300001	1.23807943	-0.802254677	0.145238027	-0.657016635
0.234000012	1.23753929	-0.803547382	0.146530718	-0.657016635
0.235000014	1.23699677	-0.804845452	0.147828847	-0.657016635
0.236000016	1.23645186	-0.806148887	0.149132341	-0.657016516
0.237000018	1.23590457	-0.807457566	0.1504412	-0.657016397
0.238000005	1.2353549	-0.808771729	0.151755378	-0.657016337
0.239000008	1.23480284	-0.810091019	0.153074846	-0.657016158
0.24000001	1.2342484	-0.811415613	0.154399559	-0.657016039
0.241000012	1.23369145	-0.81274569	0.155729517	-0.657016158
0.242000014	1.23313212	-0.814080954	0.157064632	-0.657016337
0.243000016	1.23257041	-0.815421343	0.158404887	-0.657016456
0.244000018	1.23200631	-0.816766858	0.159750268	-0.657016575
0.245000005	1.23143983	-0.818117261	0.161100686	-0.657016575
0.246000007	1.23087096	-0.819472849	0.16245611	-0.657016754
0.247000009	1.23029971	-0.820833385	0.163816527	-0.657016873
0.248000011	1.22972608	-0.822198808	0.165181875	-0.657016933
0.249000013	1.22915006	-0.823569179	0.166552082	-0.657017112
0.25	1.22857165	-0.824944437	0.167927131	-0.657017291
0.251000017	1.22799098	-0.826324105	0.169306934	-0.657017171
0.252000004	1.22740793	-0.827708423	0.17069146	-0.657016993
0.253000021	1.2268225	-0.829097748	0.172080696	-0.657017052
0.254000008	1.22623467	-0.830491483	0.173474535	-0.657016933
0.255000025	1.22564447	-0.831889749	0.17487295	-0.657016814
0.256000012	1.22505188	-0.833292782	0.176275834	-0.657016933
0.256999999	1.22445691	-0.834700227	0.17768319	-0.657017052
0.258000016	1.22385955	-0.836112142	0.179094926	-0.657017231
0.259000003	1.22325993	-0.83752799	0.180510968	-0.657016993
0.26000002	1.22265792	-0.838948309	0.181931272	-0.657017052
0.261000007	1.22205353	-0.840372682	0.183355793	-0.657016873
0.262000024	1.22144675	-0.841801524	0.184784412	-0.657017112
0.263000011	1.22083759	-0.843234301	0.186217085	-0.657017231
0.263999999	1.22022617	-0.844670892	0.18765375	-0.657017112
0.265000015	1.21961236	-0.846111536	0.18909432	-0.657017231
0.266000003	1.21899617	-0.847556055	0.190538719	-0.65701735
0.26700002	1.21837771	-0.849004149	0.191986874	-0.657017291
0.268000007	1.21775687	-0.850456119	0.193438694	-0.65701741
0.269000024	1.21713364	-0.851911545	0.19489412	-0.65701741
0.270000011	1.21650815	-0.853370488	0.196353048	-0.657017469
0.271000028	1.21588027	-0.854833007	0.197815403	-0.657017589
0.272000015	1.21525013	-0.856298685	0.199281111	-0.657017589
0.273000002	1.21461761	-0.857767701	0.200750053	-0.657017648
0.274000019	1.21398282	-0.859239817	0.202222139	-0.657017708
0.275000006	1.21334565	-0.860715151	0.203697279	-0.657017887
0.276000023	1.21270621	-0.862193108	0.20517537	-0.657017708
0.27700001	1.21206439	-0.863674343	0.206656367	-0.657017946
0.278000027	1.2114203	-0.8651582	0.208140105	-0.657018065
0.279000014	1.21077394	-0.86664474	0.209626496	-0.657018244
0.280000001	1.21012521	-0.868133783	0.21111545	-0.657018304
0.281000018	1.20947421	-0.86962533	0.212606847	-0.657018483
0.282000005	1.20882094	-0.871119142	0.214100555	-0.657018602
0.283000022	1.20816541	-0.872615099	0.215596497	-0.657018602
0.284000009	1.20750761	-0.874113202	0.217094526	-0.657018661
0.285000026	1.20684743	-0.875613391	0.218594521	-0.6570189
0.286000013	1.20618498	-0.877115488	0.220096365	-0.657019138
0.287	1.20552039	-0.878619134	0.221599922	-0.657019198
0.288000017	1.20485353	-0.880124271	0.223105103	-0.657019138
0.289000005	1.20418441	-0.881630898	0.224611744	-0.657019138
0.290000021	1.20351315	-0.883138657	0.226119712	-0.65701896
0.291000009	1.20283961	-0.884647727	0.227628887	-0.65701884
0.292000026	1.20216382	-0.88615787	0.229139104	-0.657018781
0.293000013	1.20148575	-0.887668967	0.230650246	-0.657018721
0.294	1.20080554	-0.889180601	0.232162163	-0.657018423
0.295000017	1.20012307	-0.890693009	0.23367466	-0.657018363
0.296000004	1.19943833	-0.892206073	0.23518765	-0.657018423
0.297000021	1.19875145	-0.893719196	0.236700922	-0.657018304
0.298000008	1.1980623	-0.895232618	0.238214329	-0.657018304
0.299000025	1.19737101	-0.89674598	0.239727721	-0.657018244
0.300000012	1.19667745	-0.898259282	0.241240948	-0.657018304
0.301000029	1.19598174	-0.899772167	0.242753819	-0.657018363
0.302000016	1.19528389	-0.901284456	0.244266123	-0.657018304
0.303000003	1.19458389	-0.90279597	0.245777741	-0.657018244
0.30400002	1.19388175	-0.90430665	0.247288451	-0.657018185
0.305000007	1.19317746	-0.905816197	0.248798102	-0.657018065
0.306000024	1.19247103	-0.907324433	0.250306487	-0.657017946
0.307000011	1.19176245	-0.908831358	0.251813382	-0.657017946
0.308000028	1.19105172	-0.910336494	0.253318667	-0.657017827
0.309000015	1.19033885	-0.911839962	0.254822016	-0.657017946
0.310000002	1.18962383	-0.913341522	0.256323367	-0.657018185
0.311000019	1.18890679	-0.914840579	0.257822424	-0.657018185
0.312000006	1.1881876	-0.916337311	0.259319007	-0.657018304
0.313000023	1.18746638	-0.917831182	0.260812849	-0.657018304
0.31400001	1.18674302	-0.919322312	0.26230374	-0.657018542
0.315000027	1.18601763	-0.920810282	0.263791531	-0.657018781
0.316000015	1.18529022	-0.922294676	0.265275896	-0.657018781
0.317000002	1.18456078	-0.923775613	0.266756654	-0.65701896
0.318000019	1.18382943	-0.925252318	0.268233508	-0.657018781
0.319000006	1.18309605	-0.92672497	0.269706279	-0.657018661
0.320000023	1.18236065	-0.928193212	0.271174699	-0.657018542
0.32100001	1.18162322	-0.929657102	0.27263853	-0.657018542
0.322000027	1.18088388	-0.931115806	0.274097472	-0.657018304
0.323000014	1.18014252	-0.932569742	0.27555126	-0.657018483
0.324000001	1.17939925	-0.934017897	0.276999623	-0.657018304
0.325000018	1.17865396	-0.935460687	0.278442323	-0.657018363
0.326000005	1.17790675	-0.936897397	0.279879093	-0.657018304
0.327000022	1.17715764	-0.938327909	0.281309605	-0.657018304
0.328000009	1.17640662	-0.939751804	0.28273356	-0.657018244
0.329000026	1.1756537	-0.941169083	0.284150749	-0.657018304
0.330000013	1.17489886	-0.942579269	0.285560787	-0.657018483
0.33100003	1.17414224	-0.943981826	0.286963403	-0.657018423
0.332000017	1.17338371	-0.945376694	0.288358271	-0.657018423
0.333000004	1.1726234	-0.946763515	0.289745092	-0.657018423
0.334000021	1.17186117	-0.948142171	0.291123539	-0.657018661
0.335000008	1.17109716	-0.949512064	0.292493254	-0.657018781
0.336000025	1.17033148	-0.95087266	0.293853968	-0.657018661
0.337000012	1.16956401	-0.952223957	0.295205325	-0.657018661
0.338000029	1.16879475	-0.953565657	0.296546936	-0.657018721
0.339000016	1.16802382	-0.954897165	0.297878504	-0.657018661
0.340000004	1.16725111	-0.956218302	0.299199641	-0.657018661
0.341000021	1.16647673	-0.957528591	0.300510049	-0.657018542
0.342000008	1.16570067	-0.958827794	0.301809251	-0.657018542
0.343000025	1.16492295	-0.960115433	0.30309698	-0.657018423
0.344000012	1.16414356	-0.96139133	0.304372817	-0.657018542
0.345000029	1.1633625	-0.962654948	0.305636346	-0.657018602
0.346000016	1.16257977	-0.963905931	0.306887239	-0.657018661
0.347000003	1.1617955	-0.965143859	0.308125049	-0.657018781
0.34800002	1.16100967	-0.966368318	0.309349418	-0.6570189
0.349000007	1.16022241	-0.967578709	0.310559928	-0.657018781
0.350000024	1.1594336	-0.968774796	0.311756104	-0.657018661
0.351000011	1.15864325	-0.969956338	0.312937647	-0.657018661
0.352000028	1.15785146	-0.971122622	0.314104021	-0.657018602
0.353000015	1.15705812	-0.972273469	0.315254837	-0.657018661
0.354000002	1.15626335	-0.973408401	0.31638968	-0.657018721
0.355000019	1.15546715	-0.974526823	0.317508072	-0.657018781
0.356000006	1.15466952	-0.975628436	0.318609595	-0.65701884
0.357000023	1.15387058	-0.976712584	0.319693774	-0.657018781
0.35800001	1.15307021	-0.97777909	0.320760101	-0.657019019
0.359000027	1.15226853	-0.978827238	0.321808189	-0.657019019
0.360000014	1.15146565	-0.97985661	0.322837532	-0.657019079
0.361000031	1.15066147	-0.98086679	0.323847651	-0.657019138
0.362000018	1.14985609	-0.981857181	0.324838072	-0.657019138
0.363000005	1.14904952	-0.982827365	0.325808257	-0.657019138
0.364000022	1.14824164	-0.983776927	0.326757759	-0.657019138
0.36500001	1.14743268	-0.984705269	0.327686071	-0.657019198
0.366000026	1.14662254	-0.985611856	0.328592658	-0.657019198
0.367000014	1.14581132	-0.986496329	0.329477012	-0.657019317
0.368000031	1.14499891	-0.987358093	0.330338627	-0.657019496
0.369000018	1.14418566	-0.988196373	0.331176966	-0.657019377
0.370000005	1.14337134	-0.98901093	0.331991553	-0.657019377
0.371000022	1.14255607	-0.989801168	0.332781792	-0.657019377
0.372000009	1.14173973	-0.990566671	0.333547145	-0.657019496
0.373000026	1.14092255	-0.991306543	0.334287077	-0.657019496
0.374000013	1.14010441	-0.992020607	0.335001051	-0.657019556
0.37500003	1.13928545	-0.992708087	0.335688502	-0.657019615
0.376000017	1.13846576	-0.993368447	0.336348891	-0.657019556
0.377000004	1.13764524	-0.99400115	0.336981624	-0.657019496
0.378000021	1.13682389	-0.99460572	0.337586135	-0.657019615
0.379000008	1.13600183	-0.995181501	0.338161826	-0.657019675
0.380000025	1.13517904	-0.995727897	0.338708162	-0.657019734
0.381000012	1.13435566	-0.996244371	0.339224547	-0.657019854
0.382000029	1.13353157	-0.996730328	0.339710414	-0.657019913
0.383000016	1.13270712	-0.997185051	0.340165168	-0.657019854
0.384000003	1.13188207	-0.997608125	0.340588212	-0.657019913
0.38500002	1.13105655	-0.997998834	0.34097892	-0.657019913
0.386000007	1.13023055	-0.99835664	0.341336727	-0.657019913
0.387000024	1.12940407	-0.998681009	0.341661036	-0.657019973
0.388000011	1.12857723	-0.998971283	0.341951221	-0.657020092
0.389000028	1.12775016	-0.999226809	0.342206687	-0.657020092
0.390000015	1.12692273	-0.999446988	0.342426836	-0.657020152
0.391000032	1.12609506	-0.999631286	0.342611104	-0.657020211
0.39200002	1.12526715	-0.999779046	0.342758805	-0.657020211
0.393000007	1.12443912	-0.999889672	0.342869341	-0.65702033
0.394000024	1.12361097	-0.999962568	0.342942148	-0.65702045
0.395000011	1.12278283	-0.999997079	0.3429766	-0.65702045
0.396000028	1.12195456	-0.999992609	0.34297213	-0.65702045
0.397000015	1.12112629	-0.999948621	0.342928022	-0.657020569
0.398000032	1.12029815	-0.99986434	0.342843771	-0.657020569
0.399000019	1.11947024	-0.999739408	0.34271872	-0.657020688
0.400000006	1.11864245	-0.999573112	0.342552304	-0.657020807
0.401000023	1.1178149	-0.999364734	0.342343897	-0.657020807
0.40200001	1.11698759	-0.999113798	0.342092901	-0.657020926
0.403000027	1.11616051	-0.998819709	0.341798723	-0.657020986
0.404000014	1.11533391	-0.99848187	0.341460794	-0.657021046
0.405000031	1.11450779	-0.998099685	0.34107852	-0.657021165
0.406000018	1.11368215	-0.997672558	0.340651333	-0.657021224
0.407000005	1.11285698	-0.997199893	0.340178639	-0.657021284
0.408000022	1.11203253	-0.996681213	0.339659929	-0.657021284
0.409000009	1.11120868	-0.996115923	0.339094549	-0.657021403
0.410000026	1.11038554	-0.995503426	0.338482052	-0.657021403
0.411000013	1.10956311	-0.994843245	0.337821841	-0.657021403
0.41200003	1.10874152	-0.994134784	0.33711338	-0.657021403
0.413000017	1.10792089	-0.993377566	0.336356133	-0.657021403
0.414000034	1.1071012	-0.992571115	0.335549563	-0.657021523
0.415000021	1.10628247	-0.991714835	0.334693223	-0.657021642
0.416000009	1.10546494	-0.990808368	0.333786637	-0.657021761
0.417000026	1.10464847	-0.989851117	0.332829297	-0.657021821
0.418000013	1.1038332	-0.988842607	0.331820756	-0.65702188
0.41900003	1.10301912	-0.98778224	0.330760509	-0.657021761
0.420000017	1.10220647	-0.986670017	0.329648167	-0.65702188
0.421000034	1.10139525	-0.985505223	0.328483313	-0.65702188
0.422000021	1.10058546	-0.9842875	0.327265531	-0.657021999
0.423000008	1.0997771	-0.983016372	0.325994432	-0.65702194
0.424000025	1.09897053	-0.981691718	0.324669659	-0.657022059
0.425000012	1.09816551	-0.980312943	0.323290884	-0.657022059
0.426000029	1.09736228	-0.978879809	0.32185775	-0.657022059
0.427000016	1.09656096	-0.977392197	0.320369959	-0.657022238
0.428000033	1.09576142	-0.975849628	0.318827242	-0.657022357
0.42900002	1.09496379	-0.974251509	0.31722936	-0.657022119
0.430000007	1.09416831	-0.972598195	0.315576047	-0.657022119
0.431000024	1.09337497	-0.970889449	0.313867122	-0.657022357
0.432000011	1.09258378	-0.969124794	0.312102377	-0.657022417
0.433000028	1.09179485	-0.967303991	0.310281664	-0.657022357
0.434000015	1.09100831	-0.965427399	0.308404833	-0.657022595
0.435000032	1.09022415	-0.96349442	0.306471825	-0.657022595
0.436000019	1.08944249	-0.961505175	0.304482579	-0.657022595
0.437000006	1.08866346	-0.959459901	0.302437007	-0.657022893
0.438000023	1.08788705	-0.957358003	0.300335199	-0.657022834
0.43900001	1.0871135	-0.955200195	0.298177123	-0.657023072
0.440000027	1.08634269	-0.952986002	0.295962811	-0.657023191
0.441000015	1.08557475	-0.950715542	0.29369247	-0.657023072
0.442000031	1.0848099	-0.948389411	0.29136613	-0.657023311
0.443000019	1.08404803	-0.946007133	0.28898403	-0.657023072
0.444000036	1.08328938	-0.943569541	0.28654635	-0.657023191
0.445000023	1.08253407	-0.941076994	0.284053415	-0.657023549
0.44600001	1.08178198	-0.938528657	0.281505495	-0.657023191
0.447000027	1.08103335	-0.935926199	0.278902888	-0.657023311
0.448000014	1.08028829	-0.933269501	0.276246011	-0.657023489
0.449000031	1.07954681	-0.930558801	0.273535252	-0.657023549
0.450000018	1.07880902	-0.927794576	0.270771116	-0.65702343
0.451000035	1.07807505	-0.924977899	0.267954111	-0.657023787
0.452000022	1.07734489	-0.922108173	0.265084803	-0.65702337
0.453000009	1.07661879	-0.919187307	0.262163818	-0.657023489
0.454000026	1.07589674	-0.916215301	0.259191781	-0.657023549
0.455000013	1.07517874	-0.91319263	0.256169438	-0.657023191
0.45600003	1.07446516	-0.910120845	0.253097534	-0.657023311
0.457000017	1.07375586	-0.907000303	0.249976888	-0.65702343
0.458000034	1.0730511	-0.903832078	0.246808395	-0.657023668
0.459000021	1.07235074	-0.900616407	0.243592903	-0.657023489
0.460000008	1.07165504	-0.897354722	0.240331411	-0.657023311
0.461000025	1.0709641	-0.894048095	0.237024978	-0.657023132
0.462000012	1.07027793	-0.89069736	0.23367466	-0.657022715
0.463000029	1.06959677	-0.887304425	0.230281591	-0.657022834
0.464000016	1.06892061	-0.88386941	0.226846933	-0.657022476
0.465000033	1.0682497	-0.880394816	0.223371983	-0.657022834
0.466000021	1.06758392	-0.876881003	0.219858006	-0.657023013
0.467000008	1.06692338	-0.873328447	0.216306359	-0.657022119
0.468000025	1.06626844	-0.869741201	0.212718487	-0.657022715
0.469000012	1.06561887	-0.866117954	0.209095821	-0.657022119
0.470000029	1.06497502	-0.862462282	0.20543991	-0.657022357
0.471000016	1.0643369	-0.858774304	0.201752335	-0.657021999
0.472000033	1.06370449	-0.855056047	0.198034719	-0.657021344
0.47300002	1.06307817	-0.851310253	0.19428876	-0.657021523
0.474000037	1.0624578	-0.847537637	0.190516233	-0.657021403
0.475000024	1.06184363	-0.843740225	0.186718926	-0.657021284
0.476000011	1.06123567	-0.839920402	0.182898685	-0.657021701
0.477000028	1.06063402	-0.836078882	0.179057464	-0.657021403
0.478000015	1.06003881	-0.832218528	0.175197214	-0.657021284
0.479000032	1.05945003	-0.82834053	0.171319947	-0.657020569
0.480000019	1.05886805	-0.824448347	0.167427734	-0.657020628
0.481000036	1.05829275	-0.820543289	0.16352275	-0.657020569
0.482000023	1.05772436	-0.816628218	0.159607112	-0.657021105
0.48300001	1.05716288	-0.812704325	0.155683085	-0.657021224
0.484000027	1.05660844	-0.808773994	0.151752889	-0.657021105
0.485000014	1.05606115	-0.804840565	0.147818863	-0.657021701
0.486000031	1.05552101	-0.800904751	0.143883362	-0.657021403
0.487000018	1.05498827	-0.796970129	0.139948815	-0.657021284
0.488000035	1.05446291	-0.793038368	0.136017621	-0.657020748
0.489000022	1.05394518	-0.78911376	0.132092267	-0.657021523
0.49000001	1.05343497	-0.785196304	0.128175288	-0.657021046
0.491000026	1.0529325	-0.781290054	0.124269247	-0.657020807
0.492000014	1.0524379	-0.777396917	0.120376691	-0.657020211
0.493000031	1.05195117	-0.77352047	0.116500244	-0.657020211
0.494000018	1.05147254	-0.769663334	0.112642564	-0.657020748
0.495000035	1.05100191	-0.765826225	0.10880629	-0.657019913
0.496000022	1.05053949	-0.762014151	0.104994118	-0.657020032
0.497000009	1.05008543	-0.75822854	0.101208776	-0.657019734
0.498000026	1.0496397	-0.754472494	0.0974529609	-0.657019556
0.499000013	1.04920256	-0.750749826	0.093729414	-0.65702039
0.5	1.04877388	-0.747061253	0.0900408998	-0.65702033
0.501000047	1.04835379	-0.743409634	0.08639016	-0.657019496
0.502000034	1.04794252	-0.7397995	0.0827799588	-0.657019556
0.503000021	1.04754007	-0.736232996	0.079213053	-0.657019973
0.504000008	1.04714644	-0.732711315	0.0756921992	-0.657019138
0.504999995	1.04676187	-0.729239225	0.0722201467	-0.657019079
0.506000042	1.04638636	-0.725818872	0.0687996447	-0.657019258
0.507000029	1.04601991	-0.722451925	0.0654334202	-0.657018483
0.508000016	1.04566276	-0.719142199	0.0621241927	-0.657018006
0.509000003	1.04531491	-0.715892553	0.0588746481	-0.657017887
0.51000005	1.04497635	-0.712703943	0.0556874536	-0.657016516
0.511000037	1.04464734	-0.709581614	0.052565258	-0.657016337
0.512000024	1.04432786	-0.706526518	0.0495106652	-0.65701586
0.513000011	1.04401791	-0.703541756	0.0465262644	-0.657015502
0.513999999	1.04371774	-0.700630426	0.0436145924	-0.65701586
0.515000045	1.04342723	-0.697793245	0.0407781489	-0.657015085
0.516000032	1.04314649	-0.69503355	0.0380193703	-0.657014191
0.51700002	1.04287565	-0.692354679	0.0353406742	-0.657014012
0.518000007	1.04261482	-0.689759016	0.0327444002	-0.657014608
0.519000053	1.04236388	-0.687247038	0.0302328486	-0.657014191
0.520000041	1.04212296	-0.684821606	0.0278082415	-0.657013357
0.521000028	1.04189217	-0.682486534	0.0254727527	-0.657013774
0.522000015	1.04167163	-0.680242777	0.0232284814	-0.65701431
0.523000002	1.04146123	-0.678092003	0.0210774597	-0.657014549
0.524000049	1.04126108	-0.676036119	0.0190216433	-0.657014489
0.525000036	1.04107118	-0.674077511	0.0170629099	-0.657014608
0.526000023	1.04089153	-0.672216892	0.0152030578	-0.657013834
0.52700001	1.04072237	-0.67045784	0.0134438025	-0.657014012
0.527999997	1.04056358	-0.668800592	0.0117867785	-0.657013834
0.529000044	1.04041529	-0.667247057	0.0102335252	-0.657013535
0.530000031	1.04027748	-0.665799379	0.00878549647	-0.657013893
0.531000018	1.04015017	-0.664457798	0.00744405016	-0.657013774
0.532000005	1.04003334	-0.66322279	0.00621044589	-0.657012343
0.533000052	1.03992712	-0.662097692	0.00508584734	-0.657011867
0.534000039	1.03983152	-0.661082506	0.00407132087	-0.657011211
0.535000026	1.03974664	-0.660179138	0.00316782971	-0.65701133
0.536000013	1.03967237	-0.659387827	0.00237623323	-0.657011569
0.537	1.03960884	-0.658710003	0.00169728685	-0.657012701
0.538000047	1.03955591	-0.658143282	0.00113163679	-0.657011628
0.539000034	1.03951371	-0.657691956	0.000679823395	-0.657012105
0.540000021	1.03948224	-0.657355309	0.000342279818	-0.657012999
0.541000009	1.03946149	-0.657132864	0.000119328703	-0.657013535
0.542000055	1.03945136	-0.657024145	1.11830768e-05	-0.657012939
0.543000042	1.03945196	-0.657031059	1.79466751e-05	-0.657013118
0.54400003	1.03946328	-0.657151937	0.000139613199	-0.657012343
0.545000017	1.03948534	-0.657388687	0.000376066309	-0.657012641
0.546000004	1.03951812	-0.657739162	0.000727079459	-0.657012105
0.547000051	1.03956163	-0.658205032	0.0011923163	-0.657012701
0.548000038	1.03961587	-0.658784389	0.00177133153	-0.657013059
0.549000025	1.03968072	-0.659476757	0.00246357149	-0.657013178
0.550000012	1.0397563	-0.660282373	0.00326837553	-0.657014012
0.550999999	1.03984249	-0.661198854	0.00418497715	-0.657013893
0.552000046	1.03993928	-0.662226439	0.00521250488	-0.657013953
0.553000033	1.04004669	-0.663363934	0.00634998409	-0.657013953
0.55400002	1.04016459	-0.664609194	0.00759634189	-0.65701288
0.555000007	1.0402931	-0.665963411	0.00895040017	-0.657012999
0.556000054	1.0404321	-0.66742301	0.0104108881	-0.657012105
0.557000041	1.04058158	-0.668988705	0.0119764358	-0.657012284
0.558000028	1.04074156	-0.670657635	0.013645581	-0.657012045
0.559000015	1.04091203	-0.672429562	0.0154167684	-0.65701282
0.560000002	1.04109287	-0.674301624	0.0172883533	-0.657013297
0.561000049	1.04128397	-0.676271915	0.0192586146	-0.657013297
0.562000036	1.04148531	-0.678338528	0.0213257428	-0.657012761
0.563000023	1.04169691	-0.680500507	0.023487851	-0.657012641
0.56400001	1.04191875	-0.68275547	0.0257429741	-0.657012522
0.564999998	1.04215074	-0.685101986	0.0280890707	-0.657012939
0.566000044	1.04239273	-0.687536955	0.0305240303	-0.657012939
0.567000031	1.04264486	-0.69005847	0.0330456793	-0.65701282
0.568000019	1.042907	-0.692665577	0.0356517769	-0.657013774
0.569000006	1.04317904	-0.6953547	0.0383400284	-0.657014668
0.570000052	1.04346085	-0.698122501	0.0411080793	-0.65701443
0.57100004	1.04375243	-0.70096755	0.0439535193	-0.657014012
0.572000027	1.04405379	-0.703888178	0.0468738899	-0.65701431
0.573000014	1.04436481	-0.706881285	0.049866695	-0.657014608
0.574000001	1.04468536	-0.709943533	0.0529293902	-0.657014132
0.575000048	1.04501545	-0.71307373	0.0560593903	-0.65701437
0.576000035	1.04535508	-0.716268778	0.0592540912	-0.657014668
0.577000022	1.04570401	-0.719526052	0.0625108331	-0.657015204
0.578000009	1.04606223	-0.72284174	0.0658269376	-0.657014787
0.579000056	1.04642975	-0.726215601	0.0691997185	-0.65701586
0.580000043	1.04680634	-0.729642391	0.0726264641	-0.65701592
0.58100003	1.04719198	-0.733120203	0.0761044323	-0.6570158
0.582000017	1.04758668	-0.736647844	0.0796308815	-0.657016993
0.583000004	1.0479902	-0.740219831	0.0832030624	-0.657016754
0.584000051	1.04840255	-0.743835688	0.0868182033	-0.657017469
0.585000038	1.04882371	-0.747491598	0.0904735625	-0.657018065
0.586000025	1.04925334	-0.751184225	0.0941663682	-0.657017827
0.587000012	1.04969156	-0.7549119	0.0978938639	-0.657018065
0.588	1.05013824	-0.758671284	0.101653315	-0.657017946
0.589000046	1.05059326	-0.762459517	0.105441995	-0.657017529
0.590000033	1.05105662	-0.766274691	0.109257169	-0.657017529
0.591000021	1.0515281	-0.77011323	0.11309614	-0.657017112
0.592000008	1.05200779	-0.77397418	0.116956212	-0.657017946
0.593000054	1.05249548	-0.777852774	0.120834716	-0.657018065
0.594000041	1.05299103	-0.78174758	0.124729022	-0.657018542
0.595000029	1.05349445	-0.78565526	0.128636539	-0.657018721
0.596000016	1.0540055	-0.789573431	0.132554635	-0.657018781
0.597000003	1.05452418	-0.79349947	0.136480823	-0.657018661
0.59800005	1.05505049	-0.797432184	0.140412554	-0.657019615
0.599000037	1.05558407	-0.801366568	0.14434737	-0.657019198
0.600000024	1.05612504	-0.805302382	0.148282841	-0.657019556
0.601000011	1.05667317	-0.809235811	0.152216539	-0.657019258
0.602000058	1.05722845	-0.813165188	0.156146124	-0.657019079
0.603000045	1.05779076	-0.817088366	0.160069346	-0.657019019
0.604000032	1.05835998	-0.821002722	0.163983852	-0.6570189
0.605000019	1.05893612	-0.824906826	0.167887479	-0.657019377
0.606000006	1.05951893	-0.828797579	0.171778038	-0.657019556
0.607000053	1.06010842	-0.832672954	0.175653428	-0.657019496
0.60800004	1.06070435	-0.836530924	0.179511577	-0.657019377
0.609000027	1.06130672	-0.84036994	0.183350444	-0.657019496
0.610000014	1.06191552	-0.844188094	0.187168077	-0.657020032
0.611000001	1.0625304	-0.847982407	0.190962568	-0.657019854
0.612000048	1.06315148	-0.851752162	0.194732085	-0.657020092
0.613000035	1.06377852	-0.85549438	0.198474824	-0.657019556
0.614000022	1.06441152	-0.859208822	0.202188998	-0.657019854
0.61500001	1.06505024	-0.862892628	0.205872983	-0.657019615
0.616000056	1.06569481	-0.866544962	0.209525123	-0.657019854
0.617000043	1.06634498	-0.870163798	0.213143781	-0.657020032
0.618000031	1.06700063	-0.873747468	0.216727495	-0.657019973
0.619000018	1.06766176	-0.877295136	0.220274821	-0.65702033
0.620000005	1.06832814	-0.880804539	0.223784313	-0.657020211
0.621000051	1.06899977	-0.884275079	0.227254614	-0.65702045
0.622000039	1.0696764	-0.887704492	0.230684459	-0.657020032
0.623000026	1.07035816	-0.891092777	0.234072596	-0.657020211
0.624000013	1.07104492	-0.894438386	0.237417847	-0.657020569
0.625	1.07173634	-0.89773941	0.240719065	-0.65702033
0.626000047	1.07243252	-0.900995612	0.243975222	-0.65702039
0.627000034	1.07313335	-0.904205203	0.24718526	-0.657019973
0.628000021	1.07383871	-0.907368422	0.25034824	-0.657020211
0.629000008	1.0745486	-0.910483718	0.253463238	-0.65702045
0.630000055	1.07526278	-0.9135499	0.256529361	-0.657020569
0.631000042	1.07598126	-0.916566849	0.259545863	-0.657020986
0.632000029	1.07670379	-0.919532657	0.262511939	-0.657020688
0.633000016	1.07743037	-0.922447681	0.265426904	-0.657020807
0.634000003	1.078161	-0.925310969	0.268290132	-0.657020807
0.63500005	1.07889545	-0.928121924	0.271100968	-0.657020926
0.636000037	1.07963371	-0.930879951	0.273858845	-0.657021105
0.637000024	1.08037555	-0.933583975	0.276563317	-0.657020688
0.638000011	1.08112109	-0.936234593	0.279213876	-0.657020688
0.639000058	1.0818702	-0.938831329	0.281810105	-0.657021224
0.640000045	1.08262265	-0.941372633	0.284351617	-0.657021046
0.641000032	1.08337843	-0.943858981	0.286838114	-0.657020867
0.64200002	1.08413756	-0.946290493	0.289269269	-0.657021224
0.643000007	1.08489978	-0.948666096	0.291644812	-0.657021284
0.644000053	1.08566511	-0.950986147	0.293964565	-0.657021582
0.645000041	1.08643341	-0.953249931	0.296228319	-0.657021642
0.646000028	1.08720458	-0.955457568	0.298435956	-0.657021642
0.647000015	1.0879786	-0.957609057	0.300587386	-0.657021642
0.648000002	1.08875525	-0.959704041	0.302682579	-0.657021463
0.649000049	1.08953464	-0.961742997	0.304721475	-0.657021523
0.650000036	1.09031665	-0.963725686	0.306704074	-0.657021642
0.651000023	1.09110105	-0.96565187	0.308630407	-0.657021463
0.65200001	1.09188795	-0.967522144	0.310500592	-0.657021523
0.653000057	1.09267724	-0.969336271	0.312314719	-0.657021523
0.654000044	1.09346867	-0.97109437	0.314072877	-0.657021523
0.655000031	1.09426224	-0.972796559	0.315775245	-0.657021284
0.656000018	1.09505796	-0.974443316	0.317422003	-0.657021284
0.657000005	1.09585583	-0.976034641	0.319013387	-0.657021284
0.658000052	1.09665561	-0.977571011	0.320549548	-0.657021463
0.659000039	1.09745729	-0.979052305	0.322030872	-0.657021403
0.660000026	1.09826076	-0.980479002	0.323457539	-0.657021463
0.661000013	1.0990659	-0.98185122	0.324829906	-0.657021284
0.66200006	1.09987271	-0.983169675	0.326148331	-0.657021344
0.663000047	1.10068119	-0.984434366	0.327413112	-0.657021284
0.664000034	1.10149109	-0.985645652	0.328624636	-0.657021046
0.665000021	1.10230255	-0.986804366	0.329783261	-0.657021105
0.666000009	1.10311544	-0.987910509	0.330889404	-0.657021105
0.667000055	1.10392964	-0.988964558	0.331943512	-0.657021046
0.668000042	1.10474503	-0.989967108	0.332945973	-0.657021165
0.66900003	1.10556161	-0.990918279	0.333897293	-0.657020986
0.670000017	1.10637939	-0.991818905	0.334797949	-0.657020926
0.671000004	1.10719812	-0.992669106	0.335648358	-0.657020748
0.672000051	1.10801792	-0.993469715	0.336449057	-0.657020688
0.673000038	1.10883868	-0.994221091	0.337200552	-0.657020569
0.674000025	1.10966039	-0.994923949	0.337903261	-0.657020688
0.675000012	1.11048281	-0.995578408	0.338557839	-0.657020569
0.676000059	1.11130607	-0.996185303	0.339164764	-0.657020569
0.677000046	1.11213005	-0.99674499	0.339724571	-0.65702045
0.678000033	1.11295474	-0.997258306	0.340237856	-0.65702045
0.67900002	1.1137799	-0.997725487	0.340705097	-0.65702039
0.680000007	1.11460567	-0.998147249	0.341126949	-0.65702033
0.681000054	1.1154319	-0.998524189	0.341503918	-0.657020271
0.682000041	1.11625862	-0.998856783	0.341836601	-0.657020211
0.683000028	1.1170857	-0.999145746	0.342125624	-0.657020092
0.684000015	1.11791301	-0.999391675	0.342371494	-0.657020211
0.685000062	1.11874068	-0.999595046	0.342574894	-0.657020152
0.686000049	1.11956859	-0.999756455	0.342736334	-0.657020092
0.687000036	1.12039661	-0.999876499	0.342856526	-0.657019973
0.688000023	1.12122476	-0.999955893	0.342935979	-0.657019913
0.68900001	1.12205291	-0.999995232	0.342975318	-0.657019913
0.690000057	1.12288117	-0.999994993	0.342975169	-0.657019854
0.691000044	1.12370944	-0.999955893	0.342936128	-0.657019734
0.692000031	1.12453759	-0.999878466	0.342858791	-0.657019675
0.693000019	1.12536561	-0.999763429	0.342743754	-0.657019675
0.694000006	1.1261934	-0.999611318	0.342591673	-0.657019615
0.695000052	1.12702107	-0.999422669	0.342403114	-0.657019556
0.69600004	1.12784851	-0.999198258	0.342178732	-0.657019496
0.697000027	1.1286757	-0.99893856	0.341919065	-0.657019496
0.698000014	1.12950253	-0.998644173	0.341624767	-0.657019377
0.699000061	1.13032889	-0.998315811	0.341296434	-0.657019377
0.700000048	1.13115489	-0.997954011	0.340934664	-0.657019377
0.701000035	1.13198042	-0.997559369	0.340540111	-0.657019258
0.702000022	1.13280547	-0.99713248	0.340113252	-0.657019258
0.703000009	1.13363004	-0.996673882	0.339654803	-0.657019079
0.704000056	1.13445401	-0.996184289	0.3391653	-0.657019019
0.705000043	1.13527727	-0.995664239	0.338645279	-0.65701896
0.70600003	1.13609993	-0.995114326	0.338095427	-0.6570189
0.707000017	1.13692188	-0.994535148	0.337516248	-0.6570189
0.708000004	1.13774312	-0.993927181	0.33690834	-0.65701884
0.709000051	1.13856363	-0.99329108	0.336272299	-0.657018781
0.710000038	1.13938332	-0.992627442	0.335608661	-0.657018781
0.711000025	1.14020228	-0.991936624	0.334918022	-0.657018602
0.712000012	1.1410203	-0.991219461	0.334200919	-0.657018542
0.713000059	1.14183736	-0.990476429	0.333457917	-0.657018542
0.714000046	1.14265358	-0.989707947	0.332689553	-0.657018423
0.715000033	1.14346886	-0.988914728	0.331896424	-0.657018304
0.716000021	1.14428306	-0.98809731	0.331078976	-0.657018304
0.717000008	1.1450963	-0.98725605	0.330237806	-0.657018244
0.718000054	1.14590847	-0.986391664	0.329373419	-0.657018244
0.719000041	1.14671946	-0.985504687	0.328486353	-0.657018304
0.720000029	1.14752936	-0.984595537	0.327577114	-0.657018423
0.721000016	1.1483382	-0.983664632	0.326646268	-0.657018363
0.722000062	1.14914584	-0.982712626	0.325694293	-0.657018304
0.72300005	1.14995229	-0.981739998	0.324721634	-0.657018363
0.724000037	1.15075755	-0.980747223	0.323728859	-0.657018363
0.725000024	1.15156162	-0.979734659	0.322716415	-0.657018244
0.726000011	1.15236437	-0.978703082	0.321684837	-0.657018244
0.727000058	1.15316594	-0.97765255	0.320634574	-0.657017946
0.728000045	1.15396607	-0.976584017	0.319566041	-0.657017946
0.729000032	1.15476477	-0.975497842	0.318479806	-0.657018065
0.730000019	1.15556216	-0.974394262	0.317376286	-0.657017946
0.731000006	1.15635812	-0.973273933	0.316255897	-0.657018065
0.732000053	1.15715277	-0.972137153	0.315119117	-0.657018065
0.73300004	1.15794599	-0.97098428	0.313966393	-0.657017887
0.734000027	1.15873766	-0.969816089	0.312798232	-0.657017827
0.735000014	1.1595279	-0.968632698	0.311614931	-0.657017767
0.736000061	1.16031659	-0.967434764	0.310416996	-0.657017767
0.737000048	1.16110384	-0.966222405	0.309204817	-0.657017589
0.738000035	1.16188943	-0.964996457	0.307978809	-0.657017648
0.739000022	1.16267347	-0.963756979	0.30673942	-0.657017589
0.74000001	1.16345584	-0.962504745	0.305487007	-0.657017708
0.741000056	1.16423666	-0.961239576	0.304221958	-0.657017589
0.742000043	1.16501582	-0.959962428	0.30294469	-0.657017708
0.743000031	1.16579342	-0.958673179	0.301655591	-0.657017589
0.744000018	1.16656935	-0.957372546	0.300354987	-0.657017589
0.745000064	1.16734362	-0.956060827	0.299043328	-0.657017469
0.746000051	1.16811609	-0.954738438	0.297720909	-0.657017529
0.747000039	1.1688869	-0.953405559	0.296388119	-0.657017469
0.748000026	1.16965604	-0.952062607	0.295045316	-0.657017291
0.749000013	1.17042339	-0.950709939	0.293692827	-0.657017112
0.75000006	1.17118895	-0.949348032	0.29233098	-0.657017052
0.751000047	1.17195272	-0.947977245	0.290960193	-0.657017052
0.752000034	1.17271459	-0.946597815	0.289580703	-0.657017112
0.753000021	1.17347467	-0.945210099	0.288192898	-0.657017231
0.754000008	1.17423296	-0.943814218	0.286797076	-0.657017112
0.755000055	1.17498934	-0.942410827	0.285393566	-0.657017231
0.756000042	1.17574394	-0.940999806	0.283982664	-0.657017112
0.757000029	1.17649662	-0.939581811	0.28256464	-0.657017171
0.758000016	1.17724741	-0.938157082	0.281139851	-0.657017231
0.759000063	1.17799628	-0.936725795	0.279708594	-0.657017231
0.76000005	1.17874324	-0.93528831	0.278271109	-0.657017231
0.761000037	1.1794883	-0.933844864	0.276827693	-0.657017171
0.762000024	1.18023145	-0.932395756	0.275378644	-0.657017112
0.763000011	1.18097258	-0.930941343	0.273924172	-0.657017171
0.764000058	1.18171179	-0.929481685	0.272464663	-0.657016993
0.765000045	1.18244898	-0.928017378	0.271000296	-0.657017112
0.766000032	1.18318427	-0.926548243	0.269531339	-0.657016873
0.76700002	1.18391752	-0.925074816	0.268058032	-0.657016754
0.768000007	1.18464875	-0.923597336	0.266580701	-0.657016635
0.769000053	1.18537796	-0.922116101	0.265099496	-0.657016635
0.770000041	1.18610501	-0.920631409	0.263614684	-0.657016754
0.771000028	1.18683004	-0.919143319	0.262126535	-0.657016754
0.772000015	1.18755305	-0.917652011	0.260635257	-0.657016754
0.773000062	1.18827391	-0.91615808	0.259141058	-0.657016993
0.774000049	1.18899274	-0.914661348	0.257644206	-0.657017112
0.775000036	1.18970954	-0.913161874	0.256144881	-0.657016993
0.776000023	1.1904242	-0.911660433	0.254643291	-0.657017112
0.77700001	1.19113672	-0.910156846	0.253139704	-0.657017112
0.778000057	1.19184721	-0.908651412	0.25163424	-0.657017171
0.779000044	1.19255555	-0.907144308	0.250127167	-0.657017112
0.780000031	1.19326174	-0.905635834	0.248618647	-0.657017171
0.781000018	1.19396579	-0.904126108	0.247108862	-0.657017231
0.782000065	1.1946677	-0.90261519	0.245598048	-0.657017112
0.783000052	1.19536746	-0.901103616	0.244086355	-0.657017231
0.784000039	1.19606507	-0.899591088	0.242573977	-0.657017112
0.785000026	1.19676054	-0.898078203	0.241061091	-0.657017112
0.786000013	1.19745386	-0.896564841	0.239547849	-0.657016993
0.78700006	1.19814491	-0.89505142	0.238034457	-0.657016993
0.788000047	1.19883382	-0.893537879	0.23652105	-0.657016814
0.789000034	1.19952059	-0.892024517	0.235007808	-0.657016695
0.790000021	1.20020509	-0.890511513	0.233494878	-0.657016635
0.791000009	1.20088732	-0.888999104	0.231982425	-0.657016695
0.792000055	1.20156741	-0.887487173	0.230470613	-0.657016575
0.793000042	1.20224524	-0.885976136	0.22895959	-0.657016516
0.79400003	1.20292091	-0.884465694	0.227449462	-0.657016218
0.795000017	1.20359433	-0.882956505	0.225940421	-0.657016098
0.796000063	1.20426548	-0.881448507	0.224432603	-0.65701592
0.797000051	1.20493436	-0.87994194	0.222926125	-0.6570158
0.798000038	1.20560098	-0.878436923	0.221421123	-0.6570158
0.799000025	1.20626533	-0.876933455	0.219917729	-0.657015741
0.800000012	1.2069273	-0.875432134	0.218416065	-0.657016039
0.801000059	1.207587	-0.873932481	0.216916293	-0.657016158
0.802000046	1.20824444	-0.872434855	0.215418518	-0.657016337
0.803000033	1.20889962	-0.870939434	0.213922858	-0.657016575
0.80400002	1.20955253	-0.86944598	0.212429419	-0.657016575
0.805000067	1.21020317	-0.867954969	0.21093829	-0.657016695
0.806000054	1.21085155	-0.866466284	0.209449649	-0.657016635
0.807000041	1.21149755	-0.86498034	0.207963556	-0.657016754
0.808000028	1.21214128	-0.863497138	0.206480131	-0.657016993
0.809000015	1.21278274	-0.862016439	0.204999506	-0.657016933
0.810000062	1.21342182	-0.860538721	0.203521743	-0.657016993
0.811000049	1.21405864	-0.859064221	0.202046931	-0.657017291
0.812000036	1.21469319	-0.857592285	0.200575218	-0.657017052
0.813000023	1.21532536	-0.856123805	0.199106663	-0.657017112
0.81400001	1.21595526	-0.854658425	0.197641373	-0.657017052
0.815000057	1.21658278	-0.853196502	0.196179405	-0.657017112
0.816000044	1.21720803	-0.851737916	0.194720894	-0.657016993
0.817000031	1.2178309	-0.850283027	0.193265885	-0.657017112
0.818000019	1.21845138	-0.848831654	0.191814497	-0.657017171
0.819000065	1.2190696	-0.847384036	0.190366775	-0.657017231
0.820000052	1.21968544	-0.845940173	0.188922822	-0.65701735
0.82100004	1.22029889	-0.844500065	0.187482715	-0.65701735
0.822000027	1.22091007	-0.843063831	0.186046511	-0.65701735
0.823000014	1.22151887	-0.841631711	0.184614331	-0.65701735
0.824000061	1.22212529	-0.840203643	0.183186188	-0.657017469
0.825000048	1.22272944	-0.838779628	0.181762189	-0.657017469
0.826000035	1.22333121	-0.837359846	0.180342391	-0.657017469
0.827000022	1.2239306	-0.835944176	0.17892684	-0.65701735
0.828000069	1.2245276	-0.834533095	0.177515626	-0.657017469
0.829000056	1.22512221	-0.833126366	0.176108792	-0.657017589
0.830000043	1.22571445	-0.831724048	0.174706429	-0.657017589
0.83100003	1.22630441	-0.83032614	0.173308581	-0.657017589
0.832000017	1.22689199	-0.828932881	0.171915308	-0.657017589
0.833000064	1.22747719	-0.827544093	0.170526639	-0.657017469
0.834000051	1.22806001	-0.826160192	0.169142663	-0.657017529
0.835000038	1.22864044	-0.824780941	0.167763397	-0.657017529
0.836000025	1.22921848	-0.823406458	0.166388929	-0.657017529
0.837000012	1.22979414	-0.822036982	0.165019289	-0.657017708
0.838000059	1.23036742	-0.820672154	0.163654551	-0.657017589
0.839000046	1.23093832	-0.819312513	0.162294731	-0.657017767
0.840000033	1.23150682	-0.81795764	0.160939887	-0.657017767
0.841000021	1.23207295	-0.816607893	0.159590065	-0.657017827
0.842000067	1.23263669	-0.815263152	0.15824531	-0.657017827
0.843000054	1.23319805	-0.813923478	0.156905666	-0.657017827
0.844000041	1.23375702	-0.812589228	0.155571148	-0.657018065
0.845000029	1.23431361	-0.811259806	0.154241845	-0.657017946
0.846000016	1.23486781	-0.809935808	0.152917743	-0.657018065
0.847000062	1.23541963	-0.808616996	0.151598886	-0.657018125
0.84800005	1.23596907	-0.807303429	0.150285318	-0.657018125
0.849000037	1.23651612	-0.805995107	0.148977116	-0.657018006
0.850000024	1.23706079	-0.804692268	0.147674233	-0.657018065
0.851000011	1.23760307	-0.803394675	0.146376759	-0.657017946
0.852000058	1.23814297	-0.802102685	0.145084709	-0.657017946
0.853000045	1.23868048	-0.800816059	0.143798113	-0.657017946
0.854000032	1.23921561	-0.799534738	0.142517015	-0.657017708
0.855000019	1.23974836	-0.79825902	0.141241431	-0.657017589
0.856000066	1.2402786	-0.796989202	0.13997139	-0.657017827
0.857000053	1.24080646	-0.79572463	0.138706893	-0.657017708
0.85800004	1.24133193	-0.794465899	0.137448013	-0.657017887
0.859000027	1.24185503	-0.793212533	0.136194751	-0.657017767
0.860000014	1.24237573	-0.791965008	0.134947106	-0.657017887
0.861000061	1.24289405	-0.790722966	0.133705124	-0.657017827
0.862000048	1.24340999	-0.789486647	0.132468835	-0.657017827
0.863000035	1.24392354	-0.78825599	0.131238237	-0.657017767
0.864000022	1.24443471	-0.787031054	0.130013362	-0.657017708
0.865000069	1.2449435	-0.785811722	0.128794238	-0.657017469
0.866000056	1.24544978	-0.78459847	0.127580866	-0.657017589
0.867000043	1.24595368	-0.783390939	0.126373261	-0.657017708
0.868000031	1.24645519	-0.78218931	0.125171453	-0.657017827
0.869000018	1.24695432	-0.780993342	0.123975463	-0.657017887
0.870000064	1.24745107	-0.779803038	0.1227853	-0.657017708
0.871000051	1.24794543	-0.778618872	0.121600986	-0.657017887
0.872000039	1.2484374	-0.77744031	0.120422527	-0.657017767
0.873000026	1.248927	-0.776267648	0.119249925	-0.657017708
0.874000013	1.24941421	-0.775100768	0.118083201	-0.657017589
0.87500006	1.24989903	-0.773939848	0.116922371	-0.657017469
0.876000047	1.25038147	-0.772784829	0.115767449	-0.65701735
0.877000034	1.25086141	-0.77163595	0.114618443	-0.657017529
0.878000021	1.25133896	-0.770492911	0.113475353	-0.657017589
0.879000068	1.25181413	-0.769355774	0.1123382	-0.657017589
0.880000055	1.25228691	-0.768224657	0.111206986	-0.657017648
0.881000042	1.25275731	-0.76709938	0.11008174	-0.657017648
0.882000029	1.25322533	-0.765980065	0.108962446	-0.657017589
0.883000016	1.25369096	-0.764866829	0.107849121	-0.657017708
0.884000063	1.25415421	-0.763759434	0.106741764	-0.657017648
0.88500005	1.25461507	-0.762658	0.105640382	-0.657017589
0.886000037	1.25507355	-0.761562586	0.104544997	-0.657017589
0.887000024	1.25552964	-0.760473192	0.103455588	-0.657017589
0.888000071	1.25598335	-0.759389758	0.102372184	-0.657017589
0.889000058	1.25643468	-0.758312106	0.101294778	-0.65701735
0.890000045	1.25688362	-0.757240772	0.100223377	-0.65701741
0.891000032	1.25733018	-0.75617516	0.0991579816	-0.657017171
0.89200002	1.25777435	-0.755115747	0.098098591	-0.657017171
0.893000066	1.25821614	-0.754062295	0.0970452204	-0.657017052
0.894000053	1.25865555	-0.753014803	0.0959978625	-0.657016933
0.895000041	1.25909257	-0.751973271	0.0949565247	-0.657016754
0.896000028	1.25952721	-0.750937998	0.0939212069	-0.657016814
0.897000015	1.25995946	-0.749908507	0.0928919017	-0.657016635
0.898000062	1.26038933	-0.748885214	0.0918686315	-0.657016575
0.899000049	1.26081681	-0.747867942	0.0908513814	-0.657016575
0.900000036	1.26124191	-0.74685657	0.0898401514	-0.657016397
0.901000023	1.26166463	-0.745851278	0.0888349414	-0.657016337
0.90200007	1.26208496	-0.744852185	0.0878357515	-0.657016456
0.903000057	1.26250291	-0.743858933	0.0868425816	-0.657016337
0.904000044	1.26291847	-0.742871761	0.0858554319	-0.657016337
0.905000031	1.26333165	-0.741890728	0.0848742947	-0.657016456
0.906000018	1.26374245	-0.740915656	0.0838991776	-0.657016456
0.907000065	1.26415086	-0.739946604	0.0829300731	-0.657016516
0.908000052	1.26455688	-0.738983512	0.0819669813	-0.657016516
0.909000039	1.26496053	-0.738026679	0.0810098946	-0.657016754
0.910000026	1.26536191	-0.737075448	0.0800588205	-0.657016635
0.911000073	1.2657609	-0.736130238	0.0791137442	-0.657016516
0.91200006	1.26615751	-0.735191345	0.0781746656	-0.657016695
0.913000047	1.26655173	-0.734258235	0.0772415772	-0.657016635
0.914000034	1.26694357	-0.733331084	0.076314494	-0.657016575
0.915000021	1.26733303	-0.732410073	0.0753934011	-0.657016695
0.916000068	1.2677201	-0.731495082	0.0744782835	-0.657016814
0.917000055	1.26810491	-0.730585933	0.0735691488	-0.657016754
0.918000042	1.26848733	-0.729682684	0.0726659968	-0.657016695
0.91900003	1.26886737	-0.728785515	0.0717688054	-0.657016695
0.920000017	1.26924503	-0.727894366	0.0708775744	-0.657016814
0.921000063	1.2696203	-0.727009177	0.0699923187	-0.657016873
0.922000051	1.26999331	-0.726129889	0.0691130161	-0.657016873
0.923000038	1.27036393	-0.725256503	0.0682396516	-0.657016873
0.924000025	1.27073216	-0.724388957	0.0673722327	-0.657016754
0.925000072	1.27109802	-0.723527789	0.0665107593	-0.657017052
0.926000059	1.27146161	-0.722672105	0.0656552166	-0.657016873
0.927000046	1.27182281	-0.7218225	0.0648055971	-0.657016873
0.928000033	1.27218163	-0.720978677	0.0639618933	-0.657016754
0.92900002	1.27253807	-0.720141053	0.0631241128	-0.657016933
0.930000067	1.27289224	-0.719309211	0.0622922294	-0.657016993
0.931000054	1.27324402	-0.71848309	0.0614662506	-0.657016814
0.932000041	1.27359343	-0.717663169	0.0606461726	-0.657016993
0.933000028	1.27394056	-0.71684891	0.0598319732	-0.657016933
0.934000015	1.27428532	-0.716040611	0.0590236522	-0.657016933
0.935000062	1.27462769	-0.715238214	0.0582212061	-0.657016993
0.936000049	1.27496779	-0.714441597	0.0574246235	-0.657016993
0.937000036	1.27530551	-0.713650823	0.0566339046	-0.657016933
0.938000023	1.27564085	-0.712866068	0.0558490306	-0.657017052
0.93900007	1.27597392	-0.712086916	0.0550700016	-0.657016933
0.940000057	1.2763046	-0.711313784	0.0542968065	-0.657016993
0.941000044	1.27663291	-0.710546613	0.0535294414	-0.657017171
0.942000031	1.27695894	-0.709785104	0.0527679026	-0.657017231
0.943000019	1.2772826	-0.709029555	0.0520121753	-0.65701735
0.944000065	1.27760398	-0.70827961	0.051262252	-0.65701735
0.945000052	1.27792299	-0.707535386	0.0505181253	-0.657017231
0.94600004	1.27823961	-0.706797302	0.0497797877	-0.657017529
0.947000027	1.27855396	-0.706064701	0.0490472317	-0.657017469
0.948000073	1.27886593	-0.705338001	0.0483204462	-0.657017529
0.949000061	1.27917564	-0.704617083	0.0475994274	-0.657017648
0.950000048	1.27948296	-0.703902006	0.0468841642	-0.657017827
0.951000035	1.27978802	-0.703192472	0.0461746529	-0.657017827
0.952000022	1.28009069	-0.70248878	0.0454708822	-0.657017887
0.953000069	1.2803911	-0.70179081	0.044772841	-0.657017946
0.954000056	1.28068912	-0.701098502	0.0440805219	-0.657018006
0.955000043	1.28098488	-0.700411916	0.0433939248	-0.657018006
0.95600003	1.28127825	-0.699731231	0.0427130312	-0.657018185
0.957000017	1.28156936	-0.69905591	0.0420378372	-0.657018065
0.958000064	1.28185809	-0.698386788	0.0413683355	-0.657018423
0.959000051	1.28214455	-0.697722852	0.0407045111	-0.657018363
0.960000038	1.28242862	-0.697064877	0.0400463603	-0.657018542
0.961000025	1.28271043	-0.696412504	0.0393938757	-0.657018602
0.962000072	1.28298998	-0.695765615	0.0387470499	-0.657018542
0.963000059	1.28326714	-0.695124626	0.0381058753	-0.657018781
0.964000046	1.28354204	-0.694489181	0.0374703333	-0.65701884
0.965000033	1.28381455	-0.693859458	0.0368404277	-0.657019019
0.966000021	1.2840848	-0.693235278	0.0362161435	-0.657019138
0.967000067	1.28435278	-0.692616522	0.0355974697	-0.657019079
0.968000054	1.28461838	-0.692003667	0.0349844024	-0.657019258
0.969000041	1.28488171	-0.691396236	0.0343769342	-0.657019317
0.970000029	1.28514278	-0.69079423	0.0337750576	-0.657019198
0.971000075	1.28540146	-0.690198123	0.0331787579	-0.657019377
0.972000062	1.28565788	-0.68960762	0.0325880386	-0.657019556
0.97300005	1.28591204	-0.689022243	0.0320028774	-0.657019377
0.974000037	1.28616381	-0.688442945	0.0314232707	-0.657019675
0.975000024	1.28641331	-0.687868953	0.0308492146	-0.657019734
0.976000071	1.28666055	-0.687300444	0.0302806962	-0.657019734
0.977000058	1.28690541	-0.686737657	0.029717708	-0.657019973
0.978000045	1.287148	-0.686180353	0.0291602444	-0.657020092
0.979000032	1.28738832	-0.685628533	0.0286082942	-0.657020211
0.980000019	1.28762639	-0.68508184	0.02806185	-0.657019973
0.981000066	1.28786206	-0.684541285	0.0275209025	-0.65702039
0.982000053	1.28809547	-0.684005857	0.026985446	-0.65702039
0.98300004	1.28832662	-0.683475971	0.0264554713	-0.657020509
0.984000027	1.2885555	-0.68295157	0.025930969	-0.657020628
0.985000074	1.288782	-0.682432652	0.0254119355	-0.657020688
0.986000061	1.28900623	-0.681919217	0.0248983577	-0.657020867
0.987000048	1.2892282	-0.681411088	0.0243902281	-0.657020867
0.988000035	1.2894479	-0.680908501	0.0238875411	-0.657020986
0.989000022	1.28966534	-0.6804111	0.0233902875	-0.657020807
0.990000069	1.28988039	-0.67991972	0.0228984598	-0.657021284
0.991000056	1.29009318	-0.679433465	0.0224120487	-0.657021403
0.992000043	1.29030371	-0.678952456	0.0219310503	-0.657021403
0.993000031	1.29051197	-0.67847693	0.0214554556	-0.657021463
0.994000018	1.29071796	-0.678006768	0.020985255	-0.657021523
0.995000064	1.29092169	-0.677542031	0.0205204394	-0.657021582
0.996000051	1.29112303	-0.677082658	0.0200610068	-0.657021642
0.997000039	1.29132211	-0.676628947	0.0196069479	-0.657021999
0.998000026	1.29151893	-0.676180422	0.0191582516	-0.657022178
0.999000072	1.29171348	-0.675737143	0.0187149141	-0.657022238
1	1.29190576	-0.675299287	0.0182769261	-0.657022357
1.00100005	1.29209578	-0.674866617	0.0178442802	-0.657022357
1.00200009	1.29228354	-0.67443949	0.0174169708	-0.657022536
1.00300002	1.29246902	-0.674017429	0.0169949904	-0.657022417
1.00400007	1.29265225	-0.673600912	0.0165783316	-0.657022595
1.005	1.29283309	-0.673189759	0.0161669888	-0.657022774
1.00600004	1.29301167	-0.672783852	0.0157609545	-0.657022893
1.00700009	1.29318798	-0.672383428	0.0153602213	-0.657023191
1.00800002	1.29336202	-0.671988308	0.0149647826	-0.657023549
1.00900006	1.2935338	-0.671598315	0.0145746302	-0.657023668
1.00999999	1.29370332	-0.671213508	0.0141897593	-0.657023728
1.01100004	1.29387057	-0.670834184	0.0138101624	-0.657024026
1.01200008	1.29403555	-0.670460045	0.0134358332	-0.657024205
1.01300001	1.29419827	-0.670091033	0.0130667659	-0.657024264
1.01400006	1.29435873	-0.669727445	0.0127029521	-0.657024503
1.0150001	1.29451692	-0.669369042	0.0123443874	-0.657024682
1.01600003	1.29467285	-0.669015944	0.0119910669	-0.65702486
1.01700008	1.29482663	-0.668667614	0.0116429804	-0.657024622
1.01800001	1.29497814	-0.668324769	0.011300127	-0.657024622
1.01900005	1.29512739	-0.667986989	0.0109624956	-0.657024503
1.0200001	1.29527438	-0.667654455	0.0106300833	-0.657024384
1.02100003	1.2954191	-0.667327166	0.0103028836	-0.657024264
1.02200007	1.29556155	-0.667005002	0.00998088997	-0.657024086
1.023	1.29570174	-0.666688085	0.0096640978	-0.657023966
1.02400005	1.29583967	-0.666376472	0.00935250241	-0.657023966
1.0250001	1.29597533	-0.666069984	0.00904609449	-0.657023907
1.02600002	1.29610872	-0.665768862	0.00874487124	-0.657023966
1.02700007	1.29623985	-0.665472746	0.00844882708	-0.657023907
1.028	1.29636872	-0.665181875	0.00815795735	-0.657023907
1.02900004	1.29649544	-0.664895773	0.00787225552	-0.657023489
1.03000009	1.29661989	-0.664615154	0.00759171788	-0.65702343
1.03100002	1.29674208	-0.664339483	0.00731633836	-0.657023132
1.03200006	1.29686201	-0.664069116	0.00704611139	-0.657023013
1.03299999	1.29697967	-0.663803816	0.00678103324	-0.657022774
1.03400004	1.29709506	-0.66354382	0.00652109878	-0.657022715
1.03500009	1.29720819	-0.663288951	0.00626630289	-0.657022655
1.03600001	1.29731905	-0.663039207	0.00601664139	-0.657022595
1.03700006	1.29742765	-0.66279453	0.00577210914	-0.657022417
1.03800011	1.29753399	-0.662555039	0.00553270243	-0.657022357
1.03900003	1.29763806	-0.662320793	0.00529841613	-0.657022357
1.04000008	1.29773998	-0.662091374	0.00506924698	-0.657022119
1.04100001	1.29783964	-0.661867082	0.0048451894	-0.65702188
1.04200006	1.29793704	-0.661647916	0.00462624058	-0.657021701
1.0430001	1.29803216	-0.661433876	0.00441239588	-0.657021463
1.04400003	1.29812503	-0.66122514	0.00420365157	-0.657021463
1.04500008	1.29821563	-0.661021471	0.00400000298	-0.657021463
1.046	1.29830396	-0.660822809	0.00380144711	-0.657021344
1.04700005	1.29839003	-0.660629272	0.00360798044	-0.657021284
1.0480001	1.29847395	-0.660440743	0.0034195988	-0.657021165
1.04900002	1.29855561	-0.660257339	0.00323629891	-0.657021046
1.05000007	1.29863501	-0.660078883	0.00305807777	-0.657020807
1.051	1.29871213	-0.659905553	0.00288493163	-0.657020628
1.05200005	1.298787	-0.659737527	0.00271685724	-0.657020688
1.05300009	1.2988596	-0.659574509	0.00255385158	-0.657020628
1.05400002	1.29893005	-0.659416258	0.00239591138	-0.65702033
1.05500007	1.29899824	-0.659263134	0.00224303431	-0.657020092
1.05599999	1.29906416	-0.659115195	0.00209521712	-0.657019973
1.05700004	1.29912782	-0.658972383	0.00195245701	-0.657019913
1.05800009	1.29918921	-0.658834696	0.0018147513	-0.657019973
1.05900002	1.29924834	-0.658702016	0.00168209733	-0.657019913
1.06000006	1.29930532	-0.658574104	0.00155449263	-0.657019615
1.06100011	1.29936004	-0.658451378	0.00143193488	-0.657019436
1.06200004	1.29941249	-0.658333659	0.00131442188	-0.657019258
1.06300008	1.29946268	-0.658221185	0.00120195118	-0.657019258
1.06400001	1.2995106	-0.658113778	0.00109452079	-0.657019258
1.06500006	1.29955626	-0.658011317	0.000992128742	-0.657019198
1.0660001	1.29959977	-0.657913744	0.000894772995	-0.65701896
1.06700003	1.29964101	-0.657821357	0.000802451745	-0.6570189
1.06800008	1.29967999	-0.657733977	0.000715163245	-0.65701884
1.06900001	1.29971671	-0.657651544	0.000632905809	-0.657018661
1.07000005	1.29975116	-0.657574415	0.000555677922	-0.657018721
1.0710001	1.29978347	-0.657502115	0.000483478187	-0.657018661
1.07200003	1.29981351	-0.657434821	0.00041630512	-0.657018542
1.07300007	1.29984128	-0.657372475	0.00035415747	-0.657018304
1.074	1.2998668	-0.657315373	0.000297034101	-0.657018363
1.07500005	1.29989004	-0.657263339	0.000244933908	-0.657018423
1.07600009	1.29991114	-0.657216012	0.000197855901	-0.657018185
1.07700002	1.29992998	-0.657173872	0.000155799207	-0.657018065
1.07800007	1.29994655	-0.657136619	0.000118762975	-0.657017827
1.079	1.29996085	-0.657104492	8.67465424e-05	-0.657017767
1.08000004	1.29997289	-0.65707767	5.97492872e-05	-0.657017946
1.08100009	1.29998279	-0.657055497	3.77706892e-05	-0.657017708
1.08200002	1.29999042	-0.657038391	2.08103465e-05	-0.657017589
1.08300006	1.29999578	-0.65702647	8.86793168e-06	-0.657017589
1.08400011	1.29999888	-0.657019436	1.94321615e-06	-0.657017469
1.08500004	1.29999983	-0.657017231	3.60675259e-08	-0.657017171
1.08600008	1.29999852	-0.65702033	3.14644649e-06	-0.657017171
1.08700001	1.29999495	-0.657028258	1.12744092e-05	-0.657016993
1.08800006	1.2999891	-0.657041311	2.44201074e-05	-0.657016873
1.08900011	1.299981	-0.657059491	4.25837898e-05	-0.657016933
1.09000003	1.29997075	-0.657082498	6.57657947e-05	-0.657016754
1.09100008	1.29995823	-0.657110512	9.39665697e-05	-0.657016575
1.09200001	1.29994345	-0.657143712	0.000127186664	-0.657016516
1.09300005	1.2999264	-0.657181799	0.000165426667	-0.657016397
1.0940001	1.29990709	-0.657225072	0.000208687328	-0.657016397
1.09500003	1.29988563	-0.657273173	0.000256969448	-0.657016218
1.09600008	1.29986191	-0.657326221	0.000310273987	-0.65701592
1.097	1.29983592	-0.657384515	0.000368601904	-0.65701592
1.09800005	1.29980767	-0.657447815	0.000431954308	-0.65701586
1.0990001	1.29977715	-0.657516301	0.000500332448	-0.657015979
1.10000002	1.29974449	-0.657589376	0.000573737489	-0.657015622
1.10100007	1.29970956	-0.657667696	0.000652170915	-0.657015502
1.102	1.29967237	-0.657750964	0.000735634181	-0.657015324
1.10300004	1.29963291	-0.657839537	0.000824128976	-0.657015383
1.10400009	1.29959118	-0.657933116	0.000917656929	-0.657015443
1.10500002	1.29954731	-0.658031404	0.00101621973	-0.657015204
1.10600007	1.29950118	-0.658134937	0.00111981924	-0.657015145
1.10699999	1.29945278	-0.658243418	0.00122845732	-0.657014966
1.10800004	1.29940212	-0.658357084	0.0013421363	-0.657014966
1.10900009	1.29934919	-0.658475757	0.00146085804	-0.657014906
1.11000001	1.29929411	-0.658599198	0.00158462499	-0.657014549
1.11100006	1.29923677	-0.658727944	0.00171343924	-0.657014489
1.11200011	1.29917717	-0.658861697	0.00184730347	-0.65701437
1.11300004	1.2991153	-0.659000576	0.00198621978	-0.65701437
1.11400008	1.29905117	-0.659144402	0.00213019154	-0.657014191
1.11500001	1.29898477	-0.659293413	0.00227922061	-0.657014191
1.11600006	1.29891622	-0.659447372	0.00243331003	-0.657014072
1.1170001	1.29884541	-0.659606338	0.00259246281	-0.657013893
1.11800003	1.29877234	-0.65977037	0.00275668222	-0.657013714
1.11900008	1.29869699	-0.659939587	0.00292597036	-0.657013595
1.12	1.29861939	-0.660113931	0.00310033187	-0.657013595
1.12100005	1.29853952	-0.6602934	0.00327976863	-0.657013655
1.1220001	1.2984575	-0.660477698	0.00346428459	-0.657013416
1.12300003	1.29837322	-0.660667121	0.003653883	-0.657013237
1.12400007	1.29828668	-0.660861671	0.00384856784	-0.657013118
1.125	1.29819787	-0.661061227	0.00404834235	-0.65701288
1.12600005	1.29810679	-0.661266148	0.00425320957	-0.657012939
1.12700009	1.29801345	-0.661476135	0.00446317485	-0.657012939
1.12800002	1.29791784	-0.661691189	0.00467824051	-0.657012939
1.12900007	1.29782009	-0.66191107	0.00489841122	-0.657012641
1.13	1.29772007	-0.662136197	0.00512369117	-0.657012522
1.13100004	1.29761779	-0.66236639	0.00535408407	-0.657012284
1.13200009	1.29751325	-0.662601769	0.00558959413	-0.657012165
1.13300002	1.29740644	-0.662842333	0.005830226	-0.657012105
1.13400006	1.29729736	-0.663088024	0.00607598433	-0.657012045
1.13500011	1.29718602	-0.66333878	0.00632687239	-0.657011926
1.13600004	1.29707241	-0.663594842	0.00658289623	-0.657011926
1.13700008	1.29695654	-0.66385603	0.00684405956	-0.657011986
1.13800001	1.29683852	-0.664121985	0.00711036846	-0.657011628
1.13900006	1.29671824	-0.664393306	0.00738182571	-0.657011509
1.1400001	1.29659569	-0.664669693	0.00765843736	-0.657011271
1.14100003	1.29647088	-0.664951205	0.00794020854	-0.657010972
1.14200008	1.2963438	-0.665237963	0.00822714344	-0.657010794
1.14300001	1.29621446	-0.665530026	0.00851924811	-0.657010794
1.14400005	1.29608285	-0.665827155	0.00881652907	-0.657010615
1.1450001	1.29594898	-0.666129589	0.00911898911	-0.657010615
1.14600003	1.29581285	-0.666437149	0.00942663476	-0.657010496
1.14700007	1.29567444	-0.666749954	0.0097394716	-0.657010496
1.148	1.29553378	-0.667067885	0.0100575043	-0.657010376
1.14900005	1.29539084	-0.667391062	0.0103807403	-0.657010317
1.1500001	1.29524565	-0.667719305	0.0107091824	-0.657010138
1.15100002	1.29509819	-0.668053031	0.0110428398	-0.657010198
1.15200007	1.29494846	-0.668391824	0.0113817165	-0.657010078
1.153	1.29479647	-0.668735862	0.0117258169	-0.657010019
1.15400004	1.29464221	-0.669085205	0.0120751513	-0.657010078
1.15500009	1.29448569	-0.669439793	0.0124297226	-0.657010078
1.15600002	1.29432678	-0.669799924	0.0127895372	-0.657010376
1.15700006	1.29416561	-0.670165122	0.0131546017	-0.657010496
1.15800011	1.29400218	-0.670535743	0.0135249235	-0.657010794
1.15900004	1.29383647	-0.670911491	0.0139005072	-0.657010972
1.16000009	1.29366851	-0.671292424	0.0142813614	-0.657011092
1.16100001	1.29349828	-0.67167896	0.0146674924	-0.657011449
1.16200006	1.29332578	-0.672070444	0.0150589058	-0.657011509
1.16300011	1.29315102	-0.67246747	0.0154556064	-0.657011867
1.16400003	1.292974	-0.672869563	0.0158576034	-0.657011986
1.16500008	1.2927947	-0.67327702	0.0162649024	-0.657012105
1.16600001	1.29261315	-0.673689723	0.0166775119	-0.657012224
1.16700006	1.29242933	-0.67410773	0.0170954373	-0.657012284
1.1680001	1.29224324	-0.674531221	0.0175186899	-0.657012522
1.16900003	1.29205489	-0.674959779	0.0179472715	-0.657012522
1.17000008	1.29186428	-0.675393581	0.0183811896	-0.657012403
1.171	1.2916714	-0.675832987	0.0188204534	-0.657012522
1.17200005	1.29147625	-0.676277518	0.0192650668	-0.657012463
1.1730001	1.29127872	-0.676727831	0.0197150428	-0.657012761
1.17400002	1.29107893	-0.67718327	0.020170385	-0.65701288
1.17500007	1.29087687	-0.677644134	0.0206310991	-0.657013059
1.176	1.29067254	-0.678110361	0.0210971981	-0.657013178
1.17700005	1.29046595	-0.678581953	0.0215686858	-0.657013297
1.17800009	1.2902571	-0.679059029	0.0220455714	-0.657013476
1.17900002	1.29004598	-0.67954123	0.0225278605	-0.657013357
1.18000007	1.28983247	-0.680029154	0.0230155606	-0.657013595
1.18100011	1.2896167	-0.680522501	0.023508681	-0.657013834
1.18200004	1.28939867	-0.681021214	0.024007231	-0.657014012
1.18300009	1.28917837	-0.68152523	0.0245112143	-0.657014012
1.18400002	1.28895581	-0.682034612	0.0250206422	-0.657013953
1.18500006	1.28873086	-0.682549655	0.0255355202	-0.657014132
1.18600011	1.28850365	-0.683070302	0.0260558613	-0.65701443
1.18700004	1.28827417	-0.683596194	0.0265816692	-0.657014549
1.18800008	1.28804243	-0.684127569	0.0271129515	-0.657014608
1.18900001	1.28780842	-0.684664369	0.0276497155	-0.657014668
1.19000006	1.28757203	-0.685206711	0.0281919744	-0.657014728
1.1910001	1.28733337	-0.685754657	0.0287397299	-0.657014906
1.19200003	1.28709245	-0.686307907	0.0292929951	-0.657014906
1.19300008	1.28684926	-0.686866701	0.0298517756	-0.657014906
1.19400001	1.28660369	-0.687431216	0.0304160807	-0.657015145
1.19500005	1.28635585	-0.688001156	0.0309859198	-0.657015264
1.1960001	1.28610575	-0.688576579	0.0315612964	-0.657015264
1.19700003	1.28585327	-0.689157665	0.0321422294	-0.657015443
1.19800007	1.28559852	-0.689744294	0.0327287167	-0.657015562
1.199	1.2853415	-0.690336406	0.0333207697	-0.657015622
1.20000005	1.2850821	-0.690934241	0.0339183994	-0.65701586
1.20100009	1.28482044	-0.691537619	0.0345216095	-0.657016039
1.20200002	1.28455651	-0.692146361	0.0351304114	-0.65701592
1.20300007	1.28429019	-0.692760944	0.0357448123	-0.657016158
1.20400012	1.28402162	-0.693381131	0.0363648236	-0.657016277
1.20500004	1.28375077	-0.694006681	0.0369904488	-0.657016218
1.20600009	1.28347754	-0.694638312	0.037621703	-0.657016635
1.20700002	1.28320205	-0.695275187	0.0382585861	-0.657016575
1.20800006	1.28292429	-0.695917606	0.0389011167	-0.657016516
1.20900011	1.28264415	-0.696565926	0.0395492911	-0.657016635
1.21000004	1.28236175	-0.697219908	0.0402031206	-0.657016814
1.21100008	1.28207695	-0.697879434	0.0408626236	-0.657016814
1.21200001	1.2817899	-0.6985448	0.041527804	-0.657016993
1.21300006	1.28150046	-0.699215829	0.0421986692	-0.657017171
1.21400011	1.28120875	-0.699892521	0.0428752266	-0.657017291
1.21500003	1.28091478	-0.700574577	0.0435574874	-0.657017112
1.21600008	1.28061843	-0.701262653	0.0442454517	-0.657017231
1.21700001	1.28031981	-0.701956332	0.044939138	-0.657017171
1.21800005	1.28001881	-0.702655852	0.0456385426	-0.657017291
1.2190001	1.27971554	-0.703360975	0.0463436879	-0.657017291
1.22000003	1.27940989	-0.704071879	0.0470545739	-0.657017291
1.22100008	1.27910197	-0.704788566	0.0477712117	-0.65701735
1.222	1.27879167	-0.705511034	0.0484936088	-0.65701741
1.22300005	1.2784791	-0.706239104	0.0492217764	-0.65701735
1.2240001	1.27816415	-0.706973135	0.0499557145	-0.65701741
1.22500002	1.27784681	-0.707713008	0.0506954379	-0.657017589
1.22600007	1.27752721	-0.708458483	0.0514409505	-0.657017529
1.22700012	1.27720523	-0.709209979	0.0521922596	-0.657017708
1.22800004	1.27688098	-0.709967256	0.0529493764	-0.657017887
1.22900009	1.27655435	-0.710730195	0.0537123047	-0.657017887
1.23000002	1.27622545	-0.711498857	0.0544810556	-0.657017827
1.23100007	1.27589417	-0.712273538	0.0552556477	-0.657017887
1.23200011	1.2755605	-0.713054061	0.0560360737	-0.657018006
1.23300004	1.27522457	-0.713840365	0.0568223447	-0.657018006
1.23400009	1.27488625	-0.714632511	0.057614468	-0.657018065
1.23500001	1.27454555	-0.715430617	0.0584124513	-0.657018185
1.23600006	1.27420259	-0.716234446	0.0592163019	-0.657018125
1.23700011	1.27385724	-0.717044294	0.0600260273	-0.657018244
1.23800004	1.2735095	-0.717860103	0.0608416274	-0.657018483
1.23900008	1.2731595	-0.718681633	0.0616631173	-0.657018542
1.24000001	1.27280712	-0.719509125	0.0624905042	-0.657018602
1.24100006	1.27245235	-0.720342517	0.0633237883	-0.657018721
1.2420001	1.27209532	-0.721181631	0.0641629845	-0.657018661
1.24300003	1.27173591	-0.722026765	0.0650080964	-0.657018661
1.24400008	1.27137411	-0.72287792	0.065859139	-0.657018781
1.245	1.27101004	-0.723734796	0.0667160973	-0.657018721
1.24600005	1.27064359	-0.724597692	0.0675790012	-0.657018661
1.2470001	1.27027476	-0.72546649	0.0684478283	-0.657018661
1.24800003	1.26990354	-0.726341426	0.0693226084	-0.65701884
1.24900007	1.26952994	-0.727222323	0.0702033415	-0.65701896
1.25	1.26915407	-0.728108883	0.0710900277	-0.65701884
1.25100005	1.26877582	-0.729001641	0.0719826818	-0.65701896
1.25200009	1.26839519	-0.729900301	0.0728812963	-0.657019019
1.25300002	1.26801217	-0.730805039	0.0737858862	-0.657019138
1.25400007	1.26762688	-0.7317155	0.074696444	-0.657019079
1.25500011	1.26723921	-0.732631981	0.0756129846	-0.657019019
1.25600004	1.26684916	-0.733554423	0.076535508	-0.6570189
1.25700009	1.26645672	-0.734483063	0.0774640292	-0.657019019
1.25800002	1.2660619	-0.735417485	0.0783985481	-0.65701896
1.25900006	1.2656647	-0.736358166	0.0793390572	-0.657019138
1.26000011	1.26526511	-0.737304926	0.0802855715	-0.657019377
1.26100004	1.26486325	-0.738257289	0.0812380835	-0.657019198
1.26200008	1.26445901	-0.739215732	0.0821966007	-0.657019138
1.26300001	1.26405239	-0.740180194	0.0831611231	-0.657019079
1.26400006	1.26364338	-0.741150737	0.0841316655	-0.657019079
1.2650001	1.26323199	-0.74212724	0.0851082206	-0.657019019
1.26600003	1.26281822	-0.743109822	0.0860907957	-0.657019019
1.26700008	1.26240206	-0.744098544	0.087079376	-0.657019138
1.26800001	1.26198351	-0.745093226	0.0880739838	-0.657019258
1.26900005	1.26156259	-0.746093929	0.0890746117	-0.657019317
1.2700001	1.26113927	-0.747100711	0.0900812596	-0.657019436
1.27100003	1.26071358	-0.748113513	0.0910939351	-0.657019556
1.27200007	1.2602855	-0.749132335	0.0921126232	-0.657019734
1.273	1.25985503	-0.750157118	0.0931373388	-0.657019794
1.27400005	1.2594223	-0.751187801	0.0941680744	-0.657019734
1.2750001	1.25898719	-0.752224326	0.0952048302	-0.657019496
1.27600002	1.25854969	-0.75326705	0.096247606	-0.657019436
1.27700007	1.25810981	-0.754315734	0.0972963944	-0.657019317
1.27800012	1.25766754	-0.755370438	0.0983512029	-0.657019258
1.27900004	1.25722289	-0.756431103	0.0994120166	-0.657019079
1.28000009	1.25677586	-0.757497907	0.100478843	-0.657019079
1.28100002	1.25632644	-0.758570433	0.101551689	-0.657018721
1.28200006	1.25587463	-0.759649098	0.102630518	-0.657018602
1.28300011	1.25542033	-0.7607342	0.103715353	-0.65701884
1.28400004	1.25496364	-0.761825204	0.104806192	-0.657019019
1.28500009	1.25450456	-0.762922049	0.105903015	-0.657019019
1.28600001	1.2540431	-0.764025033	0.107005812	-0.657019198
1.28700006	1.25357926	-0.765133858	0.108114593	-0.657019258
1.28800011	1.25311303	-0.766248703	0.109229356	-0.657019377
1.28900003	1.25264442	-0.76736939	0.11035008	-0.657019317
1.29000008	1.25217342	-0.768496156	0.111476757	-0.657019377
1.29100001	1.25170004	-0.769628763	0.112609379	-0.657019377
1.29200006	1.25122428	-0.770767331	0.113747954	-0.657019377
1.2930001	1.25074613	-0.77191174	0.114892453	-0.657019258
1.29400003	1.2502656	-0.77306211	0.116042875	-0.657019258
1.29500008	1.24978268	-0.7742185	0.117199205	-0.657019317
1.296	1.24929738	-0.775380492	0.118361436	-0.657019079
1.29700005	1.2488097	-0.776548624	0.11952956	-0.657019079
1.2980001	1.24831963	-0.777722359	0.120703563	-0.657018781
1.29900002	1.24782705	-0.778902292	0.121883422	-0.6570189
1.30000007	1.2473321	-0.780088067	0.123069145	-0.6570189
1.30100012	1.24683475	-0.781279802	0.124260701	-0.657019079
1.30200005	1.24633503	-0.7824772	0.125458091	-0.657019138
1.30300009	1.24583292	-0.78368032	0.126661271	-0.657019019
1.30400002	1.24532843	-0.784889281	0.127870247	-0.657019019
1.30500007	1.24482155	-0.786103964	0.129085004	-0.65701896
1.30600011	1.24431229	-0.787324429	0.130305499	-0.6570189
1.30700004	1.24380064	-0.788550496	0.13153173	-0.657018781
1.30800009	1.24328661	-0.789782286	0.132763684	-0.657018602
1.30900002	1.24277008	-0.791020036	0.134001344	-0.657018661
1.31000006	1.24225116	-0.792263389	0.135244682	-0.657018721
1.31100011	1.24172986	-0.793512583	0.136493683	-0.6570189
1.31200004	1.24120617	-0.794767141	0.137748316	-0.65701884
1.31300008	1.2406801	-0.796027422	0.139008537	-0.6570189
1.31400001	1.24015164	-0.797293067	0.140274361	-0.657018721
1.31500006	1.2396208	-0.798564434	0.141545743	-0.657018661
1.3160001	1.23908758	-0.799841285	0.142822668	-0.657018602
1.31700003	1.23855197	-0.801123619	0.144105062	-0.657018542
1.31800008	1.23801398	-0.802411437	0.145392969	-0.657018483
1.31900001	1.23747349	-0.803704858	0.146686316	-0.657018542
1.32000005	1.23693061	-0.805003762	0.147985071	-0.657018661
1.3210001	1.23638535	-0.806308031	0.149289221	-0.657018781
1.32200003	1.2358377	-0.807617486	0.150598735	-0.657018781
1.32300007	1.23528767	-0.808932304	0.151913568	-0.657018721
1.32400012	1.23473525	-0.810252547	0.153233677	-0.6570189
1.32500005	1.23418045	-0.811577976	0.154559046	-0.6570189
1.32600009	1.23362327	-0.81290853	0.15588963	-0.6570189
1.32700002	1.2330637	-0.81424427	0.15722537	-0.6570189
1.32800007	1.23250175	-0.815585256	0.158566236	-0.657019019
1.32900012	1.23193741	-0.816931069	0.159912199	-0.6570189
1.33000004	1.23137069	-0.818282127	0.161263227	-0.6570189
1.33100009	1.23080158	-0.819638193	0.162619263	-0.6570189
1.33200002	1.23023009	-0.820999146	0.16398026	-0.6570189
1.33300006	1.22965622	-0.822365105	0.16534619	-0.6570189
1.33400011	1.22907996	-0.823735952	0.166716978	-0.65701896
1.33500004	1.22850132	-0.825111628	0.168092594	-0.657019019
1.33600008	1.22792029	-0.826491952	0.169472963	-0.657019019
1.33700001	1.22733688	-0.827877164	0.17085807	-0.657019079
1.33800006	1.22675109	-0.829267144	0.172247842	-0.657019317
1.33900011	1.22616291	-0.830661654	0.173642218	-0.657019436
1.34000003	1.22557247	-0.832060397	0.175041154	-0.657019258
1.34100008	1.22497964	-0.833463788	0.176444575	-0.657019198
1.34200001	1.22438443	-0.83487165	0.177852467	-0.657019198
1.34300005	1.22378683	-0.836283922	0.179264739	-0.657019198
1.3440001	1.22318685	-0.837700486	0.180681288	-0.657019198
1.34500003	1.22258449	-0.839121461	0.182102099	-0.657019377
1.34600008	1.22197986	-0.840546429	0.183527097	-0.657019317
1.34700012	1.22137284	-0.841975451	0.184956208	-0.657019258
1.34800005	1.22076344	-0.843408704	0.186389357	-0.657019377
1.3490001	1.22015166	-0.844845772	0.18782647	-0.657019317
1.35000002	1.21953762	-0.846286893	0.189267486	-0.657019377
1.35100007	1.21892118	-0.847731829	0.190712348	-0.657019496
1.35200012	1.21830237	-0.84918046	0.192160949	-0.657019496
1.35300004	1.21768129	-0.850632668	0.193613201	-0.657019496
1.35400009	1.21705782	-0.852088451	0.19506906	-0.657019377
1.35500002	1.21643198	-0.85354805	0.19652839	-0.657019675
1.35600007	1.21580386	-0.855010927	0.197991133	-0.657019794
1.35700011	1.21517336	-0.856477022	0.199457228	-0.657019794
1.35800004	1.2145406	-0.857946396	0.200926542	-0.657019854
1.35900009	1.21390545	-0.859419107	0.202399001	-0.657020092
1.36000001	1.21326804	-0.86089468	0.203874528	-0.657020152
1.36100006	1.21262825	-0.862373352	0.205352992	-0.65702033
1.36200011	1.21198618	-0.863854766	0.206834316	-0.65702045
1.36300004	1.21134186	-0.865338743	0.208318397	-0.65702033
1.36400008	1.21069515	-0.86682564	0.209805101	-0.657020569
1.36500001	1.21004617	-0.868315041	0.211294353	-0.657020688
1.36600006	1.20939493	-0.869806767	0.212786019	-0.657020748
1.3670001	1.20874143	-0.871300697	0.214280009	-0.657020688
1.36800003	1.20808554	-0.872797251	0.215776175	-0.657021046
1.36900008	1.20742738	-0.874295652	0.217274457	-0.657021165
1.37000012	1.20676696	-0.87579596	0.218774661	-0.657021284
1.37100005	1.20610428	-0.877298355	0.220276728	-0.657021642
1.3720001	1.20543945	-0.878801942	0.221780509	-0.657021403
1.37300003	1.20477235	-0.880307198	0.223285854	-0.657021344
1.37400007	1.20410299	-0.881814003	0.224792659	-0.657021344
1.37500012	1.20343137	-0.883322001	0.226300776	-0.657021224
1.37600005	1.2027576	-0.884831071	0.227810055	-0.657021046
1.37700009	1.20208156	-0.886341393	0.229320392	-0.657020986
1.37800002	1.20140326	-0.88785255	0.230831638	-0.657020926
1.37900007	1.20072269	-0.889364362	0.232343629	-0.657020748
1.38000011	1.20003998	-0.890876949	0.233856186	-0.657020748
1.38100004	1.19935501	-0.892389774	0.235369191	-0.657020569
1.38200009	1.19866788	-0.893903017	0.236882478	-0.657020569
1.38300002	1.1979785	-0.89541626	0.238395885	-0.65702039
1.38400006	1.19728696	-0.896929502	0.239909276	-0.657020211
1.38500011	1.19659317	-0.898442864	0.241422445	-0.65702045
1.38600004	1.19589722	-0.899955571	0.242935225	-0.65702033
1.38700008	1.19519913	-0.901467681	0.24444747	-0.657020211
1.38800001	1.1944989	-0.902979136	0.245958984	-0.657020152
1.38900006	1.1937964	-0.904489875	0.247469559	-0.65702033
1.3900001	1.19309175	-0.905999541	0.248979062	-0.65702045
1.39100003	1.19238496	-0.907507777	0.250487238	-0.657020569
1.39200008	1.19167614	-0.909014583	0.251993954	-0.657020628
1.39300001	1.19096518	-0.910519481	0.253499001	-0.65702045
1.39400005	1.19025207	-0.912022591	0.255002141	-0.65702045
1.3950001	1.18953681	-0.913523853	0.256503195	-0.657020688
1.39600003	1.18881953	-0.915022612	0.258001924	-0.657020688
1.39700007	1.1881001	-0.916518927	0.259498149	-0.657020807
1.39800012	1.18737864	-0.9180125	0.260991633	-0.657020867
1.39900005	1.18665504	-0.919503093	0.262482166	-0.657020926
1.4000001	1.18592942	-0.920990705	0.263969541	-0.657021165
1.40100002	1.18520176	-0.922474742	0.265453458	-0.657021284
1.40200007	1.18447208	-0.923955083	0.266933739	-0.657021344
1.40300012	1.1837405	-0.925431311	0.268410146	-0.657021165
1.40400004	1.18300688	-0.926903427	0.269882381	-0.657021046
1.40500009	1.18227124	-0.928371191	0.271350235	-0.657020926
1.40600002	1.18153358	-0.929834425	0.272813469	-0.657020926
1.40700006	1.180794	-0.931292593	0.274271756	-0.657020807
1.40800011	1.1800524	-0.932745695	0.275724918	-0.657020807
1.40900004	1.17930889	-0.934193373	0.277172625	-0.657020748
1.41000009	1.17856336	-0.935635388	0.27861464	-0.657020748
1.41100001	1.17781591	-0.937071502	0.280050635	-0.657020867
1.41200006	1.17706656	-0.938501179	0.281480372	-0.657020807
1.41300011	1.17631531	-0.939924359	0.282903552	-0.657020807
1.41400003	1.17556214	-0.941340685	0.284319848	-0.657020807
1.41500008	1.17480707	-0.942749977	0.285729021	-0.657020926
1.41600001	1.17405021	-0.9441517	0.287130684	-0.657021046
1.41700006	1.17329144	-0.945545673	0.288524598	-0.657021046
1.4180001	1.17253089	-0.946931481	0.289910406	-0.657021046
1.41900003	1.17176843	-0.948309064	0.29128778	-0.657021284
1.42000008	1.17100418	-0.949677944	0.292656451	-0.657021523
1.42100012	1.17023826	-0.951037467	0.294016033	-0.657021403
1.42200005	1.16947055	-0.952387631	0.295366198	-0.657021403
1.4230001	1.16870117	-0.95372802	0.296706587	-0.657021403
1.42400002	1.16793001	-0.955058217	0.298036933	-0.657021284
1.42500007	1.16715717	-0.956377983	0.299356759	-0.657021224
1.42600012	1.16638255	-0.95768708	0.300665796	-0.657021284
1.42700005	1.16560626	-0.958984911	0.301963627	-0.657021284
1.42800009	1.1648283	-0.96027118	0.303249925	-0.657021284
1.42900002	1.16404867	-0.961545587	0.304524243	-0.657021344
1.43000007	1.16326737	-0.962807715	0.305786282	-0.657021403
1.43100011	1.16248453	-0.964057207	0.307035625	-0.657021582
1.43200004	1.16170001	-0.965293527	0.308271825	-0.657021701
1.43300009	1.16091394	-0.966516316	0.309494495	-0.657021821
1.43400002	1.16012645	-0.967725098	0.310703248	-0.65702188
1.43500006	1.1593374	-0.968919575	0.311897695	-0.65702188
1.43600011	1.15854692	-0.970099092	0.31307736	-0.657021761
1.43700004	1.1577549	-0.971263647	0.314241886	-0.657021761
1.43800008	1.15696144	-0.972412527	0.315390795	-0.657021761
1.43900001	1.15616655	-0.973545313	0.316523641	-0.657021642
1.44000006	1.15537024	-0.974661648	0.317639977	-0.657021642
1.4410001	1.15457249	-0.975761116	0.318739384	-0.657021761
1.44200003	1.15377331	-0.976843297	0.319821417	-0.65702188
1.44300008	1.15297282	-0.977907538	0.320885539	-0.657021999
1.44400012	1.15217102	-0.978953362	0.321931332	-0.657021999
1.44500005	1.15136802	-0.97998035	0.32295835	-0.657021999
1.4460001	1.15056372	-0.980988145	0.323966056	-0.657022119
1.44700003	1.14975822	-0.981976032	0.324954003	-0.657021999
1.44800007	1.14895141	-0.982943833	0.325921714	-0.657022119
1.44900012	1.14814341	-0.983890891	0.326868653	-0.657022238
1.45000005	1.14733422	-0.984816611	0.327794313	-0.657022297
1.45100009	1.14652395	-0.985720694	0.328698248	-0.657022476
1.45200002	1.14571261	-0.986602306	0.32957989	-0.657022417
1.45300007	1.1449002	-0.98746115	0.330438733	-0.657022417
1.45400012	1.14408684	-0.988296568	0.331274241	-0.657022357
1.45500004	1.1432724	-0.989108205	0.332085878	-0.657022357
1.45600009	1.14245701	-0.989895463	0.332873136	-0.657022357
1.45700002	1.14164054	-0.990657806	0.33363539	-0.657022417
1.45800006	1.14082325	-0.991394699	0.334372222	-0.657022476
1.45900011	1.14000499	-0.992105544	0.335083038	-0.657022476
1.46000004	1.13918591	-0.992789805	0.335767239	-0.657022595
1.46100008	1.1383661	-0.993446827	0.336424261	-0.657022595
1.46200001	1.13754547	-0.994076133	0.337053627	-0.657022476
1.46300006	1.13672411	-0.994677186	0.33765465	-0.657022536
1.46400011	1.13590193	-0.99524945	0.338226855	-0.657022595
1.46500003	1.13507915	-0.99579221	0.338769585	-0.657022595
1.46600008	1.13425565	-0.996304989	0.339282304	-0.657022715
1.46700013	1.13343155	-0.996787131	0.339764416	-0.657022715
1.46800005	1.13260698	-0.9972381	0.340215325	-0.657022774
1.4690001	1.13178182	-0.997657299	0.340634465	-0.657022834
1.47000003	1.13095617	-0.998044074	0.34102121	-0.657022834
1.47100008	1.13013005	-0.998397946	0.341374993	-0.657022953
1.47200012	1.12930357	-0.998718143	0.341695189	-0.657022953
1.47300005	1.12847662	-0.999004245	0.341981173	-0.657023072
1.4740001	1.12764943	-0.999255478	0.342232376	-0.657023072
1.47500002	1.12682199	-0.999471366	0.342448205	-0.657023191
1.47600007	1.12599432	-0.999651253	0.342628032	-0.657023191
1.47700012	1.12516642	-0.999794543	0.342771232	-0.657023311
1.47800004	1.12433827	-0.999900579	0.342877239	-0.657023311
1.47900009	1.12351012	-0.999968827	0.342945427	-0.65702343
1.48000002	1.12268198	-0.999998629	0.342975169	-0.65702343
1.48100007	1.12185371	-0.99998939	0.342965901	-0.657023489
1.48200011	1.12102544	-0.999940515	0.342916965	-0.657023549
1.48300004	1.1201973	-0.999851346	0.342827797	-0.657023549
1.48400009	1.11936939	-0.999721408	0.34269774	-0.657023668
1.48500001	1.1185416	-0.999549985	0.342526257	-0.657023728
1.48600006	1.11771405	-0.999336481	0.342312723	-0.657023787
1.48700011	1.11688673	-0.9990803	0.342056513	-0.657023787
1.48800004	1.11605978	-0.998780847	0.341757029	-0.657023787
1.48900008	1.1152333	-0.998437643	0.341413736	-0.657023907
1.49000013	1.11440718	-0.998049974	0.341026038	-0.657023907
1.49100006	1.11358154	-0.997617364	0.340593338	-0.657024026
1.4920001	1.11275649	-0.997139096	0.3401151	-0.657024026
1.49300003	1.11193204	-0.996614814	0.339590698	-0.657024145
1.49400008	1.1111083	-0.996043801	0.339019626	-0.657024145
1.49500012	1.11028528	-0.995425582	0.338401288	-0.657024264
1.49600005	1.10946298	-0.99475956	0.337735236	-0.657024324
1.4970001	1.10864162	-0.994045377	0.337020814	-0.657024562
1.49800003	1.10782111	-0.993282199	0.336257607	-0.657024622
1.49900007	1.10700154	-0.992469668	0.335445046	-0.657024622
1.50000012	1.10618293	-0.991607189	0.334582627	-0.657024562
1.50100005	1.10536551	-0.990694642	0.333669871	-0.657024741
1.50200009	1.10454917	-0.989731073	0.332706332	-0.657024741
1.50300002	1.10373402	-0.988716245	0.331691504	-0.657024741
1.50400007	1.10292017	-0.987649798	0.330624968	-0.65702486
1.50500011	1.10210776	-0.986531258	0.329506278	-0.65702498
1.50600004	1.10129666	-0.985360026	0.328335017	-0.65702498
1.50700009	1.10048699	-0.984135628	0.327110767	-0.65702486
1.50800002	1.09967887	-0.982858062	0.325833172	-0.65702486
1.50900006	1.09887242	-0.981526732	0.324501872	-0.65702486
1.51000011	1.09806764	-0.980141282	0.323116481	-0.657024801
1.51100004	1.09726465	-0.978701711	0.321676701	-0.65702498
1.51200008	1.09646356	-0.977207422	0.320182294	-0.657025099
1.51300013	1.09566426	-0.975658059	0.318632901	-0.657025158
1.51400006	1.09486687	-0.974053264	0.317028284	-0.65702498
1.5150001	1.09407163	-0.972393274	0.315368205	-0.657025099
1.51600003	1.09327853	-0.970677614	0.313652486	-0.657025099
1.51700008	1.09248757	-0.968906045	0.311880946	-0.657025099
1.51800013	1.091699	-0.967078567	0.310053408	-0.657025158
1.51900005	1.0909127	-0.96519506	0.308169782	-0.657025278
1.5200001	1.09012878	-0.963255048	0.306229979	-0.657025099
1.52100003	1.08934748	-0.961259127	0.304233879	-0.657025218
1.52200007	1.08856881	-0.959206939	0.302181512	-0.657025456
1.52300012	1.08779275	-0.957098365	0.300072819	-0.657025576
1.52400005	1.08701944	-0.954933524	0.297907889	-0.657025635
1.5250001	1.08624899	-0.952712417	0.295686811	-0.657025576
1.52600002	1.08548141	-0.950435042	0.293409616	-0.657025456
1.52700007	1.08471692	-0.948102236	0.291076511	-0.657025695
1.52800012	1.08395553	-0.945713401	0.288687646	-0.657025754
1.52900004	1.08319724	-0.943269014	0.28624326	-0.657025754
1.53000009	1.08244228	-0.940769434	0.28374362	-0.657025814
1.53100002	1.08169067	-0.938214898	0.281188995	-0.657025933
1.53200006	1.08094239	-0.935605288	0.278579742	-0.657025576
1.53300011	1.08019769	-0.932941914	0.275916249	-0.657025695
1.53400004	1.07945657	-0.93022418	0.273198962	-0.657025218
1.53500009	1.07871926	-0.927453637	0.270428389	-0.657025218
1.53600001	1.07798576	-0.924630523	0.267604977	-0.657025576
1.53700006	1.07725608	-0.921754479	0.264729321	-0.657025158
1.53800011	1.07653046	-0.918827295	0.261802077	-0.657025218
1.53900003	1.07580888	-0.91584909	0.258823872	-0.657025218
1.54000008	1.0750916	-0.912821054	0.255795479	-0.657025576
1.54100013	1.07437849	-0.90974319	0.252717584	-0.657025576
1.54200006	1.07366967	-0.906616449	0.249591082	-0.657025337
1.5430001	1.07296538	-0.903442264	0.246416792	-0.657025456
1.54400003	1.07226562	-0.90022099	0.243195668	-0.657025337
1.54500008	1.07157063	-0.896954298	0.239928678	-0.657025635
1.54600012	1.07088029	-0.893642664	0.236616865	-0.657025814
1.54700005	1.07019472	-0.890286565	0.233261287	-0.657025278
1.5480001	1.06951416	-0.886888385	0.229863122	-0.657025278
1.54900002	1.0688386	-0.883448362	0.226423532	-0.65702486
1.55000007	1.06816828	-0.879968643	0.222943753	-0.65702486
1.55100012	1.06750321	-0.876450181	0.219425142	-0.657025039
1.55200005	1.06684339	-0.872894049	0.215869024	-0.657025039
1.55300009	1.06618905	-0.869301558	0.212276831	-0.657024741
1.55400002	1.06554019	-0.865674496	0.208650053	-0.657024443
1.55500007	1.06489706	-0.86201489	0.204990193	-0.657024682
1.55600011	1.06425965	-0.858323693	0.201298892	-0.657024801
1.55700004	1.06362808	-0.854602456	0.197577745	-0.657024741
1.55800009	1.06300247	-0.850853324	0.193828493	-0.65702486
1.55900002	1.06238282	-0.847077131	0.190052897	-0.657024264
1.56000006	1.06176937	-0.843277097	0.186252728	-0.657024384
1.56100011	1.06116211	-0.839453816	0.18242988	-0.657023907
1.56200004	1.0605613	-0.835610628	0.178586274	-0.657024384
1.56300008	1.05996692	-0.831748247	0.174723864	-0.657024384
1.56400013	1.05937898	-0.827868462	0.170844734	-0.657023728
1.56500006	1.05879784	-0.823974848	0.166950896	-0.657023966
1.5660001	1.05822337	-0.820068359	0.163044512	-0.657023847
1.56700003	1.05765581	-0.816151619	0.159127787	-0.657023847
1.56800008	1.05709517	-0.812227249	0.15520291	-0.657024324
1.56900012	1.05654156	-0.808296442	0.151272163	-0.657024264
1.57000005	1.05599511	-0.804362059	0.147337899	-0.657024145
1.5710001	1.0554558	-0.800425768	0.143402427	-0.657023311
1.57200003	1.05492401	-0.796491623	0.139468163	-0.65702343
1.57300007	1.05439961	-0.792561531	0.135537609	-0.657023907
1.57400012	1.05388272	-0.788636684	0.131613195	-0.657023489
1.57500005	1.05337346	-0.784720659	0.127697438	-0.657023191
1.57600009	1.05287194	-0.78081584	0.123792924	-0.657022893
1.57700002	1.0523783	-0.776925087	0.119902223	-0.657022834
1.57800007	1.05189252	-0.77305007	0.116027959	-0.657022119
1.57900012	1.05141485	-0.769195318	0.11217276	-0.657022536
1.58000004	1.05094528	-0.765361786	0.10833931	-0.657022476
1.58100009	1.05048382	-0.761551857	0.10453029	-0.657021582
1.58200002	1.05003071	-0.757769585	0.100748412	-0.657021165
1.58300006	1.04958594	-0.754016876	0.0969963968	-0.65702045
1.58400011	1.04914975	-0.750297308	0.0932769999	-0.65702033
1.58500004	1.04872215	-0.746613264	0.089592956	-0.65702033
1.58600008	1.04830313	-0.74296689	0.0859470218	-0.657019854
1.58700013	1.04789293	-0.739362001	0.0823419541	-0.657020032
1.58800006	1.04749155	-0.735800505	0.0787805244	-0.657019973
1.58900011	1.04709899	-0.732284784	0.0752654821	-0.657019317
1.59000003	1.0467155	-0.728818655	0.0717995837	-0.657019079
1.59100008	1.04634106	-0.725403786	0.0683855638	-0.657018244
1.59200013	1.0459758	-0.722044468	0.0650261492	-0.657018304
1.59300005	1.04561985	-0.718742609	0.061724063	-0.657018542
1.5940001	1.04527318	-0.715500832	0.0584819913	-0.65701884
1.59500003	1.04493582	-0.712320805	0.0553026088	-0.657018185
1.59600008	1.044608	-0.709206581	0.0521885455	-0.657018065
1.59700012	1.04428971	-0.706160307	0.0491424017	-0.657017887
1.59800005	1.04398096	-0.703184128	0.0461667664	-0.65701735
1.5990001	1.04368198	-0.70028162	0.0432641618	-0.657017469
1.60000002	1.04339266	-0.697454453	0.0404370837	-0.65701735
1.60100007	1.04311311	-0.694704056	0.0376879722	-0.657016098
1.60200012	1.04284346	-0.692035198	0.0350192226	-0.657015979
1.60300004	1.04258382	-0.689449787	0.0324331857	-0.657016575
1.60400009	1.0423342	-0.686949015	0.0299321432	-0.657016873
1.60500002	1.04209459	-0.684535265	0.0275183152	-0.657016933
1.60600007	1.04186499	-0.682210445	0.0251938663	-0.657016575
1.60700011	1.04164565	-0.679977894	0.0229608864	-0.657016993
1.60800004	1.04143643	-0.67783761	0.0208213925	-0.657016218
1.60900009	1.04123747	-0.675793409	0.0187773313	-0.657016098
1.61000013	1.04104877	-0.673846006	0.0168305784	-0.657015443
1.61100006	1.04087043	-0.671997547	0.0149829183	-0.657014608
1.61200011	1.04070258	-0.670251369	0.0132360589	-0.657015324
1.61300004	1.04054511	-0.668606997	0.0115916254	-0.657015383
1.61400008	1.04039812	-0.667066813	0.0100511443	-0.657015681
1.61500013	1.04026163	-0.665632248	0.00861605816	-0.657016218
1.61600006	1.04013562	-0.664304018	0.00728771323	-0.657016277
1.6170001	1.04002011	-0.6630826	0.00606735749	-0.657015264
1.61800003	1.0399152	-0.661971092	0.00495614298	-0.657014966
1.61900008	1.03982103	-0.660971165	0.00395512301	-0.657016039
1.62000012	1.03973746	-0.660081387	0.00306524825	-0.657016158
1.62100005	1.03966451	-0.659304142	0.00228736456	-0.657016754
1.6220001	1.03960228	-0.658639431	0.00162221235	-0.657017231
1.62300003	1.03955066	-0.658087969	0.00107042631	-0.657017529
1.62400007	1.03950977	-0.657649994	0.000632533338	-0.657017469
1.62500012	1.03947961	-0.657326937	0.000308952352	-0.657018006
1.62600005	1.03946006	-0.657117605	9.99931071e-05	-0.657017589
1.62700009	1.03945124	-0.657022715	5.8557448e-06	-0.657016873
1.62800002	1.03945315	-0.657043219	2.66309053e-05	-0.657016575
1.62900007	1.03946579	-0.657178879	0.000162298849	-0.657016575
1.63000011	1.03948915	-0.657429218	0.000412729598	-0.657016516
1.63100004	1.03952324	-0.657794476	0.000777683163	-0.657016814
1.63200009	1.03956807	-0.65827322	0.00125681004	-0.657016397
1.63300014	1.03962362	-0.658867359	0.00184965145	-0.657017708
1.63400006	1.03968978	-0.659573078	0.00255564041	-0.65701741
1.63500011	1.03976667	-0.660393	0.00337410346	-0.6570189
1.63600004	1.03985417	-0.661323071	0.00430426002	-0.657018781
1.63700008	1.03995228	-0.662364244	0.00534522766	-0.657019019
1.63800013	1.04006088	-0.663514376	0.00649601966	-0.657018363
1.63900006	1.04018009	-0.664772987	0.00775554962	-0.65701741
1.6400001	1.04030991	-0.666140556	0.00912262779	-0.657017946
1.64100003	1.04045022	-0.667613506	0.0105959708	-0.657017529
1.64200008	1.04060102	-0.669191599	0.0121741965	-0.65701741
1.64300013	1.04076231	-0.670873642	0.0138558317	-0.657017827
1.64400005	1.04093397	-0.672657013	0.0156393107	-0.657017708
1.6450001	1.041116	-0.674540758	0.017522987	-0.657017767
1.64600003	1.04130828	-0.676522255	0.0195051208	-0.657017112
1.64700007	1.04151094	-0.678601265	0.0215838961	-0.65701735
1.64800012	1.04172385	-0.680775166	0.0237574093	-0.657017767
1.64900005	1.04194701	-0.683041811	0.0260236878	-0.657018125
1.6500001	1.0421803	-0.685400248	0.028380679	-0.657019556
1.65100002	1.04242361	-0.687846422	0.0308262669	-0.657020152
1.65200007	1.04267693	-0.690378189	0.0333582759	-0.657019913
1.65300012	1.04294026	-0.692995071	0.0359744541	-0.657020628
1.65400004	1.04321349	-0.69569397	0.0386724956	-0.657021463
1.65500009	1.04349649	-0.698471308	0.0414500348	-0.657021284
1.65600014	1.04378927	-0.701325655	0.0443046764	-0.657020986
1.65700006	1.04409182	-0.704255342	0.0472339392	-0.657021403
1.65800011	1.04440391	-0.707256079	0.0502353273	-0.657020748
1.65900004	1.04472566	-0.710326672	0.0533063002	-0.65702039
1.66000009	1.04505694	-0.713465214	0.0564442649	-0.657020926
1.66100013	1.04539764	-0.716667175	0.0596465878	-0.657020569
1.66200006	1.04574764	-0.719930887	0.0629106462	-0.657020211
1.66300011	1.04610705	-0.723255157	0.0662337318	-0.657021403
1.66400003	1.04647565	-0.726634741	0.0696131662	-0.657021582
1.66500008	1.0468533	-0.73006773	0.0730462223	-0.657021523
1.66600013	1.04724002	-0.733551502	0.0765301809	-0.657021344
1.66700006	1.04763579	-0.73708415	0.0800622925	-0.65702188
1.6680001	1.04804039	-0.740662098	0.0836397856	-0.657022297
1.66900003	1.04845381	-0.744282722	0.087259911	-0.657022834
1.67000008	1.04887593	-0.747942686	0.0909199044	-0.657022774
1.67100012	1.04930663	-0.751639605	0.0946170241	-0.657022595
1.67200005	1.04974592	-0.755371332	0.0983485132	-0.657022834
1.6730001	1.05019355	-0.759133816	0.102111615	-0.657022178
1.67400002	1.05064964	-0.762925863	0.105903603	-0.657022238
1.67500007	1.05111408	-0.766744852	0.109721743	-0.657023132
1.67600012	1.05158663	-0.770586729	0.113563351	-0.65702337
1.67700005	1.05206728	-0.774449825	0.117425732	-0.657024086
1.67800009	1.05255592	-0.778330326	0.121306226	-0.657024086
1.67900014	1.05305243	-0.782226324	0.125202194	-0.657024145
1.68000007	1.0535568	-0.786135912	0.129111052	-0.65702486
1.68100011	1.0540688	-0.790055513	0.133030206	-0.657025337
1.68200004	1.05458844	-0.793982506	0.136957094	-0.657025397
1.68300009	1.05511546	-0.797914028	0.140889242	-0.657024801
1.68400013	1.05565	-0.801849365	0.144824207	-0.657025158
1.68500006	1.05619192	-0.805785179	0.148759499	-0.657025695
1.68600011	1.056741	-0.809718609	0.15269275	-0.657025874
1.68700004	1.05729723	-0.813648462	0.156621605	-0.657026887
1.68800008	1.05786037	-0.817570448	0.16054377	-0.657026649
1.68900013	1.05843043	-0.821483374	0.164456993	-0.65702641
1.69000006	1.05900741	-0.825385809	0.168359056	-0.657026768
1.6910001	1.05959105	-0.829274774	0.172247767	-0.657027006
1.69200003	1.06018138	-0.833148599	0.176121071	-0.657027543
1.69300008	1.06077814	-0.837004423	0.179976836	-0.657027602
1.69400012	1.06138134	-0.840840936	0.18381311	-0.657027841
1.69500005	1.06199074	-0.844655633	0.187627926	-0.657027721
1.6960001	1.06260645	-0.848447323	0.191419393	-0.65702796
1.69700003	1.06322825	-0.85221374	0.195185632	-0.657028079
1.69800007	1.06385601	-0.855952621	0.198924884	-0.657027721
1.69900012	1.06448972	-0.859663606	0.202635363	-0.657028258
1.70000005	1.06512916	-0.863343239	0.206315428	-0.657027841
1.70100009	1.06577444	-0.86699152	0.209963441	-0.657028079
1.70200002	1.06642532	-0.870606422	0.213577837	-0.657028556
1.70300007	1.06708169	-0.874185801	0.217157096	-0.657028675
1.70400012	1.06774342	-0.87772882	0.220699772	-0.657029033
1.70500004	1.0684104	-0.881233335	0.224204436	-0.657028913
1.70600009	1.06908262	-0.884698629	0.22766979	-0.657028854
1.70700014	1.06975996	-0.888123393	0.231094509	-0.657028913
1.70800006	1.07044232	-0.891506195	0.234477371	-0.657028794
1.70900011	1.07112968	-0.894846916	0.237817198	-0.657029748
1.71000004	1.07182169	-0.898142099	0.241112873	-0.657029212
1.71100008	1.07251847	-0.901392698	0.244363338	-0.65702939
1.71200013	1.07321978	-0.904596448	0.247567579	-0.657028854
1.71300006	1.07392573	-0.907753944	0.250724643	-0.657029271
1.71400011	1.0746361	-0.910862923	0.253833622	-0.657029271
1.71500003	1.07535076	-0.913922906	0.256893665	-0.657029271
1.71600008	1.07606971	-0.916933537	0.259903967	-0.657029569
1.71700013	1.07679272	-0.919893265	0.262863785	-0.65702951
1.71800005	1.07751977	-0.922801733	0.265772372	-0.65702939
1.7190001	1.07825089	-0.925658584	0.268629164	-0.65702939
1.72000003	1.07898581	-0.928462982	0.271433473	-0.65702951
1.72100008	1.07972455	-0.93121469	0.274184793	-0.657029867
1.72200012	1.08046687	-0.933912396	0.276882619	-0.657029748
1.72300005	1.08121276	-0.936555982	0.279526472	-0.65702951
1.7240001	1.08196223	-0.939145446	0.282115936	-0.65702951
1.72500002	1.08271503	-0.941680193	0.284650713	-0.65702951
1.72600007	1.08347118	-0.944159746	0.287130356	-0.65702939
1.72700012	1.08423066	-0.946584344	0.289554685	-0.657029629
1.72800004	1.08499324	-0.948952913	0.291923374	-0.65702951
1.72900009	1.08575892	-0.95126605	0.294236243	-0.657029808
1.73000014	1.08652747	-0.953522682	0.296493143	-0.65702951
1.73100007	1.08729899	-0.955723524	0.298693866	-0.657029629
1.73200011	1.08807337	-0.957868218	0.300838441	-0.657029748
1.73300004	1.08885038	-0.959956288	0.302926689	-0.657029629
1.73400009	1.08963001	-0.961988091	0.304958671	-0.65702939
1.73500013	1.09041226	-0.963963866	0.306934416	-0.65702945
1.73600006	1.09119689	-0.965883017	0.308853894	-0.657029152
1.73700011	1.09198403	-0.967746377	0.310717165	-0.657029212
1.73800004	1.09277356	-0.96955359	0.312524408	-0.657029152
1.73900008	1.09356523	-0.971304774	0.314275742	-0.657029033
1.74000013	1.09435916	-0.973000288	0.315971285	-0.657029033
1.74100006	1.09515524	-0.974640489	0.317611247	-0.657029271
1.7420001	1.09595323	-0.976224899	0.319195867	-0.657029033
1.74300003	1.09675312	-0.977754354	0.320725322	-0.657029033
1.74400008	1.09755492	-0.979228735	0.322199941	-0.657028794
1.74500012	1.09835863	-0.980648875	0.323619992	-0.657028913
1.74600005	1.09916401	-0.982014537	0.324985772	-0.657028794
1.7470001	1.09997106	-0.983326435	0.326297611	-0.657028794
1.74800003	1.10077977	-0.984584808	0.327555865	-0.657028913
1.74900007	1.10158992	-0.985789776	0.328760862	-0.657028913
1.75000012	1.10240149	-0.986941814	0.32991311	-0.657028675
1.75100005	1.1032145	-0.988041639	0.331012875	-0.657028794
1.75200009	1.10402882	-0.98908937	0.332060665	-0.657028675
1.75300014	1.10484433	-0.990085483	0.333056897	-0.657028556
1.75400007	1.10566103	-0.991030574	0.334001988	-0.657028556
1.75500011	1.10647893	-0.991925001	0.334896475	-0.657028556
1.75600004	1.10729778	-0.992769122	0.335740805	-0.657028317
1.75700009	1.1081177	-0.993563771	0.336535454	-0.657028317
1.75800014	1.10893857	-0.994309187	0.337280959	-0.657028198
1.75900006	1.1097604	-0.995006084	0.337977797	-0.657028317
1.76000011	1.11058295	-0.995654821	0.338626534	-0.657028317
1.76100004	1.11140621	-0.996255755	0.339227706	-0.657028079
1.76200008	1.1122303	-0.996809959	0.339781821	-0.657028139
1.76300013	1.11305499	-0.997317433	0.340289414	-0.657028019
1.76400006	1.11388016	-0.997779012	0.340751112	-0.6570279
1.7650001	1.11470592	-0.99819541	0.34116748	-0.65702796
1.76600003	1.11553216	-0.998566866	0.341539055	-0.657027841
1.76700008	1.11635888	-0.998894215	0.341866434	-0.657027781
1.76800013	1.11718595	-0.999177933	0.342150182	-0.657027721
1.76900005	1.11801326	-0.999418497	0.342390895	-0.657027602
1.7700001	1.11884093	-0.999616742	0.34258914	-0.657027602
1.77100003	1.11966884	-0.999773145	0.342745572	-0.657027602
1.77200007	1.12049687	-0.999888301	0.342860758	-0.657027543
1.77300012	1.1213249	-0.999962807	0.342935354	-0.657027483
1.77400005	1.12215304	-0.999997258	0.342969894	-0.657027364
1.7750001	1.12298131	-0.999992311	0.342965007	-0.657027304
1.77600014	1.12380958	-0.999948561	0.342921287	-0.657027245
1.77700007	1.12463772	-0.999866545	0.34283933	-0.657027245
1.77800012	1.12546563	-0.999746978	0.342719823	-0.657027125
1.77900004	1.12629342	-0.999590456	0.342563301	-0.657027125
1.78000009	1.12712097	-0.999397516	0.342370361	-0.657027125
1.78100014	1.12794828	-0.999168813	0.342141688	-0.657027125
1.78200006	1.12877536	-0.998904884	0.341877878	-0.657027006
1.78300011	1.12960219	-0.998606384	0.341579437	-0.657026947
1.78400004	1.13042843	-0.998273969	0.341247082	-0.657026887
1.78500009	1.13125432	-0.997908235	0.340881377	-0.657026887
1.78600013	1.13207972	-0.997509658	0.340482861	-0.657026768
1.78700006	1.13290465	-0.997079015	0.340052158	-0.657026887
1.78800011	1.1337291	-0.996616721	0.339589924	-0.657026768
1.78900003	1.13455296	-0.996123374	0.339096725	-0.657026649
1.79000008	1.1353761	-0.995599806	0.338573128	-0.657026649
1.79100013	1.13619864	-0.995046377	0.338019699	-0.657026649
1.79200006	1.13702047	-0.994463682	0.337437063	-0.657026649
1.7930001	1.13784158	-0.993852377	0.336825758	-0.657026649
1.79400003	1.13866198	-0.993212879	0.336186349	-0.657026529
1.79500008	1.13948166	-0.992545903	0.335519463	-0.65702641
1.79600012	1.14030051	-0.991851926	0.334825605	-0.657026291
1.79700005	1.14111841	-0.991131604	0.334105372	-0.657026231
1.7980001	1.14193535	-0.990385532	0.333359301	-0.657026231
1.79900014	1.14275146	-0.989614129	0.332587957	-0.657026172
1.80000007	1.14356661	-0.98881793	0.331791878	-0.657026052
1.80100012	1.14438069	-0.987997591	0.330971569	-0.657026052
1.80200005	1.14519382	-0.98715353	0.330127567	-0.657025933
1.80300009	1.14600587	-0.986286402	0.329260468	-0.657025933
1.80400014	1.14681673	-0.985396683	0.32837075	-0.657025933
1.80500007	1.14762652	-0.984484851	0.327458948	-0.657025933
1.80600011	1.14843524	-0.983551443	0.326525509	-0.657025933
1.80700004	1.14924276	-0.982596874	0.325571001	-0.657025874
1.80800009	1.15004909	-0.981621802	0.324595928	-0.657025874
1.80900013	1.15085423	-0.980626583	0.323600799	-0.657025814
1.81000006	1.15165818	-0.979611695	0.32258606	-0.657025635
1.81100011	1.15246081	-0.978577733	0.321552187	-0.657025576
1.81200004	1.15326214	-0.977525175	0.320499688	-0.657025456
1.81300008	1.15406203	-0.976454556	0.31942907	-0.657025456
1.81400013	1.15486062	-0.975366235	0.318340719	-0.657025516
1.81500006	1.15565777	-0.974260747	0.317235142	-0.657025576
1.8160001	1.15645361	-0.973138332	0.316112787	-0.657025576
1.81700003	1.15724802	-0.971999586	0.314974099	-0.657025456
1.81800008	1.158041	-0.970845044	0.313819528	-0.657025516
1.81900012	1.15883255	-0.969674885	0.312649488	-0.657025397
1.82000005	1.15962255	-0.968489885	0.311464429	-0.657025456
1.8210001	1.16041112	-0.967290103	0.310264766	-0.657025337
1.82200015	1.16119814	-0.966076076	0.309050888	-0.657025218
1.82300007	1.16198349	-0.964848518	0.3078233	-0.657025218
1.82400012	1.16276729	-0.963607669	0.306582302	-0.657025337
1.82500005	1.16354954	-0.962353706	0.305328339	-0.657025337
1.82600009	1.16433012	-0.961087286	0.30406186	-0.657025456
1.82700014	1.16510916	-0.959808469	0.302783161	-0.657025337
1.82800007	1.16588652	-0.958517909	0.301492691	-0.657025218
1.82900012	1.16666222	-0.957216024	0.300190777	-0.657025218
1.83000004	1.16743624	-0.955902934	0.298877805	-0.657025099
1.83100009	1.1682086	-0.954579234	0.297554165	-0.657025099
1.83200014	1.16897917	-0.953245103	0.296220183	-0.65702492
1.83300006	1.16974807	-0.951901019	0.294876218	-0.657024801
1.83400011	1.17051518	-0.950547397	0.293522596	-0.657024801
1.83500004	1.1712805	-0.949184358	0.292159706	-0.657024622
1.83600008	1.17204392	-0.947812736	0.290787846	-0.65702486
1.83700013	1.17280555	-0.946432352	0.289407372	-0.65702498
1.83800006	1.17356539	-0.945043743	0.288018614	-0.657025099
1.83900011	1.17432344	-0.943646848	0.286621869	-0.65702498
1.84000003	1.17507958	-0.942242563	0.285217464	-0.657025099
1.84100008	1.17583394	-0.940830827	0.283805698	-0.657025099
1.84200013	1.17658639	-0.939412057	0.282386929	-0.657025099
1.84300005	1.17733693	-0.937986493	0.280961365	-0.657025099
1.8440001	1.17808557	-0.936554492	0.279529363	-0.657025099
1.84500003	1.17883229	-0.935116291	0.278091192	-0.657025099
1.84600008	1.17957711	-0.933672249	0.276647091	-0.657025158
1.84700012	1.18032002	-0.932222426	0.275197387	-0.657025039
1.84800005	1.18106091	-0.930767357	0.273742348	-0.65702498
1.8490001	1.18179989	-0.929307163	0.272282273	-0.65702486
1.85000014	1.18253684	-0.927842259	0.270817339	-0.65702492
1.85100007	1.18327188	-0.926372588	0.269347876	-0.657024741
1.85200012	1.1840049	-0.924898624	0.267874122	-0.657024503
1.85300004	1.18473589	-0.923420787	0.266396314	-0.657024503
1.85400009	1.18546474	-0.921939313	0.264914721	-0.657024622
1.85500014	1.18619156	-0.920454204	0.263429523	-0.657024682
1.85600007	1.18691635	-0.918965697	0.261941016	-0.657024682
1.85700011	1.18763912	-0.917474031	0.260449409	-0.657024622
1.85800004	1.18835974	-0.915979743	0.258954912	-0.65702486
1.85900009	1.18907833	-0.914482594	0.257457763	-0.65702486
1.86000013	1.18979478	-0.912983179	0.25595817	-0.65702498
1.86100006	1.1905092	-0.91148138	0.254456341	-0.657025039
1.86200011	1.19122148	-0.909977615	0.252952516	-0.657025099
1.86300004	1.19193172	-0.908471882	0.251446873	-0.65702498
1.86400008	1.19263983	-0.90696466	0.249939635	-0.657025039
1.86500013	1.19334579	-0.905455887	0.248430967	-0.65702492
1.86600006	1.1940496	-0.903946042	0.246921092	-0.65702498
1.8670001	1.19475126	-0.902435005	0.245410174	-0.65702486
1.86800003	1.19545078	-0.900923312	0.243898407	-0.65702492
1.86900008	1.19614816	-0.899410784	0.242385954	-0.65702486
1.87000012	1.19684339	-0.89789772	0.240873024	-0.657024682
1.87100005	1.19753635	-0.896384358	0.239359766	-0.657024622
1.8720001	1.19822717	-0.894870996	0.237846375	-0.657024622
1.87300014	1.19891584	-0.893357515	0.236332998	-0.657024503
1.87400007	1.19960225	-0.891844273	0.2348198	-0.657024503
1.87500012	1.20028651	-0.890331268	0.233306929	-0.657024324
1.87600005	1.2009685	-0.88881886	0.231794581	-0.657024264
1.87700009	1.20164835	-0.887306809	0.230282843	-0.657023966
1.87800014	1.20232594	-0.885795832	0.228771955	-0.657023907
1.87900007	1.20300126	-0.884285927	0.227261975	-0.657023966
1.88000011	1.20367432	-0.882776916	0.225753099	-0.657023787
1.88100004	1.20434523	-0.881269097	0.224245474	-0.657023609
1.88200009	1.20501387	-0.87976259	0.22273919	-0.65702343
1.88300014	1.20568025	-0.878257751	0.221234411	-0.657023311
1.88400006	1.20634437	-0.876754403	0.219731271	-0.657023132
1.88500011	1.2070061	-0.875253022	0.218229845	-0.657023191
1.88600004	1.20766556	-0.873753667	0.216730326	-0.657023311
1.88700008	1.20832276	-0.872256279	0.215232804	-0.657023489
1.88800013	1.2089777	-0.870760798	0.213737443	-0.65702337
1.88900006	1.20963037	-0.869267881	0.212244287	-0.657023609
1.8900001	1.21028066	-0.867777169	0.210753515	-0.657023668
1.89100003	1.21092868	-0.86628902	0.209265172	-0.657023847
1.89200008	1.21157444	-0.864803374	0.207779422	-0.657023966
1.89300013	1.21221793	-0.863320351	0.206296355	-0.657024026
1.89400005	1.21285903	-0.861840189	0.204816088	-0.657024086
1.8950001	1.21349788	-0.860362887	0.203338683	-0.657024205
1.89600015	1.21413445	-0.858888268	0.201864272	-0.657024026
1.89700007	1.21476865	-0.857417226	0.200392962	-0.657024264
1.89800012	1.21540058	-0.855948925	0.19892481	-0.657024145
1.89900005	1.21603012	-0.854484081	0.197459921	-0.657024145
1.9000001	1.2166574	-0.853022575	0.1959984	-0.657024145
1.90100014	1.2172823	-0.851564527	0.194540337	-0.657024205
1.90200007	1.21790493	-0.850109816	0.19308579	-0.657024026
1.90300012	1.21852517	-0.848659039	0.191634864	-0.657024145
1.90400004	1.21914303	-0.847211897	0.190187633	-0.657024264
1.90500009	1.21975863	-0.845768332	0.188744172	-0.657024145
1.90600014	1.22037184	-0.84432888	0.187304571	-0.657024324
1.90700006	1.22098267	-0.842893183	0.185868874	-0.657024324
1.90800011	1.22159123	-0.84146142	0.184437186	-0.657024264
1.90900004	1.22219741	-0.840033829	0.18300955	-0.657024264
1.91000009	1.22280121	-0.838610411	0.181586072	-0.657024324
1.91100013	1.22340262	-0.837191224	0.180166781	-0.657024443
1.91200006	1.22400165	-0.835776389	0.178751782	-0.657024622
1.91300011	1.22459841	-0.834365606	0.177341104	-0.657024503
1.91400003	1.22519279	-0.832959294	0.175934821	-0.657024503
1.91500008	1.22578478	-0.831557512	0.174533024	-0.657024503
1.91600013	1.22637439	-0.830160379	0.173135728	-0.657024622
1.91700006	1.22696161	-0.828767776	0.171743006	-0.657024741
1.9180001	1.22754645	-0.827379763	0.170354933	-0.65702486
1.91900015	1.22812891	-0.825996399	0.168971553	-0.65702486
1.92000008	1.2287091	-0.824617684	0.167592883	-0.657024801
1.92100012	1.22928691	-0.823243737	0.166219011	-0.657024741
1.92200005	1.22986233	-0.821874738	0.164849997	-0.657024741
1.9230001	1.23043537	-0.820510387	0.16348587	-0.657024503
1.92400014	1.23100603	-0.819151044	0.162126645	-0.657024384
1.92500007	1.2315743	-0.817796886	0.160772428	-0.657024443
1.92600012	1.23214018	-0.816447556	0.159423232	-0.657024324
1.92700005	1.23270369	-0.815103412	0.158079103	-0.657024324
1.92800009	1.2332648	-0.813764215	0.156740099	-0.657024145
1.92900014	1.23382354	-0.812430263	0.155406222	-0.657024026
1.93000007	1.23437989	-0.811101556	0.154077545	-0.657024026
1.93100011	1.23493385	-0.809778094	0.152754083	-0.657024026
1.93200004	1.23548543	-0.80845964	0.151435912	-0.657023728
1.93300009	1.23603463	-0.807146668	0.150123015	-0.657023668
1.93400013	1.23658144	-0.805838883	0.148815453	-0.65702343
1.93500006	1.23712575	-0.804536939	0.147513255	-0.657023668
1.93600011	1.23766768	-0.80324018	0.146216452	-0.657023728
1.93700004	1.23820722	-0.801948845	0.144925088	-0.657023787
1.93800008	1.23874438	-0.800662994	0.143639192	-0.657023787
1.93900013	1.23927915	-0.799382567	0.142358765	-0.657023787
1.94000006	1.23981154	-0.798107743	0.141083866	-0.657023907
1.9410001	1.24034154	-0.796838284	0.139814511	-0.657023787
1.94200015	1.24086916	-0.795574427	0.138550729	-0.657023668
1.94300008	1.2413944	-0.794316173	0.137292519	-0.657023668
1.94400012	1.24191725	-0.793063462	0.136039943	-0.657023549
1.94500005	1.24243772	-0.791816473	0.134792998	-0.657023489
1.9460001	1.2429558	-0.790574968	0.133551717	-0.657023251
1.94700015	1.24347138	-0.789339423	0.132316127	-0.657023311
1.94800007	1.24398458	-0.78810966	0.13108623	-0.65702343
1.94900012	1.24449539	-0.786885619	0.129862085	-0.657023549
1.95000005	1.24500382	-0.785667181	0.128643662	-0.657023549
1.95100009	1.24550986	-0.784454525	0.127431005	-0.657023549
1.95200014	1.24601352	-0.78324753	0.12622413	-0.65702343
1.95300007	1.2465148	-0.782046437	0.125023037	-0.65702343
1.95400012	1.24701369	-0.780851066	0.123827778	-0.657023311
1.95500004	1.24751019	-0.779661536	0.122638337	-0.657023191
1.95600009	1.2480042	-0.778478026	0.121454753	-0.657023251
1.95700014	1.24849582	-0.777300477	0.120277017	-0.65702343
1.95800006	1.24898505	-0.776128531	0.119105153	-0.65702337
1.95900011	1.2494719	-0.774962664	0.117939167	-0.657023489
1.96000004	1.24995637	-0.773802638	0.116779074	-0.657023549
1.96100008	1.25043845	-0.772648275	0.11562489	-0.65702337
1.96200013	1.25091815	-0.771500051	0.114476606	-0.65702343
1.96300006	1.25139546	-0.770357728	0.113334253	-0.657023489
1.96400011	1.25187039	-0.769221127	0.112197846	-0.657023311
1.96500015	1.25234294	-0.768090665	0.11106737	-0.657023311
1.96600008	1.2528131	-0.766966105	0.109942853	-0.657023251
1.96700013	1.25328088	-0.765847445	0.108824298	-0.657023132
1.96800005	1.25374627	-0.764734566	0.10771171	-0.657022834
1.9690001	1.25420916	-0.763628066	0.10660509	-0.657022953
1.97000015	1.25466967	-0.762527525	0.105504453	-0.657023072
1.97100008	1.25512779	-0.761433005	0.104409799	-0.657023191
1.97200012	1.25558352	-0.760344386	0.103321142	-0.657023251
1.97300005	1.25603688	-0.759261847	0.102238469	-0.65702337
1.9740001	1.25648785	-0.758185267	0.101161808	-0.65702343
1.97500014	1.25693643	-0.757114649	0.100091152	-0.657023489
1.97600007	1.25738263	-0.75605011	0.0990265012	-0.657023609
1.97700012	1.25782645	-0.754991412	0.0979678556	-0.657023549
1.97800004	1.25826788	-0.753938794	0.0969152302	-0.657023549
1.97900009	1.25870693	-0.752892315	0.0958686173	-0.657023668
1.98000014	1.25914359	-0.751851857	0.0948280171	-0.657023847
1.98100007	1.25957787	-0.750817299	0.0937934518	-0.657023847
1.98200011	1.26000977	-0.749788821	0.0927649066	-0.657023907
1.98300004	1.26043928	-0.748766303	0.091742374	-0.657023907
1.98400009	1.2608664	-0.747749805	0.0907258615	-0.657023966
1.98500013	1.26129115	-0.746739507	0.089715369	-0.657024145
1.98600006	1.2617135	-0.745735049	0.0887108967	-0.657024145
1.98700011	1.26213348	-0.744736791	0.0877124593	-0.657024324
1.98800004	1.26255107	-0.743744612	0.086720027	-0.657024562
1.98900008	1.26296639	-0.742757976	0.0857336149	-0.657024384
1.99000013	1.26337934	-0.74177742	0.0847532228	-0.657024205
1.99100006	1.26378989	-0.740803003	0.0837788433	-0.657024145
1.9920001	1.26419806	-0.739834607	0.0828104839	-0.657024145
1.99300015	1.26460385	-0.73887217	0.0818481296	-0.657024026
1.99400008	1.26500726	-0.737915993	0.080891788	-0.657024205
1.99500012	1.26540828	-0.736965537	0.0799414441	-0.657024086
1.99600005	1.26580691	-0.73602134	0.0789971128	-0.657024205
1.9970001	1.26620317	-0.735083222	0.0780587718	-0.657024443
1.99800014	1.26659703	-0.734150887	0.0771264285	-0.657024443
1.99900007	1.26698864	-0.733224392	0.0762000829	-0.657024324
