0.000000000000000	-2.646384347463696	6.012712195431617	3.366327847967921
0.001000000000000	-2.667992495416301	6.034320478813140	3.366327983396839
0.002000000000000	-2.689826467795123	6.056154584143959	3.366328116348836
0.003000000000000	-2.711888264172771	6.078216510721498	3.366328246548727
0.004000000000000	-2.734179856427327	6.100508230131540	3.366328373704213
0.005000000000000	-2.756703185198465	6.123031682703374	3.366328497504909
0.006000000000000	-2.779460156117227	6.145788773738546	3.366328617621318
0.007000000000000	-2.802452635796480	6.168781369500230	3.366328733703750
0.008000000000000	-2.825682447568347	6.192011292949529	3.366328845381181
0.009000000000000	-2.849151366954167	6.215480319214213	3.366328952260045
0.010000000000000	-2.872861116851704	6.239190170774675	3.366329053922971
0.011000000000000	-2.896813362423536	6.263142512350965	3.366329149927428
0.012000000000000	-2.921009705669622	6.287338945473946	3.366329239804324
0.013000000000000	-2.945451679666148	6.311781002722658	3.366329323056510
0.014000000000000	-2.970140742451767	6.336470141608972	3.366329399157205
0.015000000000000	-2.995078270541311	6.361407738089645	3.366329467548334
0.016000000000000	-3.020265552045989	6.386595079684776	3.366329527638787
0.017000000000000	-3.045703779377940	6.412033358180514	3.366329578802573
0.018000000000000	-3.071394041515836	6.437723661892717	3.366329620376881
0.019000000000000	-3.097337315806968	6.463666967466990	3.366329651660022
0.020000000000000	-3.123534459279953	6.489864131189239	3.366329671909286
0.021000000000000	-3.149986199440816	6.516315879779484	3.366329680338668
0.022000000000000	-3.176693124523814	6.543022800640297	3.366329676116483
0.023000000000000	-3.203655673166796	6.569985331529634	3.366329658362838
0.024000000000000	-3.230874123479410	6.597203749626416	3.366329626147006
0.025000000000000	-3.258348581470783	6.624678159955406	3.366329578484622
0.026000000000000	-3.286078968801617	6.652408483136396	3.366329514334780
0.027000000000000	-3.314065009823870	6.680394442420807	3.366329432596937
0.028000000000000	-3.342306217869366	6.708635549977056	3.366329332107690
0.029000000000000	-3.370801880746703	6.737131092384104	3.366329211637400
0.030000000000000	-3.399551045403951	6.765880115290558	3.366329069886607
0.031000000000000	-3.428552501712460	6.794881407194776	3.366328905482316
0.032000000000000	-3.457804765325058	6.824133482299136	3.366328716974079
0.033000000000000	-3.487306059559701	6.853634562389588	3.366328502829887
0.034000000000000	-3.517054296257371	6.883382557689267	3.366328261431896
0.035000000000000	-3.547047055560753	6.913375046632677	3.366327991071923
0.036000000000000	-3.577281564557802	6.943609254504564	3.366327689946763
0.037000000000000	-3.607754674731938	6.974082030885219	3.366327356153281
0.038000000000000	-3.638462838158170	7.004789825841492	3.366326987683322
0.039000000000000	-3.669402082381938	7.035728664800300	3.366326582418361
0.040000000000000	-3.700567983914991	7.066894122038970	3.366326138123980
0.041000000000000	-3.731955640280138	7.098281292724236	3.366325652444098
0.042000000000000	-3.763559640534234	7.129884763429223	3.366325122894989
0.043000000000000	-3.795374034196280	7.161698581055381	3.366324546859101
0.044000000000000	-3.827392298505235	7.193716220083849	3.366323921578614
0.045000000000000	-3.859607303929729	7.225930548078587	3.366323244148858
0.046000000000000	-3.892011277849817	7.258333789361270	3.366322511511453
0.047000000000000	-3.924595766328810	7.290917486776133	3.366321720447323
0.048000000000000	-3.957351593891474	7.323672461460961	3.366320867569487
0.049000000000000	-3.990268821223280	7.356588770539003	3.366319949315723
0.050000000000000	-4.023336700704185	7.389655662645257	3.366318961941072
0.051000000000000	-4.056543629689491	7.422861531199722	3.366317901510230
0.052000000000000	-4.089877101449883	7.456193865339768	3.366316763889885
0.053000000000000	-4.123323653682904	7.489639198423879	3.366315544740974
0.054000000000000	-4.156868814508700	7.523183054019690	3.366314239510990
0.055000000000000	-4.190497045864389	7.556809889290690	3.366312843426301
0.056000000000000	-4.224191684213644	7.590503035698264	3.366311351484620
0.057000000000000	-4.257934878491255	7.624244636938925	3.366309758447669
0.058000000000000	-4.291707525206927	7.658015584041030	3.366308058834102
0.059000000000000	-4.325489200638099	7.691795447550932	3.366306246912833
0.060000000000000	-4.359258090048822	7.725562406745647	3.366304316696825
0.061000000000000	-4.392990913880504	7.759293175818030	3.366302261937526
0.062000000000000	-4.426662850871161	7.792962926991212	3.366300076120051
0.063000000000000	-4.460247458072753	7.826545210532067	3.366297752459314
0.064000000000000	-4.493716587751667	7.860011871648936	3.366295283897269
0.065000000000000	-4.527040301175649	7.893332964277169	3.366292663101520
0.066000000000000	-4.560186779311977	7.926476661777451	3.366289882465474
0.067000000000000	-4.593122230486597	7.959409164596987	3.366286934110390
0.068000000000000	-4.625810795083003	7.992094604972575	3.366283809889572
0.069000000000000	-4.658214447393051	8.024494948788139	3.366280501395088
0.070000000000000	-4.690292894770383	8.056569894737745	3.366276999967361
0.071000000000000	-4.722003474281142	8.088276770989253	3.366273296708111
0.072000000000000	-4.753301047096770	8.119570429593846	3.366269382497076
0.073000000000000	-4.784137890930838	8.150403138943917	3.366265248013079
0.074000000000000	-4.814463590886240	8.180724474646231	3.366260883759991
0.075000000000000	-4.844224929152139	8.210481209250403	3.366256280098264
0.076000000000000	-4.873365774071961	8.239617201354662	3.366251427282701
0.077000000000000	-4.901826969195826	8.268073284703133	3.366246315507308
0.078000000000000	-4.929546223033784	8.295787157991736	3.366240934957952
0.079000000000000	-4.956458000340968	8.322693276214860	3.366235275873892
0.080000000000000	-4.982493415893558	8.348722744512571	3.366229328619013
0.081000000000000	-5.007580131855863	8.373803215619830	3.366223083763967
0.082000000000000	-5.031642259995284	8.397858792175548	3.366216532180264
0.083000000000000	-5.054600270174006	8.420809935321591	3.366209665147585
0.084000000000000	-5.076370906735312	8.442573381210854	3.366202474475543
0.085000000000000	-5.096867114608801	8.463062067250101	3.366194952641300
0.086000000000000	-5.115997977183805	8.482185070128171	3.366187092944366
0.087000000000000	-5.133668668243945	8.499847557924005	3.366178889680060
0.088000000000000	-5.149780420518869	8.515950758851897	3.366170338333028
0.089000000000000	-5.164230513691391	8.530391949483688	3.366161435792297
0.090000000000000	-5.176912284999457	8.543064465588703	3.366152180589246
0.091000000000000	-5.187715165891618	8.553857739051381	3.366142573159763
0.092000000000000	-5.196524748530459	8.562657364662314	3.366132616131855
0.093000000000000	-5.203222886288756	8.569345200928362	3.366122314639606
0.094000000000000	-5.207687832744632	8.573799509408882	3.366111676664250
0.095000000000000	-5.209794424050752	8.575895137453507	3.366100713402755
0.096000000000000	-5.209414309923009	8.575503749586785	3.366089439663776
0.097000000000000	-5.206416238859415	8.572494113149785	3.366077874290371
0.098000000000000	-5.200666403551249	8.566732444159324	3.366066040608075
0.099000000000000	-5.192028852775475	8.558082819671640	3.366053966896165
0.100000000000000	-5.180365976347039	8.546407663225814	3.366041686878775
0.101000000000000	-5.165539069946566	8.531568310178015	3.366029240231449
0.102000000000000	-5.147408986805240	8.513425659902367	3.366016673097127
0.103000000000000	-5.125836883302860	8.491840921906881	3.366004038604022
0.104000000000000	-5.100685065493421	8.466676462869289	3.365991397375868
0.105000000000000	-5.071817943387013	8.437796761409905	3.365978818022891
0.106000000000000	-5.039103099456707	8.405069477056232	3.365966377599525
0.107000000000000	-5.002412477270300	8.368366639282536	3.365954162012236
0.108000000000000	-4.961623695331880	8.327565961689942	3.365942266358061
0.109000000000000	-4.916621490117683	8.282552285289306	3.365930795171623
0.110000000000000	-4.867299290863461	8.233219153418673	3.365919862555212
0.111000000000000	-4.813560926864062	8.179470519027822	3.365909592163760
0.112000000000000	-4.755322465839408	8.121222582853132	3.365900117013725
0.113000000000000	-4.692514179266496	8.058405758348776	3.365891579082280
0.114000000000000	-4.625082627440484	7.990966756102025	3.365884128661540
0.115000000000000	-4.552992853385941	7.918870776817249	3.365877923431308
0.116000000000000	-4.476230670578303	7.842103797792053	3.365873127213749
0.117000000000000	-4.394805024758937	7.760674933133844	3.365869908374907
0.118000000000000	-4.308750404959232	7.674618842800133	3.365868437840901
0.119000000000000	-4.218129273238952	7.583998159940918	3.365868886701966
0.120000000000000	-4.123034476672233	7.488905900057355	3.365871423385122
0.121000000000000	-4.023591598897381	7.389467809284075	3.365876210386694
0.122000000000000	-3.919961202240164	7.285844602809584	3.365883400569420
0.123000000000000	-3.812340905225277	7.178234038270836	3.365893133045559
0.124000000000000	-3.700967234453086	7.066872763140378	3.365905528687291
0.125000000000000	-3.586117184630316	6.952037869958910	3.365920685328594
0.126000000000000	-3.468109416338141	6.834048089086392	3.365938672748251
0.127000000000000	-3.347305018268758	6.713264545819492	3.365959527550733
0.128000000000000	-3.224107759555296	6.590091007645062	3.365983248089766
0.129000000000000	-3.098963758862284	6.464973548468874	3.366009789606589
0.130000000000000	-2.972360500484209	6.338399560263828	3.366039059779619
0.131000000000000	-2.844825134168792	6.210896049071241	3.366070914902449
0.132000000000000	-2.716922005022868	6.083027161943364	3.366105156920496
0.133000000000000	-2.589249372853952	5.955390904414983	3.366141531561031
0.134000000000000	-2.462435296698350	5.828615024482519	3.366179727784170
0.135000000000000	-2.337132679968578	5.703352058730616	3.366219378762038
0.136000000000000	-2.214013494308268	5.580273558866634	3.366260064558366
0.137000000000000	-2.093762225347996	5.460063541979228	3.366301316631232
0.138000000000000	-1.977068610371763	5.343411234587826	3.366342624216063
0.139000000000000	-1.864619765475933	5.231003208045379	3.366383442569446
0.140000000000000	-1.757091826997941	5.123515029964085	3.366423202966144
0.141000000000000	-1.655141257531939	5.021602581780951	3.366461324249012
0.142000000000000	-1.559395989380596	4.925893215018958	3.366497225638362
0.143000000000000	-1.470446596464088	4.836976936884094	3.366530340420006
0.144000000000000	-1.388837698257359	4.755397828314211	3.366560130056853
0.145000000000000	-1.315059805180658	4.681645903393845	3.366586098213187
0.146000000000000	-1.249541813228257	4.616149617378182	3.366607804149925
0.147000000000000	-1.192644346046916	4.559269220993505	3.366624874946589
0.148000000000000	-1.144654125145694	4.511291141179995	3.366637016034301
0.149000000000000	-1.105779523857207	4.472423543440817	3.366644019583609
0.150000000000000	-1.076147428949892	4.442793199328113	3.366645770378221
0.151000000000000	-1.055801496690924	4.422443745607847	3.366642248916923
0.152000000000000	-1.044701849300494	4.411335380914006	3.366633531613513
0.153000000000000	-1.042726214977646	4.409346003077706	3.366619788100060
0.154000000000000	-1.049672471991452	4.416273747764909	3.366601275773457
0.155000000000000	-1.065262516680691	4.431840848531253	3.366578331850563
0.156000000000000	-1.089147338412372	4.455698701715932	3.366551363303560
0.157000000000000	-1.120913153173448	4.487433988303959	3.366520835130510
0.158000000000000	-1.160088422723023	4.526575680192730	3.366487257469707
0.159000000000000	-1.206151568907802	4.572602740997834	3.366451172090033
0.160000000000000	-1.258539183194275	4.624952321977080	3.366413138782805
0.161000000000000	-1.316654529611572	4.683028251758492	3.366373722146919
0.162000000000000	-1.379876144647496	4.746209623848562	3.366333479201067
0.163000000000000	-1.447566349374486	4.813859297558343	3.366292948183857
0.164000000000000	-1.519079506135600	4.885332144951426	3.366252638815826
0.165000000000000	-1.593769873253335	4.959982897462032	3.366213024208697
0.166000000000000	-1.670998935137437	5.037173469654983	3.366174534517546
0.167000000000000	-1.750142110568575	5.116279662918641	3.366137552350066
0.168000000000000	-1.830594767626016	5.196697177500274	3.366102409874259
0.169000000000000	-1.911777498650306	5.277846886157352	3.366069387507046
0.170000000000000	-1.993140631916242	5.359179345937028	3.366038714020787
0.171000000000000	-2.074167977666496	5.440178545540382	3.366010567873886
0.172000000000000	-2.154379824361289	5.520364903915979	3.365985079554690
0.173000000000000	-2.233335216171071	5.599297550893606	3.365962334722535
0.174000000000000	-2.310633554790169	5.676575932725614	3.365942377935445
0.175000000000000	-2.385915577644742	5.751840794411886	3.365925216767145
0.176000000000000	-2.458863770690713	5.824774596826158	3.365910826135445
0.177000000000000	-2.529202277517658	5.895101430204869	3.365899152687211
0.178000000000000	-2.596696367720774	5.962586486830999	3.365890119110224
0.179000000000000	-2.661151526833735	6.027035155101142	3.365883628267407
0.180000000000000	-2.722412227894416	6.088291794968367	3.365879567073951
0.181000000000000	-2.780360441299560	6.146238251359630	3.365877810060070
0.182000000000000	-2.834913935321028	6.200792157903843	3.365878222582815
0.183000000000000	-2.886024414802625	6.251905078470586	3.365880663667962
0.184000000000000	-2.933675540389471	6.299560528866814	3.365884988477343
0.185000000000000	-2.977880865376120	6.343771915785458	3.365891050409338
0.186000000000000	-3.018681722071753	6.384580424920841	3.365898702849088
0.187000000000000	-3.056145084606249	6.422052885198072	3.365907800591823
0.188000000000000	-3.090361430441556	6.456279631409174	3.365918200967618
0.189000000000000	-3.121442618580544	6.487372383278975	3.365929764698431
0.190000000000000	-3.149519798623825	6.515462155143808	3.365942356519984
0.191000000000000	-3.174741361438469	6.540697207039575	3.365955845601106
0.192000000000000	-3.197270939276124	6.563241045068843	3.365970105792719
0.193000000000000	-3.217285460705023	6.583270476442010	3.365985015736987
0.194000000000000	-3.234973263682029	6.600973722547801	3.366000458865772
0.195000000000000	-3.250532268463756	6.616548591778749	3.366016323314994
0.196000000000000	-3.264168210808545	6.630200712588148	3.366032501779603
0.197000000000000	-3.276092935022682	6.642141826353784	3.366048891331102
0.198000000000000	-3.286522745818599	6.652588139036069	3.366065393217470
0.199000000000000	-3.295676817646783	6.661758730309358	3.366081912662575
0.200000000000000	-3.303775660100259	6.669874018780480	3.366098358680222
0.201000000000000	-3.311039638138411	6.677154282053779	3.366114643915369
0.202000000000000	-3.317687546201025	6.683818230723945	3.366130684522921
0.203000000000000	-3.323935235752052	6.690081635844338	3.366146400092286
0.204000000000000	-3.329994296373944	6.696156009997844	3.366161713623899
0.205000000000000	-3.336070791197208	6.702247342758824	3.366176551561616
0.206000000000000	-3.342364048165518	6.708554892048436	3.366190843882918
0.207000000000000	-3.349065509375199	6.715270033622058	3.366204524246859
0.208000000000000	-3.356357641460206	6.722575171657765	3.366217530197559
0.209000000000000	-3.364412910691291	6.730642714110527	3.366229803419235
0.210000000000000	-3.373392827093752	6.739634117130456	3.366241290036704
0.211000000000000	-3.383447062434842	6.749699003388420	3.366251940953578
0.212000000000000	-3.394712647365142	6.760974359583741	3.366261712218600
0.213000000000000	-3.407313253294078	6.773583818703245	3.366270565409167
0.214000000000000	-3.421358564718658	6.787637032738387	3.366278468019730
0.215000000000000	-3.436943747688576	6.803229141530341	3.366285393841765
0.216000000000000	-3.454149019867452	6.820440343188960	3.366291323321507
0.217000000000000	-3.473039327231072	6.839335571112207	3.366296243881136
0.218000000000000	-3.493664131826285	6.859964282015798	3.366300150189513
0.219000000000000	-3.516057314202371	6.882360358571598	3.366303044369227
0.220000000000000	-3.540237193130879	6.906542129258344	3.366304936127465
0.221000000000000	-3.566206664065498	6.932512506865850	3.366305842800352
0.222000000000000	-3.593953456485481	6.960259245787389	3.366305789301908
0.223000000000000	-3.623450508842141	6.989755316813701	3.366304807971560
0.224000000000000	-3.654656458323743	7.020959396640262	3.366302938316519
0.225000000000000	-3.687516241107562	7.053816467756123	3.366300226648561
0.226000000000000	-3.721961797221768	7.088258522839164	3.366296725617396
0.227000000000000	-3.757912872635916	7.124205366282256	3.366292493646340
0.228000000000000	-3.795277909781938	7.161565504060315	3.366287594278377
0.229000000000000	-3.833955016417141	7.200237111860854	3.366282095443713
0.230000000000000	-3.873833001615554	7.240109070277658	3.366276068662104
0.231000000000000	-3.914792466746282	7.281062054941454	3.366269588195172
0.232000000000000	-3.956706938594041	7.322969668759315	3.366262730165274
0.233000000000000	-3.999444031316631	7.365699602974953	3.366255571658322
0.234000000000000	-4.042866623728336	7.409114813556590	3.366248189828254
0.235000000000000	-4.086834038450173	7.453074699470693	3.366240661020520
0.236000000000000	-4.131203209772502	7.497436269703520	3.366233059931019
0.237000000000000	-4.175829827619728	7.542055286435510	3.366225458815783
0.238000000000000	-4.220569445771664	7.586787372536437	3.366217926764772
0.239000000000000	-4.265278543455214	7.631489072506290	3.366210529051076
0.240000000000000	-4.314410427421163	7.678939469616157	3.364529042194994
0.241000000000000	-4.364431781037682	7.728952874733433	3.364521093695751
0.242000000000000	-4.413900545029745	7.778413986997425	3.364513441967680
0.243000000000000	-4.462672580316760	7.827178711585296	3.364506131268536
0.244000000000000	-4.510608972391143	7.875108172422605	3.364499200031462
0.245000000000000	-4.557576645042241	7.922069325832737	3.364492680790496
0.246000000000000	-4.603448886044930	7.967935486240078	3.364486600195148
0.247000000000000	-4.648105784873932	8.012586763980984	3.364480979107052
0.248000000000000	-4.691434583723651	8.055910416494779	3.364475832771128
0.249000000000000	-4.733329944218657	8.097801115271020	3.364471171052362
0.250000000000000	-4.773694133176385	8.138161131905196	3.364466998728811
0.251000000000000	-4.812437131623316	8.176900447454553	3.364463315831237
0.252000000000000	-4.849476671964318	8.213936789983910	3.364460118019592
0.253000000000000	-4.884738208761052	8.249195605748024	3.364457396986973
0.254000000000000	-4.918154828993440	8.282609969875354	3.364455140881915
0.255000000000000	-4.949667107963453	8.314120442704171	3.364453334740718
0.256000000000000	-4.979222917162579	8.343674878084672	3.364451960922093
0.257000000000000	-5.006777190473291	8.371228190010545	3.364450999537254
0.258000000000000	-5.032291655023055	8.396742083892622	3.364450428869567
0.259000000000000	-5.055734532869517	8.420184758648233	3.364450225778716
0.260000000000000	-5.077080219481060	8.441530585566277	3.364450366085217
0.261000000000000	-5.096308944700676	8.460759769632769	3.364450824932094
0.262000000000000	-5.113406421556153	8.477857998677399	3.364451577121246
0.263000000000000	-5.128363487917831	8.492816085340708	3.364452597422877
0.264000000000000	-5.140623606754030	8.497769748004364	3.357146141250334
0.265000000000000	-5.135391461115981	8.492534181051038	3.357142719935057
0.266000000000000	-5.127659884266594	8.484799261029403	3.357139376762809
0.267000000000000	-5.117380427663352	8.474516534052171	3.357136106388819
0.268000000000000	-5.104506958746867	8.461639864186701	3.357132905439833
0.269000000000000	-5.088995639858434	8.446125412646182	3.357129772787748
0.270000000000000	-5.070804938687016	8.427931648493692	3.357126709806676
0.271000000000000	-5.049895673915092	8.407019394527733	3.357123720612641
0.272000000000000	-5.026231099462516	8.383351911747264	3.357120812284748
0.273000000000000	-4.999777030439279	8.356895025505716	3.357117995066438
0.274000000000000	-4.970502013607565	8.327617296152555	3.357115282544989
0.275000000000000	-4.943869746534940	8.300852573141114	3.356982826606174
0.276000000000000	-4.919598285818741	8.276577682147655	3.356979396328915
0.277000000000000	-4.892422711491762	8.249398850249079	3.356976138757317
0.278000000000000	-4.862311375783642	8.219284458104033	3.356973082320391
0.279000000000000	-4.829237050182011	8.186207309575064	3.356970259393052
0.280000000000000	-4.793177410307329	8.150145116620521	3.356967706313193
0.281000000000000	-4.754115575248666	8.111081038596927	3.356965463348261
0.282000000000000	-4.712040700530607	8.069004275135310	3.356963574604703
0.283000000000000	-4.666948623025784	8.023910710899008	3.356962087873224
0.284000000000000	-4.618842555170655	7.975803609573036	3.356961054402380
0.285000000000000	-4.567733824779229	7.924694353372193	3.356960528592964
0.286000000000000	-4.513642655579440	7.870603223184910	3.356960567605469
0.287000000000000	-4.456598982320323	7.813560213193942	3.356961230873619
0.288000000000000	-4.396643292921697	7.753605872438765	3.356962579517068
0.289000000000000	-4.333827488670275	7.690792164318148	3.356964675647873
0.290000000000000	-4.268215751923973	7.625183333490416	3.356967581566443
0.291000000000000	-4.199885409190307	7.556856768035022	3.356971358844715
0.292000000000000	-4.128927775824351	7.485903843121015	3.356976067296664
0.293000000000000	-4.055448966982166	7.412430730821412	3.356981763839246
0.294000000000000	-3.979570657910766	7.336559159161121	3.356988501250355
0.295000000000000	-3.901430775206651	7.258427102040873	3.356996326834222
0.296000000000000	-3.821184099389717	7.178189380399175	3.357005281009458
0.297000000000000	-3.739002758084252	7.096018153923741	3.357015395839489
0.298000000000000	-3.655076588342990	7.012103281873447	3.357026693530457
0.299000000000000	-3.569613346269105	6.926652531195973	3.357039184926868
0.300000000000000	-3.482838742159653	6.839891610199993	3.357052868040341
0.301000000000000	-3.394996279986000	6.752064006637783	3.357067726651783
0.302000000000000	-3.306346881211380	6.663430610242767	3.357083729031388
0.303000000000000	-3.217168274781703	6.574269101605807	3.357100826824104
0.304000000000000	-3.127754137658767	6.484873091809265	3.357118954150499
0.305000000000000	-3.045170652716195	6.399182068292662	3.354011415576466
0.306000000000000	-2.963464980426036	6.317496367216322	3.354031386790287
0.307000000000000	-2.882445165056841	6.236497247410798	3.354052082353957
0.308000000000000	-2.802455628980408	6.156528991551944	3.354073362571536
0.309000000000000	-2.723848433078622	6.077943503659117	3.354095070580495
0.310000000000000	-2.646980812037739	6.001097845718959	3.354117033681220
0.311000000000000	-2.572212478964242	5.926351544091743	3.354139065127501
0.312000000000000	-2.499902726754068	5.854063693125582	3.354160966371514
0.313000000000000	-2.430407360294387	5.784589890034880	3.354182529740493
0.314000000000000	-2.364075499874449	5.718279041379996	3.354203541505547
0.315000000000000	-2.301246301883491	5.655470087169739	3.354223785286249
0.316000000000000	-2.242245647733847	5.596488693451867	3.354243045718020
0.317000000000000	-2.187382855730320	5.541643968025883	3.354261112295563
0.318000000000000	-2.136947473105189	5.491225256398085	3.354277783292896
0.319000000000000	-2.091206206477187	5.445499076129598	3.354292869652411
0.320000000000000	-2.050400048450005	5.404706247180581	3.354306198730576
0.321000000000000	-2.014741655875595	5.369059273663343	3.354317617787748
0.322000000000000	-1.984413031469800	5.338740028584013	3.354326997114213
0.323000000000000	-1.959563555051647	5.313897787745773	3.354334232694127
0.324000000000000	-1.940308403821948	5.294647652144386	3.354339248322439
0.325000000000000	-1.926727393002751	5.281069390110747	3.354341997107996
0.326000000000000	-1.918864259087007	5.273206721403634	3.354342462316627
0.327000000000000	-1.916726398200594	5.271067055731492	3.354340657530898
0.328000000000000	-1.920285061990432	5.274621688117430	3.354336626126998
0.329000000000000	-1.929476003370294	5.283806443463186	3.354330440092893
0.330000000000000	-1.944200554724356	5.298522752958375	3.354322198234019
0.331000000000000	-1.964327112111361	5.318639135943807	3.354312023832446
0.332000000000000	-1.989692990917436	5.343993052759379	3.354300061841943
0.333000000000000	-2.020106611513568	5.374393087227208	3.354286475713641
0.334000000000000	-2.055349967965611	5.409621411920538	3.354271443954927
0.335000000000000	-2.095181328838499	5.449436485366324	3.354255156527826
0.336000000000000	-2.139338116683936	5.493575927875632	3.354237811191696
0.337000000000000	-2.187539911888617	5.541759521779030	3.354219609890413
0.338000000000000	-2.239491527117038	5.593692282392336	3.354200755275298
0.339000000000000	-2.294886100484982	5.649067547928803	3.354181447443821
0.340000000000000	-2.354971149646970	5.709387510746582	3.354416361099612
0.341000000000000	-2.420014782125710	5.774411520966421	3.354396738840711
0.342000000000000	-2.487668436945558	5.842045636229640	3.354377199284083
0.343000000000000	-2.557608199513929	5.911966106065665	3.354357906551737
0.344000000000000	-2.629512363729879	5.983851374801160	3.354339011071281
0.345000000000000	-2.703063788312642	6.057384436778239	3.354320648465597
0.346000000000000	-2.777952036924770	6.132254975745358	3.354302938820588
0.347000000000000	-2.853875290246006	6.208161276552890	3.354285986306883
0.348000000000000	-2.930542023388652	6.284811902512780	3.354269879124128
0.349000000000000	-3.007672446837203	6.361927136569379	3.354254689732176
0.350000000000000	-3.084999713372087	6.439240188701804	3.354240475329717
0.351000000000000	-3.162270897149472	6.516498175689541	3.354227278540070
0.352000000000000	-3.239247754236353	6.593462882499971	3.354215128263619
0.353000000000000	-3.315707276440596	6.669911317098638	3.354204040658042
0.354000000000000	-3.391442052248195	6.745636072457927	3.354194020209732
0.355000000000000	-3.466260450116775	6.820445510979534	3.354185060862759
0.356000000000000	-3.539986640318353	6.894163787493999	3.354177147175646
0.357000000000000	-3.612460472027117	6.966630727506864	3.354170255479747
0.358000000000000	-3.683537222463712	7.037701577480881	3.354164355017169
0.359000000000000	-3.753087234693433	7.107246643733485	3.354159409040052
0.360000000000000	-3.820995460188136	7.175150836044762	3.354155375856626
0.361000000000000	-3.887160921553874	7.241313131367008	3.354152209813134
0.362000000000000	-3.951496109949548	7.305645972153224	3.354149862203676
0.363000000000000	-4.013926330721283	7.368074612824103	3.354148282102821
0.364000000000000	-4.074389009693909	7.428536426812379	3.354147417118470
0.365000000000000	-4.132832971430997	7.486980185495144	3.354147214064147
0.366000000000000	-4.189217699627579	7.543365319179483	3.354147619551904
0.367000000000000	-4.243512588661339	7.597661169169525	3.354148580508186
0.368000000000000	-4.295696194218266	7.649846238834436	3.354150044616170
0.369000000000000	-4.345755489844109	7.699907450532899	3.354151960688791
0.370000000000000	-4.393685135264982	7.747839414242257	3.354154278977275
0.371000000000000	-4.443524021235476	7.796231312538623	3.352707291303147
0.372000000000000	-4.492389508359092	7.845099780756716	3.352710272397624
0.373000000000000	-4.539163556106144	7.891877075466704	3.352713519360560
0.374000000000000	-4.583864649626582	7.936581639420844	3.352716989794262
0.375000000000000	-4.632595353746960	7.983423382739151	3.350828028992191
0.376000000000000	-4.681600629582217	8.032432270268291	3.350831640686074
0.377000000000000	-4.728617020311685	8.079452375704383	3.350835355392698
0.378000000000000	-4.773674631360005	8.124513770956545	3.350839139596540
0.379000000000000	-4.816805665602669	8.167648627517494	3.350842961914824
0.380000000000000	-4.858043955333383	8.208890748373246	3.350846793039864
0.381000000000000	-4.897424523577262	8.248275129244419	3.350850605667158
0.382000000000000	-4.934983173947076	8.285837548359261	3.350854374412185
0.383000000000000	-4.970756108058835	8.321614183777402	3.350858075718567
0.384000000000000	-5.004779569381433	8.355641257141347	3.350861687759914
0.385000000000000	-5.037089512288566	8.387954702626091	3.350865190337525
0.386000000000000	-5.067721295005962	8.418589859781671	3.350868564775709
0.387000000000000	-5.096709395099362	8.447581188915780	3.350871793816419
0.388000000000000	-5.124087146125540	8.474962007640062	3.350874861514523
0.389000000000000	-5.149886494066720	8.500764247201738	3.350877753135018
0.390000000000000	-5.174137772185738	8.525018227238924	3.350880455053186
0.391000000000000	-5.197189733339132	8.548049058286352	3.350859324947220
0.392000000000000	-5.219273800068904	8.570132333161734	3.350858533092830
0.393000000000000	-5.240368941921823	8.591226587820916	3.350857645899093
0.394000000000000	-5.260462084416583	8.611318737659339	3.350856653242756
0.395000000000000	-5.279539117667698	8.630394662841963	3.350855545174266
0.396000000000000	-5.297584765729050	8.648439077642019	3.350854311912969
0.397000000000000	-5.314582459319133	8.665435403163718	3.350852943844585
0.398000000000000	-5.330514211963821	8.681365643485563	3.350851431521742
0.399000000000000	-5.345360499635824	8.696210265304162	3.350849765668338
0.400000000000000	-5.359100144024352	8.709948081212868	3.350847937188516
0.401000000000000	-5.371710199634623	8.722556136815765	3.350845937181142
0.402000000000000	-5.383165844994846	8.734009601955504	3.350843756960659
0.403000000000000	-5.393440278339147	8.744281666424396	3.350841388085248
0.404000000000000	-5.402504618238732	8.753343440632021	3.350838822393289
0.405000000000000	-5.410327809771387	8.761163861820563	3.350836052049176
0.406000000000000	-5.416876536951806	8.767709606551350	3.350833069599544
0.407000000000000	-5.422115142292618	8.772945010333729	3.350829868041110
0.408000000000000	-5.426005554529511	8.776831995430776	3.350826440901264
0.409000000000000	-5.428507225723566	8.779330008056284	3.350822782332719
0.410000000000000	-5.429577079150789	8.780395966374197	3.350818887223408
0.411000000000000	-5.429169469602877	8.779984220925915	3.350814751323037
0.412000000000000	-5.427236157954833	8.778046529342332	3.350810371387499
0.413000000000000	-5.423726302103835	8.774532047446296	3.350805745342462
0.414000000000000	-5.418586466649392	8.769387339116772	3.350800872467380
0.415000000000000	-5.411760653966171	8.762556407567184	3.350795753601012
0.416000000000000	-5.403190359616310	8.753980750985772	3.350790391369461
0.417000000000000	-5.392814655355457	8.743599445792931	3.350784790437475
0.418000000000000	-5.380570303302507	8.731349261086089	3.350778957783582
0.419000000000000	-5.366391905163340	8.717164808162432	3.350772902999092
0.420000000000000	-5.350212090717591	8.700978729328300	3.350766638610709
0.421000000000000	-5.331961750088253	8.682721930514059	3.350760180425807
0.422000000000000	-5.311570314607449	8.662323862506181	3.350753547898732
0.423000000000000	-5.288966091357850	8.639712855873503	3.350746764515653
0.424000000000000	-5.264076656694950	8.614816514889341	3.350739858194391
0.425000000000000	-5.236829314225721	8.587562175920230	3.350732861694508
0.426000000000000	-5.207151622816421	8.557877435847937	3.350725813031516
0.427000000000000	-5.174972000206145	8.525690756093542	3.350718755887398
0.428000000000000	-5.140220407689749	8.490932147697666	3.350711740007918
0.429000000000000	-5.102829121078264	8.453533942653392	3.350704821575128
0.430000000000000	-5.062733592717940	8.413431656259231	3.350698063541291
0.431000000000000	-5.019873408719482	8.370564944627622	3.350691535908140
0.432000000000000	-4.974193344683803	8.324878660616729	3.350685315932926
0.433000000000000	-4.925644522075229	8.276324010315443	3.350679488240215
0.434000000000000	-4.874185665952946	8.224859810768974	3.350674144816028
0.435000000000000	-4.819784462993165	8.170453847851787	3.350669384858622
0.436000000000000	-4.762419016587046	8.113084331045423	3.350665314458377
0.437000000000000	-4.702079393257828	8.052741439335527	3.350662046077700
0.438000000000000	-4.638769251686239	7.989428949487586	3.350659697801347
0.439000000000000	-4.572507542259512	7.923165934587244	3.350658392327732
0.440000000000000	-4.503330261273107	7.853988516946456	3.350658255673348
0.441000000000000	-4.431292239740724	7.781951655306056	3.350659415565332
0.442000000000000	-4.356468942254434	7.707130941756823	3.350661999502389
0.443000000000000	-4.278958246557460	7.629624379028018	3.350666132470558
0.444000000000000	-4.198882169548840	7.549554103859144	3.350671934310304
0.445000000000000	-4.116388500471452	7.467068017213885	3.350679516742432
0.446000000000000	-4.031652297212813	7.382341277287864	3.350688980075051
0.447000000000000	-3.944877197182262	7.295577606812444	3.350700409630182
0.448000000000000	-3.856296490361314	7.207010362309154	3.350713871947840
0.449000000000000	-3.766173899132109	7.116903309978039	3.350729410845930
0.450000000000000	-3.674804007670993	7.025551051107156	3.350747043436163
0.451000000000000	-3.582512283363809	6.933279039581842	3.350766756218033
0.452000000000000	-3.489654634169733	6.840443135563329	3.350788501393596
0.453000000000000	-3.396616449425800	6.747428642989775	3.350812193563974
0.454000000000000	-3.303811077500453	6.654648784482509	3.350837706982056
0.455000000000000	-3.211677702161330	6.562542575705348	3.350864873544018
0.456000000000000	-3.120678590623841	6.471572072325428	3.350893481701588
0.457000000000000	-3.031295699977137	6.382218976445165	3.350923276468028
0.458000000000000	-2.944026644894526	6.294980605564164	3.350953960669638
0.459000000000000	-2.859380047915905	6.210365245479372	3.350985197563467
0.460000000000000	-2.777870313668889	6.128886928566717	3.351016614897828
0.461000000000000	-2.700011889529784	6.051059699967604	3.351047810437821
0.462000000000000	-2.626313096618002	5.977391455532796	3.351078358914794
0.463000000000000	-2.559679644951852	5.910549762664925	3.350870117713074
0.464000000000000	-2.500072132435514	5.850970018422481	3.350897885986967
0.465000000000000	-2.445990268549190	5.796913984949942	3.350923716400752
0.466000000000000	-2.397849766754409	5.748796952996017	3.350947186241608
0.467000000000000	-2.356027777631527	5.706995676393522	3.350967898761995
0.468000000000000	-2.320856909228729	5.671842403076595	3.350985493847866
0.469000000000000	-2.292619807766818	5.643619465824187	3.350999658057369
0.470000000000000	-2.271544446732348	5.622554580346098	3.351010133613750
0.471000000000000	-2.257800256829627	5.608816982795078	3.351016725965451
0.472000000000000	-2.251495208059004	5.602514517636820	3.351019309577815
0.473000000000000	-2.252673929101740	5.603691760795114	3.351017831693374
0.474000000000000	-2.261316919279541	5.612329233166637	3.351012313887096
0.475000000000000	-2.277340875920142	5.628343727263436	3.351002851343294
0.476000000000000	-2.300600126460867	5.651589736347092	3.350989609886225
0.477000000000000	-2.330889121591836	5.681861942491483	3.350972820899647
0.478000000000000	-2.367945914680317	5.718898689045512	3.350952774365196
0.479000000000000	-2.411456525003387	5.762386335331977	3.350929810328590
0.480000000000000	-2.461060059107265	5.811964368271318	3.350904309164053
0.481000000000000	-2.516354446794404	5.867231127838701	3.350876681044297
0.482000000000000	-2.576902636368130	5.927749991406569	3.350847355038439
0.483000000000000	-2.642239088057214	5.993055856308321	3.350816768251107
0.484000000000000	-2.711876404878392	6.062661760264636	3.350785355386243
0.485000000000000	-2.785311946149307	6.136065485221300	3.350753539071993
0.486000000000000	-2.862034279759939	6.212756000982607	3.350721721222668
0.487000000000000	-2.941529344277050	6.292219619922687	3.350690275645636
0.488000000000000	-3.023286210005138	6.373945752033691	3.350659542028553
0.489000000000000	-3.106802348215795	6.457432169588825	3.350629821373031
0.490000000000000	-3.191588338864955	6.542189711739129	3.350601372874175
0.491000000000000	-3.277171968287051	6.627746380476282	3.350574412189230
0.492000000000000	-3.363101688753616	6.713650799744718	3.350549110991102
0.493000000000000	-3.448949430718579	6.799475028385455	3.350525597666876
0.494000000000000	-3.534312775515849	6.884816734513072	3.350503958997224
0.495000000000000	-3.618816510864106	6.969300753503627	3.350484242639521
0.496000000000000	-3.702113603566263	7.052580063799932	3.350466460233670
0.497000000000000	-3.783885633205343	7.134336224160445	3.350450590955103
0.498000000000000	-3.863842737498283	7.214279322848888	3.350436585350606
0.499000000000000	-3.941723124432360	7.292147493741798	3.350424369309438
0.500000000000000	-4.017292208609053	7.367706056650889	3.350413848041836
0.501000000000000	-4.090341429636691	7.440746339594782	3.350404909958091
0.502000000000000	-4.160686809251196	7.511084239614912	3.350397430363716
0.503000000000000	-4.228167301417889	7.578558576324648	3.350391274906759
0.504000000000000	-4.292642986279111	7.643029289012011	3.350386302732900
0.505000000000000	-4.353993154746088	7.704375524067980	3.350382369321892
0.506000000000000	-4.412114326045558	7.762493655039204	3.350379328993647
0.507000000000000	-4.466918235842511	7.817295272927971	3.350377037085461
0.508000000000000	-4.518329827859087	7.868705179670567	3.350375351811480
0.509000000000000	-4.566285277344875	7.916659413169019	3.350374135824144
0.510000000000000	-4.610730070446680	7.961103327949362	3.350373257502683
0.511000000000000	-4.651617159560992	8.001989751558817	3.350372591997825
0.512000000000000	-4.688905211191370	8.039277233255561	3.350372022064191
0.513000000000000	-4.722556959711519	8.072928398424406	3.350371438712886
0.514000000000000	-4.752537677770784	8.102908419487493	3.350370741716709
0.515000000000000	-4.778813771872944	8.129183611872472	3.350369839999528
0.516000000000000	-4.801351509900965	8.151720161840803	3.350368651939838
0.517000000000000	-4.820115886028997	8.170482991645629	3.350367105616632
0.518000000000000	-4.835069627531325	8.185434766554652	3.350365139023327
0.519000000000000	-4.846172347433285	8.196535047706323	3.350362700273038
0.520000000000000	-4.853379846715488	8.203739594531282	3.350359747815793
0.521000000000000	-4.856643569840990	8.206999820526438	3.350356250685448
0.522000000000000	-4.855910217684303	8.206262406475474	3.350352188791171
0.523000000000000	-4.851121522458077	8.201469075723308	3.350347553265231
0.524000000000000	-4.842214189912204	8.192556536787745	3.350342346875541
0.525000000000000	-4.829120014872536	8.179456599380382	3.350336584507846
0.526000000000000	-4.811766177039372	8.162096470758062	3.350330293718690
0.527000000000000	-4.790075724823025	8.140399240178771	3.350323515355746
0.528000000000000	-4.763968255790386	8.114284560028056	3.350316304237670
0.529000000000000	-4.733360802963714	8.083669532843583	3.350308729879869
0.530000000000000	-4.685494563029588	8.039550661016193	3.354056097986605
0.531000000000000	-4.627644088552616	7.981678578320659	3.354034489768043
0.532000000000000	-4.564628056825938	7.918640928547452	3.354012871721515
0.533000000000000	-4.496210679005217	7.850202087913217	3.353991408908001
0.534000000000000	-4.422163233457434	7.776133521903429	3.353970288445995
0.535000000000000	-4.342266981328811	7.696216701744726	3.353949720415915
0.536000000000000	-4.256316405675375	7.610246344124279	3.353929938448904
0.537000000000000	-4.164122779314201	7.518033979220319	3.353911199906118
0.538000000000000	-4.065518060238874	7.419411845783080	3.353893785544206
0.539000000000000	-3.960359105620471	7.314237104174699	3.353877998554228
0.540000000000000	-3.848532185972109	7.202396348827614	3.353864162855505
0.541000000000000	-3.729957769920061	7.083810390443966	3.353852620523905
0.542000000000000	-3.604595537184788	6.958439265422623	3.353843728237835
0.543000000000000	-3.472449562900346	6.826287415535747	3.353837852635401
0.544000000000000	-3.333573600458111	6.687408964953264	3.353835364495153
0.545000000000000	-3.188076372943573	6.541913004624879	3.353836631681307
0.546000000000000	-3.036126765376813	6.389968776210909	3.353842010834095
0.547000000000000	-2.877958791963245	6.231810629800543	3.353851837837298
0.548000000000000	-2.713876195174737	6.067742612332870	3.353866417158132
0.549000000000000	-2.544256517645637	5.898142527875105	3.353886010229468
0.550000000000000	-2.369554474674756	5.723465297802262	3.353910823127506
0.551000000000000	-2.190304445789987	5.544245439677546	3.353940993887560
0.552000000000000	-2.007121899653096	5.361098479544342	3.353976579891246
0.553000000000000	-1.820703568863484	5.174721114706960	3.354017545843476
0.554000000000000	-1.631826201182074	4.985889954112836	3.354063752930762
0.555000000000000	-1.441343732371764	4.795458682175285	3.354114949803521
0.556000000000000	-1.250182753952817	4.604353520000375	3.354170766047558
0.557000000000000	-1.059336186978298	4.413566895771440	3.354230708793143
0.558000000000000	-0.869855120161126	4.224149283209921	3.354294163048795
0.559000000000000	-0.682838826391523	4.037199222628653	3.354360396237130
0.560000000000000	-0.499423034221263	3.853851601470876	3.354428567249613
0.561000000000000	-0.320766597886545	3.675264338018561	3.354497740132016
0.562000000000000	-0.148036777869672	3.502603680139710	3.354566902270038
0.563000000000000	0.017606589690315	3.337028396990846	3.354634986681162
0.564000000000000	0.175027696097240	3.179673201653165	3.354700897750406
0.565000000000000	0.323131746626243	3.031631792872000	3.354763539498244
0.566000000000000	0.460881904487174	2.893939940772603	3.354821845259778
0.567000000000000	0.587315745888914	2.767559061617980	3.354874807506894
0.568000000000000	0.701560778244639	2.653360728231858	3.354921506476497
0.569000000000000	0.802848591639727	2.552112544649599	3.354961136289326
0.570000000000000	0.890527251161154	2.464465776196086	3.354993027357240
0.571000000000000	0.964071592907573	2.390945071168447	3.355016664076020
0.572000000000000	1.023091156561720	2.331940540508832	3.355031697070552
0.573000000000000	1.067335568380662	2.287702381196293	3.355037949576955
0.574000000000000	1.096697275708885	2.258338142176128	3.355035417885014
0.575000000000000	1.111211622694715	2.243812643400011	3.355024266094726
0.576000000000000	1.111054341948241	2.243950473787816	3.355004815736056
0.577000000000000	1.096536614073013	2.258440916965827	3.354977531038840
0.578000000000000	1.068097912812132	2.286845087991809	3.354943000803941
0.579000000000000	1.026296905501699	2.328605012410276	3.354901917911975
0.580000000000000	0.971800715302024	2.383054342210280	3.354855057512304
0.581000000000000	0.905372873099683	2.449430381771827	3.354803254871510
0.582000000000000	0.827860293877263	2.526887089866391	3.354747383743654
0.583000000000000	0.740179606370879	2.614508729598229	3.354688335969108
0.584000000000000	0.643303148177629	2.711323854658703	3.354627002836332
0.585000000000000	0.538244913618045	2.816319344948440	3.354564258566485
0.586000000000000	0.426046711128344	2.928454234990396	3.354500946118741
0.587000000000000	0.307764753118001	3.046673112258038	3.354437865376039
0.588000000000000	0.184456866129990	3.169918897529547	3.354375763659537
0.589000000000000	0.057170474445766	3.297144853994048	3.354315328439814
0.590000000000000	-0.073068522780852	3.427325704840317	3.354257182059465
0.591000000000000	-0.205265891359417	3.559467769612167	3.354201878252750
0.592000000000000	-0.338468156985755	3.692618057224113	3.354149900238357
0.593000000000000	-0.471770617814879	3.825872277978660	3.354101660163781
0.594000000000000	-0.604324258504088	3.958381758195854	3.354057499691766
0.595000000000000	-0.735341567735473	4.089359259270205	3.354017691534732
0.596000000000000	-0.864101276536804	4.218083718296896	3.353982441760092
0.597000000000000	-0.989952047369545	4.343903940076161	3.353951892706616
0.598000000000000	-1.112315154168620	4.466241280535495	3.353926126366874
0.599000000000000	-1.230686201514279	4.584591369620233	3.353905168105953
0.600000000000000	-1.344635937101610	4.698524927702031	3.353888990600420
0.601000000000000	-1.453810215850260	4.807687733745349	3.353877517895088
0.602000000000000	-1.557929176571225	4.911799806061170	3.353870629489945
0.603000000000000	-1.656785693296814	5.010653857681685	3.353868164384871
0.604000000000000	-1.750243163414631	5.104113088440602	3.353869925025971
0.605000000000000	-1.838232693872639	5.192108374987395	3.353875681114757
0.606000000000000	-1.920749745198420	5.274634918457315	3.353885173258896
0.607000000000000	-1.997850291163458	5.351748407624012	3.353898116460554
0.608000000000000	-2.069646549879157	5.423560753333258	3.353914203454101
0.609000000000000	-2.136302340172472	5.490235448091680	3.353933107919208
0.610000000000000	-2.198028115463535	5.551982603069883	3.353954487606348
0.611000000000000	-2.255075726219360	5.609053713638470	3.353977987419110
0.612000000000000	-2.307732961498101	5.661736203999172	3.354003242501071
0.613000000000000	-2.356317920177522	5.710347801551534	3.354029881374013
0.614000000000000	-2.401173263166065	5.755230792334419	3.354057529168354
0.615000000000000	-2.443684778471769	5.800192022397045	3.356507243925276
0.616000000000000	-2.489116770590890	5.845651054454182	3.356534283863291
0.617000000000000	-2.531986550164214	5.888547775154523	3.356561224990309
0.618000000000000	-2.572656930316292	5.929244644659061	3.356587714342769
0.619000000000000	-2.611486678924082	5.968100092066002	3.356613413141920
0.620000000000000	-2.648825231075018	6.005463231816750	3.356638000741731
0.621000000000000	-2.685007676348469	6.041668854879424	3.356661178530954
0.622000000000000	-2.720350081428617	6.077032755129252	3.356682673700635
0.623000000000000	-2.755145206218665	6.111847448997275	3.356702242778610
0.624000000000000	-2.789658667835758	6.146378342662986	3.356719674827228
0.625000000000000	-2.824125601554483	6.180860395755648	3.356734794201165
0.626000000000000	-2.858747860948071	6.215495323716850	3.356747462768778
0.627000000000000	-2.893691791249403	6.250449372761635	3.356757581512232
0.628000000000000	-2.929086600498174	6.285851691937530	3.356765091439357
0.629000000000000	-2.965023342613729	6.321793316375047	3.356769973761317
0.630000000000000	-3.001554515451110	6.358326764766526	3.356772249315416
0.631000000000000	-3.038694265525426	6.395466242763691	3.356771977238265
0.632000000000000	-3.076419179812612	6.433188432734307	3.356769252921694
0.633000000000000	-3.114669634244512	6.471433839552951	3.356764205308439
0.634000000000000	-3.153351658581611	6.510108652189713	3.356756993608102
0.635000000000000	-3.192339268601162	6.549087072132660	3.356747803531498
0.636000000000000	-3.231477209251474	6.588214052407391	3.356736843155917
0.637000000000000	-3.270584046798975	6.627308385340889	3.356724338541914
0.638000000000000	-3.309455544154745	6.666166073379165	3.356710529224419
0.639000000000000	-3.347868251548986	6.704563915247351	3.356695663698365
0.640000000000000	-3.385583244485042	6.742263239495614	3.356679995010572
0.641000000000000	-3.422349942330472	6.779013718887693	3.356663776557221
0.642000000000000	-3.457909943811587	6.814557201981880	3.356647258170293
0.643000000000000	-3.492000819838747	6.848631502396948	3.356630682558201
0.644000000000000	-3.524359809238027	6.880974091384336	3.356614282146309
0.645000000000000	-3.554727368817322	6.911325645160773	3.356598276343451
0.646000000000000	-3.582850535466707	6.939433404709026	3.356582869242319
0.647000000000000	-3.608486064412525	6.965054312156767	3.356568247744242
0.648000000000000	-3.631403314063907	6.987957894149046	3.356554580085140
0.649000000000000	-3.651386853899719	7.007928868627187	3.356542014727467
0.650000000000000	-3.668238777372411	7.024769456947790	3.356530679575379
0.651000000000000	-3.681780706732774	7.038301388198065	3.356520681465291
0.652000000000000	-3.691855480932259	7.048367586814957	3.356512105882699
0.653000000000000	-3.698328521312082	7.054833538169675	3.356505016857592
0.654000000000000	-3.701088872660152	7.057588329655774	3.356499456995622
0.655000000000000	-3.700049919468594	7.056545367077010	3.356495447608416
0.656000000000000	-3.695149778948774	7.051642767864088	3.356492988915314
0.657000000000000	-3.686351373678863	7.042843433977736	3.356492060298873
0.658000000000000	-3.673642187812088	7.030134808418804	3.356492620606716
0.659000000000000	-3.657033711712121	7.013528320215847	3.356494608503725
0.660000000000000	-3.636560580862517	6.993058523751350	3.356497942888833
0.661000000000000	-3.612279416069197	6.968781939469722	3.356502523400525
0.662000000000000	-3.584267373477749	6.940775604521166	3.356508231043417
0.663000000000000	-3.552620414879018	6.909135343854097	3.356514928975079
0.664000000000000	-3.517451311271179	6.873973774767293	3.356522463496114
0.665000000000000	-3.478887395743386	6.835418061032405	3.356530665289018
0.666000000000000	-3.437068085472342	6.793607436422127	3.356539350949786
0.667000000000000	-3.392142196961555	6.748690521814210	3.356548324852655
0.668000000000000	-3.344265083547947	6.700822464929792	3.356557381381845
0.669000000000000	-3.293595629553989	6.650161937108219	3.356566307554230
0.670000000000000	-3.240293141136153	6.596868027181516	3.356574886045363
0.671000000000000	-3.184514179699565	6.541097078316525	3.356582898616960
0.672000000000000	-3.126409389509255	6.482999519437627	3.356590129928371
0.673000000000000	-3.066120376604152	6.422716748302361	3.356596371698209
0.674000000000000	-3.003776701071800	6.360378128237360	3.356601427165560
0.675000000000000	-2.939493048928046	6.296098164712187	3.356605115784141
0.676000000000000	-2.873366653032911	6.229973931101235	3.356607278068325
0.677000000000000	-2.805475034449317	6.162082814946239	3.356607780496923
0.678000000000000	-2.735874136228758	6.092480656599811	3.356606520371053
0.679000000000000	-2.664596920642475	6.021200351157303	3.356603430514828
0.680000000000000	-2.591652498260836	5.948250981965020	3.356598483704184
0.681000000000000	-2.517025852959712	5.873617549667313	3.356591696707601
0.682000000000000	-2.440678220881363	5.797261354705839	3.356583133824476
0.683000000000000	-2.362548173621318	5.719121083431721	3.356572909810403
0.684000000000000	-2.282553446502283	5.639114638585840	3.356561192083556
0.685000000000000	-2.200593541801702	5.557141743913243	3.356548202111541
0.686000000000000	-2.116553124298066	5.473087340181054	3.356534215882988
0.687000000000000	-2.030306212565089	5.386825775936725	3.356519563371636
0.688000000000000	-1.941721154129191	5.298225781031396	3.356504626902204
0.689000000000000	-1.850666355949337	5.207156194276994	3.356489838327656
0.690000000000000	-1.757016723693212	5.113492398619116	3.356475674925904
0.691000000000000	-1.660660743967906	5.017123397889795	3.356462653921889
0.692000000000000	-1.561508123013911	4.917959448555421	3.356451325541510
0.693000000000000	-1.459497873416018	4.815940137922468	3.356442264506450
0.694000000000000	-1.354606717206716	4.711042777097051	3.356436059890335
0.695000000000000	-1.246857649531836	4.603290952809465	3.356433303277629
0.696000000000000	-1.136328482163262	4.492763057365003	3.356434575201741
0.697000000000000	-1.023160161136882	4.379600591030259	3.356440429893377
0.698000000000000	-0.907564628490571	4.264016006934240	3.356451378443669
0.699000000000000	-0.789831975596555	4.146299846181916	3.356467870585361
0.700000000000000	-0.670336616380536	4.026826891795954	3.356490275415418
0.701000000000000	-0.549542194570436	3.906061056094237	3.356518861523801
0.702000000000000	-0.428004932082294	3.784558709231939	3.356553777149645
0.703000000000000	-0.306375127992420	3.662970159140447	3.356595031148027
0.704000000000000	-0.185396531589830	3.542039007295257	3.356642475705427
0.705000000000000	-0.065903340953485	3.422599132827391	3.356695791873906
0.706000000000000	0.051185377804402	3.305569101278507	3.356754479082909
0.707000000000000	0.164873994844240	3.191943854969288	3.356817849813528
0.708000000000000	0.274101410809830	3.082783619754354	3.356885030564183
0.709000000000000	0.377754913161750	2.979200056919838	3.356954970081588
0.710000000000000	0.474686658809672	2.882339796758177	3.357026455567849
0.711000000000000	0.563732529215553	2.793365607987993	3.357098137203546
0.712000000000000	0.643732981671845	2.713435579185992	3.357168560857837
0.713000000000000	0.713555400414931	2.643680807901589	3.357236208316521
0.714000000000000	0.772117341516796	2.585182202267577	3.357299543784373
0.715000000000000	0.818409974477245	2.538947090379410	3.357357064856655
0.716000000000000	0.851520959248588	2.505886396415380	3.357407355663969
0.717000000000000	0.870655967155543	2.486793172372907	3.357449139528450
0.718000000000000	0.875158063074343	2.482323265203788	3.357481328278130
0.719000000000000	0.864524216997782	2.492978848388679	3.357503065386461
0.720000000000000	0.838418305357276	2.519095454994679	3.357513760351955
0.721000000000000	0.796680092517893	2.560833019680804	3.357513112198697
0.722000000000000	0.739329843851937	2.618171276782356	3.357501120634293
0.723000000000000	0.666568404156119	2.690909680031580	3.357478084187699
0.724000000000000	0.578772767424326	2.778671818075211	3.357444585499537
0.725000000000000	0.476487353736009	2.880914111033297	3.357401464769306
0.726000000000000	0.360411384129630	2.996938398975314	3.357349783104944
0.727000000000000	0.231382893996061	3.125907884105177	3.357290778101238
0.728000000000000	0.090360041234707	3.266865773118397	3.357225814353103
0.729000000000000	-0.061599558407428	3.418755890168462	3.357156331761034
0.730000000000000	-0.223360702033675	3.580444496448987	3.357083794415312
0.731000000000000	-0.393732916057642	3.750742558632580	3.357009642574938
0.732000000000000	-0.571492501669954	3.928427751501285	3.356935249831331
0.733000000000000	-0.755403666961548	4.112265553978752	3.356861887017203
0.734000000000000	-0.944238200992340	4.301028894837609	3.356790693845269
0.735000000000000	-1.136793257615059	4.493515916307961	3.356722658692902
0.736000000000000	-1.331906935985380	4.688565542416338	3.356658606430958
0.737000000000000	-1.528471462845503	4.885070656608043	3.356599193762540
0.738000000000000	-1.725443892497246	5.081988803705331	3.356544911208085
0.739000000000000	-1.921854339006649	5.278350429661236	3.356496090654587
0.740000000000000	-2.116811838326198	5.473264755601456	3.356452917275258
0.741000000000000	-2.309508003949525	5.665923448556961	3.356415444607435
0.742000000000000	-2.499218688061612	5.855602299697613	3.356383611636001
0.743000000000000	-2.685303891676921	6.041661152521379	3.356357260844458
0.744000000000000	-2.867206183563407	6.223542339911250	3.356336156347844
0.745000000000000	-3.044447890976945	6.400767892368688	3.356320001391743
0.746000000000000	-3.216627317808173	6.572935772483332	3.356308454675158
0.747000000000000	-3.383414230164470	6.739715375283750	3.356301145119280
0.748000000000000	-3.544544828055619	6.900842512907836	3.356297684852217
0.749000000000000	-3.699816396874058	7.056114077179468	3.356297680305410
0.750000000000000	-3.849081805604015	7.205382547023733	3.356300741419718
0.751000000000000	-3.992243991664647	7.348550480701681	3.356306489037034
0.752000000000000	-4.129250546153592	7.485565106762997	3.356314560609404
0.753000000000000	-4.260088488853416	7.616413103247218	3.356324614393802
0.754000000000000	-4.384779300252269	7.741115632572672	3.356336332320403
0.755000000000000	-4.503374258329374	7.859723680058085	3.356349421728711
0.756000000000000	-4.615950111088706	7.972313727251015	3.356363616162309
0.757000000000000	-4.722605101763894	8.078983777165968	3.356378675402074
0.758000000000000	-4.823455352128982	8.179849737031258	3.356394384902276
0.759000000000000	-4.918631600225721	8.275042155001037	3.356410554775316
0.760000000000000	-5.008276281807062	8.364703300258755	3.356427018451694
0.761000000000000	-5.092540939628131	8.448984570750197	3.356443631122065
0.762000000000000	-5.171583941116612	8.528044209166442	3.356460268049830
0.763000000000000	-5.245568482661939	8.602045305487529	3.356476822825590
0.764000000000000	-5.314660857533513	8.671154063152997	3.356493205619484
0.765000000000000	-5.379028964053056	8.735538305527163	3.356509341474107
0.766000000000000	-5.438841030912753	8.795366199581951	3.356525168669197
0.767000000000000	-5.494264537283498	8.850805174463487	3.356540637179989
0.768000000000000	-5.545465306457647	8.902021013700544	3.356555707242897
0.769000000000000	-5.592606753102842	8.949177101139373	3.356570348036531
0.770000000000000	-5.635849265676226	8.992433802156711	3.356584536480485
0.771000000000000	-5.675349707087590	9.031947963238851	3.356598256151261
0.772000000000000	-5.711261018250352	9.067872514561826	3.356611496311474
0.773000000000000	-5.743731910678212	9.100356161724976	3.356624251046764
0.774000000000000	-5.772906635742657	9.129543154246262	3.356636518503604
0.775000000000000	-5.798924819581893	9.155573119802202	3.356648300220309
0.776000000000000	-5.821921353931829	9.178580954475137	3.356659600543308
0.777000000000000	-5.814958405391714	9.183527789215360	3.368569383823646
0.778000000000000	-5.800834848421435	9.169395813177516	3.368560964756081
0.779000000000000	-5.781675858403621	9.150226994393160	3.368551135989539
0.780000000000000	-5.757371255676444	9.125911195146147	3.368539939469702
0.781000000000000	-5.727796874713768	9.096324305478042	3.368527430764274
0.782000000000000	-5.692815522152380	9.061329203192406	3.368513681040026
0.783000000000000	-5.652278174516981	9.020776953821313	3.368498779304332
0.784000000000000	-5.606025446606282	8.974508281501461	3.368482834895178
0.785000000000000	-5.553889364750345	8.922355344943972	3.368465980193626
0.786000000000000	-5.495695481971513	8.864143855491067	3.368448373519554
0.787000000000000	-5.431265374286484	8.799695576441659	3.368430202155174
0.788000000000000	-5.360419558736485	8.728831244157400	3.368411685420915
0.789000000000000	-5.282980873936392	8.651373951640760	3.368393077704368
0.790000000000000	-5.198778362648445	8.567153033963741	3.368374671315296
0.791000000000000	-5.107651692714377	8.476008491722650	3.368356799008273
0.792000000000000	-5.009456147173516	8.377795983153478	3.368339835979961
0.793000000000000	-4.904068206064031	8.272392407175291	3.368324201111260
0.794000000000000	-4.791391730734629	8.159702087922089	3.368310357187459
0.795000000000000	-4.671364745967807	8.039663555762008	3.368298809794201
0.796000000000000	-4.543966795349795	7.912256899906883	3.368290104557087
0.797000000000000	-4.409226820715213	7.777511643087001	3.368284822371789
0.798000000000000	-4.267231486885349	7.635515059150785	3.368283572265437
0.799000000000000	-4.118133838264622	7.486420819808983	3.368286981544361
0.800000000000000	-3.962162134419552	7.330457817344178	3.368295682924626
0.801000000000000	-3.799628668195414	7.167938966613104	3.368310298417690
0.802000000000000	-3.630938323382191	6.999269743242082	3.368331419859891
0.803000000000000	-3.456596581164288	6.824956167301138	3.368359586136850
0.804000000000000	-3.277216637977559	6.645611895342135	3.368395257364576
0.805000000000000	-3.093525255043045	6.461964041590865	3.368438786547820
0.806000000000000	-2.906366925511708	6.274857315047043	3.368490389535335
0.807000000000000	-2.716705923168321	6.085256037587290	3.368550114418968
0.808000000000000	-2.525625791710070	5.894243603567860	3.368617811857790
0.809000000000000	-2.334325850508725	5.703018958628905	3.368693108120181
0.810000000000000	-2.144114335900263	5.512889718791507	3.368775382891243
0.811000000000000	-1.956397869964407	5.325261624010825	3.368863754046418
0.812000000000000	-1.772667053521723	5.141624125125480	3.368957071603757
0.813000000000000	-1.594478116665114	4.963532039560728	3.369053922895614
0.814000000000000	-1.423430725880413	4.792583376498319	3.369152650617907
0.815000000000000	-1.261142235968647	4.630393620776234	3.369251384807586
0.816000000000000	-1.109218878610661	4.478566967590785	3.369348088980124
0.817000000000000	-0.969224585534746	4.338665205201499	3.369440619666753
0.818000000000000	-0.842648338436690	4.212175135933402	3.369526797496711
0.819000000000000	-0.730871104210639	4.100475591079850	3.369604486869211
0.820000000000000	-0.635133536799407	4.004805217066489	3.369671680267082
0.821000000000000	-0.556505691803454	3.926232274304791	3.369726582501337
0.822000000000000	-0.495859995990642	3.865627685741311	3.369767689750669
0.823000000000000	-0.453848635028624	3.823642493284801	3.369793858256177
0.824000000000000	-0.430886369206607	3.800690727192928	3.369804357986321
0.825000000000000	-0.427139565331027	3.796938472817704	3.369798907486677
0.826000000000000	-0.442521956481002	3.812299643884274	3.369777687403272
0.827000000000000	-0.476697328390856	3.846438660087385	3.369741331696530
0.828000000000000	-0.529089004047816	3.898779901241231	3.369690897193415
0.829000000000000	-0.598895680269334	3.968523493957138	3.369627813687804
0.830000000000000	-0.685112884209193	4.054666702345942	3.369553818136749
0.831000000000000	-0.786559083350862	4.156029960835381	3.369470877484519
0.832000000000000	-0.901905313915514	4.271286419111127	3.369381105195613
0.833000000000000	-1.029707097821597	4.398993774488495	3.369286676666899
0.834000000000000	-1.168437398824160	4.537627147170284	3.369189748346124
0.835000000000000	-1.316519419432377	4.685611804114681	3.369092384682304
0.836000000000000	-1.472358151651593	4.841354647730842	3.368996496079249
0.837000000000000	-1.634369752829918	5.003273542766475	3.368903789936557
0.838000000000000	-1.801008007240546	5.169823742998314	3.368815735757767
0.839000000000000	-1.970787338531935	5.339520882820044	3.368733544288109
0.840000000000000	-2.142302043035059	5.510960202819316	3.368658159784257
0.841000000000000	-2.314241606588799	5.682831870457098	3.368590263868299
0.842000000000000	-2.485402138444543	5.853932427432756	3.368530288988214
0.843000000000000	-2.654694098546289	6.023172537841827	3.368478439295537
0.844000000000000	-2.821146605780469	6.189581322507384	3.368434716726915
0.845000000000000	-2.983908694116023	6.352307644320415	3.368398950204392
0.846000000000000	-3.142247932589127	6.510618758695050	3.368370826105923
0.847000000000000	-3.295546847106393	6.663896765566791	3.368349918460398
0.848000000000000	-3.443297581318226	6.811633298971380	3.368335717653154
0.849000000000000	-3.585095215076787	6.953422871835159	3.368327656758373
0.850000000000000	-3.720630126979187	7.088955261899277	3.368325134920090
0.851000000000000	-3.849679746622160	7.218007284093410	3.368327537471250
0.852000000000000	-3.972099996342892	7.340434249043171	3.368334252700279
0.853000000000000	-4.087816674616416	7.456161359963033	3.368344685346617
0.854000000000000	-4.196816986458201	7.565175253490108	3.368358267031907
0.855000000000000	-4.299141382008385	7.667515845924967	3.368374463916583
0.856000000000000	-4.394875824214490	7.763268606134062	3.368392781919572
0.857000000000000	-4.484144570931695	7.852557340789437	3.368412769857741
0.858000000000000	-4.567103526153899	7.935537547012968	3.368434020859070
0.859000000000000	-4.643934189484000	8.012390361869045	3.368456172385045
0.860000000000000	-4.714838212123826	8.083317117292889	3.368478905169063
0.861000000000000	-4.780032551232825	8.148534492575669	3.368501941342844
0.862000000000000	-4.839745201996780	8.208270243982492	3.368525041985712
0.863000000000000	-4.894211477647984	8.262759481942375	3.368548004294391
0.864000000000000	-4.943670801465522	8.312241460000971	3.368570658535448
0.865000000000000	-4.988363970958545	8.356956835868811	3.368592864910266
0.866000000000000	-5.028530852535737	8.397145362969084	3.368614510433347
0.867000000000000	-5.064408464577423	8.433043970477307	3.368635505899884
0.868000000000000	-5.042234000929356	8.434440702250955	3.392206701321599
0.869000000000000	-5.009868638771645	8.402066839301671	3.392198200530026
0.870000000000000	-4.974767736874441	8.366957584429439	3.392189847554999
0.871000000000000	-4.936843400370114	8.329025113658640	3.392181713288525
0.872000000000000	-4.896012525511453	8.288186402032883	3.392173876521430
0.873000000000000	-4.852197973351732	8.244364397533444	3.392166424181712
0.874000000000000	-4.805329856393628	8.197489307857797	3.392159451464169
0.875000000000000	-4.755346939224682	8.147500001048348	3.392153061823666
0.876000000000000	-4.702198152121232	8.094345518922877	3.392147366801645
0.877000000000000	-4.645844214131897	8.037986699785149	3.392142485653252
0.878000000000000	-4.586259359214585	7.978397903955216	3.392138544740630
0.879000000000000	-4.523433155575100	7.915568832232260	3.392135676657160
0.880000000000000	-4.457372404431371	7.849506423479113	3.392134019047742
0.881000000000000	-4.388103100013096	7.780236813105250	3.392133713092155
0.882000000000000	-4.315672427732405	7.707807329354498	3.392134901622093
0.883000000000000	-4.240150772183847	7.632288499032454	3.392137726848607
0.884000000000000	-4.161633701041389	7.553776028726517	3.392142327685129
0.885000000000000	-4.080243885142492	7.472392721805198	3.392148836662706
0.886000000000000	-3.996132909252341	7.388290285700673	3.392157376448333
0.887000000000000	-3.909482922395622	7.301650978390767	3.392168055995145
0.888000000000000	-3.820508071485519	7.212689037859008	3.392180966373489
0.889000000000000	-3.729455657567075	7.121651833922568	3.392196176355493
0.890000000000000	-3.636606950662012	7.028820678512692	3.392213727850680
0.891000000000000	-3.542277597317399	6.934511228634339	3.392233631316939
0.892000000000000	-3.446817554901475	6.839073416198897	3.392255861297422
0.893000000000000	-3.350610488831618	6.742890841089758	3.392280352258140
0.894000000000000	-3.254072573609665	6.646379568532168	3.392306994922503
0.895000000000000	-3.157650646074137	6.549986279387875	3.392335633313738
0.896000000000000	-3.061819669866142	6.454185732589367	3.392366062723225
0.897000000000000	-2.967079483837741	6.359477512657969	3.392398028820228
0.898000000000000	-2.873950823955011	6.266382052057638	3.392431228102628
0.899000000000000	-2.786293915351118	6.178132785603101	3.391838870251983
0.900000000000000	-2.703380852989430	6.095253924326376	3.391873071336946
0.901000000000000	-2.623667135971858	6.015574451688810	3.391907315716952
0.902000000000000	-2.547698697004319	5.939639836200142	3.391941139195823
0.903000000000000	-2.476012554629949	5.867986609571529	3.391974054941580
0.904000000000000	-2.409129484256174	5.801135047868581	3.392005563612408
0.905000000000000	-2.347546521585246	5.739581686280536	3.392035164695290
0.906000000000000	-2.291729465616029	5.683791834335459	3.392062368719429
0.907000000000000	-2.242105560861406	5.634192270795356	3.392086709933951
0.908000000000000	-2.199056544914590	5.591164303897134	3.392107758982544
0.909000000000000	-2.162912247190811	5.555037382264750	3.392125135073939
0.910000000000000	-2.133944917085438	5.526083434225094	3.392138517139656
0.911000000000000	-2.112364444825196	5.504512098316591	3.392147653491395
0.912000000000000	-2.098314616261692	5.490466985804270	3.392152369542578
0.913000000000000	-2.091870514513238	5.484023087748726	3.392152573235488
0.914000000000000	-2.093388835494653	5.487976601169628	3.394587765674976
0.915000000000000	-2.107743210584673	5.502322221583897	3.394579010999224
0.916000000000000	-2.129585075388937	5.524151008716101	3.394565933327164
0.917000000000000	-2.158712939143786	5.553261713285015	3.394548774141229
0.918000000000000	-2.194861584157523	5.589389430678775	3.394527846521252
0.919000000000000	-2.237706719338886	5.632210244971305	3.394503525632419
0.920000000000000	-2.286870562193181	5.681346799811344	3.394476237618163
0.921000000000000	-2.341928186937885	5.736374634324490	3.394446447386605
0.922000000000000	-2.402414460030999	5.796829105838212	3.394414645807212
0.923000000000000	-2.467831375529598	5.862212712359456	3.394381336829858
0.924000000000000	-2.537655601261445	5.932002626269785	3.394347025008340
0.925000000000000	-2.611346052365875	6.005658256221800	3.394312203855924
0.926000000000000	-2.688351320565869	6.082628665953619	3.394277345387750
0.927000000000000	-2.768116804533558	6.162359695655365	3.394242891121807
0.928000000000000	-2.850091407701697	6.244300652421368	3.394209244719670
0.929000000000000	-2.933733693561708	6.327910459922327	3.394176766360619
0.930000000000000	-3.018517413597552	6.412663182456413	3.394145768858861
0.931000000000000	-3.103936348329759	6.498052863791070	3.394116515461311
0.932000000000000	-3.189508426428140	6.583597645630914	3.394089219202774
0.933000000000000	-3.274779109614815	6.668843153264534	3.394064043649719
0.934000000000000	-3.359324051448465	6.753365156280610	3.394041104832145
0.935000000000000	-3.442751055590782	6.836771529736912	3.394020474146130
0.936000000000000	-3.524701373546701	6.918703555551466	3.394002182004765
0.937000000000000	-3.604850393060305	6.998836615081604	3.393986222021299
0.938000000000000	-3.682907776414755	7.076880331937438	3.393972555522684
0.939000000000000	-3.758617113025434	7.152578229237904	3.393961116212470
0.940000000000000	-3.831755153221072	7.225706968047810	3.393951814826738
0.941000000000000	-3.902130690327189	7.296075233980299	3.393944543653110
0.942000000000000	-3.969583156478731	7.363522337288962	3.393939180810231
0.943000000000000	-4.033980994381977	7.427916588592798	3.393935594210821
0.944000000000000	-4.095219862891854	7.489153508047464	3.393933645155609
0.945000000000000	-4.153220729116898	7.547153920643402	3.393933191526505
0.946000000000000	-4.207927894117747	7.601861984683550	3.393934090565804
0.947000000000000	-4.259306993392482	7.653243194635814	3.393936201243332
0.948000000000000	-4.307343007463689	7.701282393688802	3.393939386225114
0.949000000000000	-4.352038312172266	7.745981825638696	3.393943513466430
0.950000000000000	-4.393410792876184	7.787359250334410	3.393948457458226
0.951000000000000	-4.431492041742329	7.825446141902341	3.393954100160012
0.952000000000000	-4.466325652768659	7.860285984422893	3.393960331654234
0.953000000000000	-4.497965625114343	7.891932675672241	3.393967050557898
0.954000000000000	-4.526474881758430	7.920449045984547	3.393974164226117
0.955000000000000	-4.551923907443861	7.945905496224631	3.393981588780770
0.956000000000000	-4.574389507271931	7.968378756267014	3.393989248995083
0.957000000000000	-4.593953685161144	7.987950763223240	3.393997078062096
0.958000000000000	-4.610702639635387	8.004707656907550	3.394005017272163
0.959000000000000	-4.624725873018838	8.018738888640152	3.394013015621314
0.960000000000000	-4.636115409045166	8.030136438414804	3.394021029369638
0.961000000000000	-4.644965113095139	8.038994134660751	3.394029021565611
0.962000000000000	-4.651370108718091	8.045407070268018	3.394036961549928
0.963000000000000	-4.655426283731466	8.049471108181164	3.394044824449698
0.964000000000000	-4.657229878993483	8.051282469665379	3.394052590671896
0.965000000000000	-4.656877152875911	8.050937398278714	3.394060245402803
0.966000000000000	-4.654464114499088	8.048531892617838	3.394067778118750
0.967000000000000	-4.650086318905850	8.044161501017683	3.394075182111833
0.968000000000000	-4.643838717524368	8.037921171557660	3.394082454033292
0.969000000000000	-4.635815557485159	8.029905150941216	3.394089593456057
0.970000000000000	-4.626110323600241	8.020206926057730	3.394096602457489
0.971000000000000	-4.614815717072089	8.008919202294555	3.394103485222466
0.972000000000000	-4.602023665267303	7.996133912934018	3.394110247666715
0.973000000000000	-4.587825357158807	7.981942254238776	3.394116897079969
0.974000000000000	-4.572311299306354	7.966434741094654	3.394123441788300
0.975000000000000	-4.555571387505415	7.949701278340343	3.394129890834928
0.976000000000000	-4.537694989487790	7.931831243166668	3.394136253678878
0.977000000000000	-4.518771034303749	7.912913574214585	3.394142539910836
0.978000000000000	-4.498888104255776	7.893036863241512	3.394148758985736
0.979000000000000	-4.478134525490060	7.872289445461928	3.394154919971868
0.980000000000000	-4.456598453586217	7.850759484902542	3.394161031316325
0.981000000000000	-4.434367950720826	7.828535051347826	3.394167100627000
0.982000000000000	-4.411531051219621	7.805704185691156	3.394173134471536
0.983000000000000	-4.388175812559840	7.782354950753620	3.394179138193779
0.984000000000000	-4.364390349141125	7.758575464889734	3.394185115748609
0.985000000000000	-4.340262846413757	7.734453915969946	3.394191069556189
0.986000000000000	-4.315881553239605	7.710078553616389	3.394197000376784
0.987000000000000	-4.291334750665750	7.685537657873225	3.394202907207475
0.988000000000000	-4.268755145680791	7.662608375079154	3.393853229398363
0.989000000000000	-4.247491482604886	7.641350333651451	3.393858851046565
0.990000000000000	-4.226269406754879	7.620133834677460	3.393864427922581
0.991000000000000	-4.205173103996081	7.599043054993913	3.393869950997832
0.992000000000000	-4.184286137434780	7.578161546855030	3.393875409420250
0.993000000000000	-4.163691251484738	7.557572042056392	3.393880790571654
0.994000000000000	-4.143470151009872	7.537356231164511	3.393886080154640
0.995000000000000	-4.123703256866174	7.517594519175057	3.393891262308883
0.996000000000000	-4.104469439599677	7.498365759356106	3.393896319756429
0.997000000000000	-4.085845733484215	7.479746967459480	3.393901233975265
0.998000000000000	-4.067907033496579	7.461813018896019	3.393905985399440
0.999000000000000	-4.050725778217976	7.444636331861996	3.393910553644020
1.000000000000000	-4.034371622013152	7.428286539765407	3.393914917752255
1.001000000000000	-4.018911100162872	7.412830156624675	3.393919056461804
1.002000000000000	-4.004407290903671	7.398330239390162	3.393922948486492
1.003000000000000	-3.990919478553820	7.384846051363269	3.393926572809448
1.004000000000000	-3.978502822068582	7.372432731051743	3.393929908983161
1.005000000000000	-3.967208033465532	7.361140970897110	3.393932937431579
1.006000000000000	-3.957081070586808	7.351016710335934	3.393935639749126
1.007000000000000	-3.948162848616125	7.342100847607571	3.393937998991446
1.008000000000000	-3.940488974642357	7.334428974595027	3.393939999952670
1.009000000000000	-3.934089509358758	7.328031138782670	3.393941629423912
1.010000000000000	-3.928988759707819	7.322931636136192	3.393942876428373
1.011000000000000	-3.925205105932041	7.319148838360224	3.393943732428183
1.012000000000000	-3.922750866073305	7.316695057572586	3.393944191499281
1.013000000000000	-3.921632200487835	7.315576450958465	3.393944250470631
1.014000000000000	-3.921849058416632	7.315792967441765	3.393943909025133
1.015000000000000	-3.923395168084065	7.317338337844316	3.393943169760250
1.016000000000000	-3.926258071200984	7.320200109408123	3.393942038207140
1.017000000000000	-3.930419202135151	7.324359724943193	3.393940522808041
1.018000000000000	-3.935854011393904	7.329792646246283	3.393938634852378
1.019000000000000	-3.942532132453793	7.336468520826930	3.393936388373137
1.020000000000000	-3.950417590382943	7.344351390388454	3.393933800005510
1.021000000000000	-3.959469050144235	7.353399938955235	3.393930888811000
1.022000000000000	-3.969640101953901	7.363567778024215	3.393927676070314
1.023000000000000	-3.980879580608222	7.374803765657637	3.393924185049415
1.024000000000000	-3.993131915290829	7.387052356033962	3.393920440743133
1.025000000000000	-4.006337506039319	7.400253975640664	3.393916469601344
1.026000000000000	-4.020433122788357	7.414345422031104	3.393912299242747
1.027000000000000	-4.035352322719243	7.429260280880510	3.393907958161267
1.028000000000000	-4.051025881533728	7.444929356964035	3.393903475430307
1.029000000000000	-4.067382234232552	7.461281114642096	3.393898880409544
1.030000000000000	-4.084347921012912	7.478242123471828	3.393894202458916
1.031000000000000	-4.101848034000589	7.495737504664538	3.393889470663949
1.032000000000000	-4.119806660695538	7.513691374271692	3.393884713576154
1.033000000000000	-4.138147320228200	7.532027279199872	3.393879958971673
1.034000000000000	-4.156793388789638	7.550668622420513	3.393875233630875
1.035000000000000	-4.175668510904301	7.569539074045209	3.393870563140908
1.036000000000000	-4.194696993550754	7.588562965273480	3.393865971722726
1.037000000000000	-4.213804180495185	7.607665662578678	3.393861482083493
1.038000000000000	-4.232916804575988	7.626773919870821	3.393857115294833
1.039000000000000	-4.251963316058108	7.645816206754771	3.393852890696664
1.040000000000000	-4.270874185554637	7.664723011380761	3.393848825826124
1.041000000000000	-4.289582180384563	7.683427116755213	3.393844936370650
1.042000000000000	-4.308022613593433	7.701863849737191	3.393841236143758
1.043000000000000	-4.326133565202427	7.719971302284511	3.393837737082085
1.044000000000000	-4.343856075567789	7.737690524829575	3.393834449261786
1.045000000000000	-4.361134311022555	7.754965691954903	3.393831380932348
1.046000000000000	-4.377915702234357	7.771744240800183	3.393828538565827
1.047000000000000	-4.394151055945213	7.787976982864546	3.393825926919333
1.048000000000000	-4.409794640960660	7.803618190069459	3.393823549108799
1.049000000000000	-4.424804249427137	7.818625656119025	3.393821406691888
1.050000000000000	-4.439141234577912	7.832960734336178	3.393819499758266
1.051000000000000	-4.452770526241555	7.846588353266876	3.393817827025321
1.052000000000000	-4.465660625493540	7.859477011431267	3.393816385937726
1.053000000000000	-4.480438232952809	7.873131665043735	3.392693432090925
1.054000000000000	-4.494791135863899	7.887483614342171	3.392692478478272
1.055000000000000	-4.508248408360550	7.900940156282235	3.392691747921685
1.056000000000000	-4.520792833057182	7.913484067052391	3.392691233995208
1.057000000000000	-4.532410558133491	7.925101487655787	3.392690929522296
1.058000000000000	-4.543091001134346	7.935781827804360	3.392690826670013
1.059000000000000	-4.552826742344608	7.945517659384707	3.392690917040100
1.060000000000000	-4.561613409087867	7.954304600844468	3.392691191756601
1.061000000000000	-4.569449552249405	7.962141193799237	3.392691641549832
1.062000000000000	-4.576336516271426	7.969028773108016	3.392692256836590
1.063000000000000	-4.586862746851153	7.979035887816866	3.392173140965713
1.064000000000000	-4.600023201886571	7.992197306340321	3.392174104453750
1.065000000000000	-4.612312561523248	8.004487763232431	3.392175201709184
1.066000000000000	-4.623742642570473	8.015919065141098	3.392176422570625
1.067000000000000	-4.634327324455911	8.026505081361606	3.392177756905695
1.068000000000000	-4.644082402789490	8.036261597459758	3.392179194670268
1.069000000000000	-4.653025443609399	8.045206169574259	3.392180725964860
1.070000000000000	-4.661175639148786	8.053357980237015	3.392182341088229
1.071000000000000	-4.668553665919344	8.060737696507646	3.392184030588302
1.072000000000000	-4.675181545866649	8.067367331177108	3.392185785310459
1.073000000000000	-4.681082511311475	8.073270107754594	3.392187596443119
1.074000000000000	-4.686280874350049	8.078470329910587	3.392189455560538
1.075000000000000	-4.690801901343993	8.082993256006727	3.392191354662734
1.076000000000000	-4.694671693086558	8.086864979298753	3.392193286212194
1.077000000000000	-4.697917071184508	8.090112314351726	3.392195243167218
1.078000000000000	-4.700565471144305	8.092762690155759	3.392197219011454
1.079000000000000	-4.702644842595898	8.094844050375253	3.392199207779354
1.080000000000000	-4.704183557027143	8.096384761104128	3.392201204076985
1.081000000000000	-4.705210323335557	8.097413526433483	3.392203203097926
1.082000000000000	-4.705754111432240	8.097959312065791	3.392205200633551
1.083000000000000	-4.705844084053947	8.098051277131432	3.392207193077486
1.084000000000000	-4.705509536854844	8.097718714278431	3.392209177423586
1.085000000000000	-4.704779846758369	8.096990998015437	3.392211151257069
1.086000000000000	-4.703684428453009	8.095897541191478	3.392213112738469
1.087000000000000	-4.702252698814225	8.094467759394288	3.392215060580063
1.088000000000000	-4.700514048928976	8.092731042943477	3.392216994014501
1.089000000000000	-4.698497823290479	8.090716736046046	3.392218912755567
1.090000000000000	-4.690383163352116	8.085459333711277	3.395076170359162
1.091000000000000	-4.681963167664795	8.077040120616624	3.395076952951830
1.092000000000000	-4.673424396751220	8.068502173840988	3.395077777089768
1.093000000000000	-4.664785683929512	8.059864330176675	3.395078646247162
1.094000000000000	-4.656066582495646	8.051146146295691	3.395079563800046
1.095000000000000	-4.647287405024071	8.042367937965638	3.395080532941567
1.096000000000000	-4.638469259596886	8.033550816189006	3.395081556592120
1.097000000000000	-4.629634081711861	8.024716719017354	3.395082637305493
1.098000000000000	-4.620804660567098	8.015888437739425	3.395083777172328
1.099000000000000	-4.612004658386106	8.007089636108430	3.395084977722324
1.100000000000000	-4.603258621433526	7.998344861260331	3.395086239826805
1.101000000000000	-4.594591981380649	7.989679544983936	3.395087563603287
1.102000000000000	-4.586031045712602	7.981119994036496	3.395088948323894
1.103000000000000	-4.577602975926879	7.972693368256252	3.395090392329372
1.104000000000000	-4.569335752356287	7.964427645306825	3.395091892950537
1.105000000000000	-4.561258124558457	7.956351570997539	3.395093446439081
1.106000000000000	-4.553399546349116	7.948494594258376	3.395095047909260
1.107000000000000	-4.545790094714931	7.940886786007295	3.395096691292363
1.108000000000000	-4.538460372024376	7.933558741329582	3.395098369305206
1.109000000000000	-4.531441391157522	7.926541464591601	3.395100073434079
1.110000000000000	-4.524764443396723	7.919866237331935	3.395101793935212
1.111000000000000	-4.518460949155819	7.913564469008247	3.395103519852428
1.112000000000000	-4.512562291871734	7.907667530924316	3.395105239052582
1.113000000000000	-4.507099635635478	7.902206573914365	3.395106938278888
1.114000000000000	-4.502103727394317	7.897212330616211	3.395108603221893
1.115000000000000	-4.497604684808442	7.892714903416024	3.395110218607583
1.116000000000000	-4.493631771088733	7.888743539390379	3.395111768301646
1.117000000000000	-4.490213158371970	7.885326393800535	3.395113235428565
1.118000000000000	-4.487375681400423	7.882490283904378	3.395114602503955
1.119000000000000	-4.485144583460247	7.880260435038278	3.395115851578031
1.120000000000000	-4.483543256691529	7.878660221079537	3.395116964388007
1.121000000000000	-4.482592979009234	7.877710901526196	3.395117922516962
1.122000000000000	-4.482312649964815	7.877431357521079	3.395118707556264
1.123000000000000	-4.482718527929592	7.877837829198476	3.395119301268884
1.124000000000000	-4.483823970992354	7.878943656742912	3.395119685750558
1.125000000000000	-4.485639183933012	7.880759027518933	3.395119843585921
1.126000000000000	-4.488170973562247	7.883290731558997	3.395119757996750
1.127000000000000	-4.491422514604781	7.886541927584387	3.395119412979606
1.128000000000000	-4.495393128153108	7.890511921583506	3.395118793430399
1.129000000000000	-4.500078074532739	7.895195959786422	3.395117885253683
1.130000000000000	-4.505468362202944	7.900585037657741	3.395116675454798
1.131000000000000	-4.511550574073637	7.906665726287077	3.395115152213440
1.132000000000000	-4.518306712355298	7.913420017292895	3.395113304937596
1.133000000000000	-4.525714062780461	7.920825187077838	3.395111124297378
1.134000000000000	-4.533745078749850	7.928853680988461	3.395108602238611
1.135000000000000	-4.542367285669764	7.937473017646529	3.395105731976765
1.136000000000000	-4.551543205468019	7.946645713440111	3.395102507972092
1.137000000000000	-4.561230301010014	7.956329226897510	3.395098925887496
1.138000000000000	-4.571380939891763	7.966475922422806	3.395094982531043
1.139000000000000	-4.581942376869427	7.977033052654923	3.395090675785496
1.140000000000000	-4.592856754001263	7.987942758528894	3.395086004527631
1.141000000000000	-4.604061117433626	7.999142085974025	3.395080968540399
1.142000000000000	-4.615487449662261	8.010563018083682	3.395075568421420
1.143000000000000	-4.627062716048424	8.022132521539872	3.395069805491448
1.144000000000000	-4.638708924369284	8.033772606075839	3.395063681706556
1.145000000000000	-4.650343196236113	8.045400395814250	3.395057199578137
1.146000000000000	-4.661877849324551	8.056928211429222	3.395050362104671
1.147000000000000	-4.673220489528726	8.068263662248205	3.395043172719479
1.148000000000000	-4.684274112376858	8.079309747635255	3.395035635258397
1.149000000000000	-4.694937213328719	8.089964967280265	3.395027753951546
1.150000000000000	-4.705103906915063	8.100123440358127	3.395019533443064
1.151000000000000	-4.714664055073953	8.109675033916568	3.395010978842615
1.152000000000000	-4.723503405486766	8.118505501299264	3.395002095812498
1.153000000000000	-4.731503741215912	8.126496631909525	3.394992890693613
1.154000000000000	-4.738543043492741	8.133526414166530	3.394983370673789
1.155000000000000	-4.744495670095515	8.139469214096804	3.394973544001290
1.156000000000000	-4.749232552388562	8.144195972634918	3.394963420246357
1.157000000000000	-4.752621414760580	8.147574425373513	3.394953010612933
1.158000000000000	-4.754527020895945	8.149469349198501	3.394942328302556
1.159000000000000	-4.754811452031243	8.149742840962833	3.394931388931591
1.160000000000000	-4.753334423081007	8.148254634083493	3.394920211002486
1.161000000000000	-4.749953643251424	8.144862459680091	3.394908816428667
1.162000000000000	-4.744525228485415	8.139422459597265	3.394897231111850
1.163000000000000	-4.736904173781594	8.131789659350678	3.394885485569084
1.164000000000000	-4.726944894083561	8.121818509688909	3.394873615605349
1.165000000000000	-4.714501843021965	8.109363506047677	3.394861663025711
1.166000000000000	-4.699430219282305	8.094279895660968	3.394849676378663
1.167000000000000	-4.681586770733253	8.076424482452980	3.394837711719727
1.168000000000000	-4.660830706645632	8.055656540027018	3.394825833381386
1.169000000000000	-4.637024728316378	8.031838843048122	3.394814114731744
1.170000000000000	-4.610036188134321	8.004838827034764	3.394802638900442
1.171000000000000	-4.579738386528343	7.974529885974373	3.394791499446029
1.172000000000000	-4.546012015261216	7.940792816195246	3.394780800934030
1.173000000000000	-4.508746754105535	7.903517413495567	3.394770659390033
1.174000000000000	-4.467843025990752	7.862604228577586	3.394761202586834
1.175000000000000	-4.423213913168783	7.817966483288287	3.394752570119504
1.176000000000000	-4.374787233738299	7.769532146955735	3.394744913217435
1.177000000000000	-4.322507773928172	7.717246168166294	3.394738394238122
1.178000000000000	-4.266339666811791	7.661072852596250	3.394733185784459
1.179000000000000	-4.206268902567009	7.600998371952680	3.394729469385671
1.180000000000000	-4.142305948994414	7.537033382677211	3.394727433682797
1.181000000000000	-4.074488453776419	7.469215725839474	3.394727272063055
1.182000000000000	-4.002883991958809	7.397613171653290	3.394729179694481
1.183000000000000	-3.927592813474415	7.322326163397977	3.394733349923563
1.184000000000000	-3.848750536376763	7.243490506391451	3.394739970014688
1.185000000000000	-3.766530722051017	7.161279938282878	3.394749216231862
1.186000000000000	-3.681147259340365	7.075908507630902	3.394761248290536
1.187000000000000	-3.592856475670069	6.987632678910525	3.394776203240456
1.188000000000000	-3.501958885352921	6.896753074232224	3.394794188879303
1.189000000000000	-3.408800478881183	6.803615755720728	3.394815276839544
1.190000000000000	-3.313773452773472	6.708612948311425	3.394839495537953
1.191000000000000	-3.217316278119690	6.612183101343295	3.394866823223605
1.192000000000000	-3.119913008025600	6.514810189431602	3.394897181406002
1.193000000000000	-3.022091730347495	6.417022159332091	3.394930428984596
1.194000000000000	-2.924422082987429	6.319388440418822	3.394966357431393
1.195000000000000	-2.827511765012023	6.222516452406855	3.395004687394832
1.196000000000000	-2.732001998181037	6.127047065272829	3.395045067091792
1.197000000000000	-2.638561920079408	6.033648992910164	3.395087072830756
1.198000000000000	-2.547881921570236	5.943012133530666	3.395130211960430
1.199000000000000	-2.460665976995710	5.855839905458790	3.395173928463080
1.200000000000000	-2.376655623845807	5.771986253796261	3.395330629950453
1.201000000000000	-2.296852325149985	5.692224677110145	3.395372351960160
1.202000000000000	-2.222729164763520	5.618141842171553	3.395412677408033
1.203000000000000	-2.154931684455073	5.550382601283765	3.395450916828691
1.204000000000000	-2.094069717305733	5.489556102650537	3.395486385344804
1.205000000000000	-2.040707042082079	5.436225463601195	3.395518421519117
1.206000000000000	-1.995351414596068	5.390897821242016	3.395546406645948
1.207000000000000	-1.958445260936641	5.354015044611597	3.395569783674956
1.208000000000000	-1.930357311551118	5.325945386472336	3.395588074921218
1.209000000000000	-1.911375436910388	5.306976334638492	3.395600897728103
1.210000000000000	-1.901700915108627	5.297308892424404	3.395607977315777
1.211000000000000	-1.901444320204955	5.297053476371998	3.395609156167043
1.212000000000000	-1.910623169146341	5.306227568613050	3.395604399466708
1.213000000000000	-1.929161407113996	5.324755203424453	3.395593796310457
1.214000000000000	-1.956890749012633	5.352468305632588	3.395577556619954
1.215000000000000	-1.993553831778011	5.389109835703976	3.395556003925964
1.216000000000000	-2.038809071484819	5.434338635879692	3.395529564394874
1.217000000000000	-2.092237063994863	5.487735816654645	3.395498752659782
1.218000000000000	-2.153348320797679	5.548812475960608	3.395464155162928
1.219000000000000	-2.221592094884517	5.617018506696967	3.395426411812450
1.220000000000000	-2.296366026373285	5.691752223172381	3.395386196799096
1.221000000000000	-2.377026324801989	5.772370524210188	3.395344199408199
1.222000000000000	-2.462898204397231	5.858199309999369	3.395301105602138
1.223000000000000	-2.553286299358114	5.948543880407553	3.395257581049439
1.224000000000000	-2.647484806846530	6.042699062992902	3.395214256146372
1.225000000000000	-2.744787134073453	6.139958847502940	3.395171713429487
1.226000000000000	-2.844494860485881	6.239625338109610	3.395130477623729
1.227000000000000	-2.945925864363269	6.341016872784891	3.395091008421622
1.228000000000000	-3.048421502960155	6.443475198913565	3.395053695953410
1.229000000000000	-3.151352774709559	6.546371633503046	3.395018858793487
1.230000000000000	-3.254125429247484	6.649112173504941	3.394986744257456
1.231000000000000	-3.356184024798333	6.751141555478177	3.394957530679844
1.232000000000000	-3.457014961818415	6.851946293142581	3.394931331324166
1.233000000000000	-3.556148546147109	6.951056745709030	3.394908199561921
1.234000000000000	-3.653160154020837	7.048048288983281	3.394888134962445
1.235000000000000	-3.747670585219058	7.142541675176459	3.394871089957401
1.236000000000000	-3.839345699627666	7.234202676404779	3.394856976777113
1.237000000000000	-3.927895437092899	7.322741111490613	3.394845674397714
1.238000000000000	-4.013072321186375	7.407909356469482	3.394837035283107
1.239000000000000	-4.094669545056486	7.489500436808950	3.394830891752465
1.240000000000000	-4.172518732569451	7.567345794417854	3.394827061848403
1.241000000000000	-4.246487461086728	7.641312815708379	3.394825354621651
1.242000000000000	-4.316476624077416	7.711302198862035	3.394825574784619
1.243000000000000	-4.382417702851751	7.777245229568174	3.394827526716423
1.244000000000000	-4.444270007471273	7.839101025298317	3.394831017827044
1.245000000000000	-4.502017937710118	7.896853799017577	3.394835861307459
1.246000000000000	-4.555668306095752	7.950510184402567	3.394841878306814
1.247000000000000	-4.605247756759132	8.000096656346219	3.394848899587087
1.248000000000000	-4.650800306218508	8.045657072929984	3.394856766711476
1.249000000000000	-4.692385025397134	8.087250358222114	3.394865332824980
1.250000000000000	-4.730073876173554	8.124948339259001	3.394874463085447
1.251000000000000	-4.763949710587370	8.158833745388650	3.394884034801279
1.252000000000000	-4.794104436448043	8.188998373776464	3.394893937328421
1.253000000000000	-4.820637349472840	8.215541421247535	3.394904071774695
1.254000000000000	-4.843653629151827	8.238567979706565	3.394914350554737
1.255000000000000	-4.863262993234327	8.258187690067748	3.394924696833421
1.256000000000000	-4.879578503979599	8.274513547870166	3.394935043890567
1.257000000000000	-4.892715518041872	8.287660852476556	3.394945334434683
1.258000000000000	-4.902790770995672	8.297746290884584	3.394955519888912
1.259000000000000	-4.909921586985451	8.304887146653446	3.394965559667995
1.260000000000000	-4.914225203742854	8.309200624204188	3.394975420461334
1.261000000000000	-4.915818203200630	8.310803278734467	3.394985075533836
1.262000000000000	-4.914816038096079	8.309810542149380	3.394994504053301
1.263000000000000	-4.911332645256373	8.306336335707048	3.395003690450675
1.264000000000000	-4.905480136657501	8.300492760474897	3.395012623817396
1.265000000000000	-4.897368559817227	8.292389857159550	3.395021297342323
1.266000000000000	-4.887105719595148	8.282135427384533	3.395029707789385
1.267000000000000	-4.874797054009252	8.269834909025226	3.395037855015974
1.268000000000000	-4.860545557221663	8.255591298752902	3.395045741531240
1.269000000000000	-4.844451743383751	8.239505115476593	3.395053372092842
1.270000000000000	-4.826613645552634	8.221674398892825	3.395060753340191
1.271000000000000	-4.807126844390112	8.202194737852045	3.395067893461933
1.272000000000000	-4.780892135508500	8.178037456766095	3.397145321257595
1.273000000000000	-4.752163732235818	8.149305256317831	3.397141524082013
1.274000000000000	-4.722017413216033	8.119155034943565	3.397137621727532
1.275000000000000	-4.690415523040219	8.087549138144599	3.397133615104380
1.276000000000000	-4.657319570624678	8.054449076539655	3.397129505914976
1.277000000000000	-4.622690273623176	8.019815570406591	3.397125296783415
1.278000000000000	-4.586487616522316	7.983608607921370	3.397120991399055
1.279000000000000	-4.548670924458639	7.945787519133414	3.397116594674775
1.280000000000000	-4.509198954999560	7.906311067919941	3.397112112920381
1.281000000000000	-4.468030010339380	7.865137564370799	3.397107554031419
1.282000000000000	-4.425122072572684	7.822225000266002	3.397102927693318
1.283000000000000	-4.380432964916351	7.777531210516844	3.397098245600493
1.284000000000000	-4.333920541952576	7.731014063642055	3.397093521689479
1.285000000000000	-4.285542912152313	7.682631684537077	3.397088772384764
1.286000000000000	-4.235258696103235	7.632342712958504	3.397084016855269
1.287000000000000	-4.183027323999621	7.580106601278214	3.397079277278593
1.288000000000000	-4.128809376041916	7.525883955151409	3.397074579109493
1.289000000000000	-4.075848348442516	7.471580911347884	3.395732562905367
1.290000000000000	-4.021404802068714	7.417132793149674	3.395727991080960
1.291000000000000	-3.964820886519701	7.360544442551969	3.395723556032268
1.292000000000000	-3.906065425217882	7.301784724300667	3.395719299082785
1.293000000000000	-3.845110835955515	7.240826102043322	3.395715266087806
1.294000000000000	-3.781933805703243	7.177645313297019	3.395711507593776
1.295000000000000	-3.716516030607526	7.112224109550617	3.395708078943091
1.296000000000000	-3.648845022255642	7.044550062565741	3.395705040310099
1.297000000000000	-3.578914980253357	6.974617436906218	3.395702456652861
1.298000000000000	-3.506727729902580	6.902428127466402	3.395700397563822
1.299000000000000	-3.432293722267045	6.827992659268858	3.395698937001813
1.300000000000000	-3.355633092161314	6.751331245048330	3.395698152887015
1.301000000000000	-3.276776767584911	6.672474894125646	3.395698126540735
1.302000000000000	-3.195767621850513	6.591466563802652	3.395698941952139
1.303000000000000	-3.112661657132399	6.508362341988284	3.395700684855885
1.304000000000000	-3.027529205412111	6.423232647018636	3.395703441606524
1.305000000000000	-2.940456129857448	6.336163427696868	3.395707297839420
1.306000000000000	-2.851545006591672	6.247257343504090	3.395712336912418
1.307000000000000	-2.760916263662183	6.156634901790745	3.395718638128562
1.308000000000000	-2.668709250891213	6.064435525638982	3.395726274747768
1.309000000000000	-2.575083211295947	5.970818523100085	3.395735311804139
1.310000000000000	-2.480218122031746	5.875963925787522	3.395745803755776
1.311000000000000	-2.384315370488699	5.780073162494181	3.395757792005481
1.312000000000000	-2.287598229424616	5.683369531767339	3.395771302342723
1.313000000000000	-2.190312094023127	5.586098436393343	3.395786342370215
1.314000000000000	-2.092724443707967	5.488527342698642	3.395802898990675
1.315000000000000	-1.995124492603042	5.390945428644492	3.395820936041450
1.316000000000000	-1.897822494872223	5.293662887046682	3.395840392174458
1.317000000000000	-1.801148674945585	5.197009854032524	3.395861179086940
1.318000000000000	-1.705451757948208	5.101334938160774	3.395883180212565
1.319000000000000	-1.611097082549781	5.007003332531851	3.395906249982070
1.320000000000000	-1.518464286939052	4.914394500696719	3.395930213757667
1.321000000000000	-1.427944568614368	4.823899437148104	3.395954868533737
1.322000000000000	-1.339937529997666	4.735917514476599	3.395979984478933
1.323000000000000	-1.254847634263356	4.650852941633738	3.396005307370382
1.324000000000000	-1.173080308868089	4.569110870809068	3.396030561940979
1.325000000000000	-1.095037747630548	4.491093203755311	3.396055456124762
1.326000000000000	-1.021114475320478	4.417194161466670	3.396079686146192
1.327000000000000	-0.951692750997731	4.347795693354968	3.396102942357237
1.328000000000000	-0.887137897186878	4.283262812871776	3.396124915684897
1.329000000000000	-0.827793650776284	4.223938955288464	3.396145304512180
1.330000000000000	-0.773977637723264	4.170141459505166	3.396163821781903
1.331000000000000	-0.725977076738371	4.122157278824764	3.396180202086393
1.332000000000000	-0.684044816733623	4.080239025223936	3.396194208490313
1.333000000000000	-0.648395808722367	4.044601447551391	3.396205638829024
1.334000000000000	-0.619204104993094	4.015418436227590	3.396214331234497
1.335000000000000	-0.596600466881539	3.992820635543791	3.396220168662252
1.336000000000000	-0.580670647658204	3.976893729886560	3.396223082228356
1.337000000000000	-0.571454399445653	3.967677452656143	3.396223053210490
1.338000000000000	-0.568945233349829	3.965165346972594	3.396220113622765
1.339000000000000	-0.573090940933994	3.969305286267245	3.396214345333251
1.340000000000000	-0.583794863658998	3.980000741414767	3.396205877755769
1.341000000000000	-0.600917875869403	3.997112760077597	3.396194884208194
1.342000000000000	-0.624281027206886	4.020462604291289	3.396181577084403
1.343000000000000	-0.653668772787647	4.049834974821341	3.396166202033693
1.344000000000000	-0.688832704774939	4.084981736152884	3.396149031377946
1.345000000000000	-0.729495687640338	4.125626044659471	3.396130357019133
1.346000000000000	-0.775356291778401	4.171466774878676	3.396110483100276
1.347000000000000	-0.826093416369670	4.222183135048711	3.396089718679041
1.348000000000000	-0.881370992430797	4.277439363088511	3.396068370657714
1.349000000000000	-0.940233989571804	4.336568716230986	3.396334726659182
1.350000000000000	-1.003037916251440	4.399350265208629	3.396312348957189
1.351000000000000	-1.069600919222477	4.465891059727547	3.396290140505069
1.352000000000000	-1.139565207743218	4.535833553359708	3.396268345616490
1.353000000000000	-1.212577946639463	4.608825128853436	3.396247182213973
1.354000000000000	-1.288294626188083	4.684521465595381	3.396226839407299
1.355000000000000	-1.366382005784393	4.762589481801468	3.396207476017076
1.356000000000000	-1.446520608008239	4.842709828004922	3.396189219996683
1.357000000000000	-1.528406753028672	4.924578921707590	3.396172168678918
1.358000000000000	-1.611754135566458	5.007910525320769	3.396156389754311
1.359000000000000	-1.696294957569427	5.092436880443026	3.396141922873599
1.360000000000000	-1.781780639136277	5.177909420896118	3.396128781759841
1.361000000000000	-1.867982137932720	5.264099094645618	3.396116956712898
1.362000000000000	-1.954689913337416	5.350796330729418	3.396106417392001
1.363000000000000	-2.041713575865423	5.437810691633285	3.396097115767861
1.364000000000000	-2.128881265128022	5.524970254273620	3.396088989145597
1.365000000000000	-2.216038800831478	5.612120764002038	3.396081963170559
1.366000000000000	-2.303048651253048	5.699124605994847	3.396075954741798
1.367000000000000	-2.389788762440999	5.785859637212157	3.396070874771159
1.368000000000000	-2.476151289256500	5.872217919994890	3.396066630738390
1.369000000000000	-2.562041266496314	5.958104395502263	3.396063129005948
1.370000000000000	-2.647375254892044	6.043435531760062	3.396060276868019
1.371000000000000	-2.732079992942655	6.128137977261884	3.396057984319229
1.372000000000000	-2.816091081459457	6.212147246997190	3.396056165537733
1.373000000000000	-2.899351723524156	6.295406463609184	3.396054740085027
1.374000000000000	-2.981811538399534	6.377865172231555	3.396053633832021
1.375000000000000	-3.063425463890232	6.459478243515900	3.396052779625668
1.376000000000000	-3.144152757807749	6.540204875522880	3.396052117715131
1.377000000000000	-3.223956105614789	6.620007701573966	3.396051595959177
1.378000000000000	-3.302800838055648	6.698852007894385	3.396051169838738
1.379000000000000	-3.380654259655326	6.776705061955114	3.396050802299788
1.380000000000000	-3.457485086409862	6.853535549861783	3.396050463451921
1.381000000000000	-3.533262988801850	6.929313118949871	3.396050130148021
1.382000000000000	-3.607958234457510	7.004008019927007	3.396049785469497
1.383000000000000	-3.681541423304239	7.077590841444552	3.396049418140313
1.384000000000000	-3.753983306974037	7.150032328865571	3.396049021891534
1.385000000000000	-3.825254683406228	7.221303278202475	3.396048594796247
1.386000000000000	-3.895326357106334	7.291374495698983	3.396048138592650
1.387000000000000	-3.964169155287413	7.360216813298303	3.396047658010890
1.388000000000000	-4.031753990124322	7.427801150241576	3.396047160117254
1.389000000000000	-4.098051957558754	7.494098611245571	3.396046653686817
1.390000000000000	-4.163034463470519	7.559080612084235	3.396046148613716
1.391000000000000	-4.226673368547545	7.622719023913691	3.396045655366146
1.392000000000000	-4.288941143813133	7.684986328304220	3.396045184491086
1.393000000000000	-4.349811029475294	7.745855775647551	3.396044746172257
1.394000000000000	-4.409257190524160	7.805301540367150	3.396044349842990
1.395000000000000	-4.467254863295009	7.863298867149465	3.396044003854456
1.396000000000000	-4.523780488016214	7.919824203214559	3.396043715198345
1.397000000000000	-4.578811823154650	7.974855312436921	3.396043489282270
1.398000000000000	-4.632328038141438	8.028371367896565	3.396043329755127
1.399000000000000	-4.684309781794985	8.080353020174208	3.396043238379223
1.400000000000000	-4.734739224447546	8.130782439392906	3.396043214945360
1.401000000000000	-4.783600072417753	8.179643329644719	3.396043257226966
1.402000000000000	-4.830877554051360	8.226920915020228	3.396043360968868
1.403000000000000	-4.876558377071394	8.272601896978138	3.396043519906744
1.404000000000000	-4.920630657438256	8.316674383251195	3.396043725812939
1.405000000000000	-4.963083820319225	8.359127788883928	3.396043968564703
1.406000000000000	-5.003908474108212	8.399952710339392	3.396044236231179
1.407000000000000	-5.043096258723894	8.439140773899572	3.396044515175678
1.408000000000000	-5.080639669651105	8.476684459821197	3.396044790170092
1.409000000000000	-5.116531859381745	8.512576903900488	3.396045044518743
1.410000000000000	-5.150766418062275	8.546811678251702	3.396045260189426
1.411000000000000	-5.183337135271296	8.579382553220739	3.396045417949443
1.412000000000000	-5.214237744937074	8.610283242442378	3.396045497505304
1.413000000000000	-5.243461655468215	8.639507133112996	3.396045477644781
1.414000000000000	-5.271001667215396	8.667047003595856	3.396045336380460
1.415000000000000	-5.296849679413887	8.692894730508346	3.396045051094459
1.416000000000000	-5.320996388780986	8.717040987465053	3.396044598684067
1.417000000000000	-5.343430981963813	8.739474937672362	3.396043955708549
1.418000000000000	-5.364140824056144	8.760183922593841	3.396043098537697
1.419000000000000	-5.383111145432903	8.779153148935698	3.396042003502796
1.420000000000000	-5.400324729190952	8.796365376242182	3.396040647051231
1.421000000000000	-5.415761601539959	8.811800607445964	3.396039005906005
1.422000000000000	-5.429398727560438	8.825435784792241	3.396037057231803
1.423000000000000	-5.441209714841556	8.837244493651063	3.396034778809507
1.424000000000000	-5.451164527632576	8.847196676853745	3.396032149221169
1.425000000000000	-5.459229214291782	8.855258362339661	3.396029148047879
1.426000000000000	-5.465365650999034	8.861391407082024	3.396025756082990
1.427000000000000	-5.469531304915351	8.865553260478814	3.396021955563463
1.428000000000000	-5.471679020227898	8.867696750650191	3.396017730422294
1.429000000000000	-5.471756830813807	8.867769897378846	3.396013066565039
1.430000000000000	-5.469707803593312	8.865715755766956	3.396007952173645
1.431000000000000	-5.465469917022794	8.861472295063606	3.396002378040812
1.432000000000000	-5.458975979602308	8.854972317540476	3.395996337938167
1.433000000000000	-5.450153593739053	8.846143422760317	3.395989829021264
1.434000000000000	-5.438925170816477	8.834908023090900	3.395982852274424
1.435000000000000	-5.425208003864237	8.821183416862173	3.395975412997935
1.436000000000000	-5.408914404801988	8.804881926141553	3.395967521339565
1.437000000000000	-5.389951913830638	8.785911106702363	3.395959192871725
1.438000000000000	-5.368223589157982	8.764174038372406	3.395950449214424
1.439000000000000	-5.343628385855050	8.739569704558107	3.395941318703057
1.440000000000000	-5.316061633226607	8.711993470324755	3.395931837098148
1.441000000000000	-5.285415620618141	8.681337668950395	3.395922048332253
1.442000000000000	-5.251580302042592	8.647492307329237	3.395912005286645
1.443000000000000	-5.214444130355264	8.610345900942571	3.395901770587307
1.444000000000000	-5.173895031890668	8.569786449296844	3.395891417406176
1.445000000000000	-5.129821532448123	8.525702562697568	3.395881030249445
1.446000000000000	-5.082114045213659	8.477984750923516	3.395870705709857
1.447000000000000	-5.030666330565412	8.426526883720136	3.395860553154725
1.448000000000000	-4.975377136652200	8.371227831967683	3.395850695315484
1.449000000000000	-4.916152028077041	8.311993296815386	3.395841268738344
1.450000000000000	-4.852905407870169	8.248737831919343	3.395832424049174
1.451000000000000	-4.785562735108563	8.181387061087699	3.395824325979136
1.452000000000000	-4.714062936939676	8.109880090031336	3.395817153091659
1.453000000000000	-4.638361009311065	8.034172106456635	3.395811097145570
1.454000000000000	-4.558430795320185	7.954237157345564	3.395806362025379
1.455000000000000	-4.474267923725471	7.870071085892693	3.395803162167222
1.456000000000000	-4.385892882773890	7.781694603183301	3.395801720409411
1.457000000000000	-4.293354196113766	7.689156461314208	3.395802265200442
1.458000000000000	-4.196731658237924	7.592536685343341	3.395805027105417
1.459000000000000	-4.096139576767107	7.491949811332409	3.395810234565302
1.460000000000000	-3.991729958139528	7.387548067022450	3.395818108882922
1.461000000000000	-3.883695562209099	7.279524420645007	3.395828858435908
1.462000000000000	-3.772272740259554	7.168115412409794	3.395842672150239
1.463000000000000	-3.657743960504593	7.053603672813357	3.395859712308764
1.464000000000000	-3.540439915858453	6.936320022675018	3.395880106816565
1.465000000000000	-3.420741101316429	6.816645042414676	3.395903941098247
1.466000000000000	-3.299078743448511	6.695009993307467	3.395931249858956
1.467000000000000	-3.175934963099498	6.571896972098428	3.395962008998930
1.468000000000000	-3.051842055234093	6.447838183260213	3.395996128026120
1.469000000000000	-2.927380777748129	6.323414221107637	3.396033443359507
1.470000000000000	-2.803177554662653	6.199251267613253	3.396073712950599
1.471000000000000	-2.679900518914123	6.076017131582343	3.396116612668219
1.472000000000000	-2.558254346179192	5.954416081064095	3.396161734884903
1.473000000000000	-2.438973863708119	5.835182453377197	3.396208589669078
1.474000000000000	-2.322816456461840	5.719073065382377	3.396256608920537
1.475000000000000	-2.210553335966759	5.606858489653267	3.396305153686508
1.476000000000000	-2.102959783749337	5.499313308513154	3.396353524763816
1.477000000000000	-2.000804529059008	5.397205505590396	3.396400976531388
1.478000000000000	-1.904838467493920	5.301285201270458	3.396446733776538
1.479000000000000	-1.815782970480776	5.212272981566815	3.396490011086039
1.480000000000000	-1.734318072552682	5.130848106737899	3.396530034185217
1.481000000000000	-1.661070851300079	5.057636913737678	3.396566062437599
1.482000000000000	-1.600857015549119	4.996764557138153	3.395907541589034
1.483000000000000	-1.552760380684680	4.948693501566524	3.395933120881844
1.484000000000000	-1.514291220218519	4.910244120084110	3.395952899865591
1.485000000000000	-1.485757233602745	4.881723720540129	3.395966486937384
1.486000000000000	-1.467369263465252	4.863342883327419	3.395973619862168
1.487000000000000	-1.459237376328730	4.855211551291183	3.395974174962453
1.488000000000000	-1.461369007392555	4.857337178772498	3.395968171379943
1.489000000000000	-1.473669232163594	4.869625002339632	3.395955770176038
1.490000000000000	-1.495943152243883	4.891880420563531	3.395937268319648
1.491000000000000	-1.527900307786783	4.923813395675166	3.395913087888383
1.492000000000000	-1.569160959041021	4.965044720103219	3.395883761062197
1.493000000000000	-1.619264017681291	5.015113929378709	3.395849911697419
1.494000000000000	-1.677676358313034	5.073488592734231	3.395812234421197
1.495000000000000	-1.743803203847785	5.139574676118162	3.395771472270377
1.496000000000000	-1.816999256619610	5.212727650534878	3.395728393915268
1.497000000000000	-1.896580240408896	5.292264011867856	3.395683771458960
1.498000000000000	-1.981834526265136	5.377472885961740	3.395638359696604
1.499000000000000	-2.072034535664996	5.467627413234661	3.395592877569665
1.500000000000000	-2.166447645960461	5.561995638331414	3.395547992370953
1.501000000000000	-2.264346362692549	5.659850669757308	3.395504307064759
1.502000000000000	-2.365017568403027	5.760479919298836	3.395462350895809
1.503000000000000	-2.467770705314211	5.863193278598869	3.395422573284658
1.504000000000000	-2.571944797107616	5.967330137961959	3.395385340854343
1.505000000000000	-2.676914260791958	6.072265198102990	3.395350937311032
1.506000000000000	-2.782093501517843	6.177413067329461	3.395319565811617
1.507000000000000	-2.886940319850672	6.282231673246498	3.395291353395826
1.508000000000000	-2.990958191618231	6.386224548653235	3.395266357035004
1.509000000000000	-3.093697504613233	6.488942075465189	3.395244570851955
1.510000000000000	-3.194755854155293	6.589981788245318	3.395225934090024
1.511000000000000	-3.293777511121091	6.688987850571037	3.395210339449946
1.512000000000000	-3.390452182095341	6.785649823558913	3.395197641463572
1.513000000000000	-3.484513182497600	6.879700847128376	3.395187664630776
1.514000000000000	-3.575735140710371	6.970915351814336	3.395180211103964
1.515000000000000	-3.663931345207015	7.059106412967855	3.395175067760840
1.516000000000000	-3.748950838264571	7.144122850823000	3.395172012558429
1.517000000000000	-3.830675349799759	7.225846169906586	3.395170820106828
1.518000000000000	-3.909016153851247	7.304187420291697	3.395171266440450
1.519000000000000	-3.983910918817008	7.379084051812935	3.395173132995927
1.520000000000000	-4.055320611205529	7.450496821035923	3.395176209830394
1.521000000000000	-4.123226501736666	7.518406799868448	3.395180298131781
1.522000000000000	-4.187627312399261	7.582812524484169	3.395185212084908
1.523000000000000	-4.248536533721974	7.643727313886076	3.395190780164103
1.524000000000000	-4.305979933151113	7.701176779077333	3.395196845926220
1.525000000000000	-4.359993268106043	7.755196536483461	3.395203268377418
1.526000000000000	-4.410620211001239	7.805830132985912	3.395209921984673
1.527000000000000	-4.457910488252362	7.853127184650566	3.395216696398204
1.528000000000000	-4.501918230961383	7.897141726906947	3.395223495945563
1.529000000000000	-4.542700531526959	7.937930770478870	3.395230238951910
1.530000000000000	-4.580316197763613	7.975553054697818	3.395236856934204
1.531000000000000	-4.614824694144756	8.010067987855528	3.395243293710772
1.532000000000000	-4.646285258418526	8.041534762879838	3.395249504461312
1.533000000000000	-4.674756180992353	8.070011635758810	3.395255454766457
1.534000000000000	-4.700294234057937	8.095555353708651	3.395261119650714
1.535000000000000	-4.722954237355623	8.118220720003222	3.395266482647600
1.536000000000000	-4.742788747685492	8.138060282587027	3.395271534901535
1.537000000000000	-4.759847859699464	8.155124134016695	3.395276274317231
1.538000000000000	-4.774179106099275	8.169459810863287	3.395280704764012
1.539000000000000	-4.785827446071620	8.181112281411373	3.395284835339753
1.540000000000000	-4.794835331573358	8.190124011270001	3.395288679696643
1.541000000000000	-4.801242841901388	8.196535097330583	3.395292255429196
1.542000000000000	-4.805087877815295	8.200383461338397	3.395295583523103
1.543000000000000	-4.806406407301407	8.201705095163717	3.395298687862311
1.544000000000000	-4.791263780395363	8.192693520616807	3.401429740221444
1.545000000000000	-4.771809641395451	8.173226560225958	3.401416918830507
1.546000000000000	-4.749505526988072	8.150909509775596	3.401403982787524
1.547000000000000	-4.724202187477808	8.125593151116918	3.401390963639111
1.548000000000000	-4.695751052504217	8.097128949479725	3.401377896975507
1.549000000000000	-4.664004821573888	8.065369644529593	3.401364822955705
1.550000000000000	-4.628818121370725	8.030169908232219	3.401351786861494
1.551000000000000	-4.590048237419172	7.991387077094368	3.401338839675196
1.552000000000000	-4.547555927947458	7.948881966621625	3.401326038674168
1.553000000000000	-4.501206327964915	7.902519775998240	3.401313448033324
1.554000000000000	-4.450869951601878	7.852171091026694	3.401301139424816
1.555000000000000	-4.396423800631578	7.797712993232997	3.401289192601419
1.556000000000000	-4.337752586764783	7.739030282712182	3.401277695947400
1.557000000000000	-4.274750074739042	7.676016821716587	3.401266746977545
1.558000000000000	-4.207320552370411	7.608577005131737	3.401256452761326
1.559000000000000	-4.135380432545928	7.536627362791506	3.401246930245578
1.560000000000000	-4.058859990556910	7.460098297001828	3.401238306444918
1.561000000000000	-3.977705238149265	7.378935956614384	3.401230718465119
1.562000000000000	-3.891879933140309	7.293104246460739	3.401224313320430
1.563000000000000	-3.801367720364742	7.202586967866829	3.401219247502087
1.564000000000000	-3.706174396013311	7.107390082265137	3.401215686251827
1.565000000000000	-3.606330283071058	7.007544085562934	3.401213802491876
1.566000000000000	-3.501892700516758	6.903106475878142	3.401213775361383
1.567000000000000	-3.392948503197003	6.794164291507029	3.401215788310025
1.568000000000000	-3.279616662850743	6.680836689552919	3.401220026702176
1.569000000000000	-3.162050853678314	6.563277528568864	3.401226674890551
1.570000000000000	-3.040441998210295	6.441677910937756	3.401235912727461
1.571000000000000	-2.915020721174055	6.316268632669001	3.401247911494945
1.572000000000000	-2.786059650776092	6.187322480028877	3.401262829252785
1.573000000000000	-2.653875498578535	6.055156304204584	3.401280805626050
1.574000000000000	-2.518830841282233	5.920132797364030	3.401301956081797
1.575000000000000	-2.381335520643919	5.782661886421340	3.401326365777421
1.576000000000000	-2.241847571928905	5.643201655029375	3.401354083100470
1.577000000000000	-2.100873587274508	5.502258700335000	3.401385113060492
1.578000000000000	-1.958968418700393	5.360387829436826	3.401419410736434
1.579000000000000	-1.816734126863255	5.218191001888137	3.401456875024881
1.580000000000000	-1.674818086615647	5.076315429589638	3.401497342973991
1.581000000000000	-1.533910169546952	4.935450754566789	3.401540585019837
1.582000000000000	-1.394738937409533	4.796325238873761	3.401586301464228
1.583000000000000	-1.258066798964857	4.659700919504747	3.401634120539890
1.584000000000000	-1.124684106406664	4.526367704805159	3.401683598398495
1.585000000000000	-0.995402195951263	4.397136417274602	3.401734221323339
1.586000000000000	-0.871045409927726	4.272830820340269	3.401785410412542
1.587000000000000	-0.752442173910976	4.154278702806443	3.401836528895467
1.588000000000000	-0.640415240908108	4.042302133048149	3.401886892140041
1.589000000000000	-0.535771253786287	3.937707034067488	3.401935780281202
1.590000000000000	-0.439289815170586	3.841272268429768	3.401982453259182
1.591000000000000	-0.351712288884963	3.753738456791802	3.402026167906840
1.592000000000000	-0.273730586500138	3.675796783079641	3.402066196579503
1.593000000000000	-0.205976214579153	3.608078061266926	3.402101846687773
1.594000000000000	-0.149009870867351	3.551142351254529	3.402132480387178
1.595000000000000	-0.103311879427163	3.505469413034979	3.402157533607816
1.596000000000000	-0.069273744563453	3.471450278144988	3.402176533581535
1.597000000000000	-0.047191080970457	3.449380195020062	3.402189114049605
1.598000000000000	-0.037258143241485	3.439453170653527	3.402195027412042
1.599000000000000	-0.039564132863943	3.441758286072113	3.402194153208170
1.600000000000000	-0.054091406945802	3.456277909434993	3.402186502489192
1.601000000000000	-0.080715652675180	3.482887870522306	3.402172217847126
1.602000000000000	-0.119208027853117	3.521359596938402	3.402151569085285
1.603000000000000	-0.169239203964666	3.571364148702495	3.402124944737829
1.604000000000000	-0.230385187391183	3.632478027245813	3.402092839854630
1.605000000000000	-0.302134739537577	3.704190580182659	3.402055840645081
1.606000000000000	-0.383898170442024	3.785912777155237	3.402014606713212
1.607000000000000	-0.475017244856365	3.876987096559230	3.401969851702864
1.608000000000000	-0.579319178104007	3.981335038814170	3.402015860710162
1.609000000000000	-0.696357852739245	4.098323026503635	3.401965173764391
1.610000000000000	-0.820654941910675	4.222568099413166	3.401913157502491
1.611000000000000	-0.951372733770903	4.353233293710634	3.401860559939731
1.612000000000000	-1.087660040607769	4.489468132208904	3.401808091601135
1.613000000000000	-1.228663038973525	4.630419450905412	3.401756411931887
1.614000000000000	-1.373535380766685	4.775241499227908	3.401706118461223
1.615000000000000	-1.521447411836921	4.923105150663304	3.401657738826383
1.616000000000000	-1.671594376309701	5.073206101932852	3.401611725623152
1.617000000000000	-1.823203526097092	5.224771980027654	3.401568453930563
1.618000000000000	-1.975540094235220	5.377068315498043	3.401528221262823
1.619000000000000	-2.127912126381986	5.529403376015829	3.401491249633842
1.620000000000000	-2.280995122898956	5.682671878662930	3.401676755763974
1.621000000000000	-2.434651280230622	5.836298060348301	3.401646780117679
1.622000000000000	-2.586589077062107	5.988209386717736	3.401620309655629
1.623000000000000	-2.736315998971550	6.137913313425859	3.401597314454309
1.624000000000000	-2.883390863106216	6.284968581918935	3.401577718812719
1.625000000000000	-3.027423063945251	6.428984472447399	3.401561408502149
1.626000000000000	-3.168071226376423	6.569619464232431	3.401548237856009
1.627000000000000	-3.305041368943528	6.706579405463440	3.401538036519912
1.628000000000000	-3.438084675669136	6.839615291396326	3.401530615727190
1.629000000000000	-3.566994968383737	6.968520742390254	3.401525774006517
1.630000000000000	-3.691605963597061	7.093129265862143	3.401523302265082
1.631000000000000	-3.811788389165121	7.213311377387346	3.401522988222225
1.632000000000000	-3.927447026796273	7.328971646990464	3.401524620194191
1.633000000000000	-4.038517737179619	7.440045727430613	3.401527990250994
1.634000000000000	-4.144964515509206	7.546497412290618	3.401532896781412
1.635000000000000	-4.246776616642884	7.648315763155662	3.401539146512778
1.636000000000000	-4.343965781235027	7.745512337273697	3.401546556038670
1.637000000000000	-4.436563587018543	7.838118539929476	3.401554952910933
1.638000000000000	-4.524618943037690	7.926183119390680	3.401564176352990
1.639000000000000	-4.608195739063539	8.009769816713648	3.401574077650110
1.640000000000000	-4.687370657643714	8.088955177912990	3.401584520269275
1.641000000000000	-4.762231152209550	8.163826531966965	3.401595379757415
1.642000000000000	-4.832873591334653	8.234480134796939	3.401606543462287
1.643000000000000	-4.899401566546829	8.301019476662116	3.401617910115287
1.644000000000000	-4.961924358972699	8.363553748283522	3.401629389310822
1.645000000000000	-5.020555558473221	8.422196459384939	3.401640900911717
1.646000000000000	-5.075411827740139	8.477064202146256	3.401652374406117
1.647000000000000	-5.126611803005472	8.528275551242054	3.401663748236581
1.648000000000000	-5.174275122507387	8.575950091626169	3.401674969118782
1.649000000000000	-5.218521573603256	8.620207564966746	3.401685991363490
1.650000000000000	-5.259470349375052	8.661167125587868	3.401696776212816
1.651000000000000	-5.297239405691250	8.698946696890161	3.401707291198911
1.652000000000000	-5.331944909935869	8.733662419467173	3.401717509531304
1.653000000000000	-5.363700772957547	8.765428182474746	3.401727409517200
1.654000000000000	-5.392618256203119	8.794355230220555	3.401736974017436
1.655000000000000	-5.418805646458383	8.820551836398128	3.401746189939745
1.656000000000000	-5.442367991105834	8.844123038875637	3.401755047769803
1.657000000000000	-5.463406887310036	8.865170428449943	3.401763541139907
1.658000000000000	-5.482020319044510	8.883791985478933	3.401771666434422
1.659000000000000	-5.498302536370363	8.900081958801124	3.401779422430761
1.660000000000000	-5.512343971859517	8.914130781833837	3.401786809974320
1.661000000000000	-5.524231189519337	8.926025021204900	3.401793831685564
1.662000000000000	-5.534046862017105	8.935847353714450	3.401800491697346
1.663000000000000	-5.541869772420000	8.943676567840477	3.401806795420477
1.664000000000000	-5.547774837057646	8.949587586393211	3.401812749335565
1.665000000000000	-5.551833146479542	8.953651507288649	3.401818360809107
1.666000000000000	-5.554112021818792	8.955935659750821	3.401823637932029
1.667000000000000	-5.554675084187357	8.956503673566129	3.401828589378772
1.668000000000000	-5.553582335017263	8.955415559302509	3.401833224285245
1.669000000000000	-5.550890245528324	8.952727797672397	3.401837552144073
1.670000000000000	-5.546651853747100	8.948493436462709	3.401841582715608
1.671000000000000	-5.540434465753043	8.942224471010684	3.401790005257642
1.672000000000000	-5.532242637227716	8.934033448722792	3.401790811495076
1.673000000000000	-5.522760641223009	8.924552036206475	3.401791394983466
1.674000000000000	-5.511997912157325	8.913789678715325	3.401791766558000
1.675000000000000	-5.499961542070923	8.901753479092900	3.401791937021977
1.676000000000000	-5.486656419588768	8.888448336748233	3.401791917159465
1.677000000000000	-5.472085370253874	8.873877088008800	3.401791717754927
1.678000000000000	-5.456249298436866	8.858040648055988	3.401791349619122
1.679000000000000	-5.439147331118576	8.840938154739323	3.401790823620747
1.680000000000000	-5.420776963924880	8.822567114648104	3.401790150723224
1.681000000000000	-5.401134209867488	8.802923551893667	3.401789342026179
1.682000000000000	-5.380213751311199	8.782002160122257	3.401788408811058
1.683000000000000	-5.358009095747467	8.759796458337863	3.401787362590396
1.684000000000000	-5.334512736005973	8.736298951166280	3.401786215160307
1.685000000000000	-5.309716315580281	8.711501294235775	3.401784978655495
1.686000000000000	-5.283610799779629	8.685394465386050	3.401783665606422
1.687000000000000	-5.256186653446698	8.657968942444555	3.401782288997857
1.688000000000000	-5.227434025999324	8.629214888327486	3.401780862328161
1.689000000000000	-5.197342944561984	8.599122344230580	3.401779399668595
1.690000000000000	-5.165903515949418	8.567681431671152	3.401777915721734
1.691000000000000	-5.133106138248412	8.534882564126459	3.401776425878047
1.692000000000000	-5.098941722713282	8.500716668982864	3.401774946269582
1.693000000000000	-5.063401926644315	8.465175420463913	3.401773493819598
1.694000000000000	-5.026479397854634	8.428251484141406	3.401772086286772
1.695000000000000	-4.988168031247858	8.389938773550423	3.401770742302565
1.696000000000000	-4.948463237924552	8.350232719324735	3.401769481400183
1.697000000000000	-4.907362227108090	8.309130551141447	3.401768324033357
1.698000000000000	-4.864864301028124	8.266631592611311	3.401767291583187
1.699000000000000	-4.820971162720848	8.222737569071850	3.401766406351002
1.700000000000000	-4.775687236497657	8.177452928032885	3.401765691535228
1.701000000000000	-4.729020000596761	8.130785171786897	3.401765171190136
1.702000000000000	-4.680980331264373	8.082745201428526	3.401764870164153
1.703000000000000	-4.631582857212635	8.033347671228372	3.401764814015737
1.704000000000000	-4.580846323070949	7.982611351975416	3.401765028904467
1.705000000000000	-4.528793960085627	7.930559501540900	3.401765541455273
1.706000000000000	-4.475453861931638	7.877220240525586	3.401766378593948
1.707000000000000	-4.420859363082123	7.822626930434243	3.401767567352120
1.708000000000000	-4.365049416739057	7.766818551379394	3.401769134640337
1.709000000000000	-4.308068968867280	7.709840075855324	3.401771106988044
1.710000000000000	-4.249969324398744	7.651742834648934	3.401773510250189
1.711000000000000	-4.190808501193223	7.592584870473400	3.401776369280177
1.712000000000000	-4.130651566862465	7.532431274432581	3.401779707570116
1.713000000000000	-4.069570953099041	7.471354499958814	3.401783546859773
1.714000000000000	-4.007646741709356	7.409434648426020	3.401787906716663
1.715000000000000	-3.944966916146372	7.346759720237156	3.401792804090784
1.716000000000000	-3.881627571986049	7.283425824834469	3.401798252848421
1.717000000000000	-3.817733079508116	7.219537342798855	3.401804263290739
1.718000000000000	-3.753396191343235	7.155207033007305	3.401810841664070
1.719000000000000	-3.688738088052783	7.090556077722622	3.401817989669840
1.720000000000000	-3.623888354530842	7.025714058514531	3.401825703983689
1.721000000000000	-3.558984880279486	6.960818856073292	3.401833975793806
1.722000000000000	-3.494173676921682	6.896016467291975	3.401842790370293
1.723000000000000	-3.429608606798515	6.831460733476039	3.401852126677523
1.724000000000000	-3.365451017158273	6.767312974200757	3.401861957042484
1.725000000000000	-3.301869275294380	6.703741522186934	3.401872246892554
1.726000000000000	-3.239038201032208	6.640921155607676	3.401882954575468
1.727000000000000	-3.177138394198599	6.579032425473439	3.401894031274840
1.728000000000000	-3.116355456129855	6.518260877162898	3.401905421033042
1.729000000000000	-3.056879105868808	6.458796166760999	3.401917060892191
1.730000000000000	-2.998902193451376	6.400831074613750	3.401928881162374
1.731000000000000	-2.942619614561605	6.344560420385342	3.401940805823737
1.732000000000000	-2.888227132807491	6.290179885874077	3.401952753066586
1.733000000000000	-2.835920117898676	6.237884753868824	3.401964635970148
1.734000000000000	-2.786646698442869	6.191811316965148	3.405164618522279
1.735000000000000	-2.746846821307735	6.152022841399205	3.405176020091470
1.736000000000000	-2.709509068697276	6.114696172832486	3.405187104135210
1.737000000000000	-2.674812603978600	6.080010378713685	3.405197774735085
1.738000000000000	-2.642929560530760	6.048137496384143	3.405207935853383
1.739000000000000	-2.614023583589145	6.019241076189301	3.405217492600156
1.740000000000000	-2.590691894802804	5.995337217186745	3.404645322383941
1.741000000000000	-2.571946007825865	5.976599355134532	3.404653347308667
1.742000000000000	-2.556669245788715	5.961329750356207	3.404660504567492
1.743000000000000	-2.544976477813595	5.949643195178123	3.404666717364528
1.744000000000000	-2.536967526226809	5.941639442608460	3.404671916381650
1.745000000000000	-2.532726123139338	5.937402164023549	3.404676040884211
1.746000000000000	-2.532318997238248	5.936998036944301	3.404679039706053
1.747000000000000	-2.535795105377056	5.940475977466776	3.404680872089720
1.748000000000000	-2.543185021405027	5.947866529766081	3.404681508361054
1.749000000000000	-2.554500492221886	5.959181422643198	3.404680930421312
1.750000000000000	-2.569734168344430	5.974413300389207	3.404679132044777
1.751000000000000	-2.588859513393924	5.993535632368704	3.404676118974780
1.752000000000000	-2.611830893931788	6.016502802748182	3.404671908816393
1.753000000000000	-2.638583848064198	6.043250378793704	3.404666530729506
1.754000000000000	-2.669035528282540	6.073695553213718	3.404660024931178
1.755000000000000	-2.703085311182746	6.107737753203774	3.404652442021028
1.756000000000000	-2.740615564083419	6.145259406231044	3.404643842147625
1.757000000000000	-2.781492556203878	6.186126850241748	3.404634294037870
1.758000000000000	-2.825567500023524	6.230191373937293	3.404623873913769
1.759000000000000	-2.872677706764157	6.277290371087547	3.404612664323390
1.760000000000000	-2.922647838648364	6.327248591561952	3.404600752913589
1.761000000000000	-2.975291239704993	6.379879470877585	3.404588231172592
1.762000000000000	-3.030411326421777	6.434986519591520	3.404575193169744
1.763000000000000	-3.087803019475941	6.492364753794014	3.404561734318073
1.764000000000000	-3.147254198084990	6.551802148268733	3.404547950183742
1.765000000000000	-3.208547159183235	6.613081094546520	3.404533935363285
1.766000000000000	-3.271460064604606	6.675979847051337	3.404519782446731
1.767000000000000	-3.335768360695516	6.740273941776807	3.404505581081291
1.768000000000000	-3.401246156243333	6.805737573390058	3.404491417146724
1.769000000000000	-3.467667546235590	6.872144918285665	3.404477372050075
1.770000000000000	-3.534807870710859	6.939271392854736	3.404463522143877
1.771000000000000	-3.602444899774023	7.006894838043060	3.404449938269037
1.772000000000000	-3.670359937679957	7.074796623100206	3.404436685420249
1.773000000000000	-3.738338840696361	7.142762663225970	3.404423822529608
1.774000000000000	-3.806172945201505	7.210584347563092	3.404411402361587
1.775000000000000	-3.873659904122567	7.278059375633511	3.404399471510944
1.776000000000000	-3.940604431348935	7.344992501842576	3.404388070493641
1.777000000000000	-4.006818955141248	7.411196189061158	3.404377233919910
1.778000000000000	-4.072124182786246	7.476491173524225	3.404366990737979
1.779000000000000	-4.136349579810171	7.540706944346796	3.404357364536626
1.780000000000000	-4.199333767954771	7.603682141849666	3.404348373894895
1.781000000000000	-4.260924846840185	7.665264879607657	3.404340032767472
1.782000000000000	-4.320980644791483	7.725312995686178	3.404332350894695
1.783000000000000	-4.379368904697060	7.783694238924049	3.404325334226989
1.784000000000000	-4.435967411007290	7.840286396361300	3.404318985354010
1.785000000000000	-4.490664064080949	7.894977368010990	3.404313303930040
1.786000000000000	-4.543356908058646	7.947665195146229	3.404308287087582
1.787000000000000	-4.593954118298373	7.998258048131001	3.404303929832628
1.788000000000000	-4.642373954163795	8.046674179579233	3.404300225415438
1.789000000000000	-4.688544682622759	8.092841848294739	3.404297165671981
1.790000000000000	-4.732404477706344	8.136699219038281	3.404294741331937
1.791000000000000	-4.773901300409936	8.178194242699808	3.404292942289873
1.792000000000000	-4.812992763099269	8.217284520936502	3.404291757837233
1.793000000000000	-4.849645981928397	8.253937158781689	3.404291176853292
1.794000000000000	-4.883837420193197	8.288128608147282	3.404291187954085
1.795000000000000	-4.915552724944098	8.319844504542965	3.404291779598868
1.796000000000000	-4.944786558574545	8.349079498728846	3.404292940154301
1.797000000000000	-4.971542426496068	8.375837084413272	3.404294657917204
1.798000000000000	-4.995832501415832	8.400129422512984	3.404296921097153
1.799000000000000	-5.017677444155797	8.421977161916658	3.404299717760860
1.800000000000000	-5.037106220402441	8.441409256143164	3.404303035740723
1.801000000000000	-5.054155912259883	8.458462774770387	3.404306862510504
1.802000000000000	-5.068871523005049	8.473182708036656	3.404311185031608
1.803000000000000	-5.081305773018403	8.485621762592309	3.404315989573906
1.804000000000000	-5.091518884495583	8.495840146011208	3.404321261515625
1.805000000000000	-5.099578352240776	8.503905337368005	3.404326985127229
1.806000000000000	-5.105558697609554	8.509891840954342	3.404333143344788
1.807000000000000	-5.109541202513189	8.513880920051925	3.404339717538736
1.808000000000000	-5.111613620325341	8.515960307609566	3.404346687284225
1.809000000000000	-5.111869860550046	8.516223890689821	3.404354030139775
1.810000000000000	-5.110409644222712	8.514771365663769	3.404361721441057
1.811000000000000	-5.107338127226377	8.511707861343154	3.404369734116777
1.812000000000000	-5.102765489015811	8.507143527549575	3.404378038533764
1.813000000000000	-5.096806484652769	8.501193087030906	3.404386602378137
1.814000000000000	-5.089579958564799	8.493975349143980	3.404395390579182
1.815000000000000	-5.081208319043402	8.485612684325552	3.404404365282151
1.816000000000000	-5.071816973188803	8.476230459064222	3.404413485875419
1.817000000000000	-5.061533722778123	8.465956431854918	3.404422709076796
1.818000000000000	-5.050488122370126	8.454920111452632	3.404431989082505
1.819000000000000	-5.038810801847181	8.443252079628472	3.404441277781291
1.820000000000000	-5.026632756516618	8.431083281551190	3.404450525034573
1.821000000000000	-5.014084608828725	8.418544287850853	3.404459679022128
1.822000000000000	-5.001295846695484	8.405764533346426	3.404468686650942
1.823000000000000	-4.988394044288165	8.392871538311455	3.404477494023291
1.824000000000000	-4.975504072029002	8.379990118987182	3.404486046958180
1.825000000000000	-4.962747303246358	8.367241594804973	3.404494291558615
1.826000000000000	-4.950240825609624	8.354743000425115	3.404502174815491
1.827000000000000	-4.938096665975996	8.342606311213371	3.404509645237376
1.828000000000000	-4.926421037645030	8.330937691139257	3.404516653494227
1.829000000000000	-4.915313619210307	8.319836772272346	3.404523153062039
1.830000000000000	-4.904866874206536	8.309395975061317	3.404529100854782
1.831000000000000	-4.895165420565653	8.299699878395305	3.404534457829652
1.832000000000000	-4.886285458512415	8.290824648064268	3.404539189551853
1.833000000000000	-4.878294264950807	8.282837531656323	3.404543266705516
1.834000000000000	-4.871249761624219	8.275796427162739	3.404546665538519
1.835000000000000	-4.865200163388778	8.269749531618857	3.404549368230079
1.836000000000000	-4.860183711839279	8.264735075011092	3.404551363171813
1.837000000000000	-4.856228498295021	8.260781143450187	3.404552645155166
1.838000000000000	-4.853352378818139	8.257905594278093	3.404553215459954
1.839000000000000	-4.851562982530613	8.256116064372280	3.404553081841668
1.840000000000000	-4.850857813054139	8.255410071471573	3.404552258417434
1.841000000000000	-4.851224441454568	8.255775206907739	3.404550765453171
1.842000000000000	-4.852640787665864	8.257189416722682	3.404548629056817
1.843000000000000	-4.855075486032087	8.259621366817090	3.404545880785003
1.844000000000000	-4.858488329372150	8.263030886544435	3.404542557172284
1.845000000000000	-4.862830784869452	8.267369484063368	3.404538699193916
1.846000000000000	-4.868046574141013	8.272580925815474	3.404534351674460
1.847000000000000	-4.874072309067941	8.278601871723355	3.404529562655414
1.848000000000000	-4.880838174383514	8.285362557119171	3.404524382735658
1.849000000000000	-4.888268647625137	8.292787512023587	3.404518864398450
1.850000000000000	-4.896283246862350	8.300796308201015	3.404513061338665
1.851000000000000	-4.904797296612045	8.309304324415066	3.404507027803022
1.852000000000000	-4.913722702533434	8.318223520488692	3.404500817955258
1.853000000000000	-4.922968725845842	8.327463211122680	3.404494485276838
1.854000000000000	-4.932442748913804	8.336930830926182	3.404488082012378
1.855000000000000	-4.942051024075393	8.346532682742659	3.404481658667265
1.856000000000000	-4.951699398528033	8.356174662091281	3.404475263563247
1.857000000000000	-4.961294008906766	8.365762951362886	3.404468942456120
1.858000000000000	-4.970741940068777	8.375204678286554	3.404462738217777
1.859000000000000	-4.979951843510184	8.384408534093554	3.404456690583370
1.860000000000000	-4.988834511763731	8.393285347726568	3.404450835962837
1.861000000000000	-4.997303406038028	8.401748613352575	3.404445207314548
1.862000000000000	-5.005275135240606	8.409714969318497	3.404439834077891
1.863000000000000	-5.012669885362374	8.417104627522813	3.404434742160438
1.864000000000000	-5.019411798975915	8.423841752950622	3.404429953974708
1.865000000000000	-5.025429305303712	8.429854793822599	3.404425488518887
1.866000000000000	-5.030655401936868	8.435076763432463	3.404421361495594
1.867000000000000	-5.035027889824876	8.439445475287354	3.404417585462477
1.868000000000000	-5.038489563609997	8.442903733618564	3.404414170008567
1.869000000000000	-5.040988359745456	8.445399481695702	3.404411121950246
1.870000000000000	-5.042477465116714	8.446885910657855	3.404408445541141
1.871000000000000	-5.042915389083271	8.447321531773698	3.404406142690426
1.872000000000000	-5.042266001979485	8.446670215164088	3.404404213184604
1.873000000000000	-5.040498543163169	8.444901198071374	3.404402654908205
1.874000000000000	-5.037587601687043	8.441989065746485	3.404401464059442
1.875000000000000	-5.033513072597925	8.437913707955328	3.404400635357403
1.876000000000000	-5.028260091749903	8.432660253987748	3.404400162237845
1.877000000000000	-5.021818951858018	8.426218988893366	3.404400037035348
1.878000000000000	-5.014185002326728	8.418585253476657	3.404400251149928
1.879000000000000	-5.005358535169249	8.409759330366192	3.404400795196944
1.880000000000000	-4.995344659097887	8.399746318237167	3.404401659139280
1.881000000000000	-4.984153163617497	8.388555996019127	3.404402832401630
1.882000000000000	-4.971798374701144	8.376202678667882	3.404404303966738
1.883000000000000	-4.958299003374151	8.362705065828145	3.404406062453994
1.884000000000000	-4.943677988285078	8.348086084466193	3.404408096181115
1.885000000000000	-4.927962333104535	8.332372726314311	3.404410393209776
1.886000000000000	-4.911182939368707	8.315595880745171	3.404412941376464
1.887000000000000	-4.900837219451591	8.302465959834825	3.401628740383233
1.888000000000000	-4.891398404507370	8.293030107745981	3.401631703238611
1.889000000000000	-4.881000515026722	8.282635403827278	3.401634888800556
1.890000000000000	-4.869688056738344	8.271326339599694	3.401638282861351
1.891000000000000	-4.857508618558099	8.259150489442685	3.401641870884586
1.892000000000000	-4.844512662470655	8.246158300464465	3.401645637993810
1.893000000000000	-4.830753307572811	8.232402876532465	3.401649568959654
1.894000000000000	-4.816286108106985	8.217939756294175	3.401653648187190
1.895000000000000	-4.801168825323209	8.202826685028580	3.401657859705371
1.896000000000000	-4.785461193043581	8.187123380203749	3.401662187160168
1.897000000000000	-4.769224676862756	8.170891290675817	3.401666613813061
1.898000000000000	-4.752522227000550	8.154193349546839	3.401671122546289
1.899000000000000	-4.735418024925745	8.137093720801884	3.401675695876139
1.900000000000000	-4.717977223991616	8.119657539967093	3.401680315975478
1.901000000000000	-4.700265684460965	8.101950649167215	3.401684964706249
1.902000000000000	-4.682349703447836	8.084039327110588	3.401689623662752
1.903000000000000	-4.664295740462197	8.065990014688234	3.401694274226037
1.904000000000000	-4.646170139408261	8.047869037037902	3.401698897629641
1.905000000000000	-4.628038848053554	8.029742323090007	3.401703475036453
1.906000000000000	-4.609967136149950	8.011675123776305	3.401707987626355
1.907000000000000	-4.592019313545805	7.993731730239857	3.401712416694052
1.908000000000000	-4.574258449776268	7.975975193532250	3.401716743755982
1.909000000000000	-4.556746096752222	7.958467047417453	3.401720950665231
1.910000000000000	-4.539542016283976	7.941267036016904	3.401725019732928
1.911000000000000	-4.522703914269796	7.924432848124324	3.401728933854528
1.912000000000000	-4.506287183448888	7.908019860087885	3.401732676638996
1.913000000000000	-4.490344656660120	7.892080889199126	3.401736232539005
1.914000000000000	-4.474926372560117	7.876665959540075	3.401739586979958
1.915000000000000	-4.460079355735243	7.861822082220867	3.401742726485624
1.916000000000000	-4.445847413090497	7.847593051888708	3.401745638798212
1.917000000000000	-4.432270948314308	7.834019261304947	3.401748312990639
1.918000000000000	-4.419386796102021	7.821137535670941	3.401750739568920
1.919000000000000	-4.407228077673518	7.808980988236197	3.401752910562679
1.920000000000000	-4.395824078944113	7.797578898546054	3.401754819601941
1.921000000000000	-4.385200152504828	7.786956614483486	3.401756461978659
1.922000000000000	-4.375377644341850	7.777135479033511	3.401757834691661
1.923000000000000	-4.366373845979322	7.768132782453201	3.401758936473879
1.924000000000000	-4.358201972468303	7.759961740269542	3.401759767801240
1.925000000000000	-4.350871166373141	7.752631497255982	3.401760330882841
1.926000000000000	-4.344386527629331	7.746147157261580	3.401760629632249
1.927000000000000	-4.338749168868557	7.740509838488906	3.401760669620349
1.928000000000000	-4.333956295533350	7.735716753543747	3.401760458010396
1.929000000000000	-4.330001309839581	7.731761313315697	3.401760003476117
1.930000000000000	-4.326873937394839	7.728633253499092	3.401759316104253
1.931000000000000	-4.324560375049208	7.726318782332227	3.401758407283019
1.932000000000000	-4.323043458345690	7.724800747923925	3.401757289578234
1.933000000000000	-4.322302846753908	7.724058823352985	3.401755976599078
1.934000000000000	-4.322315224715565	7.724069707571116	3.401754482855551
1.935000000000000	-4.323054516405456	7.724807340015307	3.401752823609851
1.936000000000000	-4.333452802758029	7.732389389438469	3.398936586680439
1.937000000000000	-4.347873317622556	7.746807730032528	3.398934412409973
1.938000000000000	-4.362973090897698	7.761905201034939	3.398932110137241
1.939000000000000	-4.378714383729022	7.777644079557468	3.398929695828445
1.940000000000000	-4.395057754128644	7.793984939539346	3.398927185410701
1.941000000000000	-4.411962297307270	7.810886891937676	3.398924594630405
1.942000000000000	-4.429385883822457	7.828307822741774	3.398921938919317
1.943000000000000	-4.447285393554122	7.846204626823908	3.398919233269786
1.944000000000000	-4.465616943650312	7.864533435770531	3.398916492120219
1.945000000000000	-4.484336108735186	7.883249837987004	3.398913729251817
1.946000000000000	-4.503398131834310	7.902309089531460	3.398910957697150
1.947000000000000	-4.522758124645494	7.921666314306554	3.398908189661061
1.948000000000000	-4.542371255963700	7.941276692417918	3.398905436454218
1.949000000000000	-4.562192927252681	7.961095635691837	3.398902708439156
1.950000000000000	-4.582178934540400	7.981078949529191	3.398900014988791
1.951000000000000	-4.602285615997787	8.001182980454779	3.398897364456992
1.952000000000000	-4.622469984737906	8.021364748898554	3.398894764160648
1.953000000000000	-4.642689846542815	8.041582066915522	3.398892220372707
1.954000000000000	-4.662903902386985	8.061793640712320	3.398889738325336
1.955000000000000	-4.683077897859651	8.082881686127386	3.399803788267736
1.956000000000000	-4.704946601924698	8.104747352633366	3.399800750708668
1.957000000000000	-4.726556891657389	8.126354652548791	3.399797760891402
1.958000000000000	-4.747862430150894	8.147657250115145	3.399794819964251
1.959000000000000	-4.768817777615560	8.168609705790319	3.399791928174759
1.960000000000000	-4.789378408601265	8.189167493519449	3.399789084918184
1.961000000000000	-4.809500716776974	8.209287005567335	3.399786288790361
1.962000000000000	-4.829142008032560	8.228925545676667	3.399783537644106
1.963000000000000	-4.848260482722159	8.248041311370438	3.399780828648279
1.964000000000000	-4.866815207910384	8.266593366259176	3.399778158348792
1.965000000000000	-4.884766080513778	8.284541603244671	3.399775522730893
1.966000000000000	-4.902073782250724	8.301846699532806	3.399772917282082
1.967000000000000	-4.918699727324891	8.318470064380003	3.399770337055112
1.968000000000000	-4.934606003770950	8.334373780501629	3.399767776730679
1.969000000000000	-4.949755309388427	8.349520540067784	3.399765230679357
1.970000000000000	-4.964110883180610	8.363873576203117	3.399762693022507
1.971000000000000	-4.977636433202022	8.377396590893962	3.399760157691940
1.972000000000000	-4.990296061701023	8.390053680189174	3.399757618488152
1.973000000000000	-5.002054188424429	8.401809257561476	3.399755069137047
1.974000000000000	-5.012875472929954	8.412627976275086	3.399752503345132
1.975000000000000	-5.022724736730333	8.422474651583528	3.399749914853195
1.976000000000000	-5.031566886071298	8.431314183559852	3.399747297488554
1.977000000000000	-5.039366836124715	8.439111481340714	3.399744645215999
1.978000000000000	-5.048846637904935	8.448887834318253	3.400041196413317
1.979000000000000	-5.060539717266630	8.460577212368621	3.400037495101992
1.980000000000000	-5.071021907092922	8.471055595074247	3.400033687981326
1.981000000000000	-5.080244818027828	8.480274585873183	3.400029767845354
1.982000000000000	-5.088159052173578	8.488184779980443	3.400025727806865
1.983000000000000	-5.094714125938612	8.494735687294487	3.400021561355874
1.984000000000000	-5.099858398975798	8.499875661396143	3.400017262420344
1.985000000000000	-5.103539010113940	8.503551835543622	3.400012825429682
1.986000000000000	-5.105701821222837	8.505710066604292	3.400008245381455
1.987000000000000	-5.106291369995952	8.506294887907879	3.400003517911927
1.988000000000000	-5.105250832685871	8.505249472056732	3.399998639370861
1.989000000000000	-5.102521997885997	8.502515604787218	3.399993606901221
1.990000000000000	-5.098045252517513	8.498033671041766	3.399988418524253
1.991000000000000	-5.091759581253521	8.491742654484014	3.399983073230493
1.992000000000000	-5.083602580692158	8.483580151769388	3.399977571077230
1.993000000000000	-5.073510489677224	8.473482402970118	3.399971913292894
1.994000000000000	-5.061418237257922	8.461384339646767	3.399966102388844
1.995000000000000	-5.047259509878142	8.447219652157068	3.399960142278927
1.996000000000000	-5.030966839489237	8.430920877896380	3.399954038407143
1.997000000000000	-5.012471714387761	8.412419512271414	3.399947797883653
1.998000000000000	-4.991704714689164	8.391646144318360	3.399941429629195
1.999000000000000	-4.968595674458732	8.368530618986695	3.399934944527963
2.000000000000000	-4.943073872629602	8.343002228218223	3.399928355588622
