0.000000	2.252293e+00	2.259376e+00	2.256419e+00	2.251836e+00	-2.252035e+00	-2.251066e+00	-2.254376e+00	-2.259883e+00	2.247276e+00	-2.249753e+00	2.252542e+00	-2.252629e+00
0.001000	2.254663e+00	2.268738e+00	2.262898e+00	2.253733e+00	-2.254017e+00	-2.252203e+00	-2.258851e+00	-2.269785e+00	2.244613e+00	-2.249546e+00	2.255064e+00	-2.255308e+00
0.002000	2.257111e+00	2.278085e+00	2.269435e+00	2.255692e+00	-2.255946e+00	-2.253409e+00	-2.263424e+00	-2.279706e+00	2.242013e+00	-2.249379e+00	2.257567e+00	-2.258039e+00
0.003000	2.259634e+00	2.287413e+00	2.276031e+00	2.257714e+00	-2.257820e+00	-2.254684e+00	-2.268095e+00	-2.289643e+00	2.239476e+00	-2.249252e+00	2.260051e+00	-2.260823e+00
0.004000	2.262232e+00	2.296722e+00	2.282683e+00	2.259797e+00	-2.259639e+00	-2.256029e+00	-2.272865e+00	-2.299597e+00	2.237002e+00	-2.249164e+00	2.262514e+00	-2.263657e+00
0.005000	2.264904e+00	2.306008e+00	2.289394e+00	2.261944e+00	-2.261401e+00	-2.257441e+00	-2.277733e+00	-2.309564e+00	2.234591e+00	-2.249115e+00	2.264957e+00	-2.266543e+00
0.006000	2.267651e+00	2.315269e+00	2.296162e+00	2.264152e+00	-2.263104e+00	-2.258919e+00	-2.282697e+00	-2.319546e+00	2.232241e+00	-2.249106e+00	2.267380e+00	-2.269483e+00
0.007000	2.270471e+00	2.324505e+00	2.302986e+00	2.266424e+00	-2.264750e+00	-2.260465e+00	-2.287758e+00	-2.329539e+00	2.229954e+00	-2.249137e+00	2.269784e+00	-2.272475e+00
0.008000	2.273362e+00	2.333711e+00	2.309868e+00	2.268758e+00	-2.266336e+00	-2.262076e+00	-2.292914e+00	-2.339541e+00	2.227728e+00	-2.249206e+00	2.272167e+00	-2.275520e+00
0.009000	2.276323e+00	2.342885e+00	2.316805e+00	2.271155e+00	-2.267862e+00	-2.263752e+00	-2.298165e+00	-2.349552e+00	2.225564e+00	-2.249313e+00	2.274529e+00	-2.278618e+00
0.010000	2.279353e+00	2.352026e+00	2.323797e+00	2.273616e+00	-2.269326e+00	-2.265491e+00	-2.303510e+00	-2.359570e+00	2.223462e+00	-2.249459e+00	2.276870e+00	-2.281768e+00
0.011000	2.282452e+00	2.361130e+00	2.330845e+00	2.276140e+00	-2.270728e+00	-2.267294e+00	-2.308948e+00	-2.369592e+00	2.221422e+00	-2.249644e+00	2.279190e+00	-2.284973e+00
0.012000	2.285618e+00	2.370196e+00	2.337946e+00	2.278727e+00	-2.272066e+00	-2.269159e+00	-2.314479e+00	-2.379618e+00	2.219443e+00	-2.249866e+00	2.281489e+00	-2.288231e+00
0.013000	2.288848e+00	2.379219e+00	2.345104e+00	2.281377e+00	-2.273341e+00	-2.271086e+00	-2.320098e+00	-2.389644e+00	2.217525e+00	-2.250127e+00	2.283766e+00	-2.291543e+00
0.014000	2.292142e+00	2.388197e+00	2.352313e+00	2.284091e+00	-2.274550e+00	-2.273072e+00	-2.325808e+00	-2.399668e+00	2.215667e+00	-2.250424e+00	2.286021e+00	-2.294908e+00
0.015000	2.295497e+00	2.397128e+00	2.359576e+00	2.286866e+00	-2.275692e+00	-2.275118e+00	-2.331604e+00	-2.409689e+00	2.213869e+00	-2.250759e+00	2.288254e+00	-2.298326e+00
0.016000	2.298914e+00	2.406009e+00	2.366892e+00	2.289706e+00	-2.276769e+00	-2.277225e+00	-2.337488e+00	-2.419706e+00	2.212132e+00	-2.251132e+00	2.290465e+00	-2.301800e+00
0.017000	2.302388e+00	2.414836e+00	2.374259e+00	2.292610e+00	-2.277776e+00	-2.279388e+00	-2.343457e+00	-2.429713e+00	2.210456e+00	-2.251541e+00	2.292654e+00	-2.305328e+00
0.018000	2.305919e+00	2.423605e+00	2.381677e+00	2.295574e+00	-2.278713e+00	-2.281606e+00	-2.349506e+00	-2.439711e+00	2.208838e+00	-2.251987e+00	2.294818e+00	-2.308909e+00
0.019000	2.309505e+00	2.432316e+00	2.389147e+00	2.298604e+00	-2.279582e+00	-2.283883e+00	-2.355639e+00	-2.449696e+00	2.207282e+00	-2.252470e+00	2.296961e+00	-2.312546e+00
0.020000	2.313143e+00	2.440962e+00	2.396666e+00	2.301694e+00	-2.280378e+00	-2.286212e+00	-2.361849e+00	-2.459664e+00	2.205783e+00	-2.252989e+00	2.299080e+00	-2.316236e+00
0.021000	2.316830e+00	2.449542e+00	2.404233e+00	2.304849e+00	-2.281104e+00	-2.288595e+00	-2.368135e+00	-2.469615e+00	2.204343e+00	-2.253544e+00	2.301176e+00	-2.319982e+00
0.022000	2.320565e+00	2.458051e+00	2.411850e+00	2.308065e+00	-2.281755e+00	-2.291031e+00	-2.374496e+00	-2.479544e+00	2.202963e+00	-2.254135e+00	2.303248e+00	-2.323782e+00
0.023000	2.324345e+00	2.466487e+00	2.419515e+00	2.311345e+00	-2.282334e+00	-2.293518e+00	-2.380928e+00	-2.489449e+00	2.201640e+00	-2.254762e+00	2.305296e+00	-2.327637e+00
0.024000	2.328167e+00	2.474844e+00	2.427226e+00	2.314685e+00	-2.282836e+00	-2.296056e+00	-2.387429e+00	-2.499326e+00	2.200376e+00	-2.255423e+00	2.307318e+00	-2.331546e+00
0.025000	2.332028e+00	2.483119e+00	2.434984e+00	2.318089e+00	-2.283265e+00	-2.298643e+00	-2.393996e+00	-2.509172e+00	2.199170e+00	-2.256121e+00	2.309317e+00	-2.335511e+00
0.026000	2.335926e+00	2.491309e+00	2.442787e+00	2.321554e+00	-2.283616e+00	-2.301277e+00	-2.400626e+00	-2.518985e+00	2.198021e+00	-2.256853e+00	2.311291e+00	-2.339531e+00
0.027000	2.339856e+00	2.499409e+00	2.450636e+00	2.325081e+00	-2.283890e+00	-2.303960e+00	-2.407317e+00	-2.528759e+00	2.196929e+00	-2.257620e+00	2.313240e+00	-2.343605e+00
0.028000	2.343816e+00	2.507414e+00	2.458527e+00	2.328669e+00	-2.284084e+00	-2.306688e+00	-2.414063e+00	-2.538492e+00	2.195895e+00	-2.258421e+00	2.315161e+00	-2.347734e+00
0.029000	2.347801e+00	2.515320e+00	2.466461e+00	2.332318e+00	-2.284199e+00	-2.309460e+00	-2.420862e+00	-2.548179e+00	2.194917e+00	-2.259257e+00	2.317058e+00	-2.351918e+00
0.030000	2.351808e+00	2.523123e+00	2.474436e+00	2.336027e+00	-2.284234e+00	-2.312275e+00	-2.427710e+00	-2.557817e+00	2.193995e+00	-2.260126e+00	2.318927e+00	-2.356157e+00
0.031000	2.355834e+00	2.530818e+00	2.482454e+00	2.339798e+00	-2.284188e+00	-2.315134e+00	-2.434604e+00	-2.567401e+00	2.193130e+00	-2.261028e+00	2.320770e+00	-2.360450e+00
0.032000	2.359873e+00	2.538400e+00	2.490510e+00	2.343629e+00	-2.284060e+00	-2.318033e+00	-2.441537e+00	-2.576927e+00	2.192322e+00	-2.261965e+00	2.322587e+00	-2.364799e+00
0.033000	2.363922e+00	2.545864e+00	2.498606e+00	2.347520e+00	-2.283849e+00	-2.320971e+00	-2.448508e+00	-2.586390e+00	2.191568e+00	-2.262934e+00	2.324375e+00	-2.369202e+00
0.034000	2.367975e+00	2.553204e+00	2.506738e+00	2.351470e+00	-2.283553e+00	-2.323949e+00	-2.455509e+00	-2.595787e+00	2.190871e+00	-2.263937e+00	2.326136e+00	-2.373661e+00
0.035000	2.372029e+00	2.560416e+00	2.514909e+00	2.355481e+00	-2.283174e+00	-2.326963e+00	-2.462538e+00	-2.605111e+00	2.190228e+00	-2.264972e+00	2.327868e+00	-2.378174e+00
0.036000	2.376079e+00	2.567495e+00	2.523115e+00	2.359550e+00	-2.282710e+00	-2.330015e+00	-2.469589e+00	-2.614358e+00	2.189641e+00	-2.266040e+00	2.329572e+00	-2.382741e+00
0.037000	2.380118e+00	2.574433e+00	2.531355e+00	2.363678e+00	-2.282159e+00	-2.333101e+00	-2.476656e+00	-2.623522e+00	2.189109e+00	-2.267139e+00	2.331247e+00	-2.387363e+00
0.038000	2.384140e+00	2.581225e+00	2.539629e+00	2.367864e+00	-2.281521e+00	-2.336220e+00	-2.483733e+00	-2.632597e+00	2.188632e+00	-2.268271e+00	2.332893e+00	-2.392040e+00
0.039000	2.388140e+00	2.587866e+00	2.547934e+00	2.372109e+00	-2.280795e+00	-2.339372e+00	-2.490814e+00	-2.641580e+00	2.188209e+00	-2.269435e+00	2.334509e+00	-2.396771e+00
0.040000	2.392113e+00	2.594348e+00	2.556270e+00	2.376411e+00	-2.279982e+00	-2.342555e+00	-2.497894e+00	-2.650462e+00	2.187841e+00	-2.270631e+00	2.336096e+00	-2.401557e+00
0.041000	2.396050e+00	2.600666e+00	2.564635e+00	2.380771e+00	-2.279078e+00	-2.345767e+00	-2.504964e+00	-2.659238e+00	2.187527e+00	-2.271856e+00	2.337650e+00	-2.406396e+00
0.042000	2.399945e+00	2.606812e+00	2.573028e+00	2.385187e+00	-2.278083e+00	-2.349008e+00	-2.512019e+00	-2.667902e+00	2.187268e+00	-2.273113e+00	2.339173e+00	-2.411288e+00
0.043000	2.403792e+00	2.612780e+00	2.581448e+00	2.389660e+00	-2.276999e+00	-2.352277e+00	-2.519051e+00	-2.676445e+00	2.187062e+00	-2.274401e+00	2.340665e+00	-2.416234e+00
0.044000	2.407582e+00	2.618562e+00	2.589893e+00	2.394188e+00	-2.275822e+00	-2.355571e+00	-2.526052e+00	-2.684865e+00	2.186912e+00	-2.275719e+00	2.342125e+00	-2.421233e+00
0.045000	2.411308e+00	2.624151e+00	2.598360e+00	2.398772e+00	-2.274554e+00	-2.358888e+00	-2.533014e+00	-2.693149e+00	2.186814e+00	-2.277067e+00	2.343552e+00	-2.426286e+00
0.046000	2.414961e+00	2.629539e+00	2.606850e+00	2.403411e+00	-2.273192e+00	-2.362230e+00	-2.539928e+00	-2.701293e+00	2.186771e+00	-2.278444e+00	2.344945e+00	-2.431391e+00
0.047000	2.418533e+00	2.634718e+00	2.615360e+00	2.408105e+00	-2.271736e+00	-2.365593e+00	-2.546787e+00	-2.709288e+00	2.186783e+00	-2.279851e+00	2.346306e+00	-2.436550e+00
0.048000	2.422014e+00	2.639679e+00	2.623888e+00	2.412852e+00	-2.270185e+00	-2.368976e+00	-2.553579e+00	-2.717126e+00	2.186848e+00	-2.281286e+00	2.347631e+00	-2.441760e+00
0.049000	2.425395e+00	2.644416e+00	2.632432e+00	2.417653e+00	-2.268538e+00	-2.372377e+00	-2.560296e+00	-2.724799e+00	2.186967e+00	-2.282751e+00	2.348922e+00	-2.447021e+00
0.050000	2.428666e+00	2.648918e+00	2.640992e+00	2.422507e+00	-2.266796e+00	-2.375798e+00	-2.566928e+00	-2.732299e+00	2.187142e+00	-2.284245e+00	2.350177e+00	-2.452336e+00
0.051000	2.431817e+00	2.653176e+00	2.649564e+00	2.427413e+00	-2.264957e+00	-2.379234e+00	-2.573463e+00	-2.739615e+00	2.187371e+00	-2.285767e+00	2.351396e+00	-2.457701e+00
0.052000	2.434835e+00	2.657181e+00	2.658147e+00	2.432372e+00	-2.263021e+00	-2.382684e+00	-2.579890e+00	-2.746739e+00	2.187655e+00	-2.287317e+00	2.352579e+00	-2.463117e+00
0.053000	2.437712e+00	2.660924e+00	2.666740e+00	2.437382e+00	-2.260988e+00	-2.386149e+00	-2.586199e+00	-2.753662e+00	2.187995e+00	-2.288895e+00	2.353726e+00	-2.468585e+00
0.054000	2.440433e+00	2.664394e+00	2.675338e+00	2.442442e+00	-2.258856e+00	-2.389626e+00	-2.592375e+00	-2.760371e+00	2.188389e+00	-2.290500e+00	2.354833e+00	-2.474101e+00
0.055000	2.442986e+00	2.667581e+00	2.683942e+00	2.447554e+00	-2.256625e+00	-2.393115e+00	-2.598408e+00	-2.766860e+00	2.188841e+00	-2.292132e+00	2.355903e+00	-2.479668e+00
0.056000	2.445359e+00	2.670473e+00	2.692547e+00	2.452714e+00	-2.254293e+00	-2.396611e+00	-2.604282e+00	-2.773113e+00	2.189347e+00	-2.293790e+00	2.356933e+00	-2.485283e+00
0.057000	2.447536e+00	2.673060e+00	2.701152e+00	2.457923e+00	-2.251862e+00	-2.400115e+00	-2.609984e+00	-2.779122e+00	2.189911e+00	-2.295476e+00	2.357924e+00	-2.490948e+00
0.058000	2.449506e+00	2.675331e+00	2.709755e+00	2.463182e+00	-2.249331e+00	-2.403627e+00	-2.615499e+00	-2.784875e+00	2.190533e+00	-2.297188e+00	2.358875e+00	-2.496662e+00
0.059000	2.451250e+00	2.677273e+00	2.718352e+00	2.468489e+00	-2.246697e+00	-2.407144e+00	-2.620813e+00	-2.790359e+00	2.191213e+00	-2.298926e+00	2.359784e+00	-2.502421e+00
0.060000	2.452755e+00	2.678875e+00	2.726943e+00	2.473842e+00	-2.243963e+00	-2.410665e+00	-2.625908e+00	-2.795563e+00	2.191952e+00	-2.300689e+00	2.360651e+00	-2.508229e+00
0.061000	2.454005e+00	2.680122e+00	2.735522e+00	2.479242e+00	-2.241126e+00	-2.414188e+00	-2.630769e+00	-2.800472e+00	2.192750e+00	-2.302478e+00	2.361475e+00	-2.514083e+00
0.062000	2.454980e+00	2.681003e+00	2.744087e+00	2.484689e+00	-2.238186e+00	-2.417713e+00	-2.635377e+00	-2.805075e+00	2.193610e+00	-2.304292e+00	2.362258e+00	-2.519983e+00
0.063000	2.455665e+00	2.681503e+00	2.752636e+00	2.490181e+00	-2.235143e+00	-2.421238e+00	-2.639714e+00	-2.809357e+00	2.194532e+00	-2.306132e+00	2.362997e+00	-2.525930e+00
0.064000	2.456039e+00	2.681608e+00	2.761166e+00	2.495717e+00	-2.231997e+00	-2.424761e+00	-2.643761e+00	-2.813301e+00	2.195516e+00	-2.307995e+00	2.363690e+00	-2.531920e+00
0.065000	2.456084e+00	2.681304e+00	2.769673e+00	2.501297e+00	-2.228746e+00	-2.428281e+00	-2.647498e+00	-2.816895e+00	2.196563e+00	-2.309883e+00	2.364337e+00	-2.537955e+00
0.066000	2.455778e+00	2.680576e+00	2.778153e+00	2.506921e+00	-2.225391e+00	-2.431797e+00	-2.650904e+00	-2.820124e+00	2.197677e+00	-2.311795e+00	2.364939e+00	-2.544034e+00
0.067000	2.455100e+00	2.679408e+00	2.786604e+00	2.512589e+00	-2.221933e+00	-2.435308e+00	-2.653958e+00	-2.822968e+00	2.198857e+00	-2.313731e+00	2.365494e+00	-2.550153e+00
0.068000	2.454027e+00	2.677783e+00	2.795021e+00	2.518298e+00	-2.218368e+00	-2.438812e+00	-2.656636e+00	-2.825414e+00	2.200104e+00	-2.315689e+00	2.365999e+00	-2.556314e+00
0.069000	2.452537e+00	2.675686e+00	2.803402e+00	2.524049e+00	-2.214699e+00	-2.442308e+00	-2.658916e+00	-2.827444e+00	2.201423e+00	-2.317671e+00	2.366457e+00	-2.562516e+00
0.070000	2.450606e+00	2.673098e+00	2.811740e+00	2.529840e+00	-2.210923e+00	-2.445793e+00	-2.660770e+00	-2.829039e+00	2.202811e+00	-2.319675e+00	2.366864e+00	-2.568758e+00
0.071000	2.448205e+00	2.670003e+00	2.820034e+00	2.535671e+00	-2.207042e+00	-2.449268e+00	-2.662175e+00	-2.830180e+00	2.204273e+00	-2.321701e+00	2.367220e+00	-2.575039e+00
0.072000	2.445312e+00	2.666381e+00	2.828278e+00	2.541542e+00	-2.203055e+00	-2.452731e+00	-2.663104e+00	-2.830851e+00	2.205811e+00	-2.323750e+00	2.367526e+00	-2.581358e+00
0.073000	2.441896e+00	2.662212e+00	2.836467e+00	2.547450e+00	-2.198961e+00	-2.456181e+00	-2.663527e+00	-2.831028e+00	2.207427e+00	-2.325819e+00	2.367777e+00	-2.587713e+00
0.074000	2.437928e+00	2.657478e+00	2.844597e+00	2.553396e+00	-2.194760e+00	-2.459614e+00	-2.663414e+00	-2.830693e+00	2.209122e+00	-2.327910e+00	2.367976e+00	-2.594104e+00
0.075000	2.433380e+00	2.652159e+00	2.852664e+00	2.559381e+00	-2.190454e+00	-2.463034e+00	-2.662737e+00	-2.829825e+00	2.210899e+00	-2.330023e+00	2.368120e+00	-2.600530e+00
0.076000	2.428220e+00	2.646232e+00	2.860663e+00	2.565400e+00	-2.186039e+00	-2.466435e+00	-2.661463e+00	-2.828401e+00	2.212763e+00	-2.332157e+00	2.368208e+00	-2.606991e+00
0.077000	2.422413e+00	2.639676e+00	2.868586e+00	2.571455e+00	-2.181518e+00	-2.469817e+00	-2.659558e+00	-2.826398e+00	2.214714e+00	-2.334310e+00	2.368240e+00	-2.613483e+00
0.078000	2.415926e+00	2.632469e+00	2.876430e+00	2.577546e+00	-2.176890e+00	-2.473180e+00	-2.656989e+00	-2.823794e+00	2.216756e+00	-2.336483e+00	2.368215e+00	-2.620007e+00
0.079000	2.408723e+00	2.624587e+00	2.884189e+00	2.583671e+00	-2.172154e+00	-2.476522e+00	-2.653717e+00	-2.820562e+00	2.218894e+00	-2.338677e+00	2.368130e+00	-2.626560e+00
0.080000	2.400767e+00	2.616004e+00	2.891856e+00	2.589828e+00	-2.167311e+00	-2.479841e+00	-2.649705e+00	-2.816679e+00	2.221128e+00	-2.340890e+00	2.367986e+00	-2.633142e+00
0.081000	2.392019e+00	2.606699e+00	2.899425e+00	2.596018e+00	-2.162361e+00	-2.483138e+00	-2.644915e+00	-2.812118e+00	2.223464e+00	-2.343122e+00	2.367780e+00	-2.639751e+00
0.082000	2.382440e+00	2.596643e+00	2.906890e+00	2.602238e+00	-2.157303e+00	-2.486408e+00	-2.639306e+00	-2.806853e+00	2.225906e+00	-2.345372e+00	2.367513e+00	-2.646388e+00
0.083000	2.371984e+00	2.585811e+00	2.914243e+00	2.608491e+00	-2.152138e+00	-2.489654e+00	-2.632834e+00	-2.800856e+00	2.228459e+00	-2.347641e+00	2.367182e+00	-2.653047e+00
0.084000	2.360610e+00	2.574176e+00	2.921477e+00	2.614773e+00	-2.146865e+00	-2.492873e+00	-2.625455e+00	-2.794097e+00	2.231125e+00	-2.349927e+00	2.366786e+00	-2.659729e+00
0.085000	2.348270e+00	2.561708e+00	2.928585e+00	2.621085e+00	-2.141486e+00	-2.496064e+00	-2.617123e+00	-2.786548e+00	2.233912e+00	-2.352232e+00	2.366326e+00	-2.666433e+00
0.086000	2.334919e+00	2.548378e+00	2.935560e+00	2.627426e+00	-2.135999e+00	-2.499226e+00	-2.607790e+00	-2.778178e+00	2.236824e+00	-2.354554e+00	2.365798e+00	-2.673157e+00
0.087000	2.320505e+00	2.534157e+00	2.942392e+00	2.633793e+00	-2.130405e+00	-2.502357e+00	-2.597405e+00	-2.768954e+00	2.239863e+00	-2.356894e+00	2.365202e+00	-2.679898e+00
0.088000	2.304978e+00	2.519011e+00	2.949072e+00	2.640187e+00	-2.124703e+00	-2.505456e+00	-2.585916e+00	-2.758844e+00	2.243040e+00	-2.359249e+00	2.364536e+00	-2.686656e+00
0.089000	2.288282e+00	2.502911e+00	2.955594e+00	2.646608e+00	-2.118896e+00	-2.508524e+00	-2.573270e+00	-2.747816e+00	2.246357e+00	-2.361621e+00	2.363801e+00	-2.693427e+00
0.090000	2.270363e+00	2.485822e+00	2.961947e+00	2.653053e+00	-2.112982e+00	-2.511559e+00	-2.559408e+00	-2.735832e+00	2.249824e+00	-2.364008e+00	2.362992e+00	-2.700212e+00
0.091000	2.251161e+00	2.467711e+00	2.968121e+00	2.659523e+00	-2.106962e+00	-2.514559e+00	-2.544274e+00	-2.722859e+00	2.253445e+00	-2.366411e+00	2.362109e+00	-2.707007e+00
0.092000	2.230617e+00	2.448541e+00	2.974106e+00	2.666016e+00	-2.100835e+00	-2.517524e+00	-2.527804e+00	-2.708858e+00	2.257229e+00	-2.368829e+00	2.361152e+00	-2.713811e+00
0.093000	2.208667e+00	2.428276e+00	2.979891e+00	2.672533e+00	-2.094603e+00	-2.520452e+00	-2.509938e+00	-2.693792e+00	2.261182e+00	-2.371262e+00	2.360118e+00	-2.720621e+00
0.094000	2.185244e+00	2.406879e+00	2.985465e+00	2.679071e+00	-2.088265e+00	-2.523343e+00	-2.490606e+00	-2.677621e+00	2.265313e+00	-2.373709e+00	2.359007e+00	-2.727435e+00
0.095000	2.160283e+00	2.384310e+00	2.990816e+00	2.685629e+00	-2.081821e+00	-2.526194e+00	-2.469742e+00	-2.660305e+00	2.269629e+00	-2.376170e+00	2.357816e+00	-2.734251e+00
0.096000	2.133712e+00	2.360532e+00	2.995933e+00	2.692207e+00	-2.075274e+00	-2.529007e+00	-2.447275e+00	-2.641803e+00	2.274141e+00	-2.378644e+00	2.356544e+00	-2.741067e+00
0.097000	2.105457e+00	2.335501e+00	3.000802e+00	2.698803e+00	-2.068620e+00	-2.531779e+00	-2.423129e+00	-2.622071e+00	2.278858e+00	-2.381131e+00	2.355190e+00	-2.747880e+00
0.098000	2.075441e+00	2.309176e+00	3.005410e+00	2.705419e+00	-2.061864e+00	-2.534511e+00	-2.397228e+00	-2.601063e+00	2.283789e+00	-2.383631e+00	2.353752e+00	-2.754688e+00
0.099000	2.043586e+00	2.281514e+00	3.009744e+00	2.712052e+00	-2.055004e+00	-2.537201e+00	-2.369493e+00	-2.578737e+00	2.288945e+00	-2.386144e+00	2.352228e+00	-2.761488e+00
0.100000	2.009808e+00	2.252468e+00	3.013789e+00	2.718701e+00	-2.048040e+00	-2.539848e+00	-2.339841e+00	-2.555045e+00	2.294338e+00	-2.388668e+00	2.350617e+00	-2.768279e+00
0.101000	1.974025e+00	2.221995e+00	3.017529e+00	2.725365e+00	-2.040973e+00	-2.542451e+00	-2.308186e+00	-2.529939e+00	2.299977e+00	-2.391204e+00	2.348917e+00	-2.775056e+00
0.102000	1.936145e+00	2.190047e+00	3.020951e+00	2.732045e+00	-2.033805e+00	-2.545011e+00	-2.274438e+00	-2.503369e+00	2.305877e+00	-2.393751e+00	2.347127e+00	-2.781817e+00
0.103000	1.896075e+00	2.156574e+00	3.024035e+00	2.738738e+00	-2.026535e+00	-2.547526e+00	-2.238505e+00	-2.475283e+00	2.312050e+00	-2.396308e+00	2.345243e+00	-2.788559e+00
0.104000	1.853726e+00	2.121529e+00	3.026765e+00	2.745442e+00	-2.019162e+00	-2.549994e+00	-2.200294e+00	-2.445632e+00	2.318507e+00	-2.398875e+00	2.343266e+00	-2.795279e+00
0.105000	1.808996e+00	2.084860e+00	3.029125e+00	2.752160e+00	-2.011690e+00	-2.552417e+00	-2.159705e+00	-2.414362e+00	2.325266e+00	-2.401451e+00	2.341192e+00	-2.801975e+00
0.106000	1.761783e+00	2.046515e+00	3.031094e+00	2.758888e+00	-2.004117e+00	-2.554792e+00	-2.116635e+00	-2.381418e+00	2.332339e+00	-2.404035e+00	2.339021e+00	-2.808641e+00
0.107000	1.711980e+00	2.006438e+00	3.032654e+00	2.765626e+00	-1.996446e+00	-2.557120e+00	-2.070977e+00	-2.346743e+00	2.339743e+00	-2.406629e+00	2.336750e+00	-2.815277e+00
0.108000	1.659481e+00	1.964578e+00	3.033783e+00	2.772374e+00	-1.988675e+00	-2.559399e+00	-2.022623e+00	-2.310280e+00	2.347494e+00	-2.409231e+00	2.334377e+00	-2.821878e+00
0.109000	1.604172e+00	1.920878e+00	3.034463e+00	2.779130e+00	-1.980807e+00	-2.561630e+00	-1.971461e+00	-2.271972e+00	2.355608e+00	-2.411841e+00	2.331901e+00	-2.828440e+00
0.110000	1.545933e+00	1.875278e+00	3.034669e+00	2.785892e+00	-1.972841e+00	-2.563812e+00	-1.917369e+00	-2.231756e+00	2.364104e+00	-2.414457e+00	2.329319e+00	-2.834960e+00
0.111000	1.484649e+00	1.827723e+00	3.034380e+00	2.792662e+00	-1.964779e+00	-2.565944e+00	-1.860231e+00	-2.189574e+00	2.373000e+00	-2.417080e+00	2.326630e+00	-2.841435e+00
0.112000	1.420192e+00	1.778151e+00	3.033570e+00	2.799436e+00	-1.956620e+00	-2.568025e+00	-1.799921e+00	-2.145362e+00	2.382316e+00	-2.419708e+00	2.323831e+00	-2.847860e+00
0.113000	1.352436e+00	1.726503e+00	3.032216e+00	2.806215e+00	-1.948366e+00	-2.570056e+00	-1.736309e+00	-2.099057e+00	2.392072e+00	-2.422342e+00	2.320920e+00	-2.854232e+00
0.114000	1.281249e+00	1.672717e+00	3.030292e+00	2.812997e+00	-1.940018e+00	-2.572036e+00	-1.669267e+00	-2.050594e+00	2.402290e+00	-2.424980e+00	2.317896e+00	-2.860546e+00
0.115000	1.206493e+00	1.616729e+00	3.027771e+00	2.819782e+00	-1.931577e+00	-2.573963e+00	-1.598653e+00	-1.999907e+00	2.412991e+00	-2.427623e+00	2.314755e+00	-2.866798e+00
0.116000	1.128025e+00	1.558472e+00	3.024625e+00	2.826570e+00	-1.923044e+00	-2.575839e+00	-1.524325e+00	-1.946926e+00	2.424199e+00	-2.430270e+00	2.311498e+00	-2.872985e+00
0.117000	1.045714e+00	1.497892e+00	3.020827e+00	2.833357e+00	-1.914418e+00	-2.577663e+00	-1.446152e+00	-1.891593e+00	2.435937e+00	-2.432919e+00	2.308119e+00	-2.879101e+00
0.118000	9.593943e-01	1.434910e+00	3.016343e+00	2.840144e+00	-1.905701e+00	-2.579434e+00	-1.363968e+00	-1.833826e+00	2.448232e+00	-2.435570e+00	2.304617e+00	-2.885141e+00
0.119000	8.689212e-01	1.369465e+00	3.011145e+00	2.846931e+00	-1.896895e+00	-2.581153e+00	-1.277628e+00	-1.773562e+00	2.461109e+00	-2.438224e+00	2.300992e+00	-2.891102e+00
0.120000	7.741411e-01	1.301490e+00	3.005201e+00	2.853714e+00	-1.887999e+00	-2.582818e+00	-1.186977e+00	-1.710730e+00	2.474595e+00	-2.440878e+00	2.297239e+00	-2.896978e+00
0.121000	6.748925e-01	1.230917e+00	2.998476e+00	2.860495e+00	-1.879015e+00	-2.584430e+00	-1.091854e+00	-1.645259e+00	2.488718e+00	-2.443533e+00	2.293356e+00	-2.902765e+00
0.122000	5.710109e-01	1.157678e+00	2.990937e+00	2.867270e+00	-1.869944e+00	-2.585988e+00	-9.920934e-01	-1.577076e+00	2.503508e+00	-2.446188e+00	2.289342e+00	-2.908457e+00
0.123000	4.623365e-01	1.081708e+00	2.982549e+00	2.874042e+00	-1.860787e+00	-2.587493e+00	-8.875366e-01	-1.506114e+00	2.518993e+00	-2.448842e+00	2.285193e+00	-2.914049e+00
0.124000	3.486903e-01	1.002934e+00	2.973273e+00	2.880806e+00	-1.851545e+00	-2.588944e+00	-7.780035e-01	-1.432297e+00	2.535206e+00	-2.451493e+00	2.280908e+00	-2.919535e+00
0.125000	2.299000e-01	9.212881e-01	2.963073e+00	2.887564e+00	-1.842219e+00	-2.590341e+00	-6.633214e-01	-1.355553e+00	2.552179e+00	-2.454143e+00	2.276484e+00	-2.924911e+00
0.126000	1.057819e-01	8.366971e-01	2.951908e+00	2.894313e+00	-1.832809e+00	-2.591684e+00	-5.433062e-01	-1.275806e+00	2.569946e+00	-2.456788e+00	2.271918e+00	-2.930170e+00
0.127000	-2.382755e-02	7.491052e-01	2.939740e+00	2.901052e+00	-1.823317e+00	-2.592972e+00	-4.177946e-01	-1.192995e+00	2.588538e+00	-2.459430e+00	2.267207e+00	-2.935306e+00
0.128000	-1.591285e-01	6.584328e-01	2.926526e+00	2.907783e+00	-1.813745e+00	-2.594207e+00	-2.865866e-01	-1.107038e+00	2.607995e+00	-2.462068e+00	2.262350e+00	-2.940314e+00
0.129000	-3.002979e-01	5.646196e-01	2.912224e+00	2.914501e+00	-1.804093e+00	-2.595388e+00	-1.495040e-01	-1.017869e+00	2.628350e+00	-2.464699e+00	2.257343e+00	-2.945186e+00
0.130000	-4.475313e-01	4.675940e-01	2.896790e+00	2.921207e+00	-1.794362e+00	-2.596514e+00	-6.351516e-03	-9.254154e-01	2.649643e+00	-2.467324e+00	2.252184e+00	-2.949918e+00
0.131000	-6.010120e-01	3.672968e-01	2.880179e+00	2.927900e+00	-1.784554e+00	-2.597587e+00	1.430541e-01	-8.296126e-01	2.671910e+00	-2.469942e+00	2.246870e+00	-2.954502e+00
0.132000	-7.609263e-01	2.636684e-01	2.862346e+00	2.934577e+00	-1.774668e+00	-2.598604e+00	2.988998e-01	-7.303981e-01	2.695190e+00	-2.472550e+00	2.241398e+00	-2.958932e+00
0.133000	-9.274760e-01	1.566415e-01	2.843245e+00	2.941239e+00	-1.764709e+00	-2.599569e+00	4.613874e-01	-6.276998e-01	2.719524e+00	-2.475151e+00	2.235767e+00	-2.963200e+00
0.134000	-1.100847e+00	4.616281e-02	2.822827e+00	2.947885e+00	-1.754674e+00	-2.600480e+00	6.307029e-01	-5.214602e-01	2.744952e+00	-2.477741e+00	2.229971e+00	-2.967300e+00
0.135000	-1.281236e+00	-6.782623e-02	2.801044e+00	2.954512e+00	-1.744566e+00	-2.601337e+00	8.070434e-01	-4.116180e-01	2.771517e+00	-2.480319e+00	2.224010e+00	-2.971224e+00
0.136000	-1.468833e+00	-1.853767e-01	2.777846e+00	2.961123e+00	-1.734387e+00	-2.602142e+00	9.905977e-01	-2.981169e-01	2.799260e+00	-2.482887e+00	2.217880e+00	-2.974965e+00
0.137000	-1.663824e+00	-3.065341e-01	2.753185e+00	2.967711e+00	-1.724137e+00	-2.602892e+00	1.181553e+00	-1.809075e-01	2.828222e+00	-2.485441e+00	2.211579e+00	-2.978515e+00
0.138000	-1.866410e+00	-4.313529e-01	2.727006e+00	2.974279e+00	-1.713818e+00	-2.603589e+00	1.380111e+00	-5.993140e-02	2.858449e+00	-2.487981e+00	2.205102e+00	-2.981867e+00
0.139000	-2.076754e+00	-5.598588e-01	2.699265e+00	2.980825e+00	-1.703430e+00	-2.604233e+00	1.586434e+00	6.484079e-02	2.889982e+00	-2.490506e+00	2.198448e+00	-2.985013e+00
0.140000	-2.295056e+00	-6.920985e-01	2.669904e+00	2.987347e+00	-1.692976e+00	-2.604825e+00	1.800724e+00	1.934611e-01	2.922864e+00	-2.493014e+00	2.191613e+00	-2.987943e+00
0.141000	-2.521479e+00	-8.280932e-01	2.638876e+00	2.993846e+00	-1.682456e+00	-2.605364e+00	2.023140e+00	3.259538e-01	2.957139e+00	-2.495507e+00	2.184596e+00	-2.990651e+00
0.142000	-2.756199e+00	-9.678706e-01	2.606128e+00	3.000317e+00	-1.671871e+00	-2.605851e+00	2.253862e+00	4.623517e-01	2.992850e+00	-2.497980e+00	2.177390e+00	-2.993126e+00
0.143000	-2.999385e+00	-1.111450e+00	2.571608e+00	3.006761e+00	-1.661223e+00	-2.606286e+00	2.493058e+00	6.026783e-01	3.030040e+00	-2.500434e+00	2.169995e+00	-2.995362e+00
0.144000	-3.251199e+00	-1.258845e+00	2.535263e+00	3.013178e+00	-1.650514e+00	-2.606670e+00	2.740889e+00	7.469513e-01	3.068753e+00	-2.502868e+00	2.162407e+00	-2.997346e+00
0.145000	-3.511772e+00	-1.410049e+00	2.497047e+00	3.019565e+00	-1.639743e+00	-2.607003e+00	2.997487e+00	8.951688e-01	3.109029e+00	-2.505280e+00	2.154623e+00	-2.999073e+00
0.146000	-3.781209e+00	-1.565035e+00	2.456914e+00	3.025921e+00	-1.628914e+00	-2.607284e+00	3.262956e+00	1.047308e+00	3.150901e+00	-2.507668e+00	2.146640e+00	-3.000530e+00
0.147000	-4.059684e+00	-1.723817e+00	2.414808e+00	3.032246e+00	-1.618026e+00	-2.607514e+00	3.537472e+00	1.203389e+00	3.194417e+00	-2.510034e+00	2.138454e+00	-3.001710e+00
0.148000	-4.347267e+00	-1.886346e+00	2.370688e+00	3.038537e+00	-1.607081e+00	-2.607694e+00	3.821102e+00	1.363366e+00	3.239608e+00	-2.512373e+00	2.130062e+00	-3.002602e+00
0.149000	-4.644093e+00	-2.052609e+00	2.324504e+00	3.044794e+00	-1.596082e+00	-2.607824e+00	4.113985e+00	1.527229e+00	3.286515e+00	-2.514686e+00	2.121462e+00	-3.003195e+00
0.150000	-4.950206e+00	-2.222538e+00	2.276217e+00	3.051015e+00	-1.585028e+00	-2.607905e+00	4.416162e+00	1.694917e+00	3.335167e+00	-2.516971e+00	2.112649e+00	-3.003480e+00
0.151000	-5.265661e+00	-2.396068e+00	2.225788e+00	3.057199e+00	-1.573921e+00	-2.607937e+00	4.727688e+00	1.866369e+00	3.385593e+00	-2.519227e+00	2.103620e+00	-3.003445e+00
0.152000	-5.590495e+00	-2.573125e+00	2.173178e+00	3.063344e+00	-1.562762e+00	-2.607918e+00	5.048602e+00	2.041515e+00	3.437819e+00	-2.521451e+00	2.094372e+00	-3.003080e+00
0.153000	-5.924730e+00	-2.753627e+00	2.118353e+00	3.069448e+00	-1.551553e+00	-2.607852e+00	5.378926e+00	2.220279e+00	3.491871e+00	-2.523643e+00	2.084901e+00	-3.002373e+00
0.154000	-6.268369e+00	-2.937475e+00	2.061280e+00	3.075511e+00	-1.540295e+00	-2.607737e+00	5.718662e+00	2.402565e+00	3.547769e+00	-2.525804e+00	2.075204e+00	-3.001313e+00
0.155000	-6.621334e+00	-3.124529e+00	2.001939e+00	3.081531e+00	-1.528989e+00	-2.607574e+00	6.067732e+00	2.588240e+00	3.605523e+00	-2.527929e+00	2.065278e+00	-2.999888e+00
0.156000	-6.983621e+00	-3.314688e+00	1.940299e+00	3.087507e+00	-1.517637e+00	-2.607364e+00	6.426131e+00	2.777207e+00	3.665153e+00	-2.530018e+00	2.055118e+00	-2.998088e+00
0.157000	-7.355061e+00	-3.507761e+00	1.876354e+00	3.093438e+00	-1.506240e+00	-2.607106e+00	6.793694e+00	2.969279e+00	3.726650e+00	-2.532071e+00	2.044722e+00	-2.995898e+00
0.158000	-7.735574e+00	-3.703604e+00	1.810087e+00	3.099320e+00	-1.494798e+00	-2.606803e+00	7.170337e+00	3.164317e+00	3.790023e+00	-2.534083e+00	2.034085e+00	-2.993307e+00
0.159000	-8.124969e+00	-3.902017e+00	1.741496e+00	3.105154e+00	-1.483314e+00	-2.606452e+00	7.555871e+00	3.362126e+00	3.855259e+00	-2.536056e+00	2.023204e+00	-2.990302e+00
0.160000	-8.523053e+00	-4.102797e+00	1.670582e+00	3.110936e+00	-1.471788e+00	-2.606056e+00	7.950104e+00	3.562509e+00	3.922344e+00	-2.537987e+00	2.012076e+00	-2.986870e+00
0.161000	-8.929597e+00	-4.305725e+00	1.597352e+00	3.116667e+00	-1.460223e+00	-2.605613e+00	8.352805e+00	3.765252e+00	3.991258e+00	-2.539875e+00	2.000696e+00	-2.982997e+00
0.162000	-9.344294e+00	-4.510541e+00	1.521830e+00	3.122344e+00	-1.448619e+00	-2.605126e+00	8.763668e+00	3.970099e+00	4.061967e+00	-2.541719e+00	1.989061e+00	-2.978671e+00
0.163000	-9.766778e+00	-4.716959e+00	1.444046e+00	3.127965e+00	-1.436977e+00	-2.604594e+00	9.182331e+00	4.176770e+00	4.134424e+00	-2.543517e+00	1.977167e+00	-2.973877e+00
0.164000	-1.019678e+01	-4.924747e+00	1.364020e+00	3.133531e+00	-1.425300e+00	-2.604016e+00	9.608516e+00	4.385036e+00	4.208598e+00	-2.545269e+00	1.965010e+00	-2.968601e+00
0.165000	-1.063381e+01	-5.133560e+00	1.281805e+00	3.139037e+00	-1.413587e+00	-2.603395e+00	1.004174e+01	4.594561e+00	4.284418e+00	-2.546972e+00	1.952587e+00	-2.962828e+00
0.166000	-1.107739e+01	-5.343070e+00	1.197459e+00	3.144483e+00	-1.401840e+00	-2.602729e+00	1.048153e+01	4.805017e+00	4.361814e+00	-2.548625e+00	1.939892e+00	-2.956544e+00
0.167000	-1.152706e+01	-5.552948e+00	1.111039e+00	3.149868e+00	-1.390062e+00	-2.602021e+00	1.092742e+01	5.016087e+00	4.440716e+00	-2.550228e+00	1.926923e+00	-2.949734e+00
0.168000	-1.198222e+01	-5.762813e+00	1.022626e+00	3.155189e+00	-1.378251e+00	-2.601268e+00	1.137881e+01	5.227390e+00	4.521023e+00	-2.551779e+00	1.913675e+00	-2.942381e+00
0.169000	-1.244222e+01	-5.972264e+00	9.323131e-01	3.160444e+00	-1.366411e+00	-2.600474e+00	1.183505e+01	5.438532e+00	4.602632e+00	-2.553277e+00	1.900144e+00	-2.934471e+00
0.170000	-1.290645e+01	-6.180925e+00	8.401874e-01	3.165633e+00	-1.354543e+00	-2.599636e+00	1.229554e+01	5.649143e+00	4.685435e+00	-2.554719e+00	1.886325e+00	-2.925986e+00
0.171000	-1.337415e+01	-6.388350e+00	7.463695e-01	3.170753e+00	-1.342646e+00	-2.598757e+00	1.275951e+01	5.858783e+00	4.769299e+00	-2.556108e+00	1.872214e+00	-2.916911e+00
0.172000	-1.384455e+01	-6.594096e+00	6.509824e-01	3.175803e+00	-1.330724e+00	-2.597836e+00	1.322619e+01	6.067011e+00	4.854082e+00	-2.557439e+00	1.857808e+00	-2.907228e+00
0.173000	-1.431685e+01	-6.797726e+00	5.541570e-01	3.180781e+00	-1.318776e+00	-2.596874e+00	1.369479e+01	6.273400e+00	4.939637e+00	-2.558714e+00	1.843102e+00	-2.896921e+00
0.174000	-1.479013e+01	-6.998740e+00	4.560522e-01	3.185685e+00	-1.306804e+00	-2.595870e+00	1.416438e+01	6.477454e+00	5.025788e+00	-2.559930e+00	1.828090e+00	-2.885971e+00
0.175000	-1.526347e+01	-7.196652e+00	3.568300e-01	3.190514e+00	-1.294809e+00	-2.594826e+00	1.463404e+01	6.678692e+00	5.112357e+00	-2.561088e+00	1.812769e+00	-2.874362e+00
0.176000	-1.573587e+01	-7.390963e+00	2.566677e-01	3.195266e+00	-1.282792e+00	-2.593741e+00	1.510279e+01	6.876621e+00	5.199147e+00	-2.562187e+00	1.797134e+00	-2.862074e+00
0.177000	-1.620632e+01	-7.581160e+00	1.557556e-01	3.199938e+00	-1.270755e+00	-2.592616e+00	1.556961e+01	7.070735e+00	5.285947e+00	-2.563226e+00	1.781179e+00	-2.849087e+00
0.178000	-1.667379e+01	-7.766752e+00	5.428571e-02	3.204530e+00	-1.258698e+00	-2.591451e+00	1.603346e+01	7.260549e+00	5.372551e+00	-2.564204e+00	1.764902e+00	-2.835386e+00
0.179000	-1.713711e+01	-7.947179e+00	-4.751420e-02	3.209040e+00	-1.246623e+00	-2.590247e+00	1.649319e+01	7.445508e+00	5.458709e+00	-2.565121e+00	1.748295e+00	-2.820949e+00
0.180000	-1.759518e+01	-8.121947e+00	-1.494272e-01	3.213466e+00	-1.234530e+00	-2.589004e+00	1.694769e+01	7.625124e+00	5.544185e+00	-2.565977e+00	1.731353e+00	-2.805753e+00
0.181000	-1.804683e+01	-8.290531e+00	-2.512168e-01	3.217807e+00	-1.222421e+00	-2.587722e+00	1.739580e+01	7.798878e+00	5.628723e+00	-2.566773e+00	1.714074e+00	-2.789784e+00
0.182000	-1.849085e+01	-8.452403e+00	-3.526329e-01	3.222060e+00	-1.210297e+00	-2.586402e+00	1.783630e+01	7.966249e+00	5.712051e+00	-2.567507e+00	1.696450e+00	-2.773017e+00
0.183000	-1.892596e+01	-8.607026e+00	-4.534090e-01	3.226224e+00	-1.198158e+00	-2.585044e+00	1.826792e+01	8.126707e+00	5.793886e+00	-2.568181e+00	1.678477e+00	-2.755433e+00
0.184000	-1.935093e+01	-8.753895e+00	-5.532789e-01	3.230299e+00	-1.186006e+00	-2.583648e+00	1.868943e+01	8.279754e+00	5.873934e+00	-2.568796e+00	1.660149e+00	-2.737007e+00
0.185000	-1.976455e+01	-8.892545e+00	-6.519799e-01	3.234282e+00	-1.173842e+00	-2.582215e+00	1.909962e+01	8.424927e+00	5.951917e+00	-2.569351e+00	1.641460e+00	-2.717722e+00
0.186000	-2.016563e+01	-9.022521e+00	-7.492406e-01	3.238172e+00	-1.161666e+00	-2.580745e+00	1.949730e+01	8.561782e+00	6.027538e+00	-2.569848e+00	1.622406e+00	-2.697552e+00
0.187000	-2.055277e+01	-9.143301e+00	-8.447506e-01	3.241967e+00	-1.149480e+00	-2.579239e+00	1.988109e+01	8.689799e+00	6.100467e+00	-2.570287e+00	1.602981e+00	-2.676478e+00
0.188000	-2.092488e+01	-9.254508e+00	-9.382445e-01	3.245665e+00	-1.137283e+00	-2.577697e+00	2.024988e+01	8.808615e+00	6.170413e+00	-2.570671e+00	1.583176e+00	-2.654472e+00
0.189000	-2.128060e+01	-9.355682e+00	-1.029410e+00	3.249267e+00	-1.125079e+00	-2.576118e+00	2.060233e+01	8.917771e+00	6.237042e+00	-2.571000e+00	1.562990e+00	-2.631513e+00
0.190000	-2.161884e+01	-9.446478e+00	-1.117973e+00	3.252770e+00	-1.112866e+00	-2.574505e+00	2.093734e+01	9.016930e+00	6.300056e+00	-2.571276e+00	1.542414e+00	-2.607577e+00
0.191000	-2.193844e+01	-9.526556e+00	-1.203646e+00	3.256174e+00	-1.100646e+00	-2.572858e+00	2.125377e+01	9.105760e+00	6.359142e+00	-2.571502e+00	1.521442e+00	-2.582639e+00
0.192000	-2.223826e+01	-9.595580e+00	-1.286133e+00	3.259477e+00	-1.088420e+00	-2.571175e+00	2.155046e+01	9.183934e+00	6.413978e+00	-2.571680e+00	1.500067e+00	-2.556670e+00
0.193000	-2.251723e+01	-9.653284e+00	-1.365157e+00	3.262678e+00	-1.076188e+00	-2.569459e+00	2.182636e+01	9.251188e+00	6.464264e+00	-2.571813e+00	1.478283e+00	-2.529649e+00
0.194000	-2.277430e+01	-9.699408e+00	-1.440431e+00	3.265776e+00	-1.063951e+00	-2.567710e+00	2.208043e+01	9.307275e+00	6.509688e+00	-2.571903e+00	1.456084e+00	-2.501547e+00
0.195000	-2.300865e+01	-9.733817e+00	-1.511717e+00	3.268771e+00	-1.051711e+00	-2.565929e+00	2.231183e+01	9.352061e+00	6.549989e+00	-2.571954e+00	1.433466e+00	-2.472342e+00
0.196000	-2.321934e+01	-9.756326e+00	-1.578745e+00	3.271661e+00	-1.039466e+00	-2.564115e+00	2.251965e+01	9.385374e+00	6.584866e+00	-2.571969e+00	1.410418e+00	-2.442005e+00
0.197000	-2.340566e+01	-9.766878e+00	-1.641289e+00	3.274445e+00	-1.027219e+00	-2.562269e+00	2.270316e+01	9.407159e+00	6.614070e+00	-2.571951e+00	1.386938e+00	-2.410511e+00
0.198000	-2.356682e+01	-9.765378e+00	-1.699103e+00	3.277124e+00	-1.014969e+00	-2.560393e+00	2.286160e+01	9.417334e+00	6.637323e+00	-2.571907e+00	1.363014e+00	-2.377826e+00
0.199000	-2.370223e+01	-9.751825e+00	-1.751979e+00	3.279696e+00	-1.002717e+00	-2.558486e+00	2.299438e+01	9.415900e+00	6.654393e+00	-2.571840e+00	1.338642e+00	-2.343928e+00
0.200000	-2.381147e+01	-9.726305e+00	-1.799741e+00	3.282162e+00	-9.904650e-01	-2.556550e+00	2.310106e+01	9.402955e+00	6.665075e+00	-2.571754e+00	1.313815e+00	-2.308785e+00
0.201000	-2.389399e+01	-9.688859e+00	-1.842188e+00	3.284518e+00	-9.782114e-01	-2.554584e+00	2.318113e+01	9.378544e+00	6.669142e+00	-2.571655e+00	1.288526e+00	-2.272371e+00
0.202000	-2.394954e+01	-9.639649e+00	-1.879175e+00	3.286769e+00	-9.659584e-01	-2.552589e+00	2.323432e+01	9.342839e+00	6.666419e+00	-2.571550e+00	1.262769e+00	-2.234655e+00
0.203000	-2.397795e+01	-9.578886e+00	-1.910578e+00	3.288910e+00	-9.537052e-01	-2.550566e+00	2.326049e+01	9.296055e+00	6.656754e+00	-2.571443e+00	1.236535e+00	-2.195610e+00
0.204000	-2.397911e+01	-9.506784e+00	-1.936277e+00	3.290944e+00	-9.414529e-01	-2.548516e+00	2.325951e+01	9.238418e+00	6.639999e+00	-2.571341e+00	1.209820e+00	-2.155206e+00
0.205000	-2.395303e+01	-9.423637e+00	-1.956188e+00	3.292868e+00	-9.292014e-01	-2.546440e+00	2.323141e+01	9.170222e+00	6.616039e+00	-2.571250e+00	1.182615e+00	-2.113412e+00
0.206000	-2.389985e+01	-9.329771e+00	-1.970247e+00	3.294686e+00	-9.169514e-01	-2.544337e+00	2.317634e+01	9.091808e+00	6.584782e+00	-2.571180e+00	1.154915e+00	-2.070198e+00
0.207000	-2.381977e+01	-9.225541e+00	-1.978408e+00	3.296395e+00	-9.047034e-01	-2.542210e+00	2.309451e+01	9.003534e+00	6.546151e+00	-2.571137e+00	1.126710e+00	-2.025532e+00
0.208000	-2.371311e+01	-9.111346e+00	-1.980654e+00	3.297996e+00	-8.924572e-01	-2.540058e+00	2.298624e+01	8.905805e+00	6.500102e+00	-2.571127e+00	1.097999e+00	-1.979391e+00
0.209000	-2.358037e+01	-8.987646e+00	-1.977002e+00	3.299489e+00	-8.802133e-01	-2.537881e+00	2.285204e+01	8.799090e+00	6.446618e+00	-2.571161e+00	1.068769e+00	-1.931735e+00
0.210000	-2.342197e+01	-8.854867e+00	-1.967460e+00	3.300876e+00	-8.679725e-01	-2.535682e+00	2.269234e+01	8.683822e+00	6.385679e+00	-2.571248e+00	1.039019e+00	-1.882537e+00
0.211000	-2.323864e+01	-8.713544e+00	-1.952105e+00	3.302155e+00	-8.557345e-01	-2.533461e+00	2.250788e+01	8.560540e+00	6.317333e+00	-2.571395e+00	1.008739e+00	-1.831767e+00
0.212000	-2.303114e+01	-8.564226e+00	-1.931027e+00	3.303329e+00	-8.434994e-01	-2.531217e+00	2.229943e+01	8.429803e+00	6.241634e+00	-2.571614e+00	9.779228e-01	-1.779390e+00
0.213000	-2.280012e+01	-8.407384e+00	-1.904288e+00	3.304396e+00	-8.312677e-01	-2.528953e+00	2.206763e+01	8.292082e+00	6.158627e+00	-2.571913e+00	9.465703e-01	-1.725386e+00
0.214000	-2.254658e+01	-8.243639e+00	-1.872037e+00	3.305359e+00	-8.190394e-01	-2.526669e+00	2.181352e+01	8.148009e+00	6.068417e+00	-2.572304e+00	9.146687e-01	-1.669711e+00
0.215000	-2.227144e+01	-8.073552e+00	-1.834411e+00	3.306216e+00	-8.068143e-01	-2.524365e+00	2.153802e+01	7.998149e+00	5.971119e+00	-2.572795e+00	8.822167e-01	-1.612343e+00
0.216000	-2.197570e+01	-7.897703e+00	-1.791566e+00	3.306972e+00	-7.945933e-01	-2.522042e+00	2.124213e+01	7.843091e+00	5.866853e+00	-2.573401e+00	8.492061e-01	-1.553244e+00
0.217000	-2.166038e+01	-7.716668e+00	-1.743666e+00	3.307625e+00	-7.823762e-01	-2.519702e+00	2.092689e+01	7.683406e+00	5.755764e+00	-2.574133e+00	8.156377e-01	-1.492396e+00
0.218000	-2.132666e+01	-7.531064e+00	-1.690923e+00	3.308176e+00	-7.701626e-01	-2.517344e+00	2.059348e+01	7.519725e+00	5.638024e+00	-2.575000e+00	7.815011e-01	-1.429757e+00
0.219000	-2.097567e+01	-7.341475e+00	-1.633534e+00	3.308627e+00	-7.579536e-01	-2.514969e+00	2.024306e+01	7.352632e+00	5.513812e+00	-2.576017e+00	7.467980e-01	-1.365309e+00
0.220000	-2.060856e+01	-7.148479e+00	-1.571713e+00	3.308976e+00	-7.457482e-01	-2.512578e+00	1.987678e+01	7.182707e+00	5.383305e+00	-2.577195e+00	7.115200e-01	-1.299013e+00
0.221000	-2.022658e+01	-6.952669e+00	-1.505700e+00	3.309230e+00	-7.335472e-01	-2.510173e+00	1.949590e+01	7.010546e+00	5.246726e+00	-2.578549e+00	6.756697e-01	-1.230854e+00
0.222000	-1.983093e+01	-6.754608e+00	-1.435729e+00	3.309386e+00	-7.213503e-01	-2.507752e+00	1.910164e+01	6.836717e+00	5.104279e+00	-2.580091e+00	6.392419e-01	-1.160797e+00
0.223000	-1.942290e+01	-6.554863e+00	-1.362057e+00	3.309444e+00	-7.091573e-01	-2.505317e+00	1.869529e+01	6.661789e+00	4.956183e+00	-2.581834e+00	6.022308e-01	-1.088809e+00
0.224000	-1.900363e+01	-6.353949e+00	-1.284920e+00	3.309410e+00	-6.969690e-01	-2.502869e+00	1.827801e+01	6.486280e+00	4.802657e+00	-2.583796e+00	5.646382e-01	-1.014868e+00
0.225000	-1.857439e+01	-6.152400e+00	-1.204580e+00	3.309280e+00	-6.847847e-01	-2.500409e+00	1.785110e+01	6.310718e+00	4.643947e+00	-2.585986e+00	5.264661e-01	-9.389585e-01
0.226000	-1.813643e+01	-5.950720e+00	-1.121305e+00	3.309058e+00	-6.726044e-01	-2.497936e+00	1.741579e+01	6.135613e+00	4.480288e+00	-2.588422e+00	4.877109e-01	-8.610469e-01
0.227000	-1.769094e+01	-5.749389e+00	-1.035355e+00	3.308745e+00	-6.604284e-01	-2.495451e+00	1.697330e+01	5.961443e+00	4.311918e+00	-2.591116e+00	4.483735e-01	-7.811118e-01
0.228000	-1.723910e+01	-5.548863e+00	-9.469921e-01	3.308343e+00	-6.482564e-01	-2.492956e+00	1.652484e+01	5.788662e+00	4.139084e+00	-2.594086e+00	4.084570e-01	-6.991361e-01
0.229000	-1.678205e+01	-5.349567e+00	-8.564703e-01	3.307852e+00	-6.360892e-01	-2.490450e+00	1.607154e+01	5.617698e+00	3.962008e+00	-2.597347e+00	3.679585e-01	-6.150869e-01
0.230000	-1.632086e+01	-5.151893e+00	-7.640387e-01	3.307273e+00	-6.239260e-01	-2.487934e+00	1.561450e+01	5.448935e+00	3.780927e+00	-2.600914e+00	3.268845e-01	-5.289551e-01
0.231000	-1.585669e+01	-4.956236e+00	-6.699616e-01	3.306609e+00	-6.117671e-01	-2.485408e+00	1.515488e+01	5.282762e+00	3.596100e+00	-2.604801e+00	2.852419e-01	-4.407305e-01
0.232000	-1.539050e+01	-4.762928e+00	-5.744722e-01	3.305861e+00	-5.996122e-01	-2.482873e+00	1.469366e+01	5.119505e+00	3.407742e+00	-2.609026e+00	2.430350e-01	-3.503968e-01
0.233000	-1.492342e+01	-4.572336e+00	-4.778414e-01	3.305029e+00	-5.874617e-01	-2.480329e+00	1.423199e+01	4.959535e+00	3.216096e+00	-2.613604e+00	2.002629e-01	-2.579254e-01
0.234000	-1.445628e+01	-4.384717e+00	-3.802748e-01	3.304115e+00	-5.753152e-01	-2.477777e+00	1.377072e+01	4.803096e+00	3.021367e+00	-2.618551e+00	1.569363e-01	-1.633148e-01
0.235000	-1.399009e+01	-4.200370e+00	-2.820209e-01	3.303123e+00	-5.631732e-01	-2.475217e+00	1.331085e+01	4.650484e+00	2.823784e+00	-2.623886e+00	1.130593e-01	-6.654620e-02
0.236000	-1.352565e+01	-4.019528e+00	-1.832868e-01	3.302051e+00	-5.510352e-01	-2.472650e+00	1.285322e+01	4.501919e+00	2.623559e+00	-2.629622e+00	6.864405e-02	3.237844e-02
0.237000	-1.306377e+01	-3.842406e+00	-8.428138e-02	3.300900e+00	-5.389012e-01	-2.470075e+00	1.239865e+01	4.357603e+00	2.420902e+00	-2.635774e+00	2.370411e-02	1.334546e-01
0.238000	-1.260523e+01	-3.669204e+00	1.479089e-02	3.299674e+00	-5.267717e-01	-2.467493e+00	1.194792e+01	4.217731e+00	2.216004e+00	-2.642361e+00	-2.175483e-02	2.366979e-01
0.239000	-1.215074e+01	-3.500095e+00	1.137378e-01	3.298372e+00	-5.146464e-01	-2.464905e+00	1.150177e+01	4.082462e+00	2.009059e+00	-2.649397e+00	-6.772107e-02	3.421077e-01
0.240000	-1.170097e+01	-3.335226e+00	2.123758e-01	3.296996e+00	-5.025257e-01	-2.462310e+00	1.106088e+01	3.951936e+00	1.800245e+00	-2.656899e+00	-1.141841e-01	4.496887e-01
0.241000	-1.125647e+01	-3.174704e+00	3.105490e-01	3.295547e+00	-4.904090e-01	-2.459708e+00	1.062581e+01	3.826234e+00	1.589745e+00	-2.664882e+00	-1.611215e-01	5.594145e-01
0.242000	-1.081785e+01	-3.018644e+00	4.080857e-01	3.294028e+00	-4.782969e-01	-2.457101e+00	1.019718e+01	3.705465e+00	1.377721e+00	-2.673363e+00	-2.085246e-01	6.712940e-01
0.243000	-1.038558e+01	-2.867120e+00	5.048416e-01	3.292438e+00	-4.661894e-01	-2.454487e+00	9.775497e+00	3.589679e+00	1.164346e+00	-2.682356e+00	-2.563700e-01	7.852991e-01
0.244000	-9.960176e+00	-2.720208e+00	6.006660e-01	3.290779e+00	-4.540860e-01	-2.451868e+00	9.361272e+00	3.478943e+00	9.497648e-01	-2.691876e+00	-3.046489e-01	9.014370e-01
0.245000	-9.541993e+00	-2.577935e+00	6.954437e-01	3.289053e+00	-4.419874e-01	-2.449243e+00	8.954878e+00	3.373251e+00	7.341415e-01	-2.701938e+00	-3.533289e-01	1.019658e+00
0.246000	-9.131410e+00	-2.440329e+00	7.890543e-01	3.287259e+00	-4.298933e-01	-2.446612e+00	8.556707e+00	3.272623e+00	5.175922e-01	-2.712556e+00	-4.024003e-01	1.139966e+00
0.247000	-8.728748e+00	-2.307401e+00	8.813870e-01	3.285401e+00	-4.178041e-01	-2.443975e+00	8.167093e+00	3.177040e+00	3.002658e-01	-2.723746e+00	-4.518351e-01	1.262322e+00
0.248000	-8.334336e+00	-2.179159e+00	9.723339e-01	3.283478e+00	-4.057197e-01	-2.441333e+00	7.786376e+00	3.086489e+00	8.230162e-02	-2.735518e+00	-5.016106e-01	1.386698e+00
0.249000	-7.948355e+00	-2.055567e+00	1.061819e+00	3.281492e+00	-3.936403e-01	-2.438685e+00	7.414751e+00	3.000911e+00	-1.361976e-01	-2.747887e+00	-5.517038e-01	1.513064e+00
0.250000	-7.571084e+00	-1.936616e+00	1.149743e+00	3.279444e+00	-3.815662e-01	-2.436032e+00	7.052507e+00	2.920271e+00	-3.550978e-01	-2.760867e+00	-6.020894e-01	1.641387e+00
0.251000	-7.202644e+00	-1.822249e+00	1.236046e+00	3.277334e+00	-3.694972e-01	-2.433373e+00	6.699773e+00	2.844471e+00	-5.742583e-01	-2.774463e+00	-6.527244e-01	1.771585e+00
0.252000	-6.843166e+00	-1.712415e+00	1.320666e+00	3.275165e+00	-3.574339e-01	-2.430707e+00	6.356694e+00	2.773447e+00	-7.936147e-01	-2.788693e+00	-7.035973e-01	1.903657e+00
0.253000	-6.492766e+00	-1.607056e+00	1.403544e+00	3.272937e+00	-3.453758e-01	-2.428036e+00	6.023393e+00	2.707098e+00	-1.013028e+00	-2.803564e+00	-7.546661e-01	2.037520e+00
0.254000	-6.151538e+00	-1.506106e+00	1.484628e+00	3.270650e+00	-3.333236e-01	-2.425360e+00	5.699969e+00	2.645330e+00	-1.232394e+00	-2.819082e+00	-8.059005e-01	2.173126e+00
0.255000	-5.819501e+00	-1.409482e+00	1.563882e+00	3.268306e+00	-3.212772e-01	-2.422677e+00	5.386454e+00	2.588024e+00	-1.451616e+00	-2.835259e+00	-8.572652e-01	2.310410e+00
0.256000	-5.496681e+00	-1.317102e+00	1.641272e+00	3.265905e+00	-3.092365e-01	-2.419987e+00	5.082878e+00	2.535068e+00	-1.670601e+00	-2.852102e+00	-9.087294e-01	2.449316e+00
0.257000	-5.183079e+00	-1.228879e+00	1.716770e+00	3.263448e+00	-2.972021e-01	-2.417291e+00	4.789248e+00	2.486337e+00	-1.889253e+00	-2.869617e+00	-9.602567e-01	2.589773e+00
0.258000	-4.878706e+00	-1.144727e+00	1.790346e+00	3.260937e+00	-2.851746e-01	-2.414589e+00	4.505576e+00	2.441702e+00	-2.107440e+00	-2.887807e+00	-1.011800e+00	2.731683e+00
0.259000	-4.583446e+00	-1.064533e+00	1.862001e+00	3.258371e+00	-2.731534e-01	-2.411879e+00	4.231753e+00	2.401017e+00	-2.325113e+00	-2.906679e+00	-1.063330e+00	2.874990e+00
0.260000	-4.297282e+00	-9.882075e-01	1.931715e+00	3.255752e+00	-2.611392e-01	-2.409163e+00	3.967763e+00	2.364139e+00	-2.542125e+00	-2.926233e+00	-1.114792e+00	3.019573e+00
0.261000	-4.020110e+00	-9.156406e-01	1.999486e+00	3.253081e+00	-2.491321e-01	-2.406439e+00	3.713499e+00	2.330920e+00	-2.758392e+00	-2.946470e+00	-1.166147e+00	3.165344e+00
0.262000	-3.751829e+00	-8.467260e-01	2.065317e+00	3.250358e+00	-2.371324e-01	-2.403706e+00	3.468865e+00	2.301218e+00	-2.973840e+00	-2.967394e+00	-1.217360e+00	3.312229e+00
0.263000	-3.492351e+00	-7.813618e-01	2.129206e+00	3.247585e+00	-2.251402e-01	-2.400966e+00	3.233765e+00	2.274870e+00	-3.188320e+00	-2.988998e+00	-1.268368e+00	3.460080e+00
0.264000	-3.241558e+00	-7.194415e-01	2.191158e+00	3.244761e+00	-2.131560e-01	-2.398217e+00	3.008080e+00	2.251735e+00	-3.401760e+00	-3.011283e+00	-1.319138e+00	3.608819e+00
0.265000	-2.999306e+00	-6.608534e-01	2.251189e+00	3.241886e+00	-2.011797e-01	-2.395461e+00	2.791665e+00	2.231663e+00	-3.614084e+00	-3.034245e+00	-1.369630e+00	3.758356e+00
0.266000	-2.765453e+00	-6.054891e-01	2.309313e+00	3.238964e+00	-1.892119e-01	-2.392695e+00	2.584363e+00	2.214480e+00	-3.825137e+00	-3.057874e+00	-1.419779e+00	3.908520e+00
0.267000	-2.539833e+00	-5.532367e-01	2.365550e+00	3.235992e+00	-1.772528e-01	-2.389920e+00	2.386006e+00	2.200033e+00	-4.034843e+00	-3.082166e+00	-1.469544e+00	4.059213e+00
0.268000	-2.322311e+00	-5.039937e-01	2.419915e+00	3.232973e+00	-1.653026e-01	-2.387136e+00	2.196444e+00	2.188159e+00	-4.243052e+00	-3.107106e+00	-1.518863e+00	4.210272e+00
0.269000	-2.112717e+00	-4.576519e-01	2.472433e+00	3.229906e+00	-1.533615e-01	-2.384341e+00	2.015497e+00	2.178710e+00	-4.449686e+00	-3.132686e+00	-1.567696e+00	4.361594e+00
0.270000	-1.910878e+00	-4.141048e-01	2.523130e+00	3.226793e+00	-1.414301e-01	-2.381536e+00	1.842980e+00	2.171523e+00	-4.654620e+00	-3.158895e+00	-1.615988e+00	4.513026e+00
0.271000	-1.716610e+00	-3.732457e-01	2.572035e+00	3.223633e+00	-1.295084e-01	-2.378721e+00	1.678693e+00	2.166443e+00	-4.857744e+00	-3.185716e+00	-1.663689e+00	4.664431e+00
0.272000	-1.529747e+00	-3.349746e-01	2.619172e+00	3.220427e+00	-1.175969e-01	-2.375895e+00	1.522447e+00	2.163299e+00	-5.058887e+00	-3.213127e+00	-1.710728e+00	4.815609e+00
0.273000	-1.350113e+00	-2.991914e-01	2.664572e+00	3.217177e+00	-1.056959e-01	-2.373056e+00	1.374050e+00	2.161954e+00	-5.257962e+00	-3.241114e+00	-1.757067e+00	4.966446e+00
0.274000	-1.177521e+00	-2.657963e-01	2.708268e+00	3.213883e+00	-9.380569e-02	-2.370206e+00	1.233295e+00	2.162247e+00	-5.454827e+00	-3.269657e+00	-1.802645e+00	5.116766e+00
0.275000	-1.011788e+00	-2.346923e-01	2.750292e+00	3.210545e+00	-8.192653e-02	-2.367345e+00	1.099976e+00	2.164035e+00	-5.649370e+00	-3.298733e+00	-1.847416e+00	5.266423e+00
0.276000	-8.527189e-01	-2.057825e-01	2.790679e+00	3.207161e+00	-7.005892e-02	-2.364470e+00	9.738702e-01	2.167156e+00	-5.841431e+00	-3.328312e+00	-1.891314e+00	5.415222e+00
0.277000	-7.001449e-01	-1.789780e-01	2.829462e+00	3.203734e+00	-5.820294e-02	-2.361582e+00	8.547812e-01	2.171472e+00	-6.030879e+00	-3.358371e+00	-1.934291e+00	5.562999e+00
0.278000	-5.538821e-01	-1.541887e-01	2.866673e+00	3.200266e+00	-4.635920e-02	-2.358681e+00	7.424972e-01	2.176840e+00	-6.217577e+00	-3.388881e+00	-1.976292e+00	5.709584e+00
0.279000	-4.137426e-01	-1.313260e-01	2.902351e+00	3.196756e+00	-3.452767e-02	-2.355766e+00	6.367962e-01	2.183113e+00	-6.401370e+00	-3.419809e+00	-2.017260e+00	5.854784e+00
0.280000	-2.795537e-01	-1.103069e-01	2.936529e+00	3.193202e+00	-2.270903e-02	-2.352836e+00	5.374711e-01	2.190150e+00	-6.582092e+00	-3.451120e+00	-2.057134e+00	5.998399e+00
0.281000	-1.511222e-01	-9.104636e-02	2.969245e+00	3.189607e+00	-1.090352e-02	-2.349891e+00	4.442973e-01	2.197828e+00	-6.759640e+00	-3.482782e+00	-2.095878e+00	6.140286e+00
0.282000	-2.828351e-02	-7.346697e-02	3.000535e+00	3.185972e+00	8.884668e-04	-2.346932e+00	3.570695e-01	2.206005e+00	-6.933829e+00	-3.514758e+00	-2.133427e+00	6.280227e+00
0.283000	8.913815e-02	-5.749173e-02	3.030431e+00	3.182295e+00	1.266681e-02	-2.343957e+00	2.755719e-01	2.214557e+00	-7.104507e+00	-3.547005e+00	-2.169732e+00	6.418033e+00
0.284000	2.013217e-01	-4.304454e-02	3.058974e+00	3.178579e+00	2.443096e-02	-2.340966e+00	1.995888e-01	2.223364e+00	-7.271549e+00	-3.579489e+00	-2.204750e+00	6.553540e+00
0.285000	3.084262e-01	-3.005505e-02	3.086197e+00	3.174822e+00	3.618060e-02	-2.337959e+00	1.289127e-01	2.232298e+00	-7.434767e+00	-3.612161e+00	-2.238424e+00	6.686529e+00
0.286000	4.106353e-01	-1.845087e-02	3.112138e+00	3.171025e+00	4.791517e-02	-2.334933e+00	6.331849e-02	2.241245e+00	-7.594025e+00	-3.644979e+00	-2.270710e+00	6.816821e+00
0.287000	5.080916e-01	-8.168478e-03	3.136827e+00	3.167190e+00	5.963472e-02	-2.331892e+00	2.611279e-03	2.250092e+00	-7.749148e+00	-3.677893e+00	-2.301558e+00	6.944212e+00
0.288000	6.009687e-01	8.591861e-04	3.160304e+00	3.163314e+00	7.133865e-02	-2.328832e+00	-5.342805e-02	2.258728e+00	-7.899987e+00	-3.710855e+00	-2.330926e+00	7.068515e+00
0.289000	6.894171e-01	8.693006e-03	3.182602e+00	3.159401e+00	8.302660e-02	-2.325755e+00	-1.049929e-01	2.267062e+00	-8.046421e+00	-3.743825e+00	-2.358782e+00	7.189574e+00
0.290000	7.735929e-01	1.539337e-02	3.203754e+00	3.155449e+00	9.469827e-02	-2.322658e+00	-1.522977e-01	2.274984e+00	-8.188263e+00	-3.776744e+00	-2.385075e+00	7.307167e+00
0.291000	8.536425e-01	2.101733e-02	3.223797e+00	3.151461e+00	1.063532e-01	-2.319544e+00	-1.955410e-01	2.282400e+00	-8.325370e+00	-3.809562e+00	-2.409770e+00	7.421117e+00
0.292000	9.297161e-01	2.562097e-02	3.242759e+00	3.147433e+00	1.179913e-01	-2.316409e+00	-2.349260e-01	2.289219e+00	-8.457588e+00	-3.842223e+00	-2.432831e+00	7.531238e+00
0.293000	1.001953e+00	2.925660e-02	3.260678e+00	3.143369e+00	1.296121e-01	-2.313255e+00	-2.706469e-01	2.295359e+00	-8.584782e+00	-3.874675e+00	-2.454228e+00	7.637359e+00
0.294000	1.070493e+00	3.197521e-02	3.277582e+00	3.139267e+00	1.412151e-01	-2.310081e+00	-3.028984e-01	2.300740e+00	-8.706807e+00	-3.906863e+00	-2.473930e+00	7.739306e+00
0.295000	1.135471e+00	3.382585e-02	3.293504e+00	3.135130e+00	1.528001e-01	-2.306886e+00	-3.318704e-01	2.305285e+00	-8.823530e+00	-3.938730e+00	-2.491911e+00	7.836912e+00
0.296000	1.197018e+00	3.485510e-02	3.308475e+00	3.130955e+00	1.643666e-01	-2.303671e+00	-3.577533e-01	2.308925e+00	-8.934813e+00	-3.970220e+00	-2.508147e+00	7.930008e+00
0.297000	1.255258e+00	3.510712e-02	3.322523e+00	3.126745e+00	1.759143e-01	-2.300434e+00	-3.807274e-01	2.311596e+00	-9.040536e+00	-4.001276e+00	-2.522618e+00	8.018447e+00
0.298000	1.310314e+00	3.462475e-02	3.335680e+00	3.122499e+00	1.874431e-01	-2.297176e+00	-4.009783e-01	2.313233e+00	-9.140561e+00	-4.031835e+00	-2.535301e+00	8.102057e+00
0.299000	1.362313e+00	3.344965e-02	3.347974e+00	3.118217e+00	1.989523e-01	-2.293895e+00	-4.186844e-01	2.313785e+00	-9.234783e+00	-4.061846e+00	-2.546187e+00	8.180704e+00
0.300000	1.411366e+00	3.162044e-02	3.359432e+00	3.113901e+00	2.104420e-01	-2.290592e+00	-4.340142e-01	2.313209e+00	-9.323122e+00	-4.091253e+00	-2.555272e+00	8.254282e+00
0.301000	1.457589e+00	2.917470e-02	3.370084e+00	3.109549e+00	2.219114e-01	-2.287267e+00	-4.471543e-01	2.311435e+00	-9.405387e+00	-4.119983e+00	-2.562521e+00	8.322571e+00
0.302000	1.501086e+00	2.614768e-02	3.379953e+00	3.105162e+00	2.333603e-01	-2.283919e+00	-4.582489e-01	2.308454e+00	-9.481584e+00	-4.147999e+00	-2.567962e+00	8.385550e+00
0.303000	1.541972e+00	2.257454e-02	3.389070e+00	3.100741e+00	2.447886e-01	-2.280548e+00	-4.674808e-01	2.304214e+00	-9.551577e+00	-4.175232e+00	-2.571577e+00	8.443054e+00
0.304000	1.580340e+00	1.848649e-02	3.397457e+00	3.096286e+00	2.561957e-01	-2.277153e+00	-4.749935e-01	2.298692e+00	-9.615300e+00	-4.201632e+00	-2.573375e+00	8.494997e+00
0.305000	1.616294e+00	1.391548e-02	3.405140e+00	3.091797e+00	2.675814e-01	-2.273735e+00	-4.809550e-01	2.291854e+00	-9.672655e+00	-4.227137e+00	-2.573351e+00	8.541249e+00
0.306000	1.649930e+00	8.890703e-03	3.412143e+00	3.087276e+00	2.789454e-01	-2.270292e+00	-4.855070e-01	2.283690e+00	-9.723614e+00	-4.251698e+00	-2.571527e+00	8.581763e+00
0.307000	1.681340e+00	3.440518e-03	3.418490e+00	3.082719e+00	2.902871e-01	-2.266825e+00	-4.887956e-01	2.274187e+00	-9.768129e+00	-4.275263e+00	-2.567915e+00	8.616464e+00
0.308000	1.710613e+00	-2.408240e-03	3.424202e+00	3.078130e+00	3.016064e-01	-2.263332e+00	-4.909633e-01	2.263330e+00	-9.806142e+00	-4.297779e+00	-2.562529e+00	8.645272e+00
0.309000	1.737837e+00	-8.629818e-03	3.429304e+00	3.073508e+00	3.129030e-01	-2.259816e+00	-4.921530e-01	2.251111e+00	-9.837609e+00	-4.319192e+00	-2.555384e+00	8.668121e+00
0.310000	1.763095e+00	-1.520023e-02	3.433816e+00	3.068854e+00	3.241766e-01	-2.256274e+00	-4.924819e-01	2.237545e+00	-9.862572e+00	-4.339467e+00	-2.546521e+00	8.685030e+00
0.311000	1.786468e+00	-2.209611e-02	3.437760e+00	3.064165e+00	3.354267e-01	-2.252707e+00	-4.920887e-01	2.222621e+00	-9.880961e+00	-4.358544e+00	-2.535952e+00	8.695909e+00
0.312000	1.808033e+00	-2.929523e-02	3.441156e+00	3.059445e+00	3.466530e-01	-2.249115e+00	-4.910942e-01	2.206351e+00	-9.892784e+00	-4.376384e+00	-2.523709e+00	8.700743e+00
0.313000	1.827865e+00	-3.677689e-02	3.444023e+00	3.054694e+00	3.578552e-01	-2.245496e+00	-4.896123e-01	2.188750e+00	-9.898064e+00	-4.392946e+00	-2.509828e+00	8.699536e+00
0.314000	1.846037e+00	-4.452109e-02	3.446380e+00	3.049910e+00	3.690332e-01	-2.241851e+00	-4.877560e-01	2.169837e+00	-9.896834e+00	-4.408191e+00	-2.494349e+00	8.692307e+00
0.315000	1.862617e+00	-5.250945e-02	3.448246e+00	3.045094e+00	3.801864e-01	-2.238181e+00	-4.856312e-01	2.149631e+00	-9.889111e+00	-4.422080e+00	-2.477308e+00	8.679045e+00
0.316000	1.877675e+00	-6.072332e-02	3.449641e+00	3.040248e+00	3.913148e-01	-2.234485e+00	-4.833460e-01	2.128150e+00	-9.874922e+00	-4.434577e+00	-2.458742e+00	8.659765e+00
0.317000	1.891275e+00	-6.914549e-02	3.450580e+00	3.035369e+00	4.024177e-01	-2.230762e+00	-4.809909e-01	2.105431e+00	-9.854346e+00	-4.445653e+00	-2.438704e+00	8.634527e+00
0.318000	1.903479e+00	-7.776001e-02	3.451081e+00	3.030462e+00	4.134950e-01	-2.227011e+00	-4.786594e-01	2.081503e+00	-9.827436e+00	-4.455282e+00	-2.417238e+00	8.603367e+00
0.319000	1.914348e+00	-8.655159e-02	3.451160e+00	3.025522e+00	4.245462e-01	-2.223235e+00	-4.764330e-01	2.056407e+00	-9.794294e+00	-4.463437e+00	-2.394402e+00	8.566369e+00
0.320000	1.923939e+00	-9.550577e-02	3.450835e+00	3.020551e+00	4.355714e-01	-2.219432e+00	-4.743986e-01	2.030174e+00	-9.754980e+00	-4.470092e+00	-2.370240e+00	8.523578e+00
0.321000	1.932308e+00	-1.046086e-01	3.450118e+00	3.015551e+00	4.465700e-01	-2.215602e+00	-4.726384e-01	2.002839e+00	-9.709559e+00	-4.475221e+00	-2.344800e+00	8.475044e+00
0.322000	1.939510e+00	-1.138470e-01	3.449025e+00	3.010518e+00	4.575418e-01	-2.211745e+00	-4.712114e-01	1.974457e+00	-9.658189e+00	-4.478817e+00	-2.318152e+00	8.420908e+00
0.323000	1.945595e+00	-1.232084e-01	3.447572e+00	3.005456e+00	4.684863e-01	-2.207860e+00	-4.701874e-01	1.945071e+00	-9.600965e+00	-4.480864e+00	-2.290349e+00	8.361253e+00
0.324000	1.950612e+00	-1.326814e-01	3.445772e+00	3.000364e+00	4.794033e-01	-2.203949e+00	-4.696283e-01	1.914724e+00	-9.537994e+00	-4.481348e+00	-2.261446e+00	8.296171e+00
0.325000	1.954611e+00	-1.422545e-01	3.443638e+00	2.995242e+00	4.902925e-01	-2.200010e+00	-4.695888e-01	1.883471e+00	-9.469431e+00	-4.480265e+00	-2.231509e+00	8.225803e+00
0.326000	1.957638e+00	-1.519175e-01	3.441184e+00	2.990090e+00	5.011539e-01	-2.196044e+00	-4.701233e-01	1.851357e+00	-9.395385e+00	-4.477605e+00	-2.200593e+00	8.150245e+00
0.327000	1.959736e+00	-1.616601e-01	3.438422e+00	2.984908e+00	5.119866e-01	-2.192051e+00	-4.712675e-01	1.818447e+00	-9.316051e+00	-4.473377e+00	-2.168774e+00	8.069680e+00
0.328000	1.960948e+00	-1.714731e-01	3.435364e+00	2.979695e+00	5.227905e-01	-2.188030e+00	-4.730761e-01	1.784780e+00	-9.231524e+00	-4.467567e+00	-2.136097e+00	7.984190e+00
0.329000	1.961316e+00	-1.813473e-01	3.432022e+00	2.974454e+00	5.335655e-01	-2.183982e+00	-4.755754e-01	1.750422e+00	-9.142007e+00	-4.460195e+00	-2.102640e+00	7.893968e+00
0.330000	1.960878e+00	-1.912745e-01	3.428409e+00	2.969183e+00	5.443111e-01	-2.179908e+00	-4.787962e-01	1.715428e+00	-9.047662e+00	-4.451265e+00	-2.068464e+00	7.799160e+00
0.331000	1.959672e+00	-2.012467e-01	3.424534e+00	2.963882e+00	5.550269e-01	-2.175805e+00	-4.827743e-01	1.679847e+00	-8.948637e+00	-4.440780e+00	-2.033628e+00	7.699908e+00
0.332000	1.957735e+00	-2.112560e-01	3.420408e+00	2.958553e+00	5.657128e-01	-2.171675e+00	-4.875314e-01	1.643739e+00	-8.845114e+00	-4.428757e+00	-1.998196e+00	7.596380e+00
0.333000	1.955101e+00	-2.212960e-01	3.416043e+00	2.953195e+00	5.763686e-01	-2.167519e+00	-4.930806e-01	1.607165e+00	-8.737294e+00	-4.415215e+00	-1.962238e+00	7.488770e+00
0.334000	1.951805e+00	-2.313594e-01	3.411447e+00	2.947806e+00	5.869935e-01	-2.163335e+00	-4.994404e-01	1.570179e+00	-8.625351e+00	-4.400170e+00	-1.925813e+00	7.377239e+00
0.335000	1.947877e+00	-2.414401e-01	3.406629e+00	2.942388e+00	5.975873e-01	-2.159123e+00	-5.066264e-01	1.532835e+00	-8.509459e+00	-4.383639e+00	-1.888982e+00	7.261953e+00
0.336000	1.943350e+00	-2.515324e-01	3.401600e+00	2.936941e+00	6.081501e-01	-2.154885e+00	-5.146358e-01	1.495196e+00	-8.389840e+00	-4.365656e+00	-1.851813e+00	7.143124e+00
0.337000	1.938254e+00	-2.616302e-01	3.396369e+00	2.931464e+00	6.186810e-01	-2.150619e+00	-5.234811e-01	1.457311e+00	-8.266663e+00	-4.346236e+00	-1.814362e+00	7.020913e+00
0.338000	1.932616e+00	-2.717287e-01	3.390944e+00	2.925959e+00	6.291804e-01	-2.146327e+00	-5.331528e-01	1.419243e+00	-8.140157e+00	-4.325421e+00	-1.776695e+00	6.895540e+00
0.339000	1.926464e+00	-2.818226e-01	3.385333e+00	2.920424e+00	6.396471e-01	-2.142007e+00	-5.436651e-01	1.381033e+00	-8.010455e+00	-4.303223e+00	-1.738858e+00	6.767130e+00
0.340000	1.919824e+00	-2.919072e-01	3.379544e+00	2.914860e+00	6.500813e-01	-2.137661e+00	-5.549957e-01	1.342747e+00	-7.877818e+00	-4.279688e+00	-1.700921e+00	6.635935e+00
0.341000	1.912723e+00	-3.019782e-01	3.373585e+00	2.909266e+00	6.604824e-01	-2.133288e+00	-5.671388e-01	1.304433e+00	-7.742427e+00	-4.254850e+00	-1.662938e+00	6.502131e+00
0.342000	1.905184e+00	-3.120311e-01	3.367465e+00	2.903645e+00	6.708503e-01	-2.128889e+00	-5.800850e-01	1.266142e+00	-7.604475e+00	-4.228744e+00	-1.624961e+00	6.365899e+00
0.343000	1.897231e+00	-3.220623e-01	3.361189e+00	2.897995e+00	6.811847e-01	-2.124463e+00	-5.938256e-01	1.227918e+00	-7.464141e+00	-4.201400e+00	-1.587040e+00	6.227415e+00
0.344000	1.888885e+00	-3.320681e-01	3.354764e+00	2.892315e+00	6.914851e-01	-2.120010e+00	-6.083354e-01	1.189816e+00	-7.321651e+00	-4.172864e+00	-1.549233e+00	6.086897e+00
0.345000	1.880169e+00	-3.420450e-01	3.348198e+00	2.886606e+00	7.017511e-01	-2.115532e+00	-6.236010e-01	1.151878e+00	-7.177183e+00	-4.143174e+00	-1.511584e+00	5.944517e+00
0.346000	1.871104e+00	-3.519900e-01	3.341497e+00	2.880868e+00	7.119825e-01	-2.111027e+00	-6.395968e-01	1.114154e+00	-7.030948e+00	-4.112375e+00	-1.474147e+00	5.800479e+00
0.347000	1.861709e+00	-3.618997e-01	3.334667e+00	2.875100e+00	7.221786e-01	-2.106497e+00	-6.563027e-01	1.076683e+00	-6.883121e+00	-4.080507e+00	-1.436962e+00	5.654951e+00
0.348000	1.852003e+00	-3.717715e-01	3.327714e+00	2.869304e+00	7.323394e-01	-2.101941e+00	-6.736947e-01	1.039506e+00	-6.733891e+00	-4.047613e+00	-1.400074e+00	5.508118e+00
0.349000	1.842004e+00	-3.816029e-01	3.320644e+00	2.863479e+00	7.424647e-01	-2.097359e+00	-6.917435e-01	1.002665e+00	-6.583450e+00	-4.013739e+00	-1.363527e+00	5.360165e+00
0.350000	1.831730e+00	-3.913909e-01	3.313462e+00	2.857624e+00	7.525535e-01	-2.092751e+00	-7.104282e-01	9.661934e-01	-6.431963e+00	-3.978926e+00	-1.327356e+00	5.211252e+00
0.351000	1.821198e+00	-4.011336e-01	3.306174e+00	2.851739e+00	7.626059e-01	-2.088119e+00	-7.297163e-01	9.301287e-01	-6.279615e+00	-3.943221e+00	-1.291601e+00	5.061559e+00
0.352000	1.810424e+00	-4.108285e-01	3.298784e+00	2.845827e+00	7.726215e-01	-2.083460e+00	-7.495774e-01	8.945059e-01	-6.126586e+00	-3.906673e+00	-1.256299e+00	4.911262e+00
0.353000	1.799423e+00	-4.204737e-01	3.291299e+00	2.839884e+00	7.825996e-01	-2.078777e+00	-7.699891e-01	8.593513e-01	-5.973021e+00	-3.869318e+00	-1.221477e+00	4.760499e+00
0.354000	1.788210e+00	-4.300671e-01	3.283721e+00	2.833913e+00	7.925400e-01	-2.074068e+00	-7.909185e-01	8.246953e-01	-5.819083e+00	-3.831204e+00	-1.187168e+00	4.609430e+00
0.355000	1.776800e+00	-4.396075e-01	3.276057e+00	2.827911e+00	8.024424e-01	-2.069336e+00	-8.123229e-01	7.905735e-01	-5.664975e+00	-3.792387e+00	-1.153408e+00	4.458254e+00
0.356000	1.765205e+00	-4.490927e-01	3.268310e+00	2.821880e+00	8.123062e-01	-2.064579e+00	-8.341762e-01	7.570073e-01	-5.510827e+00	-3.752909e+00	-1.120221e+00	4.307096e+00
0.357000	1.753440e+00	-4.585217e-01	3.260484e+00	2.815820e+00	8.221313e-01	-2.059798e+00	-8.564521e-01	7.240167e-01	-5.356769e+00	-3.712808e+00	-1.087626e+00	4.156082e+00
0.358000	1.741517e+00	-4.678926e-01	3.252585e+00	2.809731e+00	8.319171e-01	-2.054992e+00	-8.791021e-01	6.916342e-01	-5.203002e+00	-3.672146e+00	-1.055659e+00	4.005408e+00
0.359000	1.729449e+00	-4.772042e-01	3.244615e+00	2.803611e+00	8.416631e-01	-2.050162e+00	-9.021165e-01	6.598653e-01	-5.049585e+00	-3.630943e+00	-1.024324e+00	3.855132e+00
0.360000	1.717245e+00	-4.864556e-01	3.236578e+00	2.797461e+00	8.513691e-01	-2.045309e+00	-9.254448e-01	6.287376e-01	-4.896704e+00	-3.589261e+00	-9.936510e-01	3.705434e+00
0.361000	1.704917e+00	-4.956456e-01	3.228479e+00	2.791283e+00	8.610349e-01	-2.040433e+00	-9.490672e-01	5.982610e-01	-4.744452e+00	-3.547132e+00	-9.636502e-01	3.556405e+00
0.362000	1.692477e+00	-5.047730e-01	3.220320e+00	2.785074e+00	8.706596e-01	-2.035532e+00	-9.729372e-01	5.684577e-01	-4.592993e+00	-3.504613e+00	-9.343443e-01	3.408206e+00
0.363000	1.679934e+00	-5.138368e-01	3.212104e+00	2.778835e+00	8.802431e-01	-2.030610e+00	-9.970217e-01	5.393408e-01	-4.442447e+00	-3.461747e+00	-9.057470e-01	3.260952e+00
0.364000	1.667297e+00	-5.228363e-01	3.203835e+00	2.772566e+00	8.897848e-01	-2.025664e+00	-1.021305e+00	5.109124e-01	-4.292873e+00	-3.418558e+00	-8.778608e-01	3.114701e+00
0.365000	1.654579e+00	-5.317705e-01	3.195517e+00	2.766268e+00	8.992843e-01	-2.020695e+00	-1.045745e+00	4.831890e-01	-4.144418e+00	-3.375102e+00	-8.507028e-01	2.969596e+00
0.366000	1.641783e+00	-5.406389e-01	3.187151e+00	2.759939e+00	9.087411e-01	-2.015704e+00	-1.070313e+00	4.561749e-01	-3.997160e+00	-3.331409e+00	-8.242771e-01	2.825713e+00
0.367000	1.628923e+00	-5.494404e-01	3.178741e+00	2.753581e+00	9.181551e-01	-2.010690e+00	-1.094977e+00	4.298799e-01	-3.851216e+00	-3.287527e+00	-7.985946e-01	2.683166e+00
0.368000	1.616004e+00	-5.581751e-01	3.170290e+00	2.747193e+00	9.275260e-01	-2.005655e+00	-1.119712e+00	4.043050e-01	-3.706651e+00	-3.243486e+00	-7.736559e-01	2.542017e+00
0.369000	1.603037e+00	-5.668420e-01	3.161799e+00	2.740775e+00	9.368529e-01	-2.000598e+00	-1.144481e+00	3.794590e-01	-3.563581e+00	-3.199332e+00	-7.494698e-01	2.402380e+00
0.370000	1.590026e+00	-5.754404e-01	3.153271e+00	2.734326e+00	9.461352e-01	-1.995519e+00	-1.169264e+00	3.553380e-01	-3.422048e+00	-3.155089e+00	-7.260327e-01	2.264296e+00
0.371000	1.576980e+00	-5.839704e-01	3.144710e+00	2.727848e+00	9.553732e-01	-1.990419e+00	-1.194031e+00	3.319457e-01	-3.282143e+00	-3.110797e+00	-7.033484e-01	2.127852e+00
0.372000	1.563906e+00	-5.924312e-01	3.136117e+00	2.721339e+00	9.645656e-01	-1.985297e+00	-1.218757e+00	3.092806e-01	-3.143927e+00	-3.066488e+00	-6.814150e-01	1.993107e+00
0.373000	1.550810e+00	-6.008227e-01	3.127494e+00	2.714799e+00	9.737127e-01	-1.980155e+00	-1.243407e+00	2.873444e-01	-3.007485e+00	-3.022202e+00	-6.602343e-01	1.860146e+00
0.374000	1.537698e+00	-6.091447e-01	3.118843e+00	2.708230e+00	9.828138e-01	-1.974992e+00	-1.267976e+00	2.661264e-01	-2.872821e+00	-2.977951e+00	-6.397954e-01	1.728971e+00
0.375000	1.524577e+00	-6.173966e-01	3.110166e+00	2.701630e+00	9.918684e-01	-1.969808e+00	-1.292419e+00	2.456327e-01	-2.740055e+00	-2.933788e+00	-6.201045e-01	1.599697e+00
0.376000	1.511451e+00	-6.255783e-01	3.101465e+00	2.695000e+00	1.000876e+00	-1.964604e+00	-1.316726e+00	2.258518e-01	-2.609189e+00	-2.889725e+00	-6.011496e-01	1.472329e+00
0.377000	1.498330e+00	-6.336896e-01	3.092742e+00	2.688339e+00	1.009836e+00	-1.959380e+00	-1.340873e+00	2.067803e-01	-2.480285e+00	-2.845796e+00	-5.829271e-01	1.346923e+00
0.378000	1.485215e+00	-6.417301e-01	3.083999e+00	2.681648e+00	1.018749e+00	-1.954136e+00	-1.364831e+00	1.884140e-01	-2.353395e+00	-2.802032e+00	-5.654324e-01	1.223532e+00
0.379000	1.472111e+00	-6.497003e-01	3.075237e+00	2.674928e+00	1.027613e+00	-1.948872e+00	-1.388589e+00	1.707415e-01	-2.228528e+00	-2.758450e+00	-5.486543e-01	1.102163e+00
0.380000	1.459025e+00	-6.575997e-01	3.066458e+00	2.668177e+00	1.036429e+00	-1.943589e+00	-1.412122e+00	1.537579e-01	-2.105736e+00	-2.715080e+00	-5.325868e-01	9.828672e-01
0.381000	1.445960e+00	-6.654280e-01	3.057663e+00	2.661395e+00	1.045195e+00	-1.938287e+00	-1.435421e+00	1.374503e-01	-1.985018e+00	-2.671934e+00	-5.172172e-01	8.656419e-01
0.382000	1.432921e+00	-6.731858e-01	3.048856e+00	2.654582e+00	1.053912e+00	-1.932967e+00	-1.458455e+00	1.218145e-01	-1.866435e+00	-2.629048e+00	-5.025405e-01	7.505463e-01
0.383000	1.419912e+00	-6.808723e-01	3.040034e+00	2.647741e+00	1.062579e+00	-1.927627e+00	-1.481214e+00	1.068389e-01	-1.749993e+00	-2.586438e+00	-4.885452e-01	6.375860e-01
0.384000	1.406936e+00	-6.884882e-01	3.031200e+00	2.640868e+00	1.071195e+00	-1.922268e+00	-1.503685e+00	9.251152e-02	-1.635698e+00	-2.544119e+00	-4.752181e-01	5.267659e-01
0.385000	1.394000e+00	-6.960331e-01	3.022356e+00	2.633965e+00	1.079760e+00	-1.916892e+00	-1.525858e+00	7.882053e-02	-1.523557e+00	-2.502106e+00	-4.625475e-01	4.180917e-01
0.386000	1.381104e+00	-7.035074e-01	3.013504e+00	2.627031e+00	1.088274e+00	-1.911497e+00	-1.547704e+00	6.575958e-02	-1.413616e+00	-2.460430e+00	-4.505261e-01	3.116094e-01
0.387000	1.368253e+00	-7.109108e-01	3.004643e+00	2.620068e+00	1.096736e+00	-1.906085e+00	-1.569227e+00	5.331116e-02	-1.305840e+00	-2.419094e+00	-4.391365e-01	2.072813e-01
0.388000	1.355452e+00	-7.182438e-01	2.995776e+00	2.613075e+00	1.105146e+00	-1.900655e+00	-1.590402e+00	4.146814e-02	-1.200270e+00	-2.378124e+00	-4.283706e-01	1.051490e-01
0.389000	1.342701e+00	-7.255063e-01	2.986903e+00	2.606051e+00	1.113504e+00	-1.895208e+00	-1.611225e+00	3.021552e-02	-1.096887e+00	-2.337527e+00	-4.182128e-01	5.191982e-03
0.390000	1.330006e+00	-7.326980e-01	2.978025e+00	2.598997e+00	1.121808e+00	-1.889743e+00	-1.631688e+00	1.953990e-02	-9.956837e-01	-2.297315e+00	-4.086494e-01	-9.259814e-02
0.391000	1.317366e+00	-7.398198e-01	2.969142e+00	2.591914e+00	1.130058e+00	-1.884262e+00	-1.651776e+00	9.430051e-03	-8.966684e-01	-2.257503e+00	-3.996686e-01	-1.882119e-01
0.392000	1.304786e+00	-7.468713e-01	2.960257e+00	2.584801e+00	1.138255e+00	-1.878764e+00	-1.671482e+00	-1.272932e-04	-7.998328e-01	-2.218105e+00	-3.912566e-01	-2.816603e-01
0.393000	1.292269e+00	-7.538528e-01	2.951369e+00	2.577657e+00	1.146397e+00	-1.873249e+00	-1.690801e+00	-9.145647e-03	-7.051659e-01	-2.179126e+00	-3.833990e-01	-3.729541e-01
0.394000	1.279817e+00	-7.607645e-01	2.942480e+00	2.570484e+00	1.154485e+00	-1.867719e+00	-1.709721e+00	-1.763740e-02	-6.126649e-01	-2.140580e+00	-3.760829e-01	-4.620961e-01
0.395000	1.267432e+00	-7.676064e-01	2.933590e+00	2.563282e+00	1.162517e+00	-1.862172e+00	-1.728243e+00	-2.561761e-02	-5.223021e-01	-2.102471e+00	-3.692929e-01	-5.491156e-01
0.396000	1.255116e+00	-7.743790e-01	2.924700e+00	2.556050e+00	1.170493e+00	-1.856610e+00	-1.746357e+00	-3.309873e-02	-4.340710e-01	-2.064809e+00	-3.630157e-01	-6.340189e-01
0.397000	1.242870e+00	-7.810823e-01	2.915810e+00	2.548789e+00	1.178414e+00	-1.851032e+00	-1.764056e+00	-4.009348e-02	-3.479627e-01	-2.027602e+00	-3.572381e-01	-7.168154e-01
0.398000	1.230699e+00	-7.877162e-01	2.906922e+00	2.541498e+00	1.186277e+00	-1.845439e+00	-1.781340e+00	-4.661568e-02	-2.639566e-01	-1.990858e+00	-3.519455e-01	-7.975262e-01
0.399000	1.218602e+00	-7.942812e-01	2.898035e+00	2.534179e+00	1.194084e+00	-1.839831e+00	-1.798206e+00	-5.267994e-02	-1.820216e-01	-1.954575e+00	-3.471230e-01	-8.761828e-01
0.400000	1.206583e+00	-8.007777e-01	2.889151e+00	2.526830e+00	1.201834e+00	-1.834208e+00	-1.814648e+00	-5.829798e-02	-1.021537e-01	-1.918764e+00	-3.427579e-01	-9.527892e-01
0.401000	1.194641e+00	-8.072054e-01	2.880270e+00	2.519451e+00	1.209525e+00	-1.828570e+00	-1.830662e+00	-6.348317e-02	-2.432871e-02	-1.883430e+00	-3.388362e-01	-1.027370e+00
0.402000	1.182780e+00	-8.135652e-01	2.871392e+00	2.512045e+00	1.217158e+00	-1.822919e+00	-1.846251e+00	-6.824942e-02	5.148277e-02	-1.848574e+00	-3.353437e-01	-1.099956e+00
0.403000	1.171000e+00	-8.198572e-01	2.862519e+00	2.504611e+00	1.224733e+00	-1.817253e+00	-1.861414e+00	-7.260998e-02	1.253060e-01	-1.814196e+00	-3.322662e-01	-1.170571e+00
0.404000	1.159302e+00	-8.260810e-01	2.853648e+00	2.497148e+00	1.232249e+00	-1.811573e+00	-1.876144e+00	-7.657636e-02	1.971525e-01	-1.780306e+00	-3.295917e-01	-1.239228e+00
0.405000	1.147688e+00	-8.322375e-01	2.844783e+00	2.489655e+00	1.239705e+00	-1.805879e+00	-1.890446e+00	-8.016270e-02	2.670600e-01	-1.746897e+00	-3.273049e-01	-1.305964e+00
0.406000	1.136160e+00	-8.383268e-01	2.835924e+00	2.482136e+00	1.247102e+00	-1.800173e+00	-1.904321e+00	-8.338170e-02	3.350554e-01	-1.713974e+00	-3.253935e-01	-1.370807e+00
0.407000	1.124717e+00	-8.443490e-01	2.827070e+00	2.474588e+00	1.254439e+00	-1.794453e+00	-1.917765e+00	-8.624478e-02	4.011552e-01	-1.681541e+00	-3.238447e-01	-1.433772e+00
0.408000	1.113362e+00	-8.503045e-01	2.818221e+00	2.467012e+00	1.261714e+00	-1.788719e+00	-1.930782e+00	-8.876503e-02	4.653952e-01	-1.649593e+00	-3.226448e-01	-1.494897e+00
0.409000	1.102094e+00	-8.561935e-01	2.809379e+00	2.459410e+00	1.268930e+00	-1.782974e+00	-1.943372e+00	-9.095432e-02	5.277998e-01	-1.618132e+00	-3.217818e-01	-1.554206e+00
0.410000	1.090915e+00	-8.620163e-01	2.800544e+00	2.451780e+00	1.276084e+00	-1.777215e+00	-1.955539e+00	-9.282489e-02	5.884036e-01	-1.587157e+00	-3.212425e-01	-1.611732e+00
0.411000	1.079826e+00	-8.677732e-01	2.791715e+00	2.444123e+00	1.283176e+00	-1.771445e+00	-1.967284e+00	-9.438799e-02	6.472288e-01	-1.556665e+00	-3.210146e-01	-1.667499e+00
0.412000	1.068827e+00	-8.734641e-01	2.782892e+00	2.436439e+00	1.290206e+00	-1.765661e+00	-1.978609e+00	-9.565556e-02	7.043099e-01	-1.526657e+00	-3.210863e-01	-1.721541e+00
0.413000	1.057920e+00	-8.790900e-01	2.774078e+00	2.428729e+00	1.297174e+00	-1.759867e+00	-1.989518e+00	-9.663841e-02	7.596717e-01	-1.497131e+00	-3.214460e-01	-1.773883e+00
0.414000	1.047104e+00	-8.846504e-01	2.765271e+00	2.420991e+00	1.304080e+00	-1.754061e+00	-2.000014e+00	-9.734818e-02	8.133495e-01	-1.468081e+00	-3.220809e-01	-1.824560e+00
0.415000	1.036380e+00	-8.901461e-01	2.756472e+00	2.413228e+00	1.310922e+00	-1.748243e+00	-2.010098e+00	-9.779513e-02	8.653678e-01	-1.439510e+00	-3.229807e-01	-1.873596e+00
0.416000	1.025749e+00	-8.955772e-01	2.747681e+00	2.405440e+00	1.317701e+00	-1.742415e+00	-2.019774e+00	-9.798984e-02	9.157553e-01	-1.411414e+00	-3.241341e-01	-1.921021e+00
0.417000	1.015211e+00	-9.009435e-01	2.738898e+00	2.397625e+00	1.324416e+00	-1.736575e+00	-2.029050e+00	-9.794343e-02	9.645512e-01	-1.383786e+00	-3.255295e-01	-1.966874e+00
0.418000	1.004767e+00	-9.062458e-01	2.730124e+00	2.389785e+00	1.331068e+00	-1.730725e+00	-2.037925e+00	-9.766536e-02	1.011779e+00	-1.356627e+00	-3.271565e-01	-2.011177e+00
0.419000	9.944175e-01	-9.114842e-01	2.721358e+00	2.381919e+00	1.337655e+00	-1.724865e+00	-2.046406e+00	-9.716562e-02	1.057467e+00	-1.329931e+00	-3.290047e-01	-2.053961e+00
0.420000	9.841622e-01	-9.166591e-01	2.712601e+00	2.374029e+00	1.344177e+00	-1.718994e+00	-2.054497e+00	-9.645405e-02	1.101651e+00	-1.303695e+00	-3.310639e-01	-2.095258e+00
0.421000	9.740010e-01	-9.217708e-01	2.703853e+00	2.366116e+00	1.350635e+00	-1.713113e+00	-2.062203e+00	-9.554009e-02	1.144361e+00	-1.277914e+00	-3.333240e-01	-2.135101e+00
0.422000	9.639340e-01	-9.268191e-01	2.695113e+00	2.358177e+00	1.357027e+00	-1.707222e+00	-2.069528e+00	-9.443314e-02	1.185629e+00	-1.252583e+00	-3.357748e-01	-2.173519e+00
0.423000	9.539628e-01	-9.318049e-01	2.686383e+00	2.350214e+00	1.363354e+00	-1.701322e+00	-2.076478e+00	-9.314156e-02	1.225477e+00	-1.227699e+00	-3.384075e-01	-2.210537e+00
0.424000	9.440847e-01	-9.367282e-01	2.677661e+00	2.342227e+00	1.369615e+00	-1.695413e+00	-2.083057e+00	-9.167450e-02	1.263943e+00	-1.203255e+00	-3.412121e-01	-2.246191e+00
0.425000	9.343028e-01	-9.415894e-01	2.668950e+00	2.334219e+00	1.375810e+00	-1.689495e+00	-2.089270e+00	-9.004030e-02	1.301050e+00	-1.179251e+00	-3.441804e-01	-2.280505e+00
0.426000	9.246150e-01	-9.463886e-01	2.660248e+00	2.326186e+00	1.381939e+00	-1.683568e+00	-2.095122e+00	-8.824705e-02	1.336830e+00	-1.155679e+00	-3.473032e-01	-2.313510e+00
0.427000	9.150231e-01	-9.511259e-01	2.651555e+00	2.318129e+00	1.388001e+00	-1.677632e+00	-2.100621e+00	-8.630306e-02	1.371314e+00	-1.132532e+00	-3.505717e-01	-2.345237e+00
0.428000	9.055259e-01	-9.558017e-01	2.642872e+00	2.310052e+00	1.393996e+00	-1.671688e+00	-2.105769e+00	-8.421585e-02	1.404528e+00	-1.109809e+00	-3.539784e-01	-2.375712e+00
0.429000	8.961240e-01	-9.604168e-01	2.634199e+00	2.301952e+00	1.399924e+00	-1.665736e+00	-2.110574e+00	-8.199309e-02	1.436501e+00	-1.087502e+00	-3.575146e-01	-2.404964e+00
0.430000	8.868157e-01	-9.649706e-01	2.625535e+00	2.293830e+00	1.405785e+00	-1.659776e+00	-2.115040e+00	-7.964215e-02	1.467261e+00	-1.065606e+00	-3.611725e-01	-2.433021e+00
0.431000	8.776034e-01	-9.694639e-01	2.616881e+00	2.285687e+00	1.411578e+00	-1.653808e+00	-2.119174e+00	-7.717000e-02	1.496839e+00	-1.044116e+00	-3.649445e-01	-2.459912e+00
0.432000	8.684855e-01	-9.738972e-01	2.608238e+00	2.277523e+00	1.417304e+00	-1.647833e+00	-2.122981e+00	-7.458347e-02	1.525257e+00	-1.023028e+00	-3.688236e-01	-2.485662e+00
0.433000	8.594617e-01	-9.782701e-01	2.599604e+00	2.269338e+00	1.422962e+00	-1.641850e+00	-2.126467e+00	-7.188944e-02	1.552548e+00	-1.002333e+00	-3.728024e-01	-2.510302e+00
0.434000	8.505308e-01	-9.825835e-01	2.590981e+00	2.261133e+00	1.428552e+00	-1.635861e+00	-2.129636e+00	-6.909416e-02	1.578736e+00	-9.820279e-01	-3.768740e-01	-2.533855e+00
0.435000	8.416952e-01	-9.868369e-01	2.582367e+00	2.252908e+00	1.434072e+00	-1.629865e+00	-2.132496e+00	-6.620391e-02	1.603846e+00	-9.621072e-01	-3.810316e-01	-2.556348e+00
0.436000	8.329530e-01	-9.910312e-01	2.573763e+00	2.244664e+00	1.439525e+00	-1.623863e+00	-2.135053e+00	-6.322491e-02	1.627908e+00	-9.425640e-01	-3.852690e-01	-2.577809e+00
0.437000	8.243045e-01	-9.951664e-01	2.565169e+00	2.236399e+00	1.444909e+00	-1.617853e+00	-2.137310e+00	-6.016265e-02	1.650943e+00	-9.233932e-01	-3.895795e-01	-2.598259e+00
0.438000	8.157479e-01	-9.992430e-01	2.556587e+00	2.228117e+00	1.450224e+00	-1.611838e+00	-2.139275e+00	-5.702313e-02	1.672980e+00	-9.045898e-01	-3.939576e-01	-2.617728e+00
0.439000	8.072852e-01	-1.003261e+00	2.548014e+00	2.219815e+00	1.455469e+00	-1.605818e+00	-2.140954e+00	-5.381168e-02	1.694041e+00	-8.861468e-01	-3.983967e-01	-2.636237e+00
0.440000	7.989154e-01	-1.007221e+00	2.539452e+00	2.211495e+00	1.460646e+00	-1.599791e+00	-2.142352e+00	-5.053353e-02	1.714153e+00	-8.680591e-01	-4.028915e-01	-2.653813e+00
0.441000	7.906369e-01	-1.011122e+00	2.530899e+00	2.203158e+00	1.465752e+00	-1.593759e+00	-2.143473e+00	-4.719371e-02	1.733338e+00	-8.503218e-01	-4.074367e-01	-2.670478e+00
0.442000	7.824498e-01	-1.014966e+00	2.522357e+00	2.194803e+00	1.470790e+00	-1.587722e+00	-2.144326e+00	-4.379714e-02	1.751623e+00	-8.329271e-01	-4.120265e-01	-2.686258e+00
0.443000	7.743545e-01	-1.018752e+00	2.513826e+00	2.186433e+00	1.475757e+00	-1.581680e+00	-2.144914e+00	-4.034859e-02	1.769025e+00	-8.158731e-01	-4.166566e-01	-2.701171e+00
0.444000	7.663497e-01	-1.022482e+00	2.505305e+00	2.178045e+00	1.480655e+00	-1.575634e+00	-2.145244e+00	-3.685246e-02	1.785574e+00	-7.991498e-01	-4.213214e-01	-2.715245e+00
0.445000	7.584358e-01	-1.026154e+00	2.496795e+00	2.169641e+00	1.485483e+00	-1.569582e+00	-2.145323e+00	-3.331334e-02	1.801288e+00	-7.827541e-01	-4.260160e-01	-2.728500e+00
0.446000	7.506117e-01	-1.029769e+00	2.488295e+00	2.161222e+00	1.490241e+00	-1.563527e+00	-2.145153e+00	-2.973532e-02	1.816189e+00	-7.666810e-01	-4.307367e-01	-2.740956e+00
0.447000	7.428768e-01	-1.033328e+00	2.479806e+00	2.152787e+00	1.494929e+00	-1.557469e+00	-2.144742e+00	-2.612234e-02	1.830301e+00	-7.509219e-01	-4.354781e-01	-2.752638e+00
0.448000	7.352304e-01	-1.036831e+00	2.471328e+00	2.144337e+00	1.499546e+00	-1.551406e+00	-2.144093e+00	-2.247836e-02	1.843641e+00	-7.354743e-01	-4.402364e-01	-2.763563e+00
0.449000	7.276746e-01	-1.040278e+00	2.462860e+00	2.135872e+00	1.504093e+00	-1.545339e+00	-2.143216e+00	-1.880693e-02	1.856233e+00	-7.203315e-01	-4.450078e-01	-2.773754e+00
0.450000	7.202055e-01	-1.043669e+00	2.454402e+00	2.127395e+00	1.508569e+00	-1.539269e+00	-2.142112e+00	-1.511200e-02	1.868098e+00	-7.054887e-01	-4.497882e-01	-2.783231e+00
0.451000	7.128239e-01	-1.047005e+00	2.445956e+00	2.118904e+00	1.512976e+00	-1.533197e+00	-2.140787e+00	-1.139682e-02	1.879253e+00	-6.909403e-01	-4.545740e-01	-2.792012e+00
0.452000	7.055296e-01	-1.050286e+00	2.437521e+00	2.110399e+00	1.517312e+00	-1.527121e+00	-2.139248e+00	-7.664610e-03	1.889719e+00	-6.766807e-01	-4.593612e-01	-2.800119e+00
0.453000	6.983216e-01	-1.053512e+00	2.429096e+00	2.101882e+00	1.521576e+00	-1.521043e+00	-2.137499e+00	-3.918737e-03	1.899516e+00	-6.627040e-01	-4.641461e-01	-2.807568e+00
0.454000	6.912001e-01	-1.056683e+00	2.420682e+00	2.093352e+00	1.525771e+00	-1.514962e+00	-2.135546e+00	-1.620166e-04	1.908661e+00	-6.490058e-01	-4.689262e-01	-2.814381e+00
0.455000	6.841639e-01	-1.059799e+00	2.412278e+00	2.084810e+00	1.529894e+00	-1.508879e+00	-2.133393e+00	3.602430e-03	1.917173e+00	-6.355805e-01	-4.736976e-01	-2.820572e+00
0.456000	6.772116e-01	-1.062861e+00	2.403886e+00	2.076256e+00	1.533947e+00	-1.502795e+00	-2.131045e+00	7.371873e-03	1.925070e+00	-6.224234e-01	-4.784575e-01	-2.826161e+00
0.457000	6.703441e-01	-1.065869e+00	2.395504e+00	2.067693e+00	1.537929e+00	-1.496708e+00	-2.128507e+00	1.114367e-02	1.932369e+00	-6.095295e-01	-4.832030e-01	-2.831166e+00
0.458000	6.635603e-01	-1.068825e+00	2.387135e+00	2.059118e+00	1.541841e+00	-1.490620e+00	-2.125784e+00	1.491534e-02	1.939087e+00	-5.968940e-01	-4.879313e-01	-2.835602e+00
0.459000	6.568599e-01	-1.071726e+00	2.378775e+00	2.050533e+00	1.545681e+00	-1.484531e+00	-2.122882e+00	1.868428e-02	1.945242e+00	-5.845112e-01	-4.926395e-01	-2.839485e+00
0.460000	6.502423e-01	-1.074574e+00	2.370427e+00	2.041939e+00	1.549451e+00	-1.478441e+00	-2.119804e+00	2.244823e-02	1.950849e+00	-5.723773e-01	-4.973251e-01	-2.842835e+00
0.461000	6.437067e-01	-1.077368e+00	2.362088e+00	2.033335e+00	1.553149e+00	-1.472348e+00	-2.116556e+00	2.620503e-02	1.955924e+00	-5.604864e-01	-5.019859e-01	-2.845664e+00
0.462000	6.372521e-01	-1.080111e+00	2.353762e+00	2.024723e+00	1.556778e+00	-1.466256e+00	-2.113141e+00	2.995249e-02	1.960483e+00	-5.488348e-01	-5.066196e-01	-2.847989e+00
0.463000	6.308778e-01	-1.082800e+00	2.345447e+00	2.016103e+00	1.560335e+00	-1.460164e+00	-2.109564e+00	3.368863e-02	1.964542e+00	-5.374167e-01	-5.112232e-01	-2.849825e+00
0.464000	6.245847e-01	-1.085438e+00	2.337143e+00	2.007475e+00	1.563822e+00	-1.454071e+00	-2.105830e+00	3.741154e-02	1.968114e+00	-5.262293e-01	-5.157956e-01	-2.851186e+00
0.465000	6.183704e-01	-1.088023e+00	2.328850e+00	1.998839e+00	1.567238e+00	-1.447979e+00	-2.101943e+00	4.111934e-02	1.971215e+00	-5.152662e-01	-5.203340e-01	-2.852087e+00
0.466000	6.122355e-01	-1.090557e+00	2.320568e+00	1.990196e+00	1.570583e+00	-1.441886e+00	-2.097907e+00	4.481041e-02	1.973859e+00	-5.045244e-01	-5.248368e-01	-2.852541e+00
0.467000	6.061788e-01	-1.093039e+00	2.312298e+00	1.981547e+00	1.573858e+00	-1.435794e+00	-2.093727e+00	4.848293e-02	1.976059e+00	-4.939986e-01	-5.293021e-01	-2.852563e+00
0.468000	6.001998e-01	-1.095470e+00	2.304040e+00	1.972891e+00	1.577062e+00	-1.429703e+00	-2.089406e+00	5.213553e-02	1.977830e+00	-4.836841e-01	-5.337280e-01	-2.852166e+00
0.469000	5.942978e-01	-1.097849e+00	2.295792e+00	1.964230e+00	1.580196e+00	-1.423613e+00	-2.084949e+00	5.576654e-02	1.979183e+00	-4.735785e-01	-5.381132e-01	-2.851363e+00
0.470000	5.884718e-01	-1.100178e+00	2.287556e+00	1.955565e+00	1.583260e+00	-1.417523e+00	-2.080360e+00	5.937446e-02	1.980133e+00	-4.636768e-01	-5.424560e-01	-2.850167e+00
0.471000	5.827221e-01	-1.102457e+00	2.279332e+00	1.946894e+00	1.586253e+00	-1.411435e+00	-2.075642e+00	6.295816e-02	1.980692e+00	-4.539738e-01	-5.467544e-01	-2.848589e+00
0.472000	5.770479e-01	-1.104685e+00	2.271119e+00	1.938218e+00	1.589176e+00	-1.405349e+00	-2.070800e+00	6.651619e-02	1.980871e+00	-4.444661e-01	-5.510071e-01	-2.846642e+00
0.473000	5.714471e-01	-1.106863e+00	2.262918e+00	1.929540e+00	1.592029e+00	-1.399264e+00	-2.065836e+00	7.004749e-02	1.980684e+00	-4.351506e-01	-5.552136e-01	-2.844338e+00
0.474000	5.659215e-01	-1.108991e+00	2.254730e+00	1.920858e+00	1.594812e+00	-1.393181e+00	-2.060756e+00	7.355098e-02	1.980141e+00	-4.260231e-01	-5.593719e-01	-2.841690e+00
0.475000	5.604686e-01	-1.111070e+00	2.246552e+00	1.912173e+00	1.597525e+00	-1.387101e+00	-2.055563e+00	7.702542e-02	1.979254e+00	-4.170791e-01	-5.634811e-01	-2.838706e+00
0.476000	5.550883e-01	-1.113099e+00	2.238387e+00	1.903486e+00	1.600168e+00	-1.381022e+00	-2.050259e+00	8.047007e-02	1.978035e+00	-4.083152e-01	-5.675399e-01	-2.835399e+00
0.477000	5.497800e-01	-1.115079e+00	2.230234e+00	1.894796e+00	1.602743e+00	-1.374947e+00	-2.044848e+00	8.388390e-02	1.976493e+00	-3.997279e-01	-5.715474e-01	-2.831779e+00
0.478000	5.445430e-01	-1.117010e+00	2.222092e+00	1.886106e+00	1.605247e+00	-1.368874e+00	-2.039335e+00	8.726585e-02	1.974639e+00	-3.913137e-01	-5.755026e-01	-2.827857e+00
0.479000	5.393769e-01	-1.118893e+00	2.213963e+00	1.877414e+00	1.607682e+00	-1.362805e+00	-2.033722e+00	9.061545e-02	1.972484e+00	-3.830686e-01	-5.794047e-01	-2.823642e+00
0.480000	5.342809e-01	-1.120726e+00	2.205845e+00	1.868722e+00	1.610048e+00	-1.356737e+00	-2.028013e+00	9.393170e-02	1.970037e+00	-3.749902e-01	-5.832530e-01	-2.819145e+00
0.481000	5.292541e-01	-1.122512e+00	2.197740e+00	1.860029e+00	1.612344e+00	-1.350674e+00	-2.022210e+00	9.721397e-02	1.967309e+00	-3.670732e-01	-5.870458e-01	-2.814375e+00
0.482000	5.242957e-01	-1.124250e+00	2.189647e+00	1.851337e+00	1.614572e+00	-1.344614e+00	-2.016317e+00	1.004616e-01	1.964308e+00	-3.593159e-01	-5.907837e-01	-2.809341e+00
0.483000	5.194053e-01	-1.125940e+00	2.181567e+00	1.842646e+00	1.616732e+00	-1.338558e+00	-2.010337e+00	1.036740e-01	1.961044e+00	-3.517141e-01	-5.944653e-01	-2.804053e+00
0.484000	5.145830e-01	-1.127583e+00	2.173499e+00	1.833955e+00	1.618822e+00	-1.332506e+00	-2.004272e+00	1.068505e-01	1.957526e+00	-3.442659e-01	-5.980901e-01	-2.798519e+00
0.485000	5.098273e-01	-1.129179e+00	2.165444e+00	1.825267e+00	1.620845e+00	-1.326459e+00	-1.998127e+00	1.099907e-01	1.953763e+00	-3.369668e-01	-6.016573e-01	-2.792749e+00
0.486000	5.051376e-01	-1.130727e+00	2.157401e+00	1.816581e+00	1.622800e+00	-1.320415e+00	-1.991904e+00	1.130940e-01	1.949764e+00	-3.298140e-01	-6.051666e-01	-2.786750e+00
0.487000	5.005133e-01	-1.132229e+00	2.149371e+00	1.807896e+00	1.624686e+00	-1.314377e+00	-1.985605e+00	1.161601e-01	1.945535e+00	-3.228043e-01	-6.086171e-01	-2.780529e+00
0.488000	4.959543e-01	-1.133684e+00	2.141354e+00	1.799216e+00	1.626505e+00	-1.308343e+00	-1.979234e+00	1.191885e-01	1.941087e+00	-3.159359e-01	-6.120092e-01	-2.774098e+00
0.489000	4.914596e-01	-1.135093e+00	2.133350e+00	1.790538e+00	1.628256e+00	-1.302314e+00	-1.972793e+00	1.221789e-01	1.936426e+00	-3.092048e-01	-6.153417e-01	-2.767462e+00
0.490000	4.870284e-01	-1.136456e+00	2.125359e+00	1.781865e+00	1.629940e+00	-1.296291e+00	-1.966285e+00	1.251309e-01	1.931560e+00	-3.026084e-01	-6.186146e-01	-2.760628e+00
0.491000	4.826604e-01	-1.137773e+00	2.117381e+00	1.773195e+00	1.631557e+00	-1.290272e+00	-1.959712e+00	1.280443e-01	1.926497e+00	-2.961435e-01	-6.218277e-01	-2.753606e+00
0.492000	4.783547e-01	-1.139046e+00	2.109417e+00	1.764531e+00	1.633107e+00	-1.284261e+00	-1.953077e+00	1.309186e-01	1.921244e+00	-2.898086e-01	-6.249803e-01	-2.746400e+00
0.493000	4.741112e-01	-1.140272e+00	2.101465e+00	1.755871e+00	1.634590e+00	-1.278253e+00	-1.946382e+00	1.337539e-01	1.915807e+00	-2.835996e-01	-6.280725e-01	-2.739019e+00
0.494000	4.699285e-01	-1.141453e+00	2.093527e+00	1.747217e+00	1.636008e+00	-1.272253e+00	-1.939631e+00	1.365499e-01	1.910195e+00	-2.775149e-01	-6.311041e-01	-2.731469e+00
0.495000	4.658061e-01	-1.142590e+00	2.085603e+00	1.738569e+00	1.637358e+00	-1.266258e+00	-1.932824e+00	1.393064e-01	1.904413e+00	-2.715514e-01	-6.340748e-01	-2.723757e+00
0.496000	4.617440e-01	-1.143682e+00	2.077691e+00	1.729927e+00	1.638643e+00	-1.260270e+00	-1.925964e+00	1.420232e-01	1.898468e+00	-2.657062e-01	-6.369842e-01	-2.715889e+00
0.497000	4.577415e-01	-1.144730e+00	2.069794e+00	1.721292e+00	1.639863e+00	-1.254289e+00	-1.919055e+00	1.447003e-01	1.892366e+00	-2.599787e-01	-6.398330e-01	-2.707871e+00
0.498000	4.537971e-01	-1.145734e+00	2.061910e+00	1.712665e+00	1.641017e+00	-1.248314e+00	-1.912097e+00	1.473376e-01	1.886113e+00	-2.543646e-01	-6.426207e-01	-2.699710e+00
0.499000	4.499111e-01	-1.146694e+00	2.054040e+00	1.704045e+00	1.642106e+00	-1.242345e+00	-1.905093e+00	1.499350e-01	1.879717e+00	-2.488624e-01	-6.453473e-01	-2.691412e+00
0.500000	4.460818e-01	-1.147610e+00	2.046185e+00	1.695433e+00	1.643130e+00	-1.236385e+00	-1.898045e+00	1.524925e-01	1.873181e+00	-2.434700e-01	-6.480129e-01	-2.682981e+00
0.501000	4.423102e-01	-1.148483e+00	2.038343e+00	1.686830e+00	1.644090e+00	-1.230431e+00	-1.890956e+00	1.550100e-01	1.866512e+00	-2.381842e-01	-6.506170e-01	-2.674424e+00
0.502000	4.385952e-01	-1.149312e+00	2.030515e+00	1.678236e+00	1.644985e+00	-1.224484e+00	-1.883827e+00	1.574877e-01	1.859715e+00	-2.330036e-01	-6.531603e-01	-2.665747e+00
0.503000	4.349355e-01	-1.150100e+00	2.022702e+00	1.669652e+00	1.645817e+00	-1.218545e+00	-1.876661e+00	1.599254e-01	1.852797e+00	-2.279261e-01	-6.556429e-01	-2.656954e+00
0.504000	4.313306e-01	-1.150844e+00	2.014904e+00	1.661077e+00	1.646585e+00	-1.212615e+00	-1.869458e+00	1.623233e-01	1.845761e+00	-2.229489e-01	-6.580641e-01	-2.648050e+00
0.505000	4.277804e-01	-1.151546e+00	2.007118e+00	1.652511e+00	1.647289e+00	-1.206691e+00	-1.862221e+00	1.646812e-01	1.838613e+00	-2.180707e-01	-6.604246e-01	-2.639040e+00
0.506000	4.242841e-01	-1.152205e+00	1.999349e+00	1.643957e+00	1.647931e+00	-1.200776e+00	-1.854952e+00	1.669996e-01	1.831358e+00	-2.132894e-01	-6.627247e-01	-2.629931e+00
0.507000	4.208410e-01	-1.152823e+00	1.991594e+00	1.635414e+00	1.648509e+00	-1.194869e+00	-1.847652e+00	1.692782e-01	1.824000e+00	-2.086028e-01	-6.649641e-01	-2.620725e+00
0.508000	4.174508e-01	-1.153399e+00	1.983853e+00	1.626882e+00	1.649025e+00	-1.188971e+00	-1.840325e+00	1.715175e-01	1.816546e+00	-2.040077e-01	-6.671431e-01	-2.611429e+00
0.509000	4.141125e-01	-1.153934e+00	1.976128e+00	1.618361e+00	1.649479e+00	-1.183082e+00	-1.832969e+00	1.737174e-01	1.808998e+00	-1.995044e-01	-6.692623e-01	-2.602045e+00
0.510000	4.108260e-01	-1.154428e+00	1.968418e+00	1.609853e+00	1.649872e+00	-1.177202e+00	-1.825589e+00	1.758782e-01	1.801361e+00	-1.950896e-01	-6.713215e-01	-2.592578e+00
0.511000	4.075903e-01	-1.154881e+00	1.960723e+00	1.601357e+00	1.650202e+00	-1.171330e+00	-1.818184e+00	1.779998e-01	1.793639e+00	-1.907631e-01	-6.733211e-01	-2.583033e+00
0.512000	4.044049e-01	-1.155293e+00	1.953044e+00	1.592874e+00	1.650472e+00	-1.165468e+00	-1.810757e+00	1.800826e-01	1.785837e+00	-1.865216e-01	-6.752614e-01	-2.573413e+00
0.513000	4.012700e-01	-1.155666e+00	1.945380e+00	1.584404e+00	1.650681e+00	-1.159615e+00	-1.803311e+00	1.821268e-01	1.777959e+00	-1.823636e-01	-6.771426e-01	-2.563725e+00
0.514000	3.981838e-01	-1.155998e+00	1.937732e+00	1.575949e+00	1.650831e+00	-1.153771e+00	-1.795844e+00	1.841323e-01	1.770008e+00	-1.782885e-01	-6.789654e-01	-2.553969e+00
0.515000	3.951465e-01	-1.156289e+00	1.930099e+00	1.567506e+00	1.650919e+00	-1.147938e+00	-1.788360e+00	1.860995e-01	1.761989e+00	-1.742926e-01	-6.807289e-01	-2.544151e+00
0.516000	3.921576e-01	-1.156542e+00	1.922482e+00	1.559078e+00	1.650947e+00	-1.142114e+00	-1.780861e+00	1.880288e-01	1.753905e+00	-1.703751e-01	-6.824344e-01	-2.534274e+00
0.517000	3.892156e-01	-1.156754e+00	1.914881e+00	1.550665e+00	1.650917e+00	-1.136300e+00	-1.773344e+00	1.899199e-01	1.745758e+00	-1.665366e-01	-6.840822e-01	-2.524339e+00
0.518000	3.863208e-01	-1.156928e+00	1.907296e+00	1.542267e+00	1.650827e+00	-1.130496e+00	-1.765814e+00	1.917736e-01	1.737553e+00	-1.627731e-01	-6.856724e-01	-2.514353e+00
0.519000	3.834733e-01	-1.157063e+00	1.899727e+00	1.533884e+00	1.650678e+00	-1.124702e+00	-1.758274e+00	1.935901e-01	1.729295e+00	-1.590834e-01	-6.872056e-01	-2.504320e+00
0.520000	3.806708e-01	-1.157159e+00	1.892175e+00	1.525517e+00	1.650471e+00	-1.118920e+00	-1.750721e+00	1.953693e-01	1.720984e+00	-1.554667e-01	-6.886817e-01	-2.494239e+00
0.521000	3.779144e-01	-1.157216e+00	1.884638e+00	1.517165e+00	1.650206e+00	-1.113147e+00	-1.743158e+00	1.971117e-01	1.712625e+00	-1.519215e-01	-6.901014e-01	-2.484116e+00
0.522000	3.752027e-01	-1.157235e+00	1.877118e+00	1.508831e+00	1.649883e+00	-1.107385e+00	-1.735587e+00	1.988175e-01	1.704220e+00	-1.484466e-01	-6.914653e-01	-2.473953e+00
0.523000	3.725349e-01	-1.157217e+00	1.869614e+00	1.500513e+00	1.649504e+00	-1.101634e+00	-1.728008e+00	2.004870e-01	1.695773e+00	-1.450398e-01	-6.927735e-01	-2.463754e+00
0.524000	3.699116e-01	-1.157161e+00	1.862128e+00	1.492212e+00	1.649067e+00	-1.095894e+00	-1.720423e+00	2.021204e-01	1.687288e+00	-1.417005e-01	-6.940263e-01	-2.453521e+00
0.525000	3.673316e-01	-1.157068e+00	1.854658e+00	1.483928e+00	1.648574e+00	-1.090165e+00	-1.712833e+00	2.037181e-01	1.678765e+00	-1.384271e-01	-6.952243e-01	-2.443257e+00
0.526000	3.647946e-01	-1.156937e+00	1.847205e+00	1.475663e+00	1.648024e+00	-1.084448e+00	-1.705239e+00	2.052805e-01	1.670209e+00	-1.352184e-01	-6.963682e-01	-2.432966e+00
0.527000	3.622998e-01	-1.156769e+00	1.839769e+00	1.467415e+00	1.647419e+00	-1.078742e+00	-1.697642e+00	2.068077e-01	1.661621e+00	-1.320734e-01	-6.974580e-01	-2.422649e+00
0.528000	3.598464e-01	-1.156566e+00	1.832352e+00	1.459186e+00	1.646760e+00	-1.073048e+00	-1.690042e+00	2.083000e-01	1.653004e+00	-1.289907e-01	-6.984943e-01	-2.412308e+00
0.529000	3.574348e-01	-1.156325e+00	1.824951e+00	1.450976e+00	1.646045e+00	-1.067366e+00	-1.682442e+00	2.097578e-01	1.644362e+00	-1.259685e-01	-6.994773e-01	-2.401947e+00
0.530000	3.550641e-01	-1.156049e+00	1.817567e+00	1.442785e+00	1.645275e+00	-1.061696e+00	-1.674842e+00	2.111814e-01	1.635696e+00	-1.230066e-01	-7.004080e-01	-2.391568e+00
0.531000	3.527334e-01	-1.155736e+00	1.810202e+00	1.434612e+00	1.644451e+00	-1.056038e+00	-1.667243e+00	2.125711e-01	1.627009e+00	-1.201028e-01	-7.012864e-01	-2.381173e+00
0.532000	3.504428e-01	-1.155389e+00	1.802855e+00	1.426460e+00	1.643574e+00	-1.050392e+00	-1.659646e+00	2.139273e-01	1.618303e+00	-1.172572e-01	-7.021132e-01	-2.370765e+00
0.533000	3.481918e-01	-1.155005e+00	1.795524e+00	1.418328e+00	1.642643e+00	-1.044757e+00	-1.652051e+00	2.152501e-01	1.609579e+00	-1.144683e-01	-7.028887e-01	-2.360346e+00
0.534000	3.459795e-01	-1.154586e+00	1.788212e+00	1.410215e+00	1.641659e+00	-1.039136e+00	-1.644460e+00	2.165399e-01	1.600841e+00	-1.117342e-01	-7.036130e-01	-2.349916e+00
0.535000	3.438053e-01	-1.154133e+00	1.780918e+00	1.402123e+00	1.640623e+00	-1.033528e+00	-1.636874e+00	2.177973e-01	1.592090e+00	-1.090547e-01	-7.042875e-01	-2.339480e+00
0.536000	3.416694e-01	-1.153646e+00	1.773642e+00	1.394053e+00	1.639535e+00	-1.027932e+00	-1.629293e+00	2.190222e-01	1.583328e+00	-1.064291e-01	-7.049119e-01	-2.329038e+00
0.537000	3.395705e-01	-1.153123e+00	1.766385e+00	1.386003e+00	1.638395e+00	-1.022349e+00	-1.621717e+00	2.202152e-01	1.574557e+00	-1.038560e-01	-7.054873e-01	-2.318593e+00
0.538000	3.375090e-01	-1.152567e+00	1.759146e+00	1.377974e+00	1.637204e+00	-1.016779e+00	-1.614149e+00	2.213767e-01	1.565780e+00	-1.013335e-01	-7.060133e-01	-2.308146e+00
0.539000	3.354836e-01	-1.151977e+00	1.751925e+00	1.369967e+00	1.635962e+00	-1.011222e+00	-1.606588e+00	2.225066e-01	1.556997e+00	-9.886229e-02	-7.064914e-01	-2.297700e+00
0.540000	3.334950e-01	-1.151353e+00	1.744724e+00	1.361982e+00	1.634669e+00	-1.005678e+00	-1.599036e+00	2.236057e-01	1.548211e+00	-9.644067e-02	-7.069215e-01	-2.287256e+00
0.541000	3.315413e-01	-1.150696e+00	1.737541e+00	1.354019e+00	1.633326e+00	-1.000148e+00	-1.591493e+00	2.246742e-01	1.539423e+00	-9.406722e-02	-7.073041e-01	-2.276816e+00
0.542000	3.296233e-01	-1.150006e+00	1.730377e+00	1.346078e+00	1.631933e+00	-9.946311e-01	-1.583959e+00	2.257124e-01	1.530635e+00	-9.174228e-02	-7.076398e-01	-2.266381e+00
0.543000	3.277400e-01	-1.149283e+00	1.723232e+00	1.338160e+00	1.630492e+00	-9.891273e-01	-1.576436e+00	2.267207e-01	1.521848e+00	-8.946419e-02	-7.079295e-01	-2.255953e+00
0.544000	3.258910e-01	-1.148527e+00	1.716106e+00	1.330266e+00	1.629001e+00	-9.836373e-01	-1.568924e+00	2.276992e-01	1.513065e+00	-8.723271e-02	-7.081732e-01	-2.245533e+00
0.545000	3.240750e-01	-1.147740e+00	1.709000e+00	1.322394e+00	1.627463e+00	-9.781619e-01	-1.561423e+00	2.286485e-01	1.504286e+00	-8.504605e-02	-7.083714e-01	-2.235124e+00
0.546000	3.222933e-01	-1.146920e+00	1.701913e+00	1.314545e+00	1.625875e+00	-9.727000e-01	-1.553934e+00	2.295686e-01	1.495512e+00	-8.290446e-02	-7.085243e-01	-2.224724e+00
0.547000	3.205441e-01	-1.146068e+00	1.694845e+00	1.306720e+00	1.624241e+00	-9.672521e-01	-1.546459e+00	2.304603e-01	1.486747e+00	-8.080566e-02	-7.086332e-01	-2.214339e+00
0.548000	3.188276e-01	-1.145185e+00	1.687797e+00	1.298919e+00	1.622559e+00	-9.618188e-01	-1.538996e+00	2.313236e-01	1.477988e+00	-7.875061e-02	-7.086977e-01	-2.203967e+00
0.549000	3.171427e-01	-1.144271e+00	1.680769e+00	1.291142e+00	1.620831e+00	-9.563993e-01	-1.531547e+00	2.321589e-01	1.469241e+00	-7.673764e-02	-7.087194e-01	-2.193611e+00
0.550000	3.154900e-01	-1.143326e+00	1.673761e+00	1.283389e+00	1.619057e+00	-9.509947e-01	-1.524114e+00	2.329666e-01	1.460505e+00	-7.476592e-02	-7.086977e-01	-2.183271e+00
0.551000	3.138683e-01	-1.142350e+00	1.666773e+00	1.275662e+00	1.617237e+00	-9.456043e-01	-1.516694e+00	2.337469e-01	1.451781e+00	-7.283580e-02	-7.086342e-01	-2.172949e+00
0.552000	3.122776e-01	-1.141343e+00	1.659805e+00	1.267958e+00	1.615372e+00	-9.402287e-01	-1.509291e+00	2.345006e-01	1.443072e+00	-7.094467e-02	-7.085288e-01	-2.162648e+00
0.553000	3.107177e-01	-1.140307e+00	1.652857e+00	1.260280e+00	1.613461e+00	-9.348679e-01	-1.501904e+00	2.352275e-01	1.434376e+00	-6.909311e-02	-7.083815e-01	-2.152365e+00
0.554000	3.091876e-01	-1.139240e+00	1.645929e+00	1.252626e+00	1.611505e+00	-9.295213e-01	-1.494533e+00	2.359282e-01	1.425697e+00	-6.728059e-02	-7.081939e-01	-2.142105e+00
0.555000	3.076873e-01	-1.138144e+00	1.639022e+00	1.244999e+00	1.609507e+00	-9.241905e-01	-1.487180e+00	2.366029e-01	1.417035e+00	-6.550640e-02	-7.079659e-01	-2.131866e+00
0.556000	3.062164e-01	-1.137017e+00	1.632135e+00	1.237397e+00	1.607463e+00	-9.188737e-01	-1.479844e+00	2.372520e-01	1.408391e+00	-6.376934e-02	-7.076981e-01	-2.121653e+00
0.557000	3.047742e-01	-1.135863e+00	1.625270e+00	1.229821e+00	1.605378e+00	-9.135731e-01	-1.472526e+00	2.378759e-01	1.399766e+00	-6.206894e-02	-7.073909e-01	-2.111463e+00
0.558000	3.033606e-01	-1.134678e+00	1.618425e+00	1.222270e+00	1.603249e+00	-9.082867e-01	-1.465225e+00	2.384746e-01	1.391159e+00	-6.040609e-02	-7.070450e-01	-2.101297e+00
0.559000	3.019750e-01	-1.133466e+00	1.611601e+00	1.214746e+00	1.601078e+00	-9.030169e-01	-1.457944e+00	2.390488e-01	1.382575e+00	-5.877745e-02	-7.066605e-01	-2.091159e+00
0.560000	3.006174e-01	-1.132225e+00	1.604798e+00	1.207248e+00	1.598865e+00	-8.977618e-01	-1.450682e+00	2.395988e-01	1.374012e+00	-5.718338e-02	-7.062383e-01	-2.081048e+00
0.561000	2.992869e-01	-1.130956e+00	1.598015e+00	1.199777e+00	1.596610e+00	-8.925221e-01	-1.443439e+00	2.401246e-01	1.365471e+00	-5.562478e-02	-7.057787e-01	-2.070965e+00
0.562000	2.979838e-01	-1.129659e+00	1.591255e+00	1.192332e+00	1.594314e+00	-8.872983e-01	-1.436216e+00	2.406269e-01	1.356955e+00	-5.409950e-02	-7.052820e-01	-2.060911e+00
0.563000	2.967070e-01	-1.128334e+00	1.584515e+00	1.184914e+00	1.591978e+00	-8.820901e-01	-1.429013e+00	2.411059e-01	1.348462e+00	-5.260718e-02	-7.047492e-01	-2.050887e+00
0.564000	2.954571e-01	-1.126981e+00	1.577796e+00	1.177523e+00	1.589601e+00	-8.768966e-01	-1.421831e+00	2.415616e-01	1.339994e+00	-5.114919e-02	-7.041810e-01	-2.040894e+00
0.565000	2.942327e-01	-1.125602e+00	1.571100e+00	1.170159e+00	1.587184e+00	-8.717201e-01	-1.414670e+00	2.419949e-01	1.331553e+00	-4.972160e-02	-7.035770e-01	-2.030932e+00
0.566000	2.930339e-01	-1.124196e+00	1.564424e+00	1.162823e+00	1.584729e+00	-8.665594e-01	-1.407529e+00	2.424055e-01	1.323136e+00	-4.832762e-02	-7.029381e-01	-2.021001e+00
0.567000	2.918604e-01	-1.122763e+00	1.557770e+00	1.155514e+00	1.582234e+00	-8.614144e-01	-1.400411e+00	2.427940e-01	1.314747e+00	-4.696351e-02	-7.022645e-01	-2.011103e+00
0.568000	2.907113e-01	-1.121304e+00	1.551138e+00	1.148233e+00	1.579701e+00	-8.562857e-01	-1.393313e+00	2.431607e-01	1.306385e+00	-4.563129e-02	-7.015575e-01	-2.001238e+00
0.569000	2.895873e-01	-1.119819e+00	1.544528e+00	1.140980e+00	1.577130e+00	-8.511729e-01	-1.386237e+00	2.435058e-01	1.298052e+00	-4.432940e-02	-7.008169e-01	-1.991407e+00
0.570000	2.884874e-01	-1.118307e+00	1.537941e+00	1.133754e+00	1.574521e+00	-8.460769e-01	-1.379185e+00	2.438300e-01	1.289748e+00	-4.305625e-02	-7.000433e-01	-1.981611e+00
0.571000	2.874112e-01	-1.116770e+00	1.531375e+00	1.126556e+00	1.571875e+00	-8.409970e-01	-1.372154e+00	2.441331e-01	1.281473e+00	-4.181319e-02	-6.992374e-01	-1.971851e+00
0.572000	2.863588e-01	-1.115208e+00	1.524831e+00	1.119387e+00	1.569192e+00	-8.359336e-01	-1.365147e+00	2.444157e-01	1.273228e+00	-4.059947e-02	-6.983994e-01	-1.962125e+00
0.573000	2.853293e-01	-1.113621e+00	1.518310e+00	1.112247e+00	1.566473e+00	-8.308870e-01	-1.358163e+00	2.446781e-01	1.265014e+00	-3.941345e-02	-6.975302e-01	-1.952437e+00
0.574000	2.843229e-01	-1.112009e+00	1.511811e+00	1.105134e+00	1.563719e+00	-8.258566e-01	-1.351202e+00	2.449205e-01	1.256831e+00	-3.825527e-02	-6.966296e-01	-1.942785e+00
0.575000	2.833388e-01	-1.110373e+00	1.505335e+00	1.098050e+00	1.560929e+00	-8.208430e-01	-1.344264e+00	2.451431e-01	1.248679e+00	-3.712571e-02	-6.956988e-01	-1.933170e+00
0.576000	2.823773e-01	-1.108712e+00	1.498881e+00	1.090995e+00	1.558103e+00	-8.158461e-01	-1.337350e+00	2.453464e-01	1.240559e+00	-3.602254e-02	-6.947377e-01	-1.923594e+00
0.577000	2.814375e-01	-1.107027e+00	1.492450e+00	1.083969e+00	1.555243e+00	-8.108660e-01	-1.330460e+00	2.455304e-01	1.232471e+00	-3.494722e-02	-6.937470e-01	-1.914055e+00
0.578000	2.805192e-01	-1.105318e+00	1.486041e+00	1.076973e+00	1.552350e+00	-8.059024e-01	-1.323594e+00	2.456956e-01	1.224417e+00	-3.389800e-02	-6.927276e-01	-1.904555e+00
0.579000	2.796222e-01	-1.103586e+00	1.479656e+00	1.070005e+00	1.549422e+00	-8.009565e-01	-1.316752e+00	2.458423e-01	1.216395e+00	-3.287458e-02	-6.916789e-01	-1.895095e+00
0.580000	2.787463e-01	-1.101830e+00	1.473294e+00	1.063066e+00	1.546462e+00	-7.960274e-01	-1.309935e+00	2.459708e-01	1.208408e+00	-3.187668e-02	-6.906023e-01	-1.885674e+00
0.581000	2.778908e-01	-1.100052e+00	1.466954e+00	1.056156e+00	1.543468e+00	-7.911155e-01	-1.303143e+00	2.460810e-01	1.200454e+00	-3.090447e-02	-6.894975e-01	-1.876292e+00
0.582000	2.770561e-01	-1.098250e+00	1.460638e+00	1.049276e+00	1.540442e+00	-7.862203e-01	-1.296375e+00	2.461738e-01	1.192534e+00	-2.995670e-02	-6.883658e-01	-1.866952e+00
0.583000	2.762410e-01	-1.096426e+00	1.454345e+00	1.042425e+00	1.537384e+00	-7.813426e-01	-1.289632e+00	2.462489e-01	1.184649e+00	-2.903420e-02	-6.872069e-01	-1.857651e+00
0.584000	2.754461e-01	-1.094580e+00	1.448074e+00	1.035604e+00	1.534294e+00	-7.764817e-01	-1.282915e+00	2.463070e-01	1.176799e+00	-2.813530e-02	-6.860216e-01	-1.848391e+00
0.585000	2.746707e-01	-1.092712e+00	1.441828e+00	1.028813e+00	1.531174e+00	-7.716387e-01	-1.276222e+00	2.463482e-01	1.168984e+00	-2.726090e-02	-6.848105e-01	-1.839173e+00
0.586000	2.739143e-01	-1.090822e+00	1.435604e+00	1.022051e+00	1.528023e+00	-7.668126e-01	-1.269555e+00	2.463726e-01	1.161205e+00	-2.640969e-02	-6.835737e-01	-1.829997e+00
0.587000	2.731771e-01	-1.088910e+00	1.429404e+00	1.015319e+00	1.524841e+00	-7.620039e-01	-1.262914e+00	2.463806e-01	1.153461e+00	-2.558225e-02	-6.823117e-01	-1.820862e+00
0.588000	2.724584e-01	-1.086977e+00	1.423228e+00	1.008617e+00	1.521629e+00	-7.572132e-01	-1.256298e+00	2.463726e-01	1.145754e+00	-2.477711e-02	-6.810253e-01	-1.811769e+00
0.589000	2.717585e-01	-1.085022e+00	1.417075e+00	1.001944e+00	1.518388e+00	-7.524393e-01	-1.249708e+00	2.463486e-01	1.138083e+00	-2.399486e-02	-6.797141e-01	-1.802719e+00
0.590000	2.710764e-01	-1.083047e+00	1.410946e+00	9.953023e-01	1.515117e+00	-7.476832e-01	-1.243144e+00	2.463091e-01	1.130449e+00	-2.323455e-02	-6.783795e-01	-1.793712e+00
0.591000	2.704122e-01	-1.081052e+00	1.404841e+00	9.886907e-01	1.511819e+00	-7.429453e-01	-1.236606e+00	2.462542e-01	1.122851e+00	-2.249652e-02	-6.770214e-01	-1.784747e+00
0.592000	2.697656e-01	-1.079036e+00	1.398760e+00	9.821085e-01	1.508492e+00	-7.382241e-01	-1.230094e+00	2.461842e-01	1.115290e+00	-2.178019e-02	-6.756399e-01	-1.775826e+00
0.593000	2.691365e-01	-1.077000e+00	1.392702e+00	9.755569e-01	1.505136e+00	-7.335210e-01	-1.223608e+00	2.460991e-01	1.107766e+00	-2.108574e-02	-6.742360e-01	-1.766947e+00
0.594000	2.685243e-01	-1.074944e+00	1.386668e+00	9.690355e-01	1.501754e+00	-7.288359e-01	-1.217148e+00	2.459995e-01	1.100279e+00	-2.041209e-02	-6.728098e-01	-1.758112e+00
0.595000	2.679288e-01	-1.072869e+00	1.380659e+00	9.625443e-01	1.498345e+00	-7.241684e-01	-1.210715e+00	2.458856e-01	1.092830e+00	-1.975852e-02	-6.713617e-01	-1.749321e+00
0.596000	2.673502e-01	-1.070774e+00	1.374673e+00	9.560837e-01	1.494909e+00	-7.195188e-01	-1.204307e+00	2.457574e-01	1.085418e+00	-1.912659e-02	-6.698923e-01	-1.740573e+00
0.597000	2.667878e-01	-1.068660e+00	1.368712e+00	9.496534e-01	1.491447e+00	-7.148869e-01	-1.197927e+00	2.456155e-01	1.078045e+00	-1.851404e-02	-6.684021e-01	-1.731870e+00
0.598000	2.662415e-01	-1.066527e+00	1.362775e+00	9.432533e-01	1.487958e+00	-7.102733e-01	-1.191573e+00	2.454598e-01	1.070709e+00	-1.792181e-02	-6.668909e-01	-1.723211e+00
0.599000	2.657109e-01	-1.064376e+00	1.356862e+00	9.368843e-01	1.484446e+00	-7.056776e-01	-1.185246e+00	2.452907e-01	1.063411e+00	-1.734960e-02	-6.653599e-01	-1.714596e+00
0.600000	2.651960e-01	-1.062207e+00	1.350974e+00	9.305453e-01	1.480907e+00	-7.010998e-01	-1.178945e+00	2.451083e-01	1.056151e+00	-1.679677e-02	-6.638088e-01	-1.706025e+00
0.601000	2.646966e-01	-1.060019e+00	1.345109e+00	9.242373e-01	1.477344e+00	-6.965398e-01	-1.172671e+00	2.449129e-01	1.048929e+00	-1.626331e-02	-6.622385e-01	-1.697499e+00
0.602000	2.642124e-01	-1.057813e+00	1.339270e+00	9.179599e-01	1.473757e+00	-6.919984e-01	-1.166424e+00	2.447049e-01	1.041746e+00	-1.574856e-02	-6.606491e-01	-1.689018e+00
0.603000	2.637428e-01	-1.055590e+00	1.333456e+00	9.117129e-01	1.470147e+00	-6.874753e-01	-1.160203e+00	2.444842e-01	1.034601e+00	-1.525259e-02	-6.590408e-01	-1.680581e+00
0.604000	2.632878e-01	-1.053350e+00	1.327666e+00	9.054970e-01	1.466513e+00	-6.829700e-01	-1.154009e+00	2.442511e-01	1.027494e+00	-1.477551e-02	-6.574144e-01	-1.672190e+00
0.605000	2.628472e-01	-1.051092e+00	1.321899e+00	8.993111e-01	1.462856e+00	-6.784829e-01	-1.147842e+00	2.440059e-01	1.020426e+00	-1.431614e-02	-6.557698e-01	-1.663842e+00
0.606000	2.624210e-01	-1.048817e+00	1.316159e+00	8.931562e-01	1.459176e+00	-6.740142e-01	-1.141703e+00	2.437491e-01	1.013397e+00	-1.387441e-02	-6.541079e-01	-1.655541e+00
0.607000	2.620088e-01	-1.046526e+00	1.310442e+00	8.870322e-01	1.455474e+00	-6.695634e-01	-1.135589e+00	2.434803e-01	1.006405e+00	-1.345152e-02	-6.524287e-01	-1.647284e+00
0.608000	2.616106e-01	-1.044218e+00	1.304751e+00	8.809390e-01	1.451751e+00	-6.651312e-01	-1.129503e+00	2.432002e-01	9.994525e-01	-1.304626e-02	-6.507329e-01	-1.639072e+00
0.609000	2.612255e-01	-1.041894e+00	1.299084e+00	8.748761e-01	1.448005e+00	-6.607172e-01	-1.123444e+00	2.429089e-01	9.925387e-01	-1.265740e-02	-6.490204e-01	-1.630906e+00
0.610000	2.608541e-01	-1.039554e+00	1.293442e+00	8.688442e-01	1.444239e+00	-6.563218e-01	-1.117412e+00	2.426065e-01	9.856637e-01	-1.228601e-02	-6.472920e-01	-1.622784e+00
0.611000	2.604958e-01	-1.037198e+00	1.287826e+00	8.628430e-01	1.440453e+00	-6.519446e-01	-1.111407e+00	2.422933e-01	9.788273e-01	-1.193148e-02	-6.455477e-01	-1.614709e+00
0.612000	2.601504e-01	-1.034827e+00	1.282234e+00	8.568726e-01	1.436645e+00	-6.475859e-01	-1.105429e+00	2.419693e-01	9.720294e-01	-1.159388e-02	-6.437879e-01	-1.606678e+00
0.613000	2.598177e-01	-1.032440e+00	1.276667e+00	8.509331e-01	1.432818e+00	-6.432452e-01	-1.099478e+00	2.416348e-01	9.652700e-01	-1.127297e-02	-6.420131e-01	-1.598692e+00
0.614000	2.594976e-01	-1.030038e+00	1.271125e+00	8.450239e-01	1.428971e+00	-6.389230e-01	-1.093554e+00	2.412901e-01	9.585497e-01	-1.096785e-02	-6.402233e-01	-1.590751e+00
0.615000	2.591898e-01	-1.027621e+00	1.265608e+00	8.391459e-01	1.425105e+00	-6.346194e-01	-1.087657e+00	2.409354e-01	9.518680e-01	-1.067907e-02	-6.384196e-01	-1.582857e+00
0.616000	2.588943e-01	-1.025190e+00	1.260117e+00	8.332989e-01	1.421221e+00	-6.303344e-01	-1.081787e+00	2.405708e-01	9.452250e-01	-1.040649e-02	-6.366018e-01	-1.575007e+00
0.617000	2.586107e-01	-1.022745e+00	1.254651e+00	8.274820e-01	1.417318e+00	-6.260680e-01	-1.075944e+00	2.401965e-01	9.386204e-01	-1.014912e-02	-6.347698e-01	-1.567203e+00
0.618000	2.583388e-01	-1.020285e+00	1.249209e+00	8.216963e-01	1.413397e+00	-6.218199e-01	-1.070127e+00	2.398126e-01	9.320543e-01	-9.907782e-03	-6.329246e-01	-1.559444e+00
0.619000	2.580785e-01	-1.017811e+00	1.243793e+00	8.159412e-01	1.409458e+00	-6.175901e-01	-1.064337e+00	2.394192e-01	9.255262e-01	-9.682178e-03	-6.310664e-01	-1.551729e+00
0.620000	2.578292e-01	-1.015324e+00	1.238403e+00	8.102169e-01	1.405503e+00	-6.133795e-01	-1.058575e+00	2.390168e-01	9.190372e-01	-9.471059e-03	-6.291953e-01	-1.544060e+00
0.621000	2.575913e-01	-1.012824e+00	1.233037e+00	8.045231e-01	1.401530e+00	-6.091871e-01	-1.052839e+00	2.386053e-01	9.125859e-01	-9.275556e-03	-6.273116e-01	-1.536436e+00
0.622000	2.573646e-01	-1.010309e+00	1.227697e+00	7.988598e-01	1.397540e+00	-6.050124e-01	-1.047129e+00	2.381850e-01	9.061725e-01	-9.094954e-03	-6.254156e-01	-1.528857e+00
0.623000	2.571483e-01	-1.007782e+00	1.222382e+00	7.932272e-01	1.393534e+00	-6.008573e-01	-1.041447e+00	2.377560e-01	8.997977e-01	-8.928716e-03	-6.235077e-01	-1.521322e+00
0.624000	2.569430e-01	-1.005242e+00	1.217092e+00	7.876252e-01	1.389512e+00	-5.967202e-01	-1.035791e+00	2.373186e-01	8.934614e-01	-8.776963e-03	-6.215884e-01	-1.513834e+00
0.625000	2.567481e-01	-1.002689e+00	1.211828e+00	7.820537e-01	1.385474e+00	-5.926018e-01	-1.030162e+00	2.368729e-01	8.871633e-01	-8.639395e-03	-6.196578e-01	-1.506389e+00
0.626000	2.565636e-01	-1.000124e+00	1.206589e+00	7.765129e-01	1.381421e+00	-5.885020e-01	-1.024560e+00	2.364191e-01	8.809032e-01	-8.516073e-03	-6.177164e-01	-1.498990e+00
0.627000	2.563891e-01	-9.975467e-01	1.201375e+00	7.710025e-01	1.377354e+00	-5.844207e-01	-1.018985e+00	2.359574e-01	8.746811e-01	-8.406699e-03	-6.157642e-01	-1.491636e+00
0.628000	2.562247e-01	-9.949580e-01	1.196188e+00	7.655228e-01	1.373272e+00	-5.803585e-01	-1.013436e+00	2.354877e-01	8.684962e-01	-8.311868e-03	-6.138017e-01	-1.484326e+00
0.629000	2.560702e-01	-9.923571e-01	1.191026e+00	7.600734e-01	1.369176e+00	-5.763145e-01	-1.007914e+00	2.350107e-01	8.623505e-01	-8.229494e-03	-6.118292e-01	-1.477062e+00
0.630000	2.559251e-01	-9.897446e-01	1.185889e+00	7.546545e-01	1.365066e+00	-5.722890e-01	-1.002418e+00	2.345259e-01	8.562416e-01	-8.161306e-03	-6.098469e-01	-1.469841e+00
0.631000	2.557896e-01	-9.871212e-01	1.180777e+00	7.492658e-01	1.360942e+00	-5.682827e-01	-9.969490e-01	2.340339e-01	8.501704e-01	-8.106351e-03	-6.078550e-01	-1.462665e+00
0.632000	2.556635e-01	-9.844866e-01	1.175692e+00	7.439076e-01	1.356806e+00	-5.642946e-01	-9.915068e-01	2.335348e-01	8.441374e-01	-8.064270e-03	-6.058540e-01	-1.455534e+00
0.633000	2.555466e-01	-9.818409e-01	1.170631e+00	7.385795e-01	1.352656e+00	-5.603251e-01	-9.860911e-01	2.330288e-01	8.381418e-01	-8.035064e-03	-6.038439e-01	-1.448448e+00
0.634000	2.554385e-01	-9.791850e-01	1.165597e+00	7.332817e-01	1.348494e+00	-5.563748e-01	-9.807010e-01	2.325158e-01	8.321830e-01	-8.019209e-03	-6.018251e-01	-1.441405e+00
0.635000	2.553396e-01	-9.765182e-01	1.160588e+00	7.280140e-01	1.344320e+00	-5.524425e-01	-9.753375e-01	2.319961e-01	8.262615e-01	-8.016109e-03	-5.997979e-01	-1.434407e+00
0.636000	2.552491e-01	-9.738415e-01	1.155604e+00	7.227764e-01	1.340134e+00	-5.485291e-01	-9.699999e-01	2.314697e-01	8.203768e-01	-8.025587e-03	-5.977625e-01	-1.427452e+00
0.637000	2.551674e-01	-9.711545e-01	1.150647e+00	7.175690e-01	1.335937e+00	-5.446342e-01	-9.646888e-01	2.309369e-01	8.145293e-01	-8.047581e-03	-5.957192e-01	-1.420542e+00
0.638000	2.550941e-01	-9.684576e-01	1.145714e+00	7.123916e-01	1.331728e+00	-5.407578e-01	-9.594038e-01	2.303979e-01	8.087187e-01	-8.081913e-03	-5.936684e-01	-1.413675e+00
0.639000	2.550291e-01	-9.657515e-01	1.140808e+00	7.072441e-01	1.327509e+00	-5.369004e-01	-9.541454e-01	2.298529e-01	8.029456e-01	-8.127868e-03	-5.916102e-01	-1.406853e+00
0.640000	2.549725e-01	-9.630355e-01	1.135927e+00	7.021265e-01	1.323278e+00	-5.330613e-01	-9.489126e-01	2.293018e-01	7.972085e-01	-8.186340e-03	-5.895447e-01	-1.400074e+00
0.641000	2.549235e-01	-9.603108e-01	1.131072e+00	6.970389e-01	1.319039e+00	-5.292411e-01	-9.437064e-01	2.287450e-01	7.915086e-01	-8.256078e-03	-5.874729e-01	-1.393339e+00
0.642000	2.548828e-01	-9.575765e-01	1.126242e+00	6.919812e-01	1.314788e+00	-5.254389e-01	-9.385260e-01	2.281825e-01	7.858449e-01	-8.337975e-03	-5.853944e-01	-1.386648e+00
0.643000	2.548497e-01	-9.548334e-01	1.121438e+00	6.869528e-01	1.310528e+00	-5.216557e-01	-9.333708e-01	2.276141e-01	7.802170e-01	-8.431613e-03	-5.833089e-01	-1.379999e+00
0.644000	2.548242e-01	-9.520820e-01	1.116660e+00	6.819545e-01	1.306259e+00	-5.178909e-01	-9.282416e-01	2.270405e-01	7.746252e-01	-8.537054e-03	-5.812178e-01	-1.373394e+00
0.645000	2.548061e-01	-9.493222e-01	1.111907e+00	6.769852e-01	1.301981e+00	-5.141450e-01	-9.231381e-01	2.264614e-01	7.690697e-01	-8.653224e-03	-5.791203e-01	-1.366832e+00
0.646000	2.547951e-01	-9.465539e-01	1.107180e+00	6.720458e-01	1.297694e+00	-5.104175e-01	-9.180601e-01	2.258771e-01	7.635498e-01	-8.780897e-03	-5.770174e-01	-1.360312e+00
0.647000	2.547917e-01	-9.437780e-01	1.102479e+00	6.671359e-01	1.293399e+00	-5.067086e-01	-9.130080e-01	2.252878e-01	7.580659e-01	-8.919597e-03	-5.749090e-01	-1.353836e+00
0.648000	2.547955e-01	-9.409940e-01	1.097803e+00	6.622553e-01	1.289096e+00	-5.030179e-01	-9.079815e-01	2.246937e-01	7.526176e-01	-9.069383e-03	-5.727956e-01	-1.347403e+00
0.649000	2.548061e-01	-9.382023e-01	1.093153e+00	6.574039e-01	1.284785e+00	-4.993458e-01	-9.029800e-01	2.240946e-01	7.472045e-01	-9.230018e-03	-5.706769e-01	-1.341012e+00
0.650000	2.548236e-01	-9.354032e-01	1.088529e+00	6.525817e-01	1.280466e+00	-4.956924e-01	-8.980042e-01	2.234908e-01	7.418270e-01	-9.401083e-03	-5.685533e-01	-1.334663e+00
0.651000	2.548478e-01	-9.325970e-01	1.083930e+00	6.477889e-01	1.276140e+00	-4.920574e-01	-8.930537e-01	2.228825e-01	7.364847e-01	-9.582996e-03	-5.664255e-01	-1.328357e+00
0.652000	2.548785e-01	-9.297840e-01	1.079357e+00	6.430250e-01	1.271808e+00	-4.884410e-01	-8.881284e-01	2.222697e-01	7.311775e-01	-9.775102e-03	-5.642933e-01	-1.322093e+00
0.653000	2.549159e-01	-9.269638e-01	1.074809e+00	6.382904e-01	1.267468e+00	-4.848430e-01	-8.832281e-01	2.216526e-01	7.259048e-01	-9.978235e-03	-5.621570e-01	-1.315871e+00
0.654000	2.549598e-01	-9.241366e-01	1.070287e+00	6.335843e-01	1.263122e+00	-4.812632e-01	-8.783530e-01	2.210312e-01	7.206671e-01	-1.019108e-02	-5.600166e-01	-1.309691e+00
0.655000	2.550097e-01	-9.213034e-01	1.065791e+00	6.289071e-01	1.258770e+00	-4.777018e-01	-8.735026e-01	2.204057e-01	7.154638e-01	-1.041430e-02	-5.578727e-01	-1.303553e+00
0.656000	2.550658e-01	-9.184636e-01	1.061320e+00	6.242586e-01	1.254412e+00	-4.741589e-01	-8.686767e-01	2.197760e-01	7.102945e-01	-1.064771e-02	-5.557249e-01	-1.297455e+00
0.657000	2.551280e-01	-9.156178e-01	1.056875e+00	6.196389e-01	1.250049e+00	-4.706344e-01	-8.638762e-01	2.191426e-01	7.051597e-01	-1.089084e-02	-5.535740e-01	-1.291400e+00
0.658000	2.551962e-01	-9.127659e-01	1.052455e+00	6.150476e-01	1.245680e+00	-4.671281e-01	-8.591001e-01	2.185053e-01	7.000591e-01	-1.114374e-02	-5.514199e-01	-1.285386e+00
0.659000	2.552702e-01	-9.099087e-01	1.048061e+00	6.104851e-01	1.241307e+00	-4.636406e-01	-8.543484e-01	2.178642e-01	6.949918e-01	-1.140690e-02	-5.492626e-01	-1.279412e+00
0.660000	2.553497e-01	-9.070456e-01	1.043692e+00	6.059508e-01	1.236929e+00	-4.601711e-01	-8.496214e-01	2.172197e-01	6.899589e-01	-1.167899e-02	-5.471030e-01	-1.273480e+00
0.661000	2.554352e-01	-9.041770e-01	1.039349e+00	6.014448e-01	1.232546e+00	-4.567197e-01	-8.449193e-01	2.165717e-01	6.849595e-01	-1.196080e-02	-5.449407e-01	-1.267589e+00
0.662000	2.555261e-01	-9.013037e-01	1.035032e+00	5.969673e-01	1.228160e+00	-4.532869e-01	-8.402414e-01	2.159203e-01	6.799939e-01	-1.225209e-02	-5.427763e-01	-1.261739e+00
0.663000	2.556225e-01	-8.984250e-01	1.030740e+00	5.925177e-01	1.223769e+00	-4.498722e-01	-8.355876e-01	2.152656e-01	6.750610e-01	-1.255268e-02	-5.406094e-01	-1.255928e+00
0.664000	2.557245e-01	-8.955412e-01	1.026473e+00	5.880961e-01	1.219374e+00	-4.464755e-01	-8.309587e-01	2.146079e-01	6.701620e-01	-1.286185e-02	-5.384407e-01	-1.250159e+00
0.665000	2.558311e-01	-8.926531e-01	1.022231e+00	5.837026e-01	1.214976e+00	-4.430973e-01	-8.263531e-01	2.139469e-01	6.652954e-01	-1.318067e-02	-5.362701e-01	-1.244430e+00
0.666000	2.559434e-01	-8.897600e-01	1.018015e+00	5.793367e-01	1.210575e+00	-4.397368e-01	-8.217716e-01	2.132829e-01	6.604614e-01	-1.350844e-02	-5.340978e-01	-1.238740e+00
0.667000	2.560605e-01	-8.868631e-01	1.013825e+00	5.749989e-01	1.206171e+00	-4.363949e-01	-8.172139e-01	2.126160e-01	6.556599e-01	-1.384550e-02	-5.319240e-01	-1.233090e+00
0.668000	2.561828e-01	-8.839612e-01	1.009660e+00	5.706884e-01	1.201764e+00	-4.330704e-01	-8.126806e-01	2.119465e-01	6.508914e-01	-1.419061e-02	-5.297492e-01	-1.227481e+00
0.669000	2.563098e-01	-8.810562e-01	1.005520e+00	5.664058e-01	1.197355e+00	-4.297647e-01	-8.081706e-01	2.112741e-01	6.461548e-01	-1.454496e-02	-5.275730e-01	-1.221910e+00
0.670000	2.564416e-01	-8.781468e-01	1.001405e+00	5.621506e-01	1.192944e+00	-4.264766e-01	-8.036848e-01	2.105993e-01	6.414510e-01	-1.490736e-02	-5.253962e-01	-1.216380e+00
0.671000	2.565779e-01	-8.752339e-01	9.973160e-01	5.579226e-01	1.188530e+00	-4.232067e-01	-7.992220e-01	2.099217e-01	6.367784e-01	-1.527858e-02	-5.232182e-01	-1.210888e+00
0.672000	2.567193e-01	-8.723171e-01	9.932519e-01	5.537220e-01	1.184115e+00	-4.199544e-01	-7.947833e-01	2.092419e-01	6.321383e-01	-1.565802e-02	-5.210398e-01	-1.205436e+00
0.673000	2.568651e-01	-8.693973e-01	9.892135e-01	5.495486e-01	1.179699e+00	-4.167204e-01	-7.903681e-01	2.085598e-01	6.275299e-01	-1.604557e-02	-5.188611e-01	-1.200023e+00
0.674000	2.570152e-01	-8.664746e-01	9.852002e-01	5.454024e-01	1.175281e+00	-4.135044e-01	-7.859759e-01	2.078753e-01	6.229526e-01	-1.644164e-02	-5.166820e-01	-1.194648e+00
0.675000	2.571698e-01	-8.635485e-01	9.812118e-01	5.412834e-01	1.170863e+00	-4.103059e-01	-7.816070e-01	2.071886e-01	6.184068e-01	-1.684618e-02	-5.145030e-01	-1.189313e+00
0.676000	2.573287e-01	-8.606189e-01	9.772480e-01	5.371906e-01	1.166443e+00	-4.071250e-01	-7.772613e-01	2.064999e-01	6.138921e-01	-1.725805e-02	-5.123235e-01	-1.184015e+00
0.677000	2.574918e-01	-8.576875e-01	9.733100e-01	5.331252e-01	1.162023e+00	-4.039624e-01	-7.729390e-01	2.058093e-01	6.094089e-01	-1.767808e-02	-5.101447e-01	-1.178756e+00
0.678000	2.576591e-01	-8.547531e-01	9.693967e-01	5.290861e-01	1.157602e+00	-4.008173e-01	-7.686391e-01	2.051165e-01	6.049559e-01	-1.810610e-02	-5.079658e-01	-1.173535e+00
0.679000	2.578306e-01	-8.518170e-01	9.655093e-01	5.250736e-01	1.153182e+00	-3.976904e-01	-7.643627e-01	2.044221e-01	6.005340e-01	-1.854151e-02	-5.057874e-01	-1.168353e+00
0.680000	2.580059e-01	-8.488779e-01	9.616460e-01	5.210876e-01	1.148762e+00	-3.945807e-01	-7.601084e-01	2.037257e-01	5.961421e-01	-1.898509e-02	-5.036095e-01	-1.163207e+00
0.681000	2.581852e-01	-8.459370e-01	9.578080e-01	5.171282e-01	1.144342e+00	-3.914885e-01	-7.558771e-01	2.030277e-01	5.917807e-01	-1.943624e-02	-5.014327e-01	-1.158100e+00
0.682000	2.583681e-01	-8.429944e-01	9.539948e-01	5.131947e-01	1.139923e+00	-3.884144e-01	-7.516686e-01	2.023281e-01	5.874497e-01	-1.989430e-02	-4.992565e-01	-1.153030e+00
0.683000	2.585552e-01	-8.400497e-01	9.502066e-01	5.092874e-01	1.135504e+00	-3.853577e-01	-7.474825e-01	2.016269e-01	5.831485e-01	-2.036005e-02	-4.970811e-01	-1.147997e+00
0.684000	2.587457e-01	-8.371038e-01	9.464434e-01	5.054064e-01	1.131087e+00	-3.823185e-01	-7.433188e-01	2.009243e-01	5.788773e-01	-2.083331e-02	-4.949073e-01	-1.143002e+00
0.685000	2.589400e-01	-8.341561e-01	9.427050e-01	5.015512e-01	1.126670e+00	-3.792969e-01	-7.391775e-01	2.002203e-01	5.746357e-01	-2.131367e-02	-4.927346e-01	-1.138044e+00
0.686000	2.591378e-01	-8.312072e-01	9.389913e-01	4.977216e-01	1.122255e+00	-3.762927e-01	-7.350581e-01	1.995148e-01	5.704231e-01	-2.180135e-02	-4.905629e-01	-1.133122e+00
0.687000	2.593392e-01	-8.282569e-01	9.353022e-01	4.939180e-01	1.117842e+00	-3.733056e-01	-7.309613e-01	1.988082e-01	5.662404e-01	-2.229595e-02	-4.883932e-01	-1.128237e+00
0.688000	2.595440e-01	-8.253061e-01	9.316381e-01	4.901400e-01	1.113431e+00	-3.703363e-01	-7.268864e-01	1.981004e-01	5.620868e-01	-2.279758e-02	-4.862251e-01	-1.123389e+00
0.689000	2.597522e-01	-8.223540e-01	9.279985e-01	4.863873e-01	1.109021e+00	-3.673843e-01	-7.228332e-01	1.973913e-01	5.579618e-01	-2.330631e-02	-4.840586e-01	-1.118576e+00
0.690000	2.599638e-01	-8.194011e-01	9.243835e-01	4.826601e-01	1.104614e+00	-3.644493e-01	-7.188023e-01	1.966814e-01	5.538661e-01	-2.382159e-02	-4.818942e-01	-1.113800e+00
0.691000	2.601784e-01	-8.164480e-01	9.207931e-01	4.789580e-01	1.100209e+00	-3.615319e-01	-7.147930e-01	1.959704e-01	5.497990e-01	-2.434349e-02	-4.797316e-01	-1.109060e+00
0.692000	2.603966e-01	-8.134941e-01	9.172274e-01	4.752812e-01	1.095807e+00	-3.586313e-01	-7.108049e-01	1.952583e-01	5.457599e-01	-2.487278e-02	-4.775710e-01	-1.104356e+00
0.693000	2.606178e-01	-8.105400e-01	9.136859e-01	4.716293e-01	1.091407e+00	-3.557481e-01	-7.068391e-01	1.945456e-01	5.417497e-01	-2.540791e-02	-4.754129e-01	-1.099688e+00
0.694000	2.608420e-01	-8.075855e-01	9.101689e-01	4.680024e-01	1.087011e+00	-3.528818e-01	-7.028942e-01	1.938318e-01	5.377670e-01	-2.595025e-02	-4.732569e-01	-1.095054e+00
0.695000	2.610693e-01	-8.046313e-01	9.066764e-01	4.644005e-01	1.082618e+00	-3.500327e-01	-6.989715e-01	1.931177e-01	5.338132e-01	-2.649826e-02	-4.711040e-01	-1.090457e+00
0.696000	2.612996e-01	-8.016771e-01	9.032083e-01	4.608231e-01	1.078228e+00	-3.472008e-01	-6.950698e-01	1.924027e-01	5.298870e-01	-2.705288e-02	-4.689532e-01	-1.085894e+00
0.697000	2.615328e-01	-7.987230e-01	8.997644e-01	4.572702e-01	1.073841e+00	-3.443857e-01	-6.911889e-01	1.916870e-01	5.259880e-01	-2.761409e-02	-4.668050e-01	-1.081367e+00
0.698000	2.617690e-01	-7.957692e-01	8.963447e-01	4.537420e-01	1.069458e+00	-3.415873e-01	-6.873295e-01	1.909709e-01	5.221168e-01	-2.818152e-02	-4.646599e-01	-1.076874e+00
0.699000	2.620080e-01	-7.928163e-01	8.929495e-01	4.502381e-01	1.065080e+00	-3.388063e-01	-6.834910e-01	1.902542e-01	5.182726e-01	-2.875510e-02	-4.625175e-01	-1.072416e+00
0.700000	2.622497e-01	-7.898638e-01	8.895783e-01	4.467584e-01	1.060705e+00	-3.360418e-01	-6.796735e-01	1.895370e-01	5.144560e-01	-2.933463e-02	-4.603782e-01	-1.067992e+00
0.701000	2.624940e-01	-7.869117e-01	8.862307e-01	4.433029e-01	1.056334e+00	-3.332939e-01	-6.758766e-01	1.888194e-01	5.106661e-01	-2.992028e-02	-4.582419e-01	-1.063603e+00
0.702000	2.627411e-01	-7.839605e-01	8.829074e-01	4.398711e-01	1.051967e+00	-3.305629e-01	-6.721002e-01	1.881015e-01	5.069029e-01	-3.051192e-02	-4.561084e-01	-1.059247e+00
0.703000	2.629908e-01	-7.810104e-01	8.796083e-01	4.364634e-01	1.047606e+00	-3.278484e-01	-6.683446e-01	1.873833e-01	5.031664e-01	-3.110966e-02	-4.539786e-01	-1.054926e+00
0.704000	2.632429e-01	-7.780616e-01	8.763328e-01	4.330795e-01	1.043249e+00	-3.251508e-01	-6.646097e-01	1.866649e-01	4.994565e-01	-3.171268e-02	-4.518521e-01	-1.050638e+00
0.705000	2.634979e-01	-7.751141e-01	8.730816e-01	4.297193e-01	1.038897e+00	-3.224698e-01	-6.608953e-01	1.859463e-01	4.957728e-01	-3.232181e-02	-4.497291e-01	-1.046385e+00
0.706000	2.637552e-01	-7.721679e-01	8.698541e-01	4.263825e-01	1.034550e+00	-3.198053e-01	-6.572013e-01	1.852276e-01	4.921157e-01	-3.293633e-02	-4.476096e-01	-1.042164e+00
0.707000	2.640150e-01	-7.692231e-01	8.666504e-01	4.230689e-01	1.030208e+00	-3.171572e-01	-6.535273e-01	1.845088e-01	4.884841e-01	-3.355667e-02	-4.454935e-01	-1.037977e+00
0.708000	2.642772e-01	-7.662799e-01	8.634703e-01	4.197791e-01	1.025872e+00	-3.145255e-01	-6.498738e-01	1.837900e-01	4.848789e-01	-3.418249e-02	-4.433817e-01	-1.033824e+00
0.709000	2.645418e-01	-7.633383e-01	8.603140e-01	4.165123e-01	1.021540e+00	-3.119101e-01	-6.462401e-01	1.830712e-01	4.812989e-01	-3.481397e-02	-4.412733e-01	-1.029703e+00
0.710000	2.648087e-01	-7.603984e-01	8.571809e-01	4.132685e-01	1.017215e+00	-3.093109e-01	-6.426266e-01	1.823525e-01	4.777448e-01	-3.545052e-02	-4.391689e-01	-1.025615e+00
0.711000	2.650779e-01	-7.574609e-01	8.540719e-01	4.100478e-01	1.012895e+00	-3.067282e-01	-6.390330e-01	1.816340e-01	4.742160e-01	-3.609264e-02	-4.370686e-01	-1.021560e+00
0.712000	2.653494e-01	-7.545252e-01	8.509863e-01	4.068499e-01	1.008582e+00	-3.041616e-01	-6.354589e-01	1.809155e-01	4.707121e-01	-3.674033e-02	-4.349723e-01	-1.017537e+00
0.713000	2.656230e-01	-7.515920e-01	8.479241e-01	4.036746e-01	1.004275e+00	-3.016114e-01	-6.319046e-01	1.801973e-01	4.672334e-01	-3.739294e-02	-4.328801e-01	-1.013546e+00
0.714000	2.658988e-01	-7.486607e-01	8.448853e-01	4.005221e-01	9.999737e-01	-2.990770e-01	-6.283704e-01	1.794795e-01	4.637801e-01	-3.805050e-02	-4.307925e-01	-1.009588e+00
0.715000	2.661768e-01	-7.457322e-01	8.418702e-01	3.973921e-01	9.956793e-01	-2.965589e-01	-6.248552e-01	1.787618e-01	4.603510e-01	-3.871372e-02	-4.287088e-01	-1.005662e+00
0.716000	2.664569e-01	-7.428058e-01	8.388777e-01	3.942844e-01	9.913909e-01	-2.940565e-01	-6.213595e-01	1.780444e-01	4.569464e-01	-3.938180e-02	-4.266295e-01	-1.001768e+00
0.717000	2.667392e-01	-7.398823e-01	8.359089e-01	3.911989e-01	9.871095e-01	-2.915702e-01	-6.178832e-01	1.773275e-01	4.535664e-01	-4.005486e-02	-4.245548e-01	-9.979051e-01
0.718000	2.670233e-01	-7.369614e-01	8.329632e-01	3.881356e-01	9.828349e-01	-2.890999e-01	-6.144261e-01	1.766110e-01	4.502108e-01	-4.073271e-02	-4.224845e-01	-9.940741e-01
0.719000	2.673098e-01	-7.340431e-01	8.300406e-01	3.850942e-01	9.785670e-01	-2.866452e-01	-6.109883e-01	1.758950e-01	4.468792e-01	-4.141569e-02	-4.204188e-01	-9.902745e-01
0.720000	2.675979e-01	-7.311283e-01	8.271412e-01	3.820749e-01	9.743068e-01	-2.842066e-01	-6.075696e-01	1.751795e-01	4.435717e-01	-4.210317e-02	-4.183580e-01	-9.865063e-01
0.721000	2.678880e-01	-7.282161e-01	8.242644e-01	3.790771e-01	9.700531e-01	-2.817834e-01	-6.041697e-01	1.744646e-01	4.402879e-01	-4.279542e-02	-4.163016e-01	-9.827689e-01
0.722000	2.681801e-01	-7.253073e-01	8.214109e-01	3.761014e-01	9.658076e-01	-2.793761e-01	-6.007886e-01	1.737502e-01	4.370276e-01	-4.349282e-02	-4.142503e-01	-9.790624e-01
0.723000	2.684741e-01	-7.224016e-01	8.185802e-01	3.731469e-01	9.615688e-01	-2.769843e-01	-5.974264e-01	1.730364e-01	4.337908e-01	-4.419464e-02	-4.122037e-01	-9.753867e-01
0.724000	2.687699e-01	-7.194992e-01	8.157722e-01	3.702138e-01	9.573379e-01	-2.746080e-01	-5.940827e-01	1.723233e-01	4.305774e-01	-4.490095e-02	-4.101619e-01	-9.717416e-01
0.725000	2.690675e-01	-7.166005e-01	8.129871e-01	3.673023e-01	9.531149e-01	-2.722473e-01	-5.907577e-01	1.716109e-01	4.273870e-01	-4.561213e-02	-4.081253e-01	-9.681268e-01
0.726000	2.693669e-01	-7.137055e-01	8.102247e-01	3.644118e-01	9.488999e-01	-2.699022e-01	-5.874512e-01	1.708992e-01	4.242199e-01	-4.632747e-02	-4.060936e-01	-9.645424e-01
0.727000	2.696678e-01	-7.108141e-01	8.074849e-01	3.615423e-01	9.446926e-01	-2.675726e-01	-5.841628e-01	1.701882e-01	4.210754e-01	-4.704732e-02	-4.040668e-01	-9.609877e-01
0.728000	2.699707e-01	-7.079262e-01	8.047674e-01	3.586939e-01	9.404935e-01	-2.652579e-01	-5.808929e-01	1.694781e-01	4.179537e-01	-4.777172e-02	-4.020455e-01	-9.574633e-01
0.729000	2.702754e-01	-7.050422e-01	8.020728e-01	3.558663e-01	9.363025e-01	-2.629587e-01	-5.776414e-01	1.687688e-01	4.148547e-01	-4.850033e-02	-4.000292e-01	-9.539688e-01
0.730000	2.705815e-01	-7.021624e-01	7.994004e-01	3.530595e-01	9.321202e-01	-2.606748e-01	-5.744077e-01	1.680603e-01	4.117778e-01	-4.923332e-02	-3.980181e-01	-9.505034e-01
0.731000	2.708896e-01	-6.992863e-01	7.967504e-01	3.502733e-01	9.279460e-01	-2.584057e-01	-5.711923e-01	1.673528e-01	4.087236e-01	-4.997054e-02	-3.960125e-01	-9.470683e-01
0.732000	2.711991e-01	-6.964148e-01	7.941229e-01	3.475074e-01	9.237808e-01	-2.561522e-01	-5.679947e-01	1.666462e-01	4.056912e-01	-5.071187e-02	-3.940122e-01	-9.436620e-01
0.733000	2.715105e-01	-6.935468e-01	7.915175e-01	3.447619e-01	9.196234e-01	-2.539133e-01	-5.648149e-01	1.659405e-01	4.026809e-01	-5.145746e-02	-3.920171e-01	-9.402851e-01
0.734000	2.718233e-01	-6.906838e-01	7.889342e-01	3.420369e-01	9.154757e-01	-2.516895e-01	-5.616531e-01	1.652359e-01	3.996924e-01	-5.220705e-02	-3.900279e-01	-9.369372e-01
0.735000	2.721376e-01	-6.878246e-01	7.863729e-01	3.393318e-01	9.113361e-01	-2.494806e-01	-5.585092e-01	1.645324e-01	3.967260e-01	-5.296019e-02	-3.880439e-01	-9.336183e-01
0.736000	2.724538e-01	-6.849705e-01	7.838343e-01	3.366470e-01	9.072064e-01	-2.472867e-01	-5.553828e-01	1.638299e-01	3.937809e-01	-5.371800e-02	-3.860658e-01	-9.303285e-01
0.737000	2.727714e-01	-6.821206e-01	7.813172e-01	3.339818e-01	9.030850e-01	-2.451075e-01	-5.522737e-01	1.631284e-01	3.908572e-01	-5.447945e-02	-3.840929e-01	-9.270668e-01
0.738000	2.730904e-01	-6.792755e-01	7.788222e-01	3.313367e-01	8.989735e-01	-2.429431e-01	-5.491824e-01	1.624282e-01	3.879550e-01	-5.524480e-02	-3.821262e-01	-9.238342e-01
0.739000	2.734111e-01	-6.764348e-01	7.763488e-01	3.287109e-01	8.948703e-01	-2.407932e-01	-5.461080e-01	1.617290e-01	3.850735e-01	-5.601400e-02	-3.801645e-01	-9.206292e-01
0.740000	2.737330e-01	-6.735994e-01	7.738974e-01	3.261049e-01	8.907773e-01	-2.386581e-01	-5.430510e-01	1.610310e-01	3.822132e-01	-5.678695e-02	-3.782090e-01	-9.174526e-01
0.741000	2.740566e-01	-6.707686e-01	7.714679e-01	3.235183e-01	8.866935e-01	-2.365375e-01	-5.400112e-01	1.603342e-01	3.793739e-01	-5.756372e-02	-3.762591e-01	-9.143043e-01
0.742000	2.743816e-01	-6.679429e-01	7.690597e-01	3.209510e-01	8.826193e-01	-2.344313e-01	-5.369886e-01	1.596387e-01	3.765551e-01	-5.834404e-02	-3.743151e-01	-9.111835e-01
0.743000	2.747081e-01	-6.651223e-01	7.666736e-01	3.184029e-01	8.785549e-01	-2.323398e-01	-5.339828e-01	1.589444e-01	3.737569e-01	-5.912825e-02	-3.723769e-01	-9.080907e-01
0.744000	2.750359e-01	-6.623067e-01	7.643084e-01	3.158741e-01	8.745001e-01	-2.302623e-01	-5.309941e-01	1.582514e-01	3.709792e-01	-5.991584e-02	-3.704448e-01	-9.050252e-01
0.745000	2.753651e-01	-6.594965e-01	7.619653e-01	3.133641e-01	8.704554e-01	-2.281995e-01	-5.280219e-01	1.575595e-01	3.682215e-01	-6.070739e-02	-3.685184e-01	-9.019873e-01
0.746000	2.756958e-01	-6.566914e-01	7.596432e-01	3.108731e-01	8.664204e-01	-2.261507e-01	-5.250665e-01	1.568691e-01	3.654840e-01	-6.150237e-02	-3.665980e-01	-8.989766e-01
0.747000	2.760280e-01	-6.538920e-01	7.573429e-01	3.084008e-01	8.623958e-01	-2.241162e-01	-5.221281e-01	1.561801e-01	3.627668e-01	-6.230074e-02	-3.646838e-01	-8.959935e-01
0.748000	2.763613e-01	-6.510978e-01	7.550635e-01	3.059472e-01	8.583810e-01	-2.220958e-01	-5.192059e-01	1.554924e-01	3.600692e-01	-6.310254e-02	-3.627756e-01	-8.930369e-01
0.749000	2.766962e-01	-6.483092e-01	7.528055e-01	3.035120e-01	8.543765e-01	-2.200895e-01	-5.163003e-01	1.548061e-01	3.573915e-01	-6.390783e-02	-3.608733e-01	-8.901075e-01
0.750000	2.770322e-01	-6.455257e-01	7.505680e-01	3.010952e-01	8.503817e-01	-2.180969e-01	-5.134112e-01	1.541212e-01	3.547334e-01	-6.471616e-02	-3.589772e-01	-8.872045e-01
0.751000	2.773697e-01	-6.427483e-01	7.483522e-01	2.986967e-01	8.463978e-01	-2.161186e-01	-5.105383e-01	1.534378e-01	3.520948e-01	-6.552812e-02	-3.570873e-01	-8.843284e-01
0.752000	2.777085e-01	-6.399765e-01	7.461573e-01	2.963165e-01	8.424242e-01	-2.141540e-01	-5.076815e-01	1.527559e-01	3.494754e-01	-6.634349e-02	-3.552035e-01	-8.814787e-01
0.753000	2.780486e-01	-6.372107e-01	7.439835e-01	2.939542e-01	8.384612e-01	-2.122035e-01	-5.048407e-01	1.520753e-01	3.468751e-01	-6.716210e-02	-3.533258e-01	-8.786551e-01
0.754000	2.783898e-01	-6.344507e-01	7.418301e-01	2.916101e-01	8.345088e-01	-2.102666e-01	-5.020162e-01	1.513963e-01	3.442940e-01	-6.798372e-02	-3.514544e-01	-8.758575e-01
0.755000	2.787326e-01	-6.316965e-01	7.396978e-01	2.892837e-01	8.305669e-01	-2.083432e-01	-4.992082e-01	1.507190e-01	3.417323e-01	-6.880817e-02	-3.495895e-01	-8.730868e-01
0.756000	2.790766e-01	-6.289483e-01	7.375863e-01	2.869750e-01	8.266358e-01	-2.064336e-01	-4.964152e-01	1.500430e-01	3.391887e-01	-6.963649e-02	-3.477305e-01	-8.703413e-01
0.757000	2.794218e-01	-6.262063e-01	7.354954e-01	2.846841e-01	8.227156e-01	-2.045377e-01	-4.936384e-01	1.493687e-01	3.366641e-01	-7.046744e-02	-3.458780e-01	-8.676218e-01
0.758000	2.797682e-01	-6.234704e-01	7.334249e-01	2.824107e-01	8.188064e-01	-2.026550e-01	-4.908773e-01	1.486959e-01	3.341580e-01	-7.130164e-02	-3.440319e-01	-8.649279e-01
0.759000	2.801159e-01	-6.207405e-01	7.313750e-01	2.801546e-01	8.149078e-01	-2.007859e-01	-4.881316e-01	1.480247e-01	3.316702e-01	-7.213897e-02	-3.421919e-01	-8.622593e-01
0.760000	2.804650e-01	-6.180172e-01	7.293459e-01	2.779158e-01	8.110204e-01	-1.989303e-01	-4.854016e-01	1.473551e-01	3.292007e-01	-7.297921e-02	-3.403583e-01	-8.596162e-01
0.761000	2.808152e-01	-6.152997e-01	7.273368e-01	2.756943e-01	8.071439e-01	-1.970878e-01	-4.826873e-01	1.466873e-01	3.267497e-01	-7.382223e-02	-3.385314e-01	-8.569987e-01
0.762000	2.811668e-01	-6.125887e-01	7.253480e-01	2.734896e-01	8.032783e-01	-1.952586e-01	-4.799882e-01	1.460210e-01	3.243164e-01	-7.466817e-02	-3.367106e-01	-8.544059e-01
0.763000	2.815195e-01	-6.098843e-01	7.233795e-01	2.713022e-01	7.994243e-01	-1.934426e-01	-4.773044e-01	1.453564e-01	3.219011e-01	-7.551727e-02	-3.348964e-01	-8.518380e-01
0.764000	2.818731e-01	-6.071864e-01	7.214309e-01	2.691315e-01	7.955815e-01	-1.916398e-01	-4.746360e-01	1.446936e-01	3.195038e-01	-7.636857e-02	-3.330887e-01	-8.492948e-01
0.765000	2.822284e-01	-6.044946e-01	7.195027e-01	2.669775e-01	7.917495e-01	-1.898498e-01	-4.719826e-01	1.440324e-01	3.171240e-01	-7.722330e-02	-3.312873e-01	-8.467769e-01
0.766000	2.825848e-01	-6.018094e-01	7.175944e-01	2.648401e-01	7.879289e-01	-1.880729e-01	-4.693442e-01	1.433729e-01	3.147617e-01	-7.808065e-02	-3.294923e-01	-8.442831e-01
0.767000	2.829424e-01	-5.991313e-01	7.157062e-01	2.627192e-01	7.841201e-01	-1.863091e-01	-4.667211e-01	1.427152e-01	3.124170e-01	-7.894060e-02	-3.277040e-01	-8.418142e-01
0.768000	2.833011e-01	-5.964597e-01	7.138380e-01	2.606150e-01	7.803229e-01	-1.845581e-01	-4.641127e-01	1.420593e-01	3.100895e-01	-7.980344e-02	-3.259224e-01	-8.393694e-01
0.769000	2.836611e-01	-5.937951e-01	7.119896e-01	2.585269e-01	7.765369e-01	-1.828201e-01	-4.615191e-01	1.414050e-01	3.077790e-01	-8.066890e-02	-3.241469e-01	-8.369485e-01
0.770000	2.840223e-01	-5.911368e-01	7.101607e-01	2.564550e-01	7.727624e-01	-1.810945e-01	-4.589401e-01	1.407525e-01	3.054856e-01	-8.153719e-02	-3.223781e-01	-8.345519e-01
0.771000	2.843846e-01	-5.884855e-01	7.083516e-01	2.543993e-01	7.689996e-01	-1.793816e-01	-4.563759e-01	1.401018e-01	3.032092e-01	-8.240801e-02	-3.206159e-01	-8.321792e-01
0.772000	2.847481e-01	-5.858408e-01	7.065618e-01	2.523595e-01	7.652481e-01	-1.776812e-01	-4.538262e-01	1.394529e-01	3.009496e-01	-8.328143e-02	-3.188603e-01	-8.298303e-01
0.773000	2.851127e-01	-5.832033e-01	7.047917e-01	2.503355e-01	7.615085e-01	-1.759936e-01	-4.512910e-01	1.388058e-01	2.987067e-01	-8.415717e-02	-3.171110e-01	-8.275048e-01
0.774000	2.854786e-01	-5.805725e-01	7.030408e-01	2.483274e-01	7.577805e-01	-1.743182e-01	-4.487702e-01	1.381605e-01	2.964803e-01	-8.503577e-02	-3.153686e-01	-8.252030e-01
0.775000	2.858456e-01	-5.779490e-01	7.013098e-01	2.463350e-01	7.540646e-01	-1.726554e-01	-4.462639e-01	1.375172e-01	2.942705e-01	-8.591676e-02	-3.136328e-01	-8.229249e-01
0.776000	2.862140e-01	-5.753326e-01	6.995983e-01	2.443582e-01	7.503606e-01	-1.710051e-01	-4.437717e-01	1.368755e-01	2.920769e-01	-8.680046e-02	-3.119035e-01	-8.206701e-01
0.777000	2.865832e-01	-5.727232e-01	6.979053e-01	2.423967e-01	7.466680e-01	-1.693669e-01	-4.412938e-01	1.362358e-01	2.898995e-01	-8.768612e-02	-3.101807e-01	-8.184378e-01
0.778000	2.869537e-01	-5.701211e-01	6.962320e-01	2.404507e-01	7.429879e-01	-1.677411e-01	-4.388301e-01	1.355980e-01	2.877384e-01	-8.857432e-02	-3.084647e-01	-8.162292e-01
0.779000	2.873256e-01	-5.675262e-01	6.945777e-01	2.385199e-01	7.393195e-01	-1.661274e-01	-4.363801e-01	1.349619e-01	2.855929e-01	-8.946532e-02	-3.067553e-01	-8.140434e-01
0.780000	2.876985e-01	-5.649385e-01	6.929426e-01	2.366043e-01	7.356632e-01	-1.645258e-01	-4.339444e-01	1.343279e-01	2.834636e-01	-9.035835e-02	-3.050526e-01	-8.118805e-01
0.781000	2.880726e-01	-5.623581e-01	6.913263e-01	2.347037e-01	7.320189e-01	-1.629362e-01	-4.315227e-01	1.336958e-01	2.813502e-01	-9.125355e-02	-3.033566e-01	-8.097402e-01
0.782000	2.884481e-01	-5.597847e-01	6.897291e-01	2.328181e-01	7.283864e-01	-1.613585e-01	-4.291145e-01	1.330656e-01	2.792522e-01	-9.215161e-02	-3.016672e-01	-8.076228e-01
0.783000	2.888244e-01	-5.572191e-01	6.881505e-01	2.309473e-01	7.247664e-01	-1.597930e-01	-4.267202e-01	1.324372e-01	2.771698e-01	-9.305152e-02	-2.999845e-01	-8.055274e-01
0.784000	2.892022e-01	-5.546609e-01	6.865910e-01	2.290913e-01	7.211586e-01	-1.582392e-01	-4.243395e-01	1.318108e-01	2.751029e-01	-9.395397e-02	-2.983085e-01	-8.034548e-01
0.785000	2.895810e-01	-5.521101e-01	6.850502e-01	2.272499e-01	7.175628e-01	-1.566972e-01	-4.219725e-01	1.311864e-01	2.730513e-01	-9.485847e-02	-2.966390e-01	-8.014042e-01
0.786000	2.899612e-01	-5.495666e-01	6.835279e-01	2.254231e-01	7.139791e-01	-1.551669e-01	-4.196191e-01	1.305639e-01	2.710150e-01	-9.576517e-02	-2.949764e-01	-7.993760e-01
0.787000	2.903425e-01	-5.470309e-01	6.820244e-01	2.236107e-01	7.104080e-01	-1.536483e-01	-4.172788e-01	1.299433e-01	2.689935e-01	-9.667435e-02	-2.933204e-01	-7.973695e-01
0.788000	2.907249e-01	-5.445030e-01	6.805395e-01	2.218128e-01	7.068496e-01	-1.521415e-01	-4.149522e-01	1.293248e-01	2.669873e-01	-9.758553e-02	-2.916713e-01	-7.953854e-01
0.789000	2.911088e-01	-5.419822e-01	6.790731e-01	2.200290e-01	7.033026e-01	-1.506460e-01	-4.126390e-01	1.287083e-01	2.649960e-01	-9.849879e-02	-2.900288e-01	-7.934231e-01
0.790000	2.914936e-01	-5.394692e-01	6.776248e-01	2.182592e-01	6.997683e-01	-1.491622e-01	-4.103387e-01	1.280937e-01	2.630194e-01	-9.941417e-02	-2.883928e-01	-7.914820e-01
0.791000	2.918798e-01	-5.369639e-01	6.761950e-01	2.165037e-01	6.962465e-01	-1.476896e-01	-4.080517e-01	1.274811e-01	2.610574e-01	-1.003319e-01	-2.867637e-01	-7.895628e-01
0.792000	2.922672e-01	-5.344665e-01	6.747835e-01	2.147621e-01	6.927372e-01	-1.462285e-01	-4.057778e-01	1.268705e-01	2.591101e-01	-1.012515e-01	-2.851412e-01	-7.876651e-01
0.793000	2.926557e-01	-5.319764e-01	6.733899e-01	2.130343e-01	6.892399e-01	-1.447786e-01	-4.035169e-01	1.262619e-01	2.571772e-01	-1.021732e-01	-2.835254e-01	-7.857885e-01
0.794000	2.930455e-01	-5.294943e-01	6.720147e-01	2.113203e-01	6.857553e-01	-1.433399e-01	-4.012690e-01	1.256553e-01	2.552587e-01	-1.030969e-01	-2.819163e-01	-7.839334e-01
0.795000	2.934365e-01	-5.270200e-01	6.706573e-01	2.096201e-01	6.822833e-01	-1.419124e-01	-3.990339e-01	1.250508e-01	2.533545e-01	-1.040226e-01	-2.803141e-01	-7.820994e-01
0.796000	2.938289e-01	-5.245536e-01	6.693184e-01	2.079333e-01	6.788236e-01	-1.404961e-01	-3.968116e-01	1.244482e-01	2.514643e-01	-1.049506e-01	-2.787183e-01	-7.802866e-01
0.797000	2.942224e-01	-5.220949e-01	6.679970e-01	2.062600e-01	6.753766e-01	-1.390907e-01	-3.946023e-01	1.238478e-01	2.495885e-01	-1.058802e-01	-2.771295e-01	-7.784947e-01
0.798000	2.946171e-01	-5.196442e-01	6.666934e-01	2.046001e-01	6.719422e-01	-1.376964e-01	-3.924053e-01	1.232493e-01	2.477263e-01	-1.068119e-01	-2.755473e-01	-7.767234e-01
0.799000	2.950133e-01	-5.172012e-01	6.654081e-01	2.029534e-01	6.685199e-01	-1.363129e-01	-3.902209e-01	1.226529e-01	2.458781e-01	-1.077458e-01	-2.739716e-01	-7.749732e-01
0.800000	2.954107e-01	-5.147663e-01	6.641403e-01	2.013200e-01	6.651104e-01	-1.349404e-01	-3.880492e-01	1.220586e-01	2.440436e-01	-1.086815e-01	-2.724027e-01	-7.732435e-01
0.801000	2.958092e-01	-5.123394e-01	6.628902e-01	1.996996e-01	6.617137e-01	-1.335786e-01	-3.858898e-01	1.214662e-01	2.422227e-01	-1.096191e-01	-2.708405e-01	-7.715343e-01
0.802000	2.962091e-01	-5.099203e-01	6.616575e-01	1.980923e-01	6.583292e-01	-1.322275e-01	-3.837428e-01	1.208759e-01	2.404155e-01	-1.105585e-01	-2.692849e-01	-7.698455e-01
0.803000	2.966103e-01	-5.075094e-01	6.604427e-01	1.964979e-01	6.549578e-01	-1.308872e-01	-3.816083e-01	1.202878e-01	2.386218e-01	-1.114998e-01	-2.677361e-01	-7.681773e-01
0.804000	2.970127e-01	-5.051063e-01	6.592450e-01	1.949163e-01	6.515986e-01	-1.295573e-01	-3.794859e-01	1.197016e-01	2.368413e-01	-1.124431e-01	-2.661940e-01	-7.665289e-01
0.805000	2.974164e-01	-5.027114e-01	6.580648e-01	1.933473e-01	6.482522e-01	-1.282381e-01	-3.773757e-01	1.191176e-01	2.350741e-01	-1.133881e-01	-2.646584e-01	-7.649008e-01
0.806000	2.978214e-01	-5.003244e-01	6.569017e-01	1.917911e-01	6.449184e-01	-1.269293e-01	-3.752777e-01	1.185356e-01	2.333202e-01	-1.143348e-01	-2.631296e-01	-7.632926e-01
0.807000	2.982280e-01	-4.979457e-01	6.557565e-01	1.902474e-01	6.415974e-01	-1.256310e-01	-3.731917e-01	1.179557e-01	2.315793e-01	-1.152836e-01	-2.616075e-01	-7.617048e-01
0.808000	2.986357e-01	-4.955751e-01	6.546281e-01	1.887161e-01	6.382891e-01	-1.243430e-01	-3.711177e-01	1.173779e-01	2.298514e-01	-1.162340e-01	-2.600920e-01	-7.601365e-01
0.809000	2.990447e-01	-4.932126e-01	6.535171e-01	1.871972e-01	6.349935e-01	-1.230654e-01	-3.690555e-01	1.168022e-01	2.281363e-01	-1.171864e-01	-2.585830e-01	-7.585880e-01
0.810000	2.994551e-01	-4.908582e-01	6.524229e-01	1.856906e-01	6.317105e-01	-1.217979e-01	-3.670052e-01	1.162285e-01	2.264340e-01	-1.181405e-01	-2.570808e-01	-7.570590e-01
0.811000	2.998669e-01	-4.885123e-01	6.513463e-01	1.841962e-01	6.284406e-01	-1.205407e-01	-3.649667e-01	1.156569e-01	2.247444e-01	-1.190964e-01	-2.555853e-01	-7.555500e-01
0.812000	3.002799e-01	-4.861741e-01	6.502860e-01	1.827138e-01	6.251828e-01	-1.192935e-01	-3.629398e-01	1.150875e-01	2.230674e-01	-1.200539e-01	-2.540962e-01	-7.540599e-01
0.813000	3.006944e-01	-4.838443e-01	6.492429e-01	1.812434e-01	6.219380e-01	-1.180565e-01	-3.609247e-01	1.145201e-01	2.214030e-01	-1.210132e-01	-2.526138e-01	-7.525894e-01
0.814000	3.011104e-01	-4.815227e-01	6.482166e-01	1.797850e-01	6.187060e-01	-1.168293e-01	-3.589211e-01	1.139548e-01	2.197509e-01	-1.219743e-01	-2.511381e-01	-7.511382e-01
0.815000	3.015276e-01	-4.792092e-01	6.472071e-01	1.783384e-01	6.154865e-01	-1.156122e-01	-3.569289e-01	1.133916e-01	2.181112e-01	-1.229370e-01	-2.496688e-01	-7.497061e-01
0.816000	3.019462e-01	-4.769042e-01	6.462142e-01	1.769035e-01	6.122798e-01	-1.144049e-01	-3.549481e-01	1.128305e-01	2.164835e-01	-1.239015e-01	-2.482061e-01	-7.482927e-01
0.817000	3.023663e-01	-4.746075e-01	6.452382e-01	1.754803e-01	6.090862e-01	-1.132075e-01	-3.529788e-01	1.122715e-01	2.148681e-01	-1.248677e-01	-2.467502e-01	-7.468988e-01
0.818000	3.027877e-01	-4.723187e-01	6.442784e-01	1.740686e-01	6.059047e-01	-1.120197e-01	-3.510208e-01	1.117146e-01	2.132648e-01	-1.258355e-01	-2.453007e-01	-7.455236e-01
0.819000	3.032106e-01	-4.700384e-01	6.433354e-01	1.726684e-01	6.027363e-01	-1.108417e-01	-3.490741e-01	1.111598e-01	2.116735e-01	-1.268049e-01	-2.438577e-01	-7.441672e-01
0.820000	3.036350e-01	-4.677662e-01	6.424087e-01	1.712797e-01	5.995803e-01	-1.096731e-01	-3.471384e-01	1.106071e-01	2.100938e-01	-1.277763e-01	-2.424213e-01	-7.428294e-01
0.821000	3.040608e-01	-4.655026e-01	6.414988e-01	1.699022e-01	5.964375e-01	-1.085144e-01	-3.452142e-01	1.100566e-01	2.085263e-01	-1.287489e-01	-2.409915e-01	-7.415107e-01
0.822000	3.044879e-01	-4.632476e-01	6.406050e-01	1.685360e-01	5.933076e-01	-1.073653e-01	-3.433009e-01	1.095082e-01	2.069704e-01	-1.297231e-01	-2.395682e-01	-7.402101e-01
0.823000	3.049167e-01	-4.610007e-01	6.397275e-01	1.671810e-01	5.901903e-01	-1.062255e-01	-3.413986e-01	1.089619e-01	2.054261e-01	-1.306991e-01	-2.381515e-01	-7.389282e-01
0.824000	3.053470e-01	-4.587618e-01	6.388661e-01	1.658370e-01	5.870853e-01	-1.050949e-01	-3.395072e-01	1.084176e-01	2.038933e-01	-1.316767e-01	-2.367412e-01	-7.376645e-01
0.825000	3.057788e-01	-4.565313e-01	6.380210e-01	1.645039e-01	5.839931e-01	-1.039738e-01	-3.376268e-01	1.078756e-01	2.023720e-01	-1.326560e-01	-2.353373e-01	-7.364193e-01
0.826000	3.062121e-01	-4.543093e-01	6.371921e-01	1.631818e-01	5.809138e-01	-1.028619e-01	-3.357569e-01	1.073355e-01	2.008619e-01	-1.336370e-01	-2.339399e-01	-7.351921e-01
0.827000	3.066469e-01	-4.520958e-01	6.363792e-01	1.618705e-01	5.778472e-01	-1.017594e-01	-3.338982e-01	1.067977e-01	1.993634e-01	-1.346192e-01	-2.325491e-01	-7.339832e-01
0.828000	3.070832e-01	-4.498905e-01	6.355822e-01	1.605700e-01	5.747933e-01	-1.006659e-01	-3.320499e-01	1.062618e-01	1.978758e-01	-1.356033e-01	-2.311647e-01	-7.327921e-01
0.829000	3.075211e-01	-4.476938e-01	6.348013e-01	1.592801e-01	5.717523e-01	-9.958157e-02	-3.302123e-01	1.057282e-01	1.963994e-01	-1.365889e-01	-2.297867e-01	-7.316191e-01
0.830000	3.079605e-01	-4.455053e-01	6.340361e-01	1.580007e-01	5.687237e-01	-9.850628e-02	-3.283856e-01	1.051967e-01	1.949343e-01	-1.375757e-01	-2.284152e-01	-7.304641e-01
0.831000	3.084015e-01	-4.433251e-01	6.332867e-01	1.567319e-01	5.657079e-01	-9.743996e-02	-3.265691e-01	1.046673e-01	1.934800e-01	-1.385643e-01	-2.270500e-01	-7.293267e-01
0.832000	3.088443e-01	-4.411535e-01	6.325535e-01	1.554735e-01	5.627049e-01	-9.638252e-02	-3.247632e-01	1.041401e-01	1.920366e-01	-1.395546e-01	-2.256914e-01	-7.282076e-01
0.833000	3.092885e-01	-4.389902e-01	6.318356e-01	1.542254e-01	5.597144e-01	-9.533403e-02	-3.229675e-01	1.036148e-01	1.906038e-01	-1.405464e-01	-2.243389e-01	-7.271053e-01
0.834000	3.097342e-01	-4.368353e-01	6.311333e-01	1.529876e-01	5.567366e-01	-9.429433e-02	-3.211825e-01	1.030918e-01	1.891820e-01	-1.415394e-01	-2.229930e-01	-7.260209e-01
0.835000	3.101817e-01	-4.346891e-01	6.304468e-01	1.517600e-01	5.537717e-01	-9.326345e-02	-3.194075e-01	1.025707e-01	1.877707e-01	-1.425343e-01	-2.216534e-01	-7.249540e-01
0.836000	3.106309e-01	-4.325510e-01	6.297759e-01	1.505425e-01	5.508193e-01	-9.224119e-02	-3.176427e-01	1.020519e-01	1.863699e-01	-1.435307e-01	-2.203201e-01	-7.239047e-01
0.837000	3.110815e-01	-4.304215e-01	6.291202e-01	1.493350e-01	5.478796e-01	-9.122770e-02	-3.158883e-01	1.015351e-01	1.849798e-01	-1.445282e-01	-2.189932e-01	-7.228722e-01
0.838000	3.115339e-01	-4.283003e-01	6.284801e-01	1.481375e-01	5.449524e-01	-9.022266e-02	-3.141439e-01	1.010205e-01	1.836000e-01	-1.455275e-01	-2.176726e-01	-7.218574e-01
0.839000	3.119881e-01	-4.261877e-01	6.278557e-01	1.469498e-01	5.420379e-01	-8.922626e-02	-3.124094e-01	1.005079e-01	1.822303e-01	-1.465286e-01	-2.163581e-01	-7.208598e-01
0.840000	3.124438e-01	-4.240834e-01	6.272461e-01	1.457719e-01	5.391360e-01	-8.823832e-02	-3.106851e-01	9.999748e-02	1.808712e-01	-1.475307e-01	-2.150501e-01	-7.198789e-01
0.841000	3.129014e-01	-4.219874e-01	6.266521e-01	1.446038e-01	5.362465e-01	-8.725866e-02	-3.089707e-01	9.948914e-02	1.795221e-01	-1.485346e-01	-2.137483e-01	-7.189156e-01
0.842000	3.133605e-01	-4.198998e-01	6.260728e-01	1.434453e-01	5.333696e-01	-8.628740e-02	-3.072661e-01	9.898292e-02	1.781831e-01	-1.495397e-01	-2.124528e-01	-7.179686e-01
0.843000	3.138216e-01	-4.178206e-01	6.255093e-01	1.422963e-01	5.305051e-01	-8.532456e-02	-3.055713e-01	9.847875e-02	1.768541e-01	-1.505465e-01	-2.111633e-01	-7.170389e-01
0.844000	3.142842e-01	-4.157500e-01	6.249604e-01	1.411569e-01	5.276535e-01	-8.436989e-02	-3.038864e-01	9.797668e-02	1.755351e-01	-1.515547e-01	-2.098802e-01	-7.161257e-01
0.845000	3.147487e-01	-4.136876e-01	6.244267e-01	1.400268e-01	5.248141e-01	-8.342341e-02	-3.022112e-01	9.747675e-02	1.742260e-01	-1.525643e-01	-2.086032e-01	-7.152293e-01
0.846000	3.152151e-01	-4.116338e-01	6.239083e-01	1.389062e-01	5.219874e-01	-8.248514e-02	-3.005455e-01	9.697887e-02	1.729267e-01	-1.535758e-01	-2.073325e-01	-7.143499e-01
0.847000	3.156831e-01	-4.095885e-01	6.234046e-01	1.377948e-01	5.191733e-01	-8.155497e-02	-2.988895e-01	9.648311e-02	1.716371e-01	-1.545884e-01	-2.060679e-01	-7.134867e-01
0.848000	3.161529e-01	-4.075515e-01	6.229157e-01	1.366927e-01	5.163716e-01	-8.063278e-02	-2.972431e-01	9.598942e-02	1.703572e-01	-1.556024e-01	-2.048095e-01	-7.126400e-01
0.849000	3.166246e-01	-4.055230e-01	6.224419e-01	1.355996e-01	5.135823e-01	-7.971860e-02	-2.956062e-01	9.549784e-02	1.690869e-01	-1.566181e-01	-2.035572e-01	-7.118102e-01
0.850000	3.170982e-01	-4.035028e-01	6.219829e-01	1.345157e-01	5.108055e-01	-7.881237e-02	-2.939788e-01	9.500837e-02	1.678262e-01	-1.576351e-01	-2.023111e-01	-7.109966e-01
0.851000	3.175737e-01	-4.014909e-01	6.215386e-01	1.334407e-01	5.080410e-01	-7.791390e-02	-2.923606e-01	9.452089e-02	1.665747e-01	-1.586538e-01	-2.010710e-01	-7.101994e-01
0.852000	3.180510e-01	-3.994876e-01	6.211090e-01	1.323747e-01	5.052890e-01	-7.702333e-02	-2.907518e-01	9.403554e-02	1.653327e-01	-1.596739e-01	-1.998370e-01	-7.094184e-01
0.853000	3.185303e-01	-3.974925e-01	6.206940e-01	1.313175e-01	5.025493e-01	-7.614049e-02	-2.891523e-01	9.355225e-02	1.641001e-01	-1.606955e-01	-1.986090e-01	-7.086536e-01
0.854000	3.190114e-01	-3.955058e-01	6.202936e-01	1.302691e-01	4.998219e-01	-7.526533e-02	-2.875620e-01	9.307106e-02	1.628766e-01	-1.617184e-01	-1.973872e-01	-7.079049e-01
0.855000	3.194946e-01	-3.935278e-01	6.199082e-01	1.292295e-01	4.971072e-01	-7.439796e-02	-2.859809e-01	9.259186e-02	1.616623e-01	-1.627432e-01	-1.961713e-01	-7.071725e-01
0.856000	3.199794e-01	-3.915581e-01	6.195367e-01	1.281985e-01	4.944048e-01	-7.353814e-02	-2.844090e-01	9.211484e-02	1.604572e-01	-1.637690e-01	-1.949616e-01	-7.064558e-01
0.857000	3.204665e-01	-3.895963e-01	6.191800e-01	1.271760e-01	4.917142e-01	-7.268574e-02	-2.828460e-01	9.163981e-02	1.592610e-01	-1.647966e-01	-1.937577e-01	-7.057552e-01
0.858000	3.209554e-01	-3.876434e-01	6.188375e-01	1.261621e-01	4.890363e-01	-7.184105e-02	-2.812922e-01	9.116683e-02	1.580739e-01	-1.658254e-01	-1.925597e-01	-7.050704e-01
0.859000	3.214466e-01	-3.856986e-01	6.185099e-01	1.251567e-01	4.863706e-01	-7.100366e-02	-2.797472e-01	9.069593e-02	1.568956e-01	-1.668562e-01	-1.913679e-01	-7.044019e-01
0.860000	3.219395e-01	-3.837623e-01	6.181962e-01	1.241596e-01	4.837171e-01	-7.017380e-02	-2.782112e-01	9.022710e-02	1.557262e-01	-1.678879e-01	-1.901819e-01	-7.037486e-01
0.861000	3.224346e-01	-3.818341e-01	6.178969e-01	1.231709e-01	4.810756e-01	-6.935110e-02	-2.766842e-01	8.976036e-02	1.545656e-01	-1.689212e-01	-1.890019e-01	-7.031114e-01
0.862000	3.229316e-01	-3.799145e-01	6.176118e-01	1.221903e-01	4.784467e-01	-6.853586e-02	-2.751658e-01	8.929558e-02	1.534137e-01	-1.699562e-01	-1.878277e-01	-7.024896e-01
0.863000	3.234307e-01	-3.780031e-01	6.173408e-01	1.212180e-01	4.758297e-01	-6.772777e-02	-2.736562e-01	8.883283e-02	1.522703e-01	-1.709926e-01	-1.866595e-01	-7.018834e-01
0.864000	3.239318e-01	-3.760999e-01	6.170838e-01	1.202538e-01	4.732249e-01	-6.692686e-02	-2.721554e-01	8.837219e-02	1.511355e-01	-1.720303e-01	-1.854971e-01	-7.012926e-01
0.865000	3.244353e-01	-3.742053e-01	6.168416e-01	1.192977e-01	4.706323e-01	-6.613321e-02	-2.706631e-01	8.791353e-02	1.500093e-01	-1.730698e-01	-1.843405e-01	-7.007177e-01
0.866000	3.249405e-01	-3.723187e-01	6.166126e-01	1.183495e-01	4.680516e-01	-6.534651e-02	-2.691795e-01	8.745688e-02	1.488915e-01	-1.741105e-01	-1.831897e-01	-7.001575e-01
0.867000	3.254482e-01	-3.704404e-01	6.163982e-01	1.174093e-01	4.654829e-01	-6.456687e-02	-2.677046e-01	8.700237e-02	1.477822e-01	-1.751529e-01	-1.820449e-01	-6.996135e-01
0.868000	3.259577e-01	-3.685705e-01	6.161972e-01	1.164770e-01	4.629265e-01	-6.379431e-02	-2.662383e-01	8.654986e-02	1.466812e-01	-1.761964e-01	-1.809058e-01	-6.990840e-01
0.869000	3.264697e-01	-3.667090e-01	6.160107e-01	1.155524e-01	4.603821e-01	-6.302868e-02	-2.647803e-01	8.609935e-02	1.455884e-01	-1.772418e-01	-1.797725e-01	-6.985705e-01
0.870000	3.269840e-01	-3.648556e-01	6.158382e-01	1.146356e-01	4.578497e-01	-6.226987e-02	-2.633306e-01	8.565082e-02	1.445038e-01	-1.782890e-01	-1.786449e-01	-6.980721e-01
0.871000	3.275000e-01	-3.630104e-01	6.156788e-01	1.137264e-01	4.553290e-01	-6.151795e-02	-2.618893e-01	8.520428e-02	1.434273e-01	-1.793371e-01	-1.775229e-01	-6.975881e-01
0.872000	3.280184e-01	-3.611734e-01	6.155335e-01	1.128249e-01	4.528204e-01	-6.077281e-02	-2.604563e-01	8.475970e-02	1.423588e-01	-1.803870e-01	-1.764067e-01	-6.971195e-01
0.873000	3.285391e-01	-3.593447e-01	6.154022e-01	1.119309e-01	4.503238e-01	-6.003436e-02	-2.590317e-01	8.431724e-02	1.412984e-01	-1.814383e-01	-1.752963e-01	-6.966662e-01
0.874000	3.290622e-01	-3.575243e-01	6.152849e-01	1.110445e-01	4.478391e-01	-5.930273e-02	-2.576151e-01	8.387668e-02	1.402459e-01	-1.824916e-01	-1.741914e-01	-6.962281e-01
0.875000	3.295874e-01	-3.557117e-01	6.151807e-01	1.101654e-01	4.453658e-01	-5.857757e-02	-2.562068e-01	8.343812e-02	1.392013e-01	-1.835460e-01	-1.730922e-01	-6.958045e-01
0.876000	3.301149e-01	-3.539075e-01	6.150903e-01	1.092938e-01	4.429046e-01	-5.785897e-02	-2.548067e-01	8.300163e-02	1.381647e-01	-1.846020e-01	-1.719988e-01	-6.953960e-01
0.877000	3.306448e-01	-3.521113e-01	6.150137e-01	1.084294e-01	4.404550e-01	-5.714699e-02	-2.534148e-01	8.256710e-02	1.371358e-01	-1.856595e-01	-1.709108e-01	-6.950025e-01
0.878000	3.311771e-01	-3.503233e-01	6.149505e-01	1.075724e-01	4.380172e-01	-5.644146e-02	-2.520306e-01	8.213449e-02	1.361145e-01	-1.867189e-01	-1.698284e-01	-6.946236e-01
0.879000	3.317116e-01	-3.485437e-01	6.149008e-01	1.067225e-01	4.355914e-01	-5.574253e-02	-2.506545e-01	8.170383e-02	1.351009e-01	-1.877795e-01	-1.687515e-01	-6.942592e-01
0.880000	3.322485e-01	-3.467719e-01	6.148648e-01	1.058797e-01	4.331771e-01	-5.504981e-02	-2.492864e-01	8.127518e-02	1.340949e-01	-1.888419e-01	-1.676804e-01	-6.939099e-01
0.881000	3.327879e-01	-3.450084e-01	6.148422e-01	1.050441e-01	4.307745e-01	-5.436359e-02	-2.479261e-01	8.084847e-02	1.330965e-01	-1.899058e-01	-1.666146e-01	-6.935751e-01
0.882000	3.333296e-01	-3.432527e-01	6.148328e-01	1.042154e-01	4.283834e-01	-5.368355e-02	-2.465738e-01	8.042377e-02	1.321056e-01	-1.909712e-01	-1.655544e-01	-6.932548e-01
0.883000	3.338736e-01	-3.415051e-01	6.148367e-01	1.033937e-01	4.260038e-01	-5.300981e-02	-2.452292e-01	8.000100e-02	1.311221e-01	-1.920382e-01	-1.644997e-01	-6.929491e-01
0.884000	3.344201e-01	-3.397658e-01	6.148540e-01	1.025789e-01	4.236360e-01	-5.234233e-02	-2.438922e-01	7.958011e-02	1.301459e-01	-1.931068e-01	-1.634503e-01	-6.926576e-01
0.885000	3.349693e-01	-3.380345e-01	6.148850e-01	1.017710e-01	4.212797e-01	-5.168103e-02	-2.425631e-01	7.916122e-02	1.291771e-01	-1.941772e-01	-1.624065e-01	-6.923811e-01
0.886000	3.355208e-01	-3.363109e-01	6.149288e-01	1.009699e-01	4.189348e-01	-5.102576e-02	-2.412416e-01	7.874428e-02	1.282156e-01	-1.952491e-01	-1.613682e-01	-6.921186e-01
0.887000	3.360747e-01	-3.345956e-01	6.149861e-01	1.001755e-01	4.166015e-01	-5.037666e-02	-2.399276e-01	7.832917e-02	1.272612e-01	-1.963226e-01	-1.603350e-01	-6.918705e-01
0.888000	3.366314e-01	-3.328881e-01	6.150565e-01	9.938776e-02	4.142794e-01	-4.973356e-02	-2.386214e-01	7.791609e-02	1.263140e-01	-1.973978e-01	-1.593074e-01	-6.916370e-01
0.889000	3.371904e-01	-3.311885e-01	6.151400e-01	9.860666e-02	4.119688e-01	-4.909639e-02	-2.373225e-01	7.750487e-02	1.253739e-01	-1.984745e-01	-1.582852e-01	-6.914175e-01
0.890000	3.377521e-01	-3.294971e-01	6.152368e-01	9.783216e-02	4.096697e-01	-4.846523e-02	-2.360311e-01	7.709552e-02	1.244408e-01	-1.995532e-01	-1.572682e-01	-6.912124e-01
0.891000	3.383162e-01	-3.278135e-01	6.153465e-01	9.706417e-02	4.073819e-01	-4.783997e-02	-2.347471e-01	7.668814e-02	1.235147e-01	-2.006332e-01	-1.562566e-01	-6.910212e-01
0.892000	3.388832e-01	-3.261380e-01	6.154697e-01	9.630266e-02	4.051055e-01	-4.722059e-02	-2.334705e-01	7.628261e-02	1.225955e-01	-2.017153e-01	-1.552502e-01	-6.908446e-01
0.893000	3.394526e-01	-3.244701e-01	6.156056e-01	9.554754e-02	4.028403e-01	-4.660691e-02	-2.322011e-01	7.587892e-02	1.216831e-01	-2.027989e-01	-1.542491e-01	-6.906818e-01
0.894000	3.400245e-01	-3.228101e-01	6.157542e-01	9.479883e-02	4.005862e-01	-4.599900e-02	-2.309393e-01	7.547723e-02	1.207777e-01	-2.038840e-01	-1.532533e-01	-6.905329e-01
0.895000	3.405993e-01	-3.211581e-01	6.159164e-01	9.405638e-02	3.983435e-01	-4.539691e-02	-2.296846e-01	7.507738e-02	1.198791e-01	-2.049711e-01	-1.522627e-01	-6.903985e-01
0.896000	3.411766e-01	-3.195140e-01	6.160911e-01	9.332025e-02	3.961120e-01	-4.480045e-02	-2.284373e-01	7.467943e-02	1.189871e-01	-2.060596e-01	-1.512775e-01	-6.902778e-01
0.897000	3.417569e-01	-3.178777e-01	6.162791e-01	9.259032e-02	3.938917e-01	-4.420961e-02	-2.271970e-01	7.428333e-02	1.181019e-01	-2.071503e-01	-1.502973e-01	-6.901714e-01
0.898000	3.423396e-01	-3.162491e-01	6.164796e-01	9.186650e-02	3.916823e-01	-4.362436e-02	-2.259638e-01	7.388909e-02	1.172233e-01	-2.082423e-01	-1.493223e-01	-6.900784e-01
0.899000	3.429252e-01	-3.146282e-01	6.166931e-01	9.114882e-02	3.894840e-01	-4.304468e-02	-2.247379e-01	7.349679e-02	1.163513e-01	-2.093361e-01	-1.483526e-01	-6.899998e-01
0.900000	3.435136e-01	-3.130153e-01	6.169196e-01	9.043723e-02	3.872970e-01	-4.247047e-02	-2.235191e-01	7.310636e-02	1.154859e-01	-2.104317e-01	-1.473880e-01	-6.899350e-01
0.901000	3.441047e-01	-3.114103e-01	6.171588e-01	8.973166e-02	3.851211e-01	-4.190180e-02	-2.223072e-01	7.271771e-02	1.146269e-01	-2.115292e-01	-1.464285e-01	-6.898839e-01
0.902000	3.446987e-01	-3.098128e-01	6.174108e-01	8.903201e-02	3.829559e-01	-4.133850e-02	-2.211023e-01	7.233094e-02	1.137744e-01	-2.126284e-01	-1.454741e-01	-6.898466e-01
0.903000	3.452955e-01	-3.082229e-01	6.176755e-01	8.833827e-02	3.808016e-01	-4.078056e-02	-2.199044e-01	7.194605e-02	1.129283e-01	-2.137294e-01	-1.445248e-01	-6.898233e-01
0.904000	3.458952e-01	-3.066409e-01	6.179531e-01	8.765037e-02	3.786584e-01	-4.022799e-02	-2.187132e-01	7.156292e-02	1.120884e-01	-2.148323e-01	-1.435804e-01	-6.898135e-01
0.905000	3.464977e-01	-3.050664e-01	6.182432e-01	8.696832e-02	3.765259e-01	-3.968065e-02	-2.175289e-01	7.118163e-02	1.112549e-01	-2.159371e-01	-1.426411e-01	-6.898174e-01
0.906000	3.471030e-01	-3.034997e-01	6.185459e-01	8.629198e-02	3.744044e-01	-3.913862e-02	-2.163515e-01	7.080221e-02	1.104277e-01	-2.170435e-01	-1.417069e-01	-6.898350e-01
0.907000	3.477113e-01	-3.019405e-01	6.188613e-01	8.562139e-02	3.722936e-01	-3.860179e-02	-2.151808e-01	7.042456e-02	1.096065e-01	-2.181519e-01	-1.407776e-01	-6.898661e-01
0.908000	3.483227e-01	-3.003889e-01	6.191895e-01	8.495645e-02	3.701935e-01	-3.807013e-02	-2.140169e-01	7.004878e-02	1.087917e-01	-2.192622e-01	-1.398534e-01	-6.899110e-01
0.909000	3.489369e-01	-2.988449e-01	6.195303e-01	8.429718e-02	3.681042e-01	-3.754353e-02	-2.128597e-01	6.967476e-02	1.079828e-01	-2.203744e-01	-1.389340e-01	-6.899696e-01
0.910000	3.495540e-01	-2.973084e-01	6.198835e-01	8.364344e-02	3.660255e-01	-3.702208e-02	-2.117092e-01	6.930258e-02	1.071801e-01	-2.214883e-01	-1.380197e-01	-6.900415e-01
0.911000	3.501743e-01	-2.957796e-01	6.202495e-01	8.299524e-02	3.639576e-01	-3.650573e-02	-2.105653e-01	6.893219e-02	1.063834e-01	-2.226043e-01	-1.371102e-01	-6.901271e-01
0.912000	3.507977e-01	-2.942583e-01	6.206279e-01	8.235253e-02	3.619003e-01	-3.599433e-02	-2.094280e-01	6.856363e-02	1.055927e-01	-2.237222e-01	-1.362057e-01	-6.902264e-01
0.913000	3.514238e-01	-2.927444e-01	6.210187e-01	8.171520e-02	3.598535e-01	-3.548793e-02	-2.082972e-01	6.819680e-02	1.048079e-01	-2.248418e-01	-1.353059e-01	-6.903387e-01
0.914000	3.520530e-01	-2.912381e-01	6.214219e-01	8.108333e-02	3.578174e-01	-3.498648e-02	-2.071729e-01	6.783175e-02	1.040290e-01	-2.259635e-01	-1.344111e-01	-6.904644e-01
0.915000	3.526856e-01	-2.897390e-01	6.218380e-01	8.045676e-02	3.557916e-01	-3.448983e-02	-2.060550e-01	6.746848e-02	1.032558e-01	-2.270874e-01	-1.335211e-01	-6.906040e-01
0.916000	3.533213e-01	-2.882476e-01	6.222664e-01	7.983550e-02	3.537765e-01	-3.399812e-02	-2.049435e-01	6.710694e-02	1.024884e-01	-2.282133e-01	-1.326358e-01	-6.907567e-01
0.917000	3.539598e-01	-2.867635e-01	6.227069e-01	7.921952e-02	3.517718e-01	-3.351117e-02	-2.038386e-01	6.674723e-02	1.017270e-01	-2.293408e-01	-1.317555e-01	-6.909227e-01
0.918000	3.546017e-01	-2.852869e-01	6.231601e-01	7.860875e-02	3.497775e-01	-3.302908e-02	-2.027399e-01	6.638923e-02	1.009711e-01	-2.304705e-01	-1.308798e-01	-6.911021e-01
0.919000	3.552468e-01	-2.838174e-01	6.236256e-01	7.800313e-02	3.477934e-01	-3.255159e-02	-2.016476e-01	6.603302e-02	1.002209e-01	-2.316023e-01	-1.300090e-01	-6.912950e-01
0.920000	3.558950e-01	-2.823552e-01	6.241036e-01	7.740264e-02	3.458195e-01	-3.207883e-02	-2.005616e-01	6.567852e-02	9.947632e-02	-2.327362e-01	-1.291428e-01	-6.915011e-01
0.921000	3.565464e-01	-2.809007e-01	6.245937e-01	7.680722e-02	3.438563e-01	-3.161081e-02	-1.994817e-01	6.532576e-02	9.873731e-02	-2.338720e-01	-1.282814e-01	-6.917202e-01
0.922000	3.572010e-01	-2.794532e-01	6.250961e-01	7.621685e-02	3.419031e-01	-3.114733e-02	-1.984081e-01	6.497475e-02	9.800387e-02	-2.350098e-01	-1.274247e-01	-6.919526e-01
0.923000	3.578590e-01	-2.780130e-01	6.256111e-01	7.563147e-02	3.399602e-01	-3.068852e-02	-1.973406e-01	6.462543e-02	9.727590e-02	-2.361499e-01	-1.265726e-01	-6.921984e-01
0.924000	3.585204e-01	-2.765801e-01	6.261385e-01	7.505103e-02	3.380274e-01	-3.023426e-02	-1.962793e-01	6.427785e-02	9.655337e-02	-2.372922e-01	-1.257251e-01	-6.924576e-01
0.925000	3.591848e-01	-2.751544e-01	6.266776e-01	7.447556e-02	3.361048e-01	-2.978443e-02	-1.952241e-01	6.393198e-02	9.583628e-02	-2.384363e-01	-1.248824e-01	-6.927295e-01
0.926000	3.598530e-01	-2.737358e-01	6.272296e-01	7.390490e-02	3.341922e-01	-2.933913e-02	-1.941749e-01	6.358784e-02	9.512457e-02	-2.395830e-01	-1.240443e-01	-6.930150e-01
0.927000	3.605244e-01	-2.723244e-01	6.277937e-01	7.333907e-02	3.322896e-01	-2.889823e-02	-1.931318e-01	6.324539e-02	9.441816e-02	-2.407317e-01	-1.232107e-01	-6.933136e-01
0.928000	3.611991e-01	-2.709202e-01	6.283699e-01	7.277807e-02	3.303972e-01	-2.846175e-02	-1.920946e-01	6.290460e-02	9.371704e-02	-2.418825e-01	-1.223817e-01	-6.936252e-01
0.929000	3.618771e-01	-2.695231e-01	6.289583e-01	7.222179e-02	3.285148e-01	-2.802963e-02	-1.910633e-01	6.256548e-02	9.302111e-02	-2.430356e-01	-1.215571e-01	-6.939497e-01
0.930000	3.625587e-01	-2.681330e-01	6.295589e-01	7.167026e-02	3.266422e-01	-2.760181e-02	-1.900382e-01	6.222811e-02	9.233052e-02	-2.441908e-01	-1.207373e-01	-6.942877e-01
0.931000	3.632438e-01	-2.667500e-01	6.301720e-01	7.112335e-02	3.247795e-01	-2.717830e-02	-1.890188e-01	6.189242e-02	9.164509e-02	-2.453483e-01	-1.199218e-01	-6.946387e-01
0.932000	3.639324e-01	-2.653742e-01	6.307971e-01	7.058112e-02	3.229267e-01	-2.675905e-02	-1.880053e-01	6.155833e-02	9.096468e-02	-2.465082e-01	-1.191109e-01	-6.950028e-01
0.933000	3.646244e-01	-2.640053e-01	6.314344e-01	7.004343e-02	3.210838e-01	-2.634403e-02	-1.869975e-01	6.122594e-02	9.028941e-02	-2.476703e-01	-1.183044e-01	-6.953798e-01
0.934000	3.653200e-01	-2.626434e-01	6.320839e-01	6.951028e-02	3.192506e-01	-2.593325e-02	-1.859955e-01	6.089516e-02	8.961917e-02	-2.488348e-01	-1.175024e-01	-6.957698e-01
0.935000	3.660190e-01	-2.612885e-01	6.327453e-01	6.898167e-02	3.174272e-01	-2.552659e-02	-1.849994e-01	6.056612e-02	8.895404e-02	-2.500013e-01	-1.167049e-01	-6.961727e-01
0.936000	3.667220e-01	-2.599406e-01	6.334195e-01	6.845754e-02	3.156136e-01	-2.512405e-02	-1.840089e-01	6.023866e-02	8.829379e-02	-2.511707e-01	-1.159117e-01	-6.965892e-01
0.937000	3.674282e-01	-2.585994e-01	6.341052e-01	6.793782e-02	3.138095e-01	-2.472554e-02	-1.830241e-01	5.991289e-02	8.763855e-02	-2.523420e-01	-1.151230e-01	-6.970183e-01
0.938000	3.681385e-01	-2.572651e-01	6.348035e-01	6.742250e-02	3.120150e-01	-2.433111e-02	-1.820449e-01	5.958871e-02	8.698814e-02	-2.535160e-01	-1.143386e-01	-6.974606e-01
0.939000	3.688520e-01	-2.559378e-01	6.355137e-01	6.691153e-02	3.102302e-01	-2.394076e-02	-1.810713e-01	5.926612e-02	8.634258e-02	-2.546923e-01	-1.135585e-01	-6.979154e-01
0.940000	3.695693e-01	-2.546173e-01	6.362358e-01	6.640489e-02	3.084550e-01	-2.355435e-02	-1.801033e-01	5.894523e-02	8.570193e-02	-2.558709e-01	-1.127829e-01	-6.983834e-01
0.941000	3.702904e-01	-2.533036e-01	6.369703e-01	6.590256e-02	3.066893e-01	-2.317191e-02	-1.791409e-01	5.862589e-02	8.506604e-02	-2.570521e-01	-1.120116e-01	-6.988645e-01
0.942000	3.710152e-01	-2.519968e-01	6.377168e-01	6.540446e-02	3.049331e-01	-2.279336e-02	-1.781839e-01	5.830818e-02	8.443487e-02	-2.582357e-01	-1.112445e-01	-6.993583e-01
0.943000	3.717438e-01	-2.506967e-01	6.384755e-01	6.491058e-02	3.031863e-01	-2.241871e-02	-1.772325e-01	5.799205e-02	8.380842e-02	-2.594219e-01	-1.104817e-01	-6.998652e-01
0.944000	3.724763e-01	-2.494033e-01	6.392463e-01	6.442091e-02	3.014490e-01	-2.204786e-02	-1.762865e-01	5.767755e-02	8.318671e-02	-2.606108e-01	-1.097232e-01	-7.003852e-01
0.945000	3.732124e-01	-2.481166e-01	6.400291e-01	6.393534e-02	2.997209e-01	-2.168086e-02	-1.753459e-01	5.736462e-02	8.256962e-02	-2.618019e-01	-1.089689e-01	-7.009178e-01
0.946000	3.739524e-01	-2.468367e-01	6.408238e-01	6.345387e-02	2.980022e-01	-2.131769e-02	-1.744108e-01	5.705327e-02	8.195717e-02	-2.629955e-01	-1.082188e-01	-7.014633e-01
0.947000	3.746961e-01	-2.455634e-01	6.416305e-01	6.297649e-02	2.962928e-01	-2.095820e-02	-1.734809e-01	5.674348e-02	8.134923e-02	-2.641918e-01	-1.074729e-01	-7.020216e-01
0.948000	3.754441e-01	-2.442967e-01	6.424497e-01	6.250312e-02	2.945925e-01	-2.060246e-02	-1.725564e-01	5.643531e-02	8.074594e-02	-2.653908e-01	-1.067311e-01	-7.025931e-01
0.949000	3.761958e-01	-2.430366e-01	6.432809e-01	6.203381e-02	2.929016e-01	-2.025040e-02	-1.716372e-01	5.612864e-02	8.014708e-02	-2.665925e-01	-1.059936e-01	-7.031776e-01
0.950000	3.769515e-01	-2.417831e-01	6.441240e-01	6.156839e-02	2.912197e-01	-1.990203e-02	-1.707232e-01	5.582356e-02	7.955272e-02	-2.677967e-01	-1.052601e-01	-7.037746e-01
0.951000	3.777112e-01	-2.405362e-01	6.449793e-01	6.110696e-02	2.895471e-01	-1.955728e-02	-1.698145e-01	5.552004e-02	7.896281e-02	-2.690037e-01	-1.045309e-01	-7.043849e-01
0.952000	3.784748e-01	-2.392957e-01	6.458465e-01	6.064942e-02	2.878835e-01	-1.921608e-02	-1.689109e-01	5.521802e-02	7.837728e-02	-2.702133e-01	-1.038058e-01	-7.050077e-01
0.953000	3.792424e-01	-2.380619e-01	6.467258e-01	6.019573e-02	2.862291e-01	-1.887851e-02	-1.680125e-01	5.491757e-02	7.779614e-02	-2.714256e-01	-1.030848e-01	-7.056434e-01
0.954000	3.800143e-01	-2.368345e-01	6.476175e-01	5.974587e-02	2.845836e-01	-1.854448e-02	-1.671192e-01	5.461864e-02	7.721934e-02	-2.726409e-01	-1.023677e-01	-7.062924e-01
0.955000	3.807903e-01	-2.356137e-01	6.485212e-01	5.929986e-02	2.829472e-01	-1.821394e-02	-1.662312e-01	5.432127e-02	7.664691e-02	-2.738589e-01	-1.016548e-01	-7.069542e-01
0.956000	3.815702e-01	-2.343991e-01	6.494368e-01	5.885757e-02	2.813196e-01	-1.788686e-02	-1.653481e-01	5.402537e-02	7.607865e-02	-2.750797e-01	-1.009458e-01	-7.076286e-01
0.957000	3.823543e-01	-2.331910e-01	6.503643e-01	5.841903e-02	2.797010e-01	-1.756321e-02	-1.644701e-01	5.373101e-02	7.551470e-02	-2.763032e-01	-1.002410e-01	-7.083158e-01
0.958000	3.831424e-01	-2.319893e-01	6.513039e-01	5.798421e-02	2.780912e-01	-1.724297e-02	-1.635972e-01	5.343816e-02	7.495499e-02	-2.775294e-01	-9.954007e-02	-7.090160e-01
0.959000	3.839349e-01	-2.307940e-01	6.522558e-01	5.755301e-02	2.764903e-01	-1.692620e-02	-1.627291e-01	5.314679e-02	7.439940e-02	-2.787588e-01	-9.884310e-02	-7.097290e-01
0.960000	3.847314e-01	-2.296048e-01	6.532194e-01	5.712549e-02	2.748979e-01	-1.661265e-02	-1.618661e-01	5.285691e-02	7.384796e-02	-2.799908e-01	-9.815009e-02	-7.104547e-01
0.961000	3.855322e-01	-2.284221e-01	6.541952e-01	5.670157e-02	2.733146e-01	-1.630251e-02	-1.610080e-01	5.256855e-02	7.330069e-02	-2.812258e-01	-9.746105e-02	-7.111934e-01
0.962000	3.863374e-01	-2.272456e-01	6.551833e-01	5.628123e-02	2.717398e-01	-1.599564e-02	-1.601546e-01	5.228161e-02	7.275740e-02	-2.824640e-01	-9.677586e-02	-7.119451e-01
0.963000	3.871468e-01	-2.260753e-01	6.561834e-01	5.586446e-02	2.701738e-01	-1.569202e-02	-1.593063e-01	5.199618e-02	7.221826e-02	-2.837050e-01	-9.609464e-02	-7.127097e-01
0.964000	3.879607e-01	-2.249112e-01	6.571956e-01	5.545117e-02	2.686163e-01	-1.539168e-02	-1.584628e-01	5.171224e-02	7.168312e-02	-2.849491e-01	-9.541730e-02	-7.134871e-01
0.965000	3.887788e-01	-2.237535e-01	6.582198e-01	5.504139e-02	2.670676e-01	-1.509457e-02	-1.576240e-01	5.142972e-02	7.115195e-02	-2.861961e-01	-9.474383e-02	-7.142771e-01
0.966000	3.896013e-01	-2.226018e-01	6.592563e-01	5.463505e-02	2.655273e-01	-1.480062e-02	-1.567901e-01	5.114871e-02	7.062478e-02	-2.874463e-01	-9.407422e-02	-7.150805e-01
0.967000	3.904284e-01	-2.214563e-01	6.603049e-01	5.423218e-02	2.639956e-01	-1.450980e-02	-1.559610e-01	5.086912e-02	7.010153e-02	-2.886996e-01	-9.340847e-02	-7.158966e-01
0.968000	3.912598e-01	-2.203168e-01	6.613656e-01	5.383265e-02	2.624723e-01	-1.422214e-02	-1.551365e-01	5.059096e-02	6.958217e-02	-2.899559e-01	-9.274645e-02	-7.167256e-01
0.969000	3.920957e-01	-2.191835e-01	6.624382e-01	5.343651e-02	2.609576e-01	-1.393757e-02	-1.543168e-01	5.031427e-02	6.906670e-02	-2.912154e-01	-9.208833e-02	-7.175673e-01
0.970000	3.929359e-01	-2.180561e-01	6.635228e-01	5.304371e-02	2.594510e-01	-1.365605e-02	-1.535017e-01	5.003899e-02	6.855508e-02	-2.924779e-01	-9.143394e-02	-7.184218e-01
0.971000	3.937809e-01	-2.169348e-01	6.646199e-01	5.265421e-02	2.579530e-01	-1.337760e-02	-1.526912e-01	4.976514e-02	6.804726e-02	-2.937439e-01	-9.078328e-02	-7.192895e-01
0.972000	3.946306e-01	-2.158196e-01	6.657293e-01	5.226801e-02	2.564633e-01	-1.310216e-02	-1.518854e-01	4.949270e-02	6.754322e-02	-2.950131e-01	-9.013639e-02	-7.201703e-01
0.973000	3.954846e-01	-2.147104e-01	6.668506e-01	5.188503e-02	2.549819e-01	-1.282977e-02	-1.510843e-01	4.922171e-02	6.704298e-02	-2.962854e-01	-8.949327e-02	-7.210638e-01
0.974000	3.963433e-01	-2.136069e-01	6.679839e-01	5.150528e-02	2.535087e-01	-1.256028e-02	-1.502876e-01	4.895209e-02	6.654643e-02	-2.975610e-01	-8.885384e-02	-7.219701e-01
0.975000	3.972067e-01	-2.125095e-01	6.691297e-01	5.112875e-02	2.520437e-01	-1.229373e-02	-1.494955e-01	4.868389e-02	6.605360e-02	-2.988400e-01	-8.821809e-02	-7.228896e-01
0.976000	3.980750e-01	-2.114181e-01	6.702880e-01	5.075537e-02	2.505870e-01	-1.203014e-02	-1.487079e-01	4.841708e-02	6.556445e-02	-3.001225e-01	-8.758597e-02	-7.238223e-01
0.977000	3.989477e-01	-2.103324e-01	6.714581e-01	5.038513e-02	2.491383e-01	-1.176941e-02	-1.479247e-01	4.815166e-02	6.507894e-02	-3.014082e-01	-8.695759e-02	-7.247677e-01
0.978000	3.998253e-01	-2.092526e-01	6.726406e-01	5.001801e-02	2.476978e-01	-1.151156e-02	-1.471460e-01	4.788760e-02	6.459702e-02	-3.026973e-01	-8.633282e-02	-7.257260e-01
0.979000	4.007077e-01	-2.081785e-01	6.738353e-01	4.965397e-02	2.462653e-01	-1.125650e-02	-1.463718e-01	4.762495e-02	6.411871e-02	-3.039899e-01	-8.571175e-02	-7.266976e-01
0.980000	4.015950e-01	-2.071104e-01	6.750423e-01	4.929300e-02	2.448409e-01	-1.100428e-02	-1.456019e-01	4.736365e-02	6.364395e-02	-3.052860e-01	-8.509418e-02	-7.276820e-01
0.981000	4.024871e-01	-2.060480e-01	6.762617e-01	4.893507e-02	2.434245e-01	-1.075485e-02	-1.448365e-01	4.710373e-02	6.317276e-02	-3.065857e-01	-8.448029e-02	-7.286797e-01
0.982000	4.033841e-01	-2.049913e-01	6.774935e-01	4.858013e-02	2.420161e-01	-1.050818e-02	-1.440753e-01	4.684513e-02	6.270502e-02	-3.078890e-01	-8.386993e-02	-7.296903e-01
0.983000	4.042860e-01	-2.039402e-01	6.787374e-01	4.822818e-02	2.406154e-01	-1.026420e-02	-1.433185e-01	4.658792e-02	6.224082e-02	-3.091957e-01	-8.326309e-02	-7.307140e-01
0.984000	4.051928e-01	-2.028948e-01	6.799935e-01	4.787915e-02	2.392226e-01	-1.002297e-02	-1.425660e-01	4.633204e-02	6.178004e-02	-3.105059e-01	-8.265983e-02	-7.317505e-01
0.985000	4.061045e-01	-2.018551e-01	6.812621e-01	4.753308e-02	2.378377e-01	-9.784421e-03	-1.418177e-01	4.607750e-02	6.132269e-02	-3.118199e-01	-8.206013e-02	-7.328003e-01
0.986000	4.070211e-01	-2.008211e-01	6.825428e-01	4.718991e-02	2.364607e-01	-9.548573e-03	-1.410737e-01	4.582430e-02	6.086878e-02	-3.131372e-01	-8.146393e-02	-7.338631e-01
0.987000	4.079429e-01	-1.997927e-01	6.838360e-01	4.684961e-02	2.350914e-01	-9.315316e-03	-1.403340e-01	4.557244e-02	6.041824e-02	-3.144585e-01	-8.087119e-02	-7.349390e-01
0.988000	4.088697e-01	-1.987699e-01	6.851416e-01	4.651219e-02	2.337299e-01	-9.084698e-03	-1.395985e-01	4.532190e-02	5.997105e-02	-3.157834e-01	-8.028199e-02	-7.360280e-01
0.989000	4.098019e-01	-1.977525e-01	6.864602e-01	4.617757e-02	2.323761e-01	-8.856650e-03	-1.388671e-01	4.507266e-02	5.952718e-02	-3.171124e-01	-7.969622e-02	-7.371307e-01
0.990000	4.107389e-01	-1.967406e-01	6.877905e-01	4.584575e-02	2.310297e-01	-8.631149e-03	-1.381398e-01	4.482471e-02	5.908658e-02	-3.184449e-01	-7.911381e-02	-7.382459e-01
0.991000	4.116811e-01	-1.957343e-01	6.891335e-01	4.551671e-02	2.296912e-01	-8.408235e-03	-1.374167e-01	4.457814e-02	5.864935e-02	-3.197811e-01	-7.853498e-02	-7.393746e-01
0.992000	4.126286e-01	-1.947335e-01	6.904889e-01	4.519045e-02	2.283602e-01	-8.187827e-03	-1.366977e-01	4.433282e-02	5.821533e-02	-3.211213e-01	-7.795954e-02	-7.405164e-01
0.993000	4.135813e-01	-1.937380e-01	6.918569e-01	4.486690e-02	2.270366e-01	-7.969897e-03	-1.359828e-01	4.408882e-02	5.778456e-02	-3.224654e-01	-7.738744e-02	-7.416716e-01
0.994000	4.145393e-01	-1.927479e-01	6.932374e-01	4.454604e-02	2.257205e-01	-7.754453e-03	-1.352719e-01	4.384607e-02	5.735694e-02	-3.238135e-01	-7.681872e-02	-7.428399e-01
0.995000	4.155025e-01	-1.917632e-01	6.946303e-01	4.422790e-02	2.244120e-01	-7.541452e-03	-1.345651e-01	4.360464e-02	5.693255e-02	-3.251653e-01	-7.625343e-02	-7.440214e-01
0.996000	4.164710e-01	-1.907840e-01	6.960357e-01	4.391240e-02	2.231109e-01	-7.330889e-03	-1.338622e-01	4.336442e-02	5.651126e-02	-3.265212e-01	-7.569139e-02	-7.452161e-01
0.997000	4.174450e-01	-1.898100e-01	6.974540e-01	4.359955e-02	2.218173e-01	-7.122733e-03	-1.331633e-01	4.312551e-02	5.609313e-02	-3.278813e-01	-7.513279e-02	-7.464244e-01
0.998000	4.184244e-01	-1.888413e-01	6.988848e-01	4.328930e-02	2.205309e-01	-6.916948e-03	-1.324684e-01	4.288789e-02	5.567813e-02	-3.292453e-01	-7.457747e-02	-7.476459e-01
0.999000	4.194094e-01	-1.878779e-01	7.003285e-01	4.298164e-02	2.192519e-01	-6.713547e-03	-1.317774e-01	4.265149e-02	5.526618e-02	-3.306136e-01	-7.402550e-02	-7.488812e-01
1.000000	4.203996e-01	-1.869198e-01	7.017846e-01	4.267653e-02	2.179802e-01	-6.512480e-03	-1.310903e-01	4.241637e-02	5.485731e-02	-3.319858e-01	-7.347676e-02	-7.501293e-01
1.001000	4.213953e-01	-1.859668e-01	7.032533e-01	4.237399e-02	2.167156e-01	-6.313702e-03	-1.304071e-01	4.218247e-02	5.445148e-02	-3.333622e-01	-7.293133e-02	-7.513911e-01
1.002000	4.223968e-01	-1.850190e-01	7.047352e-01	4.207396e-02	2.154584e-01	-6.117260e-03	-1.297278e-01	4.194983e-02	5.404868e-02	-3.347429e-01	-7.238919e-02	-7.526667e-01
1.003000	4.234037e-01	-1.840765e-01	7.062294e-01	4.177643e-02	2.142083e-01	-5.923098e-03	-1.290523e-01	4.171840e-02	5.364883e-02	-3.361278e-01	-7.185025e-02	-7.539552e-01
1.004000	4.244163e-01	-1.831390e-01	7.077368e-01	4.148138e-02	2.129654e-01	-5.731164e-03	-1.283807e-01	4.148823e-02	5.325200e-02	-3.375171e-01	-7.131463e-02	-7.552577e-01
1.005000	4.254344e-01	-1.822066e-01	7.092566e-01	4.118879e-02	2.117295e-01	-5.541464e-03	-1.277127e-01	4.125923e-02	5.285804e-02	-3.389105e-01	-7.078214e-02	-7.565732e-01
1.006000	4.264580e-01	-1.812795e-01	7.107891e-01	4.089866e-02	2.105009e-01	-5.354000e-03	-1.270486e-01	4.103149e-02	5.246707e-02	-3.403081e-01	-7.025292e-02	-7.579021e-01
1.007000	4.274879e-01	-1.803572e-01	7.123351e-01	4.061091e-02	2.092791e-01	-5.168676e-03	-1.263883e-01	4.080496e-02	5.207897e-02	-3.417105e-01	-6.972684e-02	-7.592453e-01
1.008000	4.285233e-01	-1.794401e-01	7.138939e-01	4.032555e-02	2.080644e-01	-4.985590e-03	-1.257316e-01	4.057960e-02	5.169374e-02	-3.431173e-01	-6.920390e-02	-7.606021e-01
1.009000	4.295642e-01	-1.785280e-01	7.154651e-01	4.004259e-02	2.068567e-01	-4.804630e-03	-1.250787e-01	4.035549e-02	5.131142e-02	-3.445281e-01	-6.868423e-02	-7.619720e-01
1.010000	4.306115e-01	-1.776208e-01	7.170499e-01	3.976198e-02	2.056559e-01	-4.625788e-03	-1.244295e-01	4.013257e-02	5.093193e-02	-3.459439e-01	-6.816766e-02	-7.633561e-01
1.011000	4.316642e-01	-1.767186e-01	7.186474e-01	3.948367e-02	2.044620e-01	-4.449053e-03	-1.237839e-01	3.991085e-02	5.055527e-02	-3.473640e-01	-6.765421e-02	-7.647536e-01
1.012000	4.327230e-01	-1.758213e-01	7.202579e-01	3.920769e-02	2.032749e-01	-4.274411e-03	-1.231420e-01	3.969027e-02	5.018136e-02	-3.487887e-01	-6.714391e-02	-7.661648e-01
1.013000	4.337879e-01	-1.749289e-01	7.218819e-01	3.893402e-02	2.020947e-01	-4.101831e-03	-1.225037e-01	3.947091e-02	4.981026e-02	-3.502182e-01	-6.663668e-02	-7.675903e-01
1.014000	4.348586e-01	-1.740413e-01	7.235186e-01	3.866259e-02	2.009212e-01	-3.931327e-03	-1.218689e-01	3.925266e-02	4.944187e-02	-3.516522e-01	-6.613255e-02	-7.690291e-01
1.015000	4.359353e-01	-1.731587e-01	7.251684e-01	3.839342e-02	1.997546e-01	-3.762854e-03	-1.212379e-01	3.903565e-02	4.907626e-02	-3.530909e-01	-6.563152e-02	-7.704818e-01
1.016000	4.370181e-01	-1.722809e-01	7.268316e-01	3.812648e-02	1.985947e-01	-3.596405e-03	-1.206103e-01	3.881975e-02	4.871332e-02	-3.545343e-01	-6.513359e-02	-7.719485e-01
1.017000	4.381070e-01	-1.714077e-01	7.285080e-01	3.786176e-02	1.974413e-01	-3.431903e-03	-1.199862e-01	3.860505e-02	4.835311e-02	-3.559826e-01	-6.463867e-02	-7.734292e-01
1.018000	4.392020e-01	-1.705395e-01	7.301976e-01	3.759923e-02	1.962949e-01	-3.269438e-03	-1.193657e-01	3.839144e-02	4.799553e-02	-3.574356e-01	-6.414683e-02	-7.749237e-01
1.019000	4.403033e-01	-1.696760e-01	7.319006e-01	3.733885e-02	1.951549e-01	-3.108900e-03	-1.187486e-01	3.817903e-02	4.764062e-02	-3.588935e-01	-6.365795e-02	-7.764324e-01
1.020000	4.414107e-01	-1.688172e-01	7.336168e-01	3.708063e-02	1.940215e-01	-2.950292e-03	-1.181350e-01	3.796773e-02	4.728834e-02	-3.603563e-01	-6.317206e-02	-7.779549e-01
1.021000	4.425244e-01	-1.679630e-01	7.353464e-01	3.682457e-02	1.928947e-01	-2.793590e-03	-1.175250e-01	3.775758e-02	4.693868e-02	-3.618240e-01	-6.268927e-02	-7.794915e-01
1.022000	4.436444e-01	-1.671135e-01	7.370896e-01	3.657059e-02	1.917743e-01	-2.638800e-03	-1.169183e-01	3.754855e-02	4.659161e-02	-3.632967e-01	-6.220935e-02	-7.810423e-01
1.023000	4.447708e-01	-1.662686e-01	7.388462e-01	3.631874e-02	1.906605e-01	-2.485881e-03	-1.163150e-01	3.734064e-02	4.624711e-02	-3.647745e-01	-6.173253e-02	-7.826074e-01
1.024000	4.459034e-01	-1.654284e-01	7.406161e-01	3.606895e-02	1.895531e-01	-2.334841e-03	-1.157151e-01	3.713383e-02	4.590513e-02	-3.662573e-01	-6.125856e-02	-7.841864e-01
1.025000	4.470425e-01	-1.645927e-01	7.423996e-01	3.582123e-02	1.884522e-01	-2.185654e-03	-1.151186e-01	3.692817e-02	4.556573e-02	-3.677451e-01	-6.078758e-02	-7.857797e-01
1.026000	4.481884e-01	-1.637616e-01	7.441974e-01	3.557555e-02	1.873575e-01	-2.038268e-03	-1.145254e-01	3.672359e-02	4.522881e-02	-3.692385e-01	-6.031952e-02	-7.873880e-01
1.027000	4.493404e-01	-1.629350e-01	7.460080e-01	3.533188e-02	1.862693e-01	-1.892732e-03	-1.139356e-01	3.652013e-02	4.489441e-02	-3.707367e-01	-5.985439e-02	-7.890097e-01
1.028000	4.504993e-01	-1.621131e-01	7.478330e-01	3.509023e-02	1.851875e-01	-1.748994e-03	-1.133491e-01	3.631773e-02	4.456244e-02	-3.722405e-01	-5.939214e-02	-7.906465e-01
1.029000	4.516643e-01	-1.612955e-01	7.496709e-01	3.485058e-02	1.841119e-01	-1.606986e-03	-1.127659e-01	3.611646e-02	4.423298e-02	-3.737490e-01	-5.893292e-02	-7.922969e-01
1.030000	4.528362e-01	-1.604823e-01	7.515230e-01	3.461289e-02	1.830425e-01	-1.466753e-03	-1.121859e-01	3.591628e-02	4.390595e-02	-3.752631e-01	-5.847646e-02	-7.939621e-01
1.031000	4.540147e-01	-1.596736e-01	7.533888e-01	3.437714e-02	1.819794e-01	-1.328280e-03	-1.116092e-01	3.571713e-02	4.358130e-02	-3.767827e-01	-5.802291e-02	-7.956419e-01
1.032000	4.552000e-01	-1.588693e-01	7.552687e-01	3.414333e-02	1.809224e-01	-1.191515e-03	-1.110357e-01	3.551907e-02	4.325907e-02	-3.783077e-01	-5.757219e-02	-7.973363e-01
1.033000	4.563921e-01	-1.580693e-01	7.571625e-01	3.391144e-02	1.798715e-01	-1.056453e-03	-1.104654e-01	3.532211e-02	4.293923e-02	-3.798381e-01	-5.712434e-02	-7.990452e-01
1.034000	4.575909e-01	-1.572737e-01	7.590700e-01	3.368146e-02	1.788269e-01	-9.230897e-04	-1.098983e-01	3.512618e-02	4.262174e-02	-3.813740e-01	-5.667933e-02	-8.007687e-01
1.035000	4.587967e-01	-1.564824e-01	7.609920e-01	3.345338e-02	1.777883e-01	-7.913951e-04	-1.093345e-01	3.493134e-02	4.230663e-02	-3.829156e-01	-5.623717e-02	-8.025072e-01
1.036000	4.600094e-01	-1.556955e-01	7.629280e-01	3.322713e-02	1.767557e-01	-6.613750e-04	-1.087738e-01	3.473755e-02	4.199385e-02	-3.844628e-01	-5.579774e-02	-8.042604e-01
1.037000	4.612289e-01	-1.549127e-01	7.648779e-01	3.300276e-02	1.757291e-01	-5.329698e-04	-1.082161e-01	3.454477e-02	4.168333e-02	-3.860155e-01	-5.536117e-02	-8.060282e-01
1.038000	4.624552e-01	-1.541342e-01	7.668416e-01	3.278023e-02	1.747086e-01	-4.062057e-04	-1.076617e-01	3.435307e-02	4.137516e-02	-3.875737e-01	-5.492742e-02	-8.078106e-01
1.039000	4.636887e-01	-1.533600e-01	7.688200e-01	3.255951e-02	1.736940e-01	-2.810527e-04	-1.071103e-01	3.416239e-02	4.106924e-02	-3.891379e-01	-5.449640e-02	-8.096082e-01
1.040000	4.649294e-01	-1.525899e-01	7.708127e-01	3.234059e-02	1.726853e-01	-1.574885e-04	-1.065620e-01	3.397276e-02	4.076559e-02	-3.907079e-01	-5.406816e-02	-8.114209e-01
1.041000	4.661771e-01	-1.518241e-01	7.728197e-01	3.212347e-02	1.716826e-01	-3.552064e-05	-1.060168e-01	3.378413e-02	4.046416e-02	-3.922837e-01	-5.364268e-02	-8.132484e-01
1.042000	4.674316e-01	-1.510623e-01	7.748406e-01	3.190810e-02	1.706857e-01	8.488633e-05	-1.054746e-01	3.359655e-02	4.016498e-02	-3.938651e-01	-5.321999e-02	-8.150905e-01
1.043000	4.686938e-01	-1.503046e-01	7.768766e-01	3.169451e-02	1.696946e-01	2.037678e-04	-1.049355e-01	3.340999e-02	3.986803e-02	-3.954528e-01	-5.279997e-02	-8.169484e-01
1.044000	4.699633e-01	-1.495510e-01	7.789271e-01	3.148266e-02	1.687093e-01	3.210865e-04	-1.043993e-01	3.322440e-02	3.957321e-02	-3.970466e-01	-5.238270e-02	-8.188214e-01
1.045000	4.712397e-01	-1.488016e-01	7.809918e-01	3.127252e-02	1.677299e-01	4.368983e-04	-1.038662e-01	3.303988e-02	3.928063e-02	-3.986461e-01	-5.196815e-02	-8.207093e-01
1.046000	4.725233e-01	-1.480561e-01	7.830707e-01	3.106412e-02	1.667561e-01	5.512424e-04	-1.033360e-01	3.285632e-02	3.899018e-02	-4.002514e-01	-5.155634e-02	-8.226121e-01
1.047000	4.738147e-01	-1.473146e-01	7.851648e-01	3.085739e-02	1.657880e-01	6.640702e-04	-1.028088e-01	3.267375e-02	3.870186e-02	-4.018633e-01	-5.114709e-02	-8.245307e-01
1.048000	4.751136e-01	-1.465772e-01	7.872739e-01	3.065236e-02	1.648256e-01	7.754341e-04	-1.022846e-01	3.249221e-02	3.841571e-02	-4.034814e-01	-5.074067e-02	-8.264650e-01
1.049000	4.764196e-01	-1.458436e-01	7.893972e-01	3.044897e-02	1.638688e-01	8.853339e-04	-1.017632e-01	3.231164e-02	3.813165e-02	-4.051054e-01	-5.033690e-02	-8.284142e-01
1.050000	4.777335e-01	-1.451140e-01	7.915359e-01	3.024725e-02	1.629177e-01	9.937901e-04	-1.012448e-01	3.213205e-02	3.784969e-02	-4.067360e-01	-4.993574e-02	-8.303794e-01
1.051000	4.790548e-01	-1.443885e-01	7.936891e-01	3.004716e-02	1.619723e-01	1.100803e-03	-1.007292e-01	3.195344e-02	3.756981e-02	-4.083727e-01	-4.953726e-02	-8.323597e-01
1.052000	4.803838e-01	-1.436668e-01	7.958574e-01	2.984871e-02	1.610323e-01	1.206422e-03	-1.002166e-01	3.177580e-02	3.729199e-02	-4.100159e-01	-4.914137e-02	-8.343558e-01
1.053000	4.817202e-01	-1.429488e-01	7.980405e-01	2.965185e-02	1.600979e-01	1.310641e-03	-9.970672e-02	3.159912e-02	3.701619e-02	-4.116653e-01	-4.874817e-02	-8.363674e-01
1.054000	4.830649e-01	-1.422348e-01	8.002396e-01	2.945660e-02	1.591690e-01	1.413459e-03	-9.919979e-02	3.142342e-02	3.674248e-02	-4.133218e-01	-4.835754e-02	-8.383955e-01
1.055000	4.844173e-01	-1.415247e-01	8.024535e-01	2.926292e-02	1.582455e-01	1.514900e-03	-9.869564e-02	3.124868e-02	3.647077e-02	-4.149846e-01	-4.796953e-02	-8.404392e-01
1.056000	4.857774e-01	-1.408182e-01	8.046825e-01	2.907082e-02	1.573274e-01	1.615008e-03	-9.819432e-02	3.107490e-02	3.620106e-02	-4.166539e-01	-4.758419e-02	-8.424986e-01
1.057000	4.871454e-01	-1.401156e-01	8.069269e-01	2.888027e-02	1.564149e-01	1.713760e-03	-9.769573e-02	3.090204e-02	3.593332e-02	-4.183300e-01	-4.720134e-02	-8.445740e-01
1.058000	4.885211e-01	-1.394166e-01	8.091863e-01	2.869124e-02	1.555076e-01	1.811167e-03	-9.719995e-02	3.073014e-02	3.566756e-02	-4.200124e-01	-4.682115e-02	-8.466650e-01
1.059000	4.899053e-01	-1.387214e-01	8.114619e-01	2.850376e-02	1.546057e-01	1.907272e-03	-9.670694e-02	3.055919e-02	3.540377e-02	-4.217021e-01	-4.644351e-02	-8.487729e-01
1.060000	4.912970e-01	-1.380298e-01	8.137521e-01	2.831776e-02	1.537091e-01	2.002066e-03	-9.621663e-02	3.038916e-02	3.514192e-02	-4.233981e-01	-4.606844e-02	-8.508961e-01
1.061000	4.926967e-01	-1.373419e-01	8.160579e-01	2.813329e-02	1.528178e-01	2.095563e-03	-9.572908e-02	3.022007e-02	3.488199e-02	-4.251009e-01	-4.569593e-02	-8.530354e-01
1.062000	4.941050e-01	-1.366577e-01	8.183799e-01	2.795030e-02	1.519318e-01	2.187792e-03	-9.524425e-02	3.005191e-02	3.462400e-02	-4.268110e-01	-4.532595e-02	-8.551917e-01
1.063000	4.955215e-01	-1.359770e-01	8.207178e-01	2.776878e-02	1.510509e-01	2.278771e-03	-9.476204e-02	2.988464e-02	3.436788e-02	-4.285282e-01	-4.495847e-02	-8.573645e-01
1.064000	4.969458e-01	-1.352999e-01	8.230707e-01	2.758871e-02	1.501752e-01	2.368458e-03	-9.428258e-02	2.971831e-02	3.411366e-02	-4.302520e-01	-4.459363e-02	-8.595528e-01
1.065000	4.983790e-01	-1.346266e-01	8.254403e-01	2.741009e-02	1.493049e-01	2.456911e-03	-9.380572e-02	2.955288e-02	3.386128e-02	-4.319833e-01	-4.423123e-02	-8.617585e-01
1.066000	4.998198e-01	-1.339565e-01	8.278250e-01	2.723292e-02	1.484396e-01	2.544170e-03	-9.333157e-02	2.938837e-02	3.361081e-02	-4.337212e-01	-4.387143e-02	-8.639799e-01
1.067000	5.012695e-01	-1.332901e-01	8.302261e-01	2.705715e-02	1.475794e-01	2.630180e-03	-9.286001e-02	2.922475e-02	3.336215e-02	-4.354666e-01	-4.351401e-02	-8.662184e-01
1.068000	5.027273e-01	-1.326271e-01	8.326429e-01	2.688280e-02	1.467243e-01	2.715011e-03	-9.239106e-02	2.906202e-02	3.311533e-02	-4.372190e-01	-4.315913e-02	-8.684732e-01
1.069000	5.041939e-01	-1.319676e-01	8.350763e-01	2.670985e-02	1.458742e-01	2.798655e-03	-9.192470e-02	2.890019e-02	3.287031e-02	-4.389791e-01	-4.280676e-02	-8.707453e-01
1.070000	5.056688e-01	-1.313116e-01	8.375254e-01	2.653827e-02	1.450292e-01	2.881110e-03	-9.146091e-02	2.873924e-02	3.262710e-02	-4.407462e-01	-4.245679e-02	-8.730336e-01
1.071000	5.071526e-01	-1.306590e-01	8.399915e-01	2.636808e-02	1.441892e-01	2.962401e-03	-9.099972e-02	2.857918e-02	3.238568e-02	-4.425210e-01	-4.210933e-02	-8.753396e-01
1.072000	5.086448e-01	-1.300098e-01	8.424731e-01	2.619925e-02	1.433542e-01	3.042533e-03	-9.054111e-02	2.842001e-02	3.214605e-02	-4.443029e-01	-4.176445e-02	-8.776617e-01
1.073000	5.101458e-01	-1.293639e-01	8.449717e-01	2.603174e-02	1.425241e-01	3.121519e-03	-9.008496e-02	2.826170e-02	3.190815e-02	-4.460925e-01	-4.142191e-02	-8.800014e-01
1.074000	5.116554e-01	-1.287213e-01	8.474864e-01	2.586560e-02	1.416990e-01	3.199394e-03	-8.963141e-02	2.810426e-02	3.167203e-02	-4.478896e-01	-4.108189e-02	-8.823578e-01
1.075000	5.131741e-01	-1.280822e-01	8.500181e-01	2.570077e-02	1.408788e-01	3.276124e-03	-8.918033e-02	2.794768e-02	3.143763e-02	-4.496945e-01	-4.074428e-02	-8.847319e-01
1.076000	5.147015e-01	-1.274462e-01	8.525664e-01	2.553724e-02	1.400633e-01	3.351773e-03	-8.873172e-02	2.779197e-02	3.120494e-02	-4.515070e-01	-4.040907e-02	-8.871231e-01
1.077000	5.162380e-01	-1.268135e-01	8.551316e-01	2.537504e-02	1.392527e-01	3.426322e-03	-8.828562e-02	2.763711e-02	3.097398e-02	-4.533274e-01	-4.007632e-02	-8.895319e-01
1.078000	5.177833e-01	-1.261840e-01	8.577132e-01	2.521410e-02	1.384469e-01	3.499777e-03	-8.784196e-02	2.748309e-02	3.074470e-02	-4.551555e-01	-3.974596e-02	-8.919576e-01
1.079000	5.193377e-01	-1.255579e-01	8.603119e-01	2.505446e-02	1.376460e-01	3.572172e-03	-8.740077e-02	2.732994e-02	3.051712e-02	-4.569914e-01	-3.941802e-02	-8.944013e-01
1.080000	5.209014e-01	-1.249349e-01	8.629279e-01	2.489609e-02	1.368497e-01	3.643500e-03	-8.696201e-02	2.717762e-02	3.029119e-02	-4.588355e-01	-3.909245e-02	-8.968626e-01
1.081000	5.224741e-01	-1.243151e-01	8.655607e-01	2.473896e-02	1.360583e-01	3.713777e-03	-8.652566e-02	2.702614e-02	3.006693e-02	-4.606874e-01	-3.876933e-02	-8.993413e-01
1.082000	5.240560e-01	-1.236984e-01	8.682105e-01	2.458308e-02	1.352714e-01	3.783014e-03	-8.609173e-02	2.687548e-02	2.984432e-02	-4.625473e-01	-3.844851e-02	-9.018379e-01
1.083000	5.256469e-01	-1.230848e-01	8.708773e-01	2.442843e-02	1.344893e-01	3.851223e-03	-8.566016e-02	2.672567e-02	2.962334e-02	-4.644152e-01	-3.813013e-02	-9.043519e-01
1.084000	5.272478e-01	-1.224743e-01	8.735622e-01	2.427500e-02	1.337117e-01	3.918423e-03	-8.523101e-02	2.657669e-02	2.940399e-02	-4.662918e-01	-3.781412e-02	-9.068846e-01
1.085000	5.288578e-01	-1.218670e-01	8.762642e-01	2.412280e-02	1.329389e-01	3.984615e-03	-8.480420e-02	2.642852e-02	2.918624e-02	-4.681764e-01	-3.750046e-02	-9.094350e-01
1.086000	5.304773e-01	-1.212626e-01	8.789837e-01	2.397181e-02	1.321706e-01	4.049815e-03	-8.437975e-02	2.628116e-02	2.897009e-02	-4.700694e-01	-3.718916e-02	-9.120036e-01
1.087000	5.321061e-01	-1.206613e-01	8.817207e-01	2.382198e-02	1.314069e-01	4.114013e-03	-8.395758e-02	2.613460e-02	2.875550e-02	-4.719705e-01	-3.688022e-02	-9.145901e-01
1.088000	5.337445e-01	-1.200630e-01	8.844752e-01	2.367335e-02	1.306478e-01	4.177245e-03	-8.353780e-02	2.598887e-02	2.854252e-02	-4.738801e-01	-3.657362e-02	-9.171949e-01
1.089000	5.353931e-01	-1.194677e-01	8.872482e-01	2.352588e-02	1.298931e-01	4.239513e-03	-8.312029e-02	2.584393e-02	2.833108e-02	-4.757986e-01	-3.626933e-02	-9.198187e-01
1.090000	5.370510e-01	-1.188753e-01	8.900384e-01	2.337957e-02	1.291430e-01	4.300822e-03	-8.270510e-02	2.569981e-02	2.812121e-02	-4.777254e-01	-3.596745e-02	-9.224604e-01
1.091000	5.387184e-01	-1.182859e-01	8.928465e-01	2.323443e-02	1.283972e-01	4.361205e-03	-8.229218e-02	2.555647e-02	2.791286e-02	-4.796606e-01	-3.566778e-02	-9.251205e-01
1.092000	5.403959e-01	-1.176995e-01	8.956729e-01	2.309041e-02	1.276560e-01	4.420636e-03	-8.188152e-02	2.541392e-02	2.770604e-02	-4.816048e-01	-3.537042e-02	-9.277996e-01
1.093000	5.420831e-01	-1.171159e-01	8.985169e-01	2.294752e-02	1.269191e-01	4.479138e-03	-8.147315e-02	2.527218e-02	2.750075e-02	-4.835575e-01	-3.507543e-02	-9.304968e-01
1.094000	5.437809e-01	-1.165351e-01	9.013805e-01	2.280578e-02	1.261867e-01	4.536737e-03	-8.106702e-02	2.513120e-02	2.729695e-02	-4.855197e-01	-3.478277e-02	-9.332142e-01
1.095000	5.454878e-01	-1.159571e-01	9.042608e-01	2.266513e-02	1.254585e-01	4.593438e-03	-8.066308e-02	2.499100e-02	2.709465e-02	-4.874898e-01	-3.449240e-02	-9.359488e-01
1.096000	5.472052e-01	-1.153820e-01	9.071602e-01	2.252557e-02	1.247347e-01	4.649226e-03	-8.026139e-02	2.485159e-02	2.689383e-02	-4.894694e-01	-3.420431e-02	-9.387032e-01
1.097000	5.489328e-01	-1.148097e-01	9.100781e-01	2.238712e-02	1.240153e-01	4.704145e-03	-7.986192e-02	2.471295e-02	2.669449e-02	-4.914579e-01	-3.391861e-02	-9.414768e-01
1.098000	5.506703e-01	-1.142401e-01	9.130142e-01	2.224974e-02	1.233001e-01	4.758179e-03	-7.946455e-02	2.457505e-02	2.649658e-02	-4.934555e-01	-3.363509e-02	-9.442689e-01
1.099000	5.524186e-01	-1.136732e-01	9.159699e-01	2.211343e-02	1.225892e-01	4.811346e-03	-7.906944e-02	2.443795e-02	2.630015e-02	-4.954626e-01	-3.335391e-02	-9.470814e-01
1.100000	5.541767e-01	-1.131091e-01	9.189435e-01	2.197819e-02	1.218825e-01	4.863646e-03	-7.867649e-02	2.430159e-02	2.610515e-02	-4.974784e-01	-3.307505e-02	-9.499123e-01
1.101000	5.559458e-01	-1.125477e-01	9.219369e-01	2.184400e-02	1.211802e-01	4.915098e-03	-7.828566e-02	2.416597e-02	2.591156e-02	-4.995041e-01	-3.279846e-02	-9.527636e-01
1.102000	5.577249e-01	-1.119889e-01	9.249486e-01	2.171085e-02	1.204819e-01	4.965719e-03	-7.789700e-02	2.403113e-02	2.571941e-02	-5.015388e-01	-3.252413e-02	-9.556338e-01
1.103000	5.595144e-01	-1.114327e-01	9.279793e-01	2.157875e-02	1.197878e-01	5.015516e-03	-7.751046e-02	2.389703e-02	2.552866e-02	-5.035827e-01	-3.225212e-02	-9.585235e-01
1.104000	5.613150e-01	-1.108792e-01	9.310299e-01	2.144765e-02	1.190979e-01	5.064478e-03	-7.712601e-02	2.376366e-02	2.533930e-02	-5.056367e-01	-3.198235e-02	-9.614336e-01
1.105000	5.631258e-01	-1.103283e-01	9.340990e-01	2.131758e-02	1.184121e-01	5.112629e-03	-7.674369e-02	2.363104e-02	2.515133e-02	-5.076997e-01	-3.171483e-02	-9.643630e-01
1.106000	5.649474e-01	-1.097798e-01	9.371876e-01	2.118854e-02	1.177303e-01	5.159999e-03	-7.636345e-02	2.349915e-02	2.496473e-02	-5.097724e-01	-3.144962e-02	-9.673123e-01
1.107000	5.667799e-01	-1.092340e-01	9.402961e-01	2.106047e-02	1.170526e-01	5.206549e-03	-7.598527e-02	2.336798e-02	2.477948e-02	-5.118551e-01	-3.118663e-02	-9.702821e-01
1.108000	5.686232e-01	-1.086906e-01	9.434241e-01	2.093338e-02	1.163791e-01	5.252318e-03	-7.560911e-02	2.323754e-02	2.459558e-02	-5.139474e-01	-3.092595e-02	-9.732720e-01
1.109000	5.704774e-01	-1.081499e-01	9.465716e-01	2.080730e-02	1.157095e-01	5.297299e-03	-7.523508e-02	2.310782e-02	2.441305e-02	-5.160496e-01	-3.066747e-02	-9.762819e-01
1.110000	5.723426e-01	-1.076116e-01	9.497390e-01	2.068219e-02	1.150439e-01	5.341531e-03	-7.486306e-02	2.297883e-02	2.423184e-02	-5.181618e-01	-3.041117e-02	-9.793124e-01
1.111000	5.742190e-01	-1.070757e-01	9.529267e-01	2.055804e-02	1.143823e-01	5.385002e-03	-7.449307e-02	2.285055e-02	2.405195e-02	-5.202841e-01	-3.015716e-02	-9.823637e-01
1.112000	5.761063e-01	-1.065422e-01	9.561335e-01	2.043486e-02	1.137246e-01	5.427716e-03	-7.412509e-02	2.272297e-02	2.387338e-02	-5.224161e-01	-2.990542e-02	-9.854347e-01
1.113000	5.780049e-01	-1.060113e-01	9.593612e-01	2.031261e-02	1.130710e-01	5.469671e-03	-7.375915e-02	2.259613e-02	2.369612e-02	-5.245584e-01	-2.965587e-02	-9.885269e-01
1.114000	5.799146e-01	-1.054826e-01	9.626086e-01	2.019130e-02	1.124212e-01	5.510912e-03	-7.339516e-02	2.246997e-02	2.352014e-02	-5.267107e-01	-2.940857e-02	-9.916397e-01
1.115000	5.818359e-01	-1.049562e-01	9.658766e-01	2.007093e-02	1.117753e-01	5.551416e-03	-7.303318e-02	2.234452e-02	2.334546e-02	-5.288736e-01	-2.916354e-02	-9.947735e-01
1.116000	5.837686e-01	-1.044323e-01	9.691655e-01	1.995149e-02	1.111333e-01	5.591193e-03	-7.267318e-02	2.221977e-02	2.317205e-02	-5.310469e-01	-2.892076e-02	-9.979287e-01
1.117000	5.857124e-01	-1.039106e-01	9.724740e-01	1.983295e-02	1.104951e-01	5.630266e-03	-7.231510e-02	2.209569e-02	2.299990e-02	-5.332303e-01	-2.868017e-02	-1.001104e+00
1.118000	5.876680e-01	-1.033912e-01	9.758037e-01	1.971532e-02	1.098607e-01	5.668623e-03	-7.195903e-02	2.197233e-02	2.282902e-02	-5.354243e-01	-2.844182e-02	-1.004301e+00
1.119000	5.896351e-01	-1.028740e-01	9.791538e-01	1.959860e-02	1.092300e-01	5.706302e-03	-7.160484e-02	2.184964e-02	2.265937e-02	-5.376289e-01	-2.820564e-02	-1.007519e+00
1.120000	5.916142e-01	-1.023592e-01	9.825253e-01	1.948276e-02	1.086032e-01	5.743282e-03	-7.125261e-02	2.172765e-02	2.249098e-02	-5.398443e-01	-2.797173e-02	-1.010760e+00
1.121000	5.936045e-01	-1.018465e-01	9.859172e-01	1.936781e-02	1.079801e-01	5.779587e-03	-7.090224e-02	2.160630e-02	2.232378e-02	-5.420701e-01	-2.773995e-02	-1.014021e+00
1.122000	5.956076e-01	-1.013361e-01	9.893315e-01	1.925374e-02	1.073608e-01	5.815208e-03	-7.055381e-02	2.148565e-02	2.215783e-02	-5.443075e-01	-2.751041e-02	-1.017305e+00
1.123000	5.976217e-01	-1.008277e-01	9.927656e-01	1.914053e-02	1.067452e-01	5.850182e-03	-7.020728e-02	2.136568e-02	2.199309e-02	-5.465550e-01	-2.728319e-02	-1.020609e+00
1.124000	5.996483e-01	-1.003214e-01	9.962219e-01	1.902819e-02	1.061332e-01	5.884489e-03	-6.986261e-02	2.124635e-02	2.182953e-02	-5.488139e-01	-2.705816e-02	-1.023936e+00
1.125000	6.016862e-01	-9.981740e-02	9.996985e-01	1.891670e-02	1.055250e-01	5.918136e-03	-6.951985e-02	2.112771e-02	2.166719e-02	-5.510831e-01	-2.683533e-02	-1.027284e+00
1.126000	6.037371e-01	-9.931547e-02	1.003198e+00	1.880606e-02	1.049204e-01	5.951148e-03	-6.917892e-02	2.100972e-02	2.150602e-02	-5.533642e-01	-2.661461e-02	-1.030655e+00
1.127000	6.057995e-01	-9.881553e-02	1.006718e+00	1.869626e-02	1.043193e-01	5.983526e-03	-6.883982e-02	2.089238e-02	2.134602e-02	-5.556560e-01	-2.639615e-02	-1.034048e+00
1.128000	6.078741e-01	-9.831768e-02	1.010260e+00	1.858727e-02	1.037219e-01	6.015260e-03	-6.850257e-02	2.077570e-02	2.118719e-02	-5.579588e-01	-2.617994e-02	-1.037462e+00
1.129000	6.099616e-01	-9.782175e-02	1.013824e+00	1.847915e-02	1.031281e-01	6.046395e-03	-6.816718e-02	2.065967e-02	2.102952e-02	-5.602736e-01	-2.596599e-02	-1.040900e+00
1.130000	6.120613e-01	-9.732794e-02	1.017411e+00	1.837180e-02	1.025378e-01	6.076892e-03	-6.783357e-02	2.054429e-02	2.087300e-02	-5.625994e-01	-2.575417e-02	-1.044361e+00
1.131000	6.141731e-01	-9.683600e-02	1.021019e+00	1.826529e-02	1.019510e-01	6.106794e-03	-6.750175e-02	2.042954e-02	2.071761e-02	-5.649366e-01	-2.554459e-02	-1.047843e+00
1.132000	6.162979e-01	-9.634608e-02	1.024650e+00	1.815958e-02	1.013678e-01	6.136098e-03	-6.717178e-02	2.031545e-02	2.056336e-02	-5.672857e-01	-2.533719e-02	-1.051349e+00
1.133000	6.184353e-01	-9.585813e-02	1.028303e+00	1.805465e-02	1.007881e-01	6.164788e-03	-6.684357e-02	2.020199e-02	2.041023e-02	-5.696464e-01	-2.513199e-02	-1.054878e+00
1.134000	6.205852e-01	-9.537195e-02	1.031978e+00	1.795052e-02	1.002119e-01	6.192910e-03	-6.651711e-02	2.008915e-02	2.025821e-02	-5.720186e-01	-2.492907e-02	-1.058429e+00
1.135000	6.227479e-01	-9.488769e-02	1.035676e+00	1.784718e-02	9.963904e-02	6.220450e-03	-6.619245e-02	1.997694e-02	2.010731e-02	-5.744027e-01	-2.472829e-02	-1.062004e+00
1.136000	6.249233e-01	-9.440529e-02	1.039396e+00	1.774460e-02	9.906968e-02	6.247406e-03	-6.586954e-02	1.986537e-02	1.995750e-02	-5.767984e-01	-2.452977e-02	-1.065601e+00
1.137000	6.271120e-01	-9.392479e-02	1.043140e+00	1.764280e-02	9.850375e-02	6.273793e-03	-6.554835e-02	1.975441e-02	1.980878e-02	-5.792065e-01	-2.433336e-02	-1.069223e+00
1.138000	6.293129e-01	-9.344593e-02	1.046906e+00	1.754176e-02	9.794110e-02	6.299629e-03	-6.522885e-02	1.964405e-02	1.966112e-02	-5.816259e-01	-2.413922e-02	-1.072867e+00
1.139000	6.315275e-01	-9.296902e-02	1.050696e+00	1.744147e-02	9.738191e-02	6.324905e-03	-6.491115e-02	1.953434e-02	1.951456e-02	-5.840579e-01	-2.394724e-02	-1.076535e+00
1.140000	6.337553e-01	-9.249383e-02	1.054509e+00	1.734194e-02	9.682611e-02	6.349635e-03	-6.459515e-02	1.942523e-02	1.936906e-02	-5.865021e-01	-2.375751e-02	-1.080227e+00
1.141000	6.359965e-01	-9.202027e-02	1.058345e+00	1.724316e-02	9.627358e-02	6.373826e-03	-6.428083e-02	1.931672e-02	1.922462e-02	-5.889587e-01	-2.357002e-02	-1.083943e+00
1.142000	6.382508e-01	-9.154853e-02	1.062205e+00	1.714510e-02	9.572439e-02	6.397475e-03	-6.396821e-02	1.920882e-02	1.908122e-02	-5.914276e-01	-2.338468e-02	-1.087683e+00
1.143000	6.405187e-01	-9.107843e-02	1.066088e+00	1.704778e-02	9.517851e-02	6.420593e-03	-6.365728e-02	1.910153e-02	1.893888e-02	-5.939093e-01	-2.320160e-02	-1.091448e+00
1.144000	6.427997e-01	-9.061002e-02	1.069995e+00	1.695117e-02	9.463587e-02	6.443191e-03	-6.334804e-02	1.899485e-02	1.879757e-02	-5.964028e-01	-2.302071e-02	-1.095236e+00
1.145000	6.450946e-01	-9.014322e-02	1.073926e+00	1.685530e-02	9.409653e-02	6.465279e-03	-6.304047e-02	1.888875e-02	1.865728e-02	-5.989094e-01	-2.284206e-02	-1.099049e+00
1.146000	6.474032e-01	-8.967808e-02	1.077881e+00	1.676013e-02	9.356036e-02	6.486839e-03	-6.273453e-02	1.878325e-02	1.851802e-02	-6.014287e-01	-2.266553e-02	-1.102886e+00
1.147000	6.497247e-01	-8.921441e-02	1.081859e+00	1.666567e-02	9.302741e-02	6.507908e-03	-6.243025e-02	1.867832e-02	1.837976e-02	-6.039601e-01	-2.249132e-02	-1.106747e+00
1.148000	6.520606e-01	-8.875238e-02	1.085863e+00	1.657191e-02	9.249773e-02	6.528469e-03	-6.212758e-02	1.857399e-02	1.824250e-02	-6.065050e-01	-2.231934e-02	-1.110634e+00
1.149000	6.544101e-01	-8.829179e-02	1.089890e+00	1.647883e-02	9.197118e-02	6.548531e-03	-6.182655e-02	1.847024e-02	1.810624e-02	-6.090624e-01	-2.214963e-02	-1.114545e+00
1.150000	6.567733e-01	-8.783284e-02	1.093941e+00	1.638645e-02	9.144779e-02	6.568120e-03	-6.152716e-02	1.836709e-02	1.797099e-02	-6.116326e-01	-2.198203e-02	-1.118481e+00
1.151000	6.591508e-01	-8.737533e-02	1.098017e+00	1.629475e-02	9.092751e-02	6.587222e-03	-6.122936e-02	1.826450e-02	1.783670e-02	-6.142162e-01	-2.181668e-02	-1.122442e+00
1.152000	6.615421e-01	-8.691925e-02	1.102118e+00	1.620373e-02	9.041038e-02	6.605848e-03	-6.093314e-02	1.816247e-02	1.770338e-02	-6.168127e-01	-2.165360e-02	-1.126427e+00
1.153000	6.639476e-01	-8.646457e-02	1.106244e+00	1.611336e-02	8.989635e-02	6.623996e-03	-6.063852e-02	1.806103e-02	1.757104e-02	-6.194225e-01	-2.149280e-02	-1.130439e+00
1.154000	6.663671e-01	-8.601134e-02	1.110394e+00	1.602367e-02	8.938538e-02	6.641683e-03	-6.034549e-02	1.796015e-02	1.743966e-02	-6.220452e-01	-2.133420e-02	-1.134475e+00
1.155000	6.688010e-01	-8.555953e-02	1.114569e+00	1.593464e-02	8.887748e-02	6.658914e-03	-6.005401e-02	1.785983e-02	1.730923e-02	-6.246816e-01	-2.117777e-02	-1.138537e+00
1.156000	6.712489e-01	-8.510906e-02	1.118769e+00	1.584626e-02	8.837263e-02	6.675684e-03	-5.976412e-02	1.776007e-02	1.717975e-02	-6.273311e-01	-2.102365e-02	-1.142624e+00
1.157000	6.737120e-01	-8.465999e-02	1.122995e+00	1.575853e-02	8.787084e-02	6.692014e-03	-5.947576e-02	1.766087e-02	1.705121e-02	-6.299948e-01	-2.087171e-02	-1.146739e+00
1.158000	6.761892e-01	-8.421218e-02	1.127247e+00	1.567143e-02	8.737201e-02	6.707893e-03	-5.918895e-02	1.756223e-02	1.692360e-02	-6.326717e-01	-2.072207e-02	-1.150878e+00
1.159000	6.786807e-01	-8.376560e-02	1.131523e+00	1.558497e-02	8.687619e-02	6.723336e-03	-5.890365e-02	1.746414e-02	1.679690e-02	-6.353621e-01	-2.057473e-02	-1.155043e+00
1.160000	6.811867e-01	-8.332023e-02	1.135825e+00	1.549915e-02	8.638335e-02	6.738341e-03	-5.861991e-02	1.736659e-02	1.667113e-02	-6.380660e-01	-2.042971e-02	-1.159234e+00
1.161000	6.837075e-01	-8.287626e-02	1.140152e+00	1.541394e-02	8.589345e-02	6.752920e-03	-5.833765e-02	1.726959e-02	1.654627e-02	-6.407838e-01	-2.028678e-02	-1.163452e+00
1.162000	6.862437e-01	-8.243349e-02	1.144507e+00	1.532937e-02	8.540654e-02	6.767082e-03	-5.805693e-02	1.717313e-02	1.642233e-02	-6.435162e-01	-2.014618e-02	-1.167696e+00
1.163000	6.887940e-01	-8.199182e-02	1.148886e+00	1.524541e-02	8.492252e-02	6.780815e-03	-5.777771e-02	1.707722e-02	1.629927e-02	-6.462618e-01	-2.000790e-02	-1.171966e+00
1.164000	6.913592e-01	-8.155133e-02	1.153291e+00	1.516204e-02	8.444136e-02	6.794147e-03	-5.749995e-02	1.698183e-02	1.617710e-02	-6.490213e-01	-1.987186e-02	-1.176263e+00
1.165000	6.939397e-01	-8.111196e-02	1.157723e+00	1.507929e-02	8.396311e-02	6.807065e-03	-5.722369e-02	1.688699e-02	1.605582e-02	-6.517953e-01	-1.973813e-02	-1.180586e+00
1.166000	6.965349e-01	-8.067362e-02	1.162181e+00	1.499714e-02	8.348771e-02	6.819575e-03	-5.694892e-02	1.679268e-02	1.593543e-02	-6.545832e-01	-1.960677e-02	-1.184936e+00
1.167000	6.991456e-01	-8.023653e-02	1.166666e+00	1.491558e-02	8.301518e-02	6.831705e-03	-5.667561e-02	1.669889e-02	1.581591e-02	-6.573855e-01	-1.947754e-02	-1.189313e+00
1.168000	7.017710e-01	-7.980043e-02	1.171176e+00	1.483461e-02	8.254544e-02	6.843427e-03	-5.640373e-02	1.660563e-02	1.569724e-02	-6.602019e-01	-1.935065e-02	-1.193717e+00
1.169000	7.044120e-01	-7.936534e-02	1.175714e+00	1.475422e-02	8.207856e-02	6.854762e-03	-5.613330e-02	1.651288e-02	1.557943e-02	-6.630329e-01	-1.922611e-02	-1.198148e+00
1.170000	7.070680e-01	-7.893127e-02	1.180278e+00	1.467442e-02	8.161446e-02	6.865718e-03	-5.586434e-02	1.642067e-02	1.546249e-02	-6.658781e-01	-1.910386e-02	-1.202606e+00
1.171000	7.097397e-01	-7.849816e-02	1.184869e+00	1.459519e-02	8.115315e-02	6.876294e-03	-5.559681e-02	1.632897e-02	1.534639e-02	-6.687381e-01	-1.898396e-02	-1.207092e+00
1.172000	7.124267e-01	-7.806595e-02	1.189487e+00	1.451652e-02	8.069463e-02	6.886491e-03	-5.533067e-02	1.623777e-02	1.523112e-02	-6.716125e-01	-1.886644e-02	-1.211605e+00
1.173000	7.151292e-01	-7.763483e-02	1.194132e+00	1.443842e-02	8.023882e-02	6.896320e-03	-5.506599e-02	1.614711e-02	1.511670e-02	-6.745017e-01	-1.875110e-02	-1.216145e+00
1.174000	7.178474e-01	-7.720455e-02	1.198804e+00	1.436088e-02	7.978576e-02	6.905787e-03	-5.480266e-02	1.605693e-02	1.500309e-02	-6.774056e-01	-1.863814e-02	-1.220713e+00
1.175000	7.205812e-01	-7.677507e-02	1.203504e+00	1.428389e-02	7.933539e-02	6.914891e-03	-5.454076e-02	1.596726e-02	1.489031e-02	-6.803244e-01	-1.852758e-02	-1.225309e+00
1.176000	7.233307e-01	-7.634652e-02	1.208231e+00	1.420745e-02	7.888775e-02	6.923641e-03	-5.428027e-02	1.587810e-02	1.477835e-02	-6.832579e-01	-1.841933e-02	-1.229933e+00
1.177000	7.260957e-01	-7.591868e-02	1.212985e+00	1.413157e-02	7.844274e-02	6.932043e-03	-5.402113e-02	1.578943e-02	1.466719e-02	-6.862062e-01	-1.831350e-02	-1.234584e+00
1.178000	7.288766e-01	-7.549167e-02	1.217767e+00	1.405622e-02	7.800051e-02	6.940093e-03	-5.376336e-02	1.570126e-02	1.455683e-02	-6.891694e-01	-1.821010e-02	-1.239264e+00
1.179000	7.316736e-01	-7.506554e-02	1.222576e+00	1.398141e-02	7.756083e-02	6.947797e-03	-5.350699e-02	1.561358e-02	1.444728e-02	-6.921480e-01	-1.810888e-02	-1.243971e+00
1.180000	7.344867e-01	-7.464008e-02	1.227414e+00	1.390713e-02	7.712378e-02	6.955166e-03	-5.325196e-02	1.552640e-02	1.433852e-02	-6.951419e-01	-1.801011e-02	-1.248708e+00
1.181000	7.373157e-01	-7.421532e-02	1.232279e+00	1.383337e-02	7.668941e-02	6.962205e-03	-5.299830e-02	1.543971e-02	1.423055e-02	-6.981508e-01	-1.791381e-02	-1.253472e+00
1.182000	7.401606e-01	-7.379127e-02	1.237173e+00	1.376014e-02	7.625760e-02	6.968906e-03	-5.274596e-02	1.535351e-02	1.412335e-02	-7.011748e-01	-1.781984e-02	-1.258265e+00
1.183000	7.430215e-01	-7.336783e-02	1.242094e+00	1.368743e-02	7.582840e-02	6.975289e-03	-5.249494e-02	1.526777e-02	1.401692e-02	-7.042140e-01	-1.772835e-02	-1.263086e+00
1.184000	7.458988e-01	-7.294509e-02	1.247043e+00	1.361523e-02	7.540176e-02	6.981342e-03	-5.224529e-02	1.518253e-02	1.391127e-02	-7.072687e-01	-1.763921e-02	-1.267936e+00
1.185000	7.487921e-01	-7.252286e-02	1.252021e+00	1.354355e-02	7.497767e-02	6.987081e-03	-5.199693e-02	1.509776e-02	1.380637e-02	-7.103387e-01	-1.755256e-02	-1.272814e+00
1.186000	7.517018e-01	-7.210132e-02	1.257027e+00	1.347236e-02	7.455616e-02	6.992504e-03	-5.174991e-02	1.501347e-02	1.370225e-02	-7.134243e-01	-1.746830e-02	-1.277721e+00
1.187000	7.546281e-01	-7.168035e-02	1.262061e+00	1.340168e-02	7.413712e-02	6.997622e-03	-5.150416e-02	1.492965e-02	1.359886e-02	-7.165256e-01	-1.738641e-02	-1.282658e+00
1.188000	7.575699e-01	-7.125986e-02	1.267123e+00	1.333150e-02	7.372063e-02	7.002431e-03	-5.125973e-02	1.484630e-02	1.349623e-02	-7.196417e-01	-1.730707e-02	-1.287622e+00
1.189000	7.605290e-01	-7.083994e-02	1.272215e+00	1.326181e-02	7.330664e-02	7.006940e-03	-5.101661e-02	1.476343e-02	1.339435e-02	-7.227742e-01	-1.723012e-02	-1.292617e+00
1.190000	7.635040e-01	-7.042034e-02	1.277335e+00	1.319261e-02	7.289504e-02	7.011149e-03	-5.077477e-02	1.468102e-02	1.329319e-02	-7.259219e-01	-1.715572e-02	-1.297639e+00
1.191000	7.664958e-01	-7.000117e-02	1.282484e+00	1.312389e-02	7.248595e-02	7.015058e-03	-5.053418e-02	1.459906e-02	1.319276e-02	-7.290854e-01	-1.708384e-02	-1.302691e+00
1.192000	7.695038e-01	-6.958250e-02	1.287660e+00	1.305565e-02	7.207936e-02	7.018682e-03	-5.029485e-02	1.451756e-02	1.309305e-02	-7.322647e-01	-1.701442e-02	-1.307772e+00
1.193000	7.725288e-01	-6.916423e-02	1.292867e+00	1.298789e-02	7.167515e-02	7.022016e-03	-5.005680e-02	1.443652e-02	1.299407e-02	-7.354599e-01	-1.694744e-02	-1.312883e+00
1.194000	7.755708e-01	-6.874643e-02	1.298103e+00	1.292060e-02	7.127340e-02	7.025068e-03	-4.982004e-02	1.435596e-02	1.289581e-02	-7.386714e-01	-1.688293e-02	-1.318024e+00
1.195000	7.786291e-01	-6.832883e-02	1.303367e+00	1.285379e-02	7.087401e-02	7.027844e-03	-4.958448e-02	1.427582e-02	1.279825e-02	-7.418984e-01	-1.682100e-02	-1.323193e+00
1.196000	7.817041e-01	-6.791160e-02	1.308660e+00	1.278743e-02	7.047702e-02	7.030345e-03	-4.935015e-02	1.419614e-02	1.270139e-02	-7.451414e-01	-1.676156e-02	-1.328392e+00
1.197000	7.847956e-01	-6.749460e-02	1.313982e+00	1.272154e-02	7.008244e-02	7.032573e-03	-4.911708e-02	1.411691e-02	1.260523e-02	-7.484001e-01	-1.670475e-02	-1.333620e+00
1.198000	7.879043e-01	-6.707777e-02	1.319334e+00	1.265610e-02	6.969021e-02	7.034531e-03	-4.888524e-02	1.403812e-02	1.250976e-02	-7.516751e-01	-1.665055e-02	-1.338879e+00
1.199000	7.910290e-01	-6.666115e-02	1.324714e+00	1.259112e-02	6.930026e-02	7.036220e-03	-4.865460e-02	1.395977e-02	1.241498e-02	-7.549655e-01	-1.659888e-02	-1.344165e+00
1.200000	7.941707e-01	-6.624483e-02	1.330123e+00	1.252658e-02	6.891271e-02	7.037650e-03	-4.842521e-02	1.388188e-02	1.232090e-02	-7.582721e-01	-1.654975e-02	-1.349482e+00
1.201000	7.973292e-01	-6.582870e-02	1.335562e+00	1.246249e-02	6.852745e-02	7.038832e-03	-4.819697e-02	1.380440e-02	1.222748e-02	-7.615947e-01	-1.650316e-02	-1.354828e+00
1.202000	8.005050e-01	-6.541266e-02	1.341030e+00	1.239885e-02	6.814452e-02	7.039749e-03	-4.796995e-02	1.372736e-02	1.213473e-02	-7.649339e-01	-1.645922e-02	-1.360205e+00
1.203000	8.036970e-01	-6.499673e-02	1.346527e+00	1.233564e-02	6.776384e-02	7.040414e-03	-4.774413e-02	1.365075e-02	1.204266e-02	-7.682886e-01	-1.641786e-02	-1.365610e+00
1.204000	8.069057e-01	-6.458082e-02	1.352053e+00	1.227286e-02	6.738545e-02	7.040831e-03	-4.751950e-02	1.357459e-02	1.195125e-02	-7.716591e-01	-1.637922e-02	-1.371045e+00
1.205000	8.101318e-01	-6.416485e-02	1.357609e+00	1.221052e-02	6.700931e-02	7.041009e-03	-4.729603e-02	1.349884e-02	1.186050e-02	-7.750462e-01	-1.634330e-02	-1.376510e+00
1.206000	8.133740e-01	-6.374901e-02	1.363193e+00	1.214860e-02	6.663547e-02	7.040939e-03	-4.707373e-02	1.342352e-02	1.177040e-02	-7.784489e-01	-1.630998e-02	-1.382004e+00
1.207000	8.166339e-01	-6.333312e-02	1.368807e+00	1.208712e-02	6.626377e-02	7.040634e-03	-4.685259e-02	1.334861e-02	1.168094e-02	-7.818684e-01	-1.627926e-02	-1.387529e+00
1.208000	8.199096e-01	-6.291731e-02	1.374450e+00	1.202605e-02	6.589438e-02	7.040094e-03	-4.663265e-02	1.327415e-02	1.159215e-02	-7.853029e-01	-1.625122e-02	-1.393082e+00
1.209000	8.232031e-01	-6.250131e-02	1.380123e+00	1.196540e-02	6.552714e-02	7.039323e-03	-4.641383e-02	1.320009e-02	1.150398e-02	-7.887546e-01	-1.622592e-02	-1.398666e+00
1.210000	8.265125e-01	-6.208529e-02	1.385823e+00	1.190515e-02	6.516214e-02	7.038318e-03	-4.619616e-02	1.312645e-02	1.141645e-02	-7.922214e-01	-1.620330e-02	-1.404278e+00
1.211000	8.298390e-01	-6.166903e-02	1.391554e+00	1.184532e-02	6.479929e-02	7.037093e-03	-4.597960e-02	1.305321e-02	1.132954e-02	-7.957047e-01	-1.618348e-02	-1.409921e+00
1.212000	8.331820e-01	-6.125267e-02	1.397313e+00	1.178589e-02	6.443862e-02	7.035641e-03	-4.576419e-02	1.298040e-02	1.124327e-02	-7.992036e-01	-1.616635e-02	-1.415592e+00
1.213000	8.365422e-01	-6.083601e-02	1.403102e+00	1.172688e-02	6.408007e-02	7.033975e-03	-4.554993e-02	1.290798e-02	1.115761e-02	-8.027191e-01	-1.615205e-02	-1.421293e+00
1.214000	8.399191e-01	-6.041921e-02	1.408920e+00	1.166826e-02	6.372371e-02	7.032092e-03	-4.533678e-02	1.283599e-02	1.107258e-02	-8.062506e-01	-1.614049e-02	-1.427024e+00
1.215000	8.433127e-01	-6.000217e-02	1.414767e+00	1.161003e-02	6.336942e-02	7.029993e-03	-4.512472e-02	1.276439e-02	1.098815e-02	-8.097980e-01	-1.613164e-02	-1.432785e+00
1.216000	8.467225e-01	-5.958495e-02	1.420642e+00	1.155220e-02	6.301731e-02	7.027682e-03	-4.491379e-02	1.269320e-02	1.090433e-02	-8.133609e-01	-1.612555e-02	-1.438574e+00
1.217000	8.501489e-01	-5.916727e-02	1.426546e+00	1.149476e-02	6.266721e-02	7.025161e-03	-4.470395e-02	1.262240e-02	1.082112e-02	-8.169397e-01	-1.612235e-02	-1.444392e+00
1.218000	8.535917e-01	-5.874933e-02	1.432479e+00	1.143771e-02	6.231927e-02	7.022440e-03	-4.449521e-02	1.255200e-02	1.073850e-02	-8.205342e-01	-1.612195e-02	-1.450240e+00
1.219000	8.570510e-01	-5.833090e-02	1.438440e+00	1.138104e-02	6.197337e-02	7.019519e-03	-4.428755e-02	1.248200e-02	1.065648e-02	-8.241444e-01	-1.612448e-02	-1.456116e+00
1.220000	8.605272e-01	-5.791214e-02	1.444430e+00	1.132475e-02	6.162955e-02	7.016395e-03	-4.408097e-02	1.241239e-02	1.057504e-02	-8.277710e-01	-1.612979e-02	-1.462022e+00
1.221000	8.640189e-01	-5.749283e-02	1.450448e+00	1.126883e-02	6.128776e-02	7.013071e-03	-4.387546e-02	1.234316e-02	1.049419e-02	-8.314123e-01	-1.613808e-02	-1.467955e+00
1.222000	8.675269e-01	-5.707325e-02	1.456494e+00	1.121329e-02	6.094801e-02	7.009560e-03	-4.367102e-02	1.227433e-02	1.041392e-02	-8.350692e-01	-1.614909e-02	-1.473918e+00
1.223000	8.710514e-01	-5.665312e-02	1.462569e+00	1.115813e-02	6.061031e-02	7.005855e-03	-4.346766e-02	1.220589e-02	1.033423e-02	-8.387419e-01	-1.616309e-02	-1.479909e+00
1.224000	8.745918e-01	-5.623247e-02	1.468671e+00	1.110333e-02	6.027460e-02	7.001964e-03	-4.326534e-02	1.213783e-02	1.025512e-02	-8.424298e-01	-1.617997e-02	-1.485928e+00
1.225000	8.781480e-01	-5.581115e-02	1.474801e+00	1.104890e-02	5.994088e-02	6.997885e-03	-4.306409e-02	1.207015e-02	1.017657e-02	-8.461328e-01	-1.619988e-02	-1.491976e+00
1.226000	8.817203e-01	-5.538933e-02	1.480959e+00	1.099483e-02	5.960917e-02	6.993624e-03	-4.286387e-02	1.200285e-02	1.009858e-02	-8.498513e-01	-1.622269e-02	-1.498051e+00
1.227000	8.853082e-01	-5.496676e-02	1.487144e+00	1.094112e-02	5.927940e-02	6.989182e-03	-4.266469e-02	1.193594e-02	1.002116e-02	-8.535846e-01	-1.624858e-02	-1.504154e+00
1.228000	8.889115e-01	-5.454361e-02	1.493355e+00	1.088776e-02	5.895163e-02	6.984558e-03	-4.246654e-02	1.186939e-02	9.944292e-03	-8.573326e-01	-1.627741e-02	-1.510284e+00
1.229000	8.925305e-01	-5.411981e-02	1.499595e+00	1.083476e-02	5.862580e-02	6.979766e-03	-4.226942e-02	1.180322e-02	9.867977e-03	-8.610958e-01	-1.630921e-02	-1.516443e+00
1.230000	8.961649e-01	-5.369536e-02	1.505861e+00	1.078211e-02	5.830191e-02	6.974801e-03	-4.207334e-02	1.173743e-02	9.792220e-03	-8.648736e-01	-1.634399e-02	-1.522628e+00
1.231000	8.998143e-01	-5.327018e-02	1.512153e+00	1.072981e-02	5.797994e-02	6.969668e-03	-4.187828e-02	1.167201e-02	9.717000e-03	-8.686659e-01	-1.638176e-02	-1.528840e+00
1.232000	9.034789e-01	-5.284416e-02	1.518472e+00	1.067784e-02	5.765988e-02	6.964357e-03	-4.168420e-02	1.160694e-02	9.642312e-03	-8.724726e-01	-1.642266e-02	-1.535078e+00
1.233000	9.071581e-01	-5.241736e-02	1.524816e+00	1.062623e-02	5.734174e-02	6.958890e-03	-4.149111e-02	1.154223e-02	9.568159e-03	-8.762932e-01	-1.646661e-02	-1.541343e+00
1.234000	9.108518e-01	-5.198961e-02	1.531185e+00	1.057495e-02	5.702548e-02	6.953255e-03	-4.129903e-02	1.147789e-02	9.494539e-03	-8.801277e-01	-1.651376e-02	-1.547633e+00
1.235000	9.145601e-01	-5.156102e-02	1.537580e+00	1.052401e-02	5.671108e-02	6.947462e-03	-4.110797e-02	1.141393e-02	9.421460e-03	-8.839762e-01	-1.656398e-02	-1.553949e+00
1.236000	9.182836e-01	-5.113143e-02	1.544001e+00	1.047341e-02	5.639856e-02	6.941511e-03	-4.091789e-02	1.135032e-02	9.348903e-03	-8.878390e-01	-1.661744e-02	-1.560292e+00
1.237000	9.220206e-01	-5.070116e-02	1.550446e+00	1.042313e-02	5.608793e-02	6.935408e-03	-4.072880e-02	1.128707e-02	9.276862e-03	-8.917149e-01	-1.667384e-02	-1.566658e+00
1.238000	9.257714e-01	-5.026991e-02	1.556915e+00	1.037319e-02	5.577911e-02	6.929148e-03	-4.054066e-02	1.122416e-02	9.205338e-03	-8.956040e-01	-1.673336e-02	-1.573050e+00
1.239000	9.295361e-01	-4.983761e-02	1.563409e+00	1.032356e-02	5.547215e-02	6.922735e-03	-4.035351e-02	1.116162e-02	9.134332e-03	-8.995061e-01	-1.679617e-02	-1.579466e+00
1.240000	9.333146e-01	-4.940429e-02	1.569926e+00	1.027426e-02	5.516698e-02	6.916177e-03	-4.016732e-02	1.109943e-02	9.063830e-03	-9.034215e-01	-1.686213e-02	-1.585906e+00
1.241000	9.371058e-01	-4.896980e-02	1.576465e+00	1.022529e-02	5.486364e-02	6.909472e-03	-3.998210e-02	1.103759e-02	8.993838e-03	-9.073490e-01	-1.693143e-02	-1.592369e+00
1.242000	9.409097e-01	-4.853428e-02	1.583027e+00	1.017664e-02	5.456210e-02	6.902619e-03	-3.979784e-02	1.097609e-02	8.924349e-03	-9.112885e-01	-1.700392e-02	-1.598854e+00
1.243000	9.447267e-01	-4.809755e-02	1.589612e+00	1.012829e-02	5.426238e-02	6.895628e-03	-3.961451e-02	1.091494e-02	8.855354e-03	-9.152405e-01	-1.707977e-02	-1.605363e+00
1.244000	9.485559e-01	-4.765984e-02	1.596218e+00	1.008026e-02	5.396441e-02	6.888496e-03	-3.943212e-02	1.085413e-02	8.786856e-03	-9.192041e-01	-1.715869e-02	-1.611894e+00
1.245000	9.523969e-01	-4.722100e-02	1.602845e+00	1.003254e-02	5.366818e-02	6.881221e-03	-3.925068e-02	1.079366e-02	8.718852e-03	-9.231787e-01	-1.724085e-02	-1.618445e+00
1.246000	9.562493e-01	-4.678083e-02	1.609492e+00	9.985127e-03	5.337375e-02	6.873822e-03	-3.907017e-02	1.073354e-02	8.651333e-03	-9.271643e-01	-1.732645e-02	-1.625017e+00
1.247000	9.601137e-01	-4.633947e-02	1.616160e+00	9.938025e-03	5.308104e-02	6.866278e-03	-3.889061e-02	1.067375e-02	8.584300e-03	-9.311611e-01	-1.741532e-02	-1.631611e+00
1.248000	9.639885e-01	-4.589671e-02	1.622847e+00	9.891217e-03	5.279006e-02	6.858607e-03	-3.871195e-02	1.061430e-02	8.517749e-03	-9.351678e-01	-1.750765e-02	-1.638223e+00
1.249000	9.678742e-01	-4.545270e-02	1.629552e+00	9.844714e-03	5.250082e-02	6.850810e-03	-3.853421e-02	1.055518e-02	8.451671e-03	-9.391847e-01	-1.760331e-02	-1.644855e+00
1.250000	9.717699e-01	-4.500740e-02	1.636275e+00	9.798506e-03	5.221330e-02	6.842880e-03	-3.835738e-02	1.049639e-02	8.386064e-03	-9.432110e-01	-1.770229e-02	-1.651504e+00
1.251000	9.756753e-01	-4.456078e-02	1.643016e+00	9.752597e-03	5.192747e-02	6.834825e-03	-3.818145e-02	1.043793e-02	8.320933e-03	-9.472465e-01	-1.780462e-02	-1.658171e+00
1.252000	9.795905e-01	-4.411280e-02	1.649773e+00	9.706976e-03	5.164332e-02	6.826648e-03	-3.800643e-02	1.037980e-02	8.256266e-03	-9.512911e-01	-1.791032e-02	-1.664856e+00
1.253000	9.835147e-01	-4.366343e-02	1.656547e+00	9.661657e-03	5.136085e-02	6.818349e-03	-3.783232e-02	1.032200e-02	8.192063e-03	-9.553440e-01	-1.801941e-02	-1.671557e+00
1.254000	9.874470e-01	-4.321253e-02	1.663335e+00	9.616617e-03	5.108008e-02	6.809934e-03	-3.765910e-02	1.026453e-02	8.128329e-03	-9.594045e-01	-1.813208e-02	-1.678273e+00
1.255000	9.913874e-01	-4.276017e-02	1.670138e+00	9.571870e-03	5.080096e-02	6.801397e-03	-3.748677e-02	1.020737e-02	8.065044e-03	-9.634725e-01	-1.824816e-02	-1.685004e+00
1.256000	9.953353e-01	-4.230618e-02	1.676954e+00	9.527398e-03	5.052348e-02	6.792739e-03	-3.731529e-02	1.015054e-02	8.002210e-03	-9.675474e-01	-1.836784e-02	-1.691749e+00
1.257000	9.992899e-01	-4.185086e-02	1.683782e+00	9.483216e-03	5.024765e-02	6.783978e-03	-3.714472e-02	1.009402e-02	7.939830e-03	-9.716284e-01	-1.849082e-02	-1.698506e+00
1.258000	1.003251e+00	-4.139400e-02	1.690621e+00	9.439314e-03	4.997343e-02	6.775102e-03	-3.697501e-02	1.003782e-02	7.877895e-03	-9.757153e-01	-1.861725e-02	-1.705274e+00
1.259000	1.007218e+00	-4.093547e-02	1.697472e+00	9.395689e-03	4.970087e-02	6.766113e-03	-3.680618e-02	9.981939e-03	7.816409e-03	-9.798073e-01	-1.874735e-02	-1.712054e+00
1.260000	1.011190e+00	-4.047533e-02	1.704331e+00	9.352334e-03	4.942990e-02	6.757019e-03	-3.663820e-02	9.926378e-03	7.755364e-03	-9.839039e-01	-1.888095e-02	-1.718844e+00
1.261000	1.015167e+00	-4.001359e-02	1.711200e+00	9.309256e-03	4.916051e-02	6.747810e-03	-3.647110e-02	9.871122e-03	7.694756e-03	-9.880047e-01	-1.901804e-02	-1.725643e+00
1.262000	1.019147e+00	-3.955007e-02	1.718076e+00	9.266448e-03	4.889274e-02	6.738501e-03	-3.630482e-02	9.816170e-03	7.634571e-03	-9.921087e-01	-1.915884e-02	-1.732449e+00
1.263000	1.023131e+00	-3.908486e-02	1.724957e+00	9.223909e-03	4.862653e-02	6.729092e-03	-3.613941e-02	9.761536e-03	7.574829e-03	-9.962153e-01	-1.930320e-02	-1.739261e+00
1.264000	1.027117e+00	-3.861816e-02	1.731844e+00	9.181633e-03	4.836188e-02	6.719577e-03	-3.597483e-02	9.707203e-03	7.515508e-03	-1.000324e+00	-1.945092e-02	-1.746079e+00
1.265000	1.031105e+00	-3.814958e-02	1.738734e+00	9.139626e-03	4.809880e-02	6.709964e-03	-3.581110e-02	9.653177e-03	7.456618e-03	-1.004434e+00	-1.960240e-02	-1.752901e+00
1.266000	1.035095e+00	-3.767931e-02	1.745628e+00	9.097881e-03	4.783731e-02	6.700256e-03	-3.564821e-02	9.599463e-03	7.398151e-03	-1.008544e+00	-1.975746e-02	-1.759726e+00
1.267000	1.039084e+00	-3.720726e-02	1.752522e+00	9.056399e-03	4.757731e-02	6.690448e-03	-3.548615e-02	9.546043e-03	7.340101e-03	-1.012655e+00	-1.991610e-02	-1.766552e+00
1.268000	1.043073e+00	-3.673328e-02	1.759416e+00	9.015169e-03	4.731888e-02	6.680545e-03	-3.532489e-02	9.492918e-03	7.282463e-03	-1.016763e+00	-2.007852e-02	-1.773379e+00
1.269000	1.047061e+00	-3.625749e-02	1.766308e+00	8.974198e-03	4.706196e-02	6.670550e-03	-3.516446e-02	9.440091e-03	7.225240e-03	-1.020870e+00	-2.024456e-02	-1.780204e+00
1.270000	1.051046e+00	-3.578009e-02	1.773197e+00	8.933481e-03	4.680656e-02	6.660465e-03	-3.500485e-02	9.387558e-03	7.168420e-03	-1.024975e+00	-2.041404e-02	-1.787026e+00
1.271000	1.055027e+00	-3.530082e-02	1.780081e+00	8.893017e-03	4.655265e-02	6.650290e-03	-3.484606e-02	9.335332e-03	7.112021e-03	-1.029074e+00	-2.058715e-02	-1.793843e+00
1.272000	1.059006e+00	-3.481954e-02	1.786959e+00	8.852798e-03	4.630022e-02	6.640024e-03	-3.468807e-02	9.283399e-03	7.056018e-03	-1.033170e+00	-2.076408e-02	-1.800655e+00
1.273000	1.062979e+00	-3.433639e-02	1.793829e+00	8.812837e-03	4.604930e-02	6.629670e-03	-3.453089e-02	9.231754e-03	7.000420e-03	-1.037261e+00	-2.094466e-02	-1.807459e+00
1.274000	1.066945e+00	-3.385138e-02	1.800689e+00	8.773116e-03	4.579987e-02	6.619236e-03	-3.437451e-02	9.180402e-03	6.945219e-03	-1.041344e+00	-2.112889e-02	-1.814253e+00
1.275000	1.070905e+00	-3.336445e-02	1.807537e+00	8.733640e-03	4.555188e-02	6.608713e-03	-3.421891e-02	9.129331e-03	6.890410e-03	-1.045420e+00	-2.131677e-02	-1.821037e+00
1.276000	1.074857e+00	-3.287560e-02	1.814373e+00	8.694404e-03	4.530536e-02	6.598111e-03	-3.406409e-02	9.078548e-03	6.835993e-03	-1.049487e+00	-2.150831e-02	-1.827807e+00
1.277000	1.078798e+00	-3.238482e-02	1.821191e+00	8.655410e-03	4.506027e-02	6.587427e-03	-3.391007e-02	9.028058e-03	6.781972e-03	-1.053543e+00	-2.170352e-02	-1.834561e+00
1.278000	1.082728e+00	-3.189212e-02	1.827992e+00	8.616653e-03	4.481665e-02	6.576664e-03	-3.375683e-02	8.977847e-03	6.728336e-03	-1.057588e+00	-2.190238e-02	-1.841297e+00
1.279000	1.086647e+00	-3.139727e-02	1.834773e+00	8.578143e-03	4.457446e-02	6.565826e-03	-3.360437e-02	8.927910e-03	6.675079e-03	-1.061620e+00	-2.210510e-02	-1.848014e+00
1.280000	1.090552e+00	-3.090046e-02	1.841533e+00	8.539863e-03	4.433368e-02	6.554910e-03	-3.345269e-02	8.878268e-03	6.622213e-03	-1.065639e+00	-2.231149e-02	-1.854710e+00
1.281000	1.094442e+00	-3.040188e-02	1.848268e+00	8.501807e-03	4.409431e-02	6.543915e-03	-3.330176e-02	8.828895e-03	6.569717e-03	-1.069642e+00	-2.252132e-02	-1.861381e+00
1.282000	1.098317e+00	-2.990112e-02	1.854976e+00	8.463996e-03	4.385635e-02	6.532850e-03	-3.315160e-02	8.779801e-03	6.517603e-03	-1.073629e+00	-2.273502e-02	-1.868026e+00
1.283000	1.102174e+00	-2.939840e-02	1.861655e+00	8.426406e-03	4.361977e-02	6.521713e-03	-3.300218e-02	8.730976e-03	6.465853e-03	-1.077598e+00	-2.295236e-02	-1.874642e+00
1.284000	1.106012e+00	-2.889370e-02	1.868302e+00	8.389050e-03	4.338461e-02	6.510505e-03	-3.285354e-02	8.682427e-03	6.414479e-03	-1.081547e+00	-2.317334e-02	-1.881227e+00
1.285000	1.109829e+00	-2.838702e-02	1.874915e+00	8.351908e-03	4.315080e-02	6.499223e-03	-3.270563e-02	8.634160e-03	6.363476e-03	-1.085475e+00	-2.339795e-02	-1.887778e+00
1.286000	1.113623e+00	-2.787835e-02	1.881490e+00	8.315003e-03	4.291837e-02	6.487879e-03	-3.255850e-02	8.586163e-03	6.312839e-03	-1.089380e+00	-2.362619e-02	-1.894291e+00
1.287000	1.117394e+00	-2.736773e-02	1.888025e+00	8.278314e-03	4.268731e-02	6.476464e-03	-3.241209e-02	8.538431e-03	6.262562e-03	-1.093261e+00	-2.385801e-02	-1.900764e+00
1.288000	1.121140e+00	-2.685512e-02	1.894517e+00	8.241852e-03	4.245760e-02	6.464988e-03	-3.226642e-02	8.490966e-03	6.212646e-03	-1.097115e+00	-2.409345e-02	-1.907195e+00
1.289000	1.124858e+00	-2.634058e-02	1.900964e+00	8.205599e-03	4.222924e-02	6.453441e-03	-3.212148e-02	8.443768e-03	6.163086e-03	-1.100942e+00	-2.433243e-02	-1.913581e+00
1.290000	1.128546e+00	-2.582406e-02	1.907360e+00	8.169571e-03	4.200220e-02	6.441835e-03	-3.197727e-02	8.396835e-03	6.113883e-03	-1.104738e+00	-2.457498e-02	-1.919916e+00
1.291000	1.132203e+00	-2.530561e-02	1.913704e+00	8.133759e-03	4.177649e-02	6.430167e-03	-3.183379e-02	8.350162e-03	6.065030e-03	-1.108503e+00	-2.482105e-02	-1.926199e+00
1.292000	1.135826e+00	-2.478523e-02	1.919992e+00	8.098153e-03	4.155210e-02	6.418438e-03	-3.169101e-02	8.303750e-03	6.016525e-03	-1.112234e+00	-2.507062e-02	-1.932427e+00
1.293000	1.139415e+00	-2.426297e-02	1.926220e+00	8.062761e-03	4.132903e-02	6.406644e-03	-3.154897e-02	8.257603e-03	5.968371e-03	-1.115929e+00	-2.532366e-02	-1.938595e+00
1.294000	1.142966e+00	-2.373883e-02	1.932385e+00	8.027588e-03	4.110727e-02	6.394802e-03	-3.140765e-02	8.211715e-03	5.920562e-03	-1.119586e+00	-2.558016e-02	-1.944701e+00
1.295000	1.146477e+00	-2.321281e-02	1.938483e+00	7.992623e-03	4.088678e-02	6.382897e-03	-3.126703e-02	8.166082e-03	5.873095e-03	-1.123202e+00	-2.584006e-02	-1.950739e+00
1.296000	1.149945e+00	-2.268499e-02	1.944509e+00	7.957861e-03	4.066761e-02	6.370937e-03	-3.112712e-02	8.120706e-03	5.825972e-03	-1.126776e+00	-2.610333e-02	-1.956705e+00
1.297000	1.153369e+00	-2.215537e-02	1.950460e+00	7.923303e-03	4.044971e-02	6.358922e-03	-3.098790e-02	8.075586e-03	5.779181e-03	-1.130305e+00	-2.636993e-02	-1.962598e+00
1.298000	1.156746e+00	-2.162397e-02	1.956331e+00	7.888949e-03	4.023306e-02	6.346854e-03	-3.084939e-02	8.030722e-03	5.732731e-03	-1.133786e+00	-2.663982e-02	-1.968411e+00
1.299000	1.160074e+00	-2.109085e-02	1.962119e+00	7.854802e-03	4.001769e-02	6.334734e-03	-3.071157e-02	7.986106e-03	5.686611e-03	-1.137217e+00	-2.691295e-02	-1.974140e+00
1.300000	1.163349e+00	-2.055606e-02	1.967818e+00	7.820859e-03	3.980359e-02	6.322563e-03	-3.057444e-02	7.941732e-03	5.640818e-03	-1.140595e+00	-2.718926e-02	-1.979781e+00
1.301000	1.166569e+00	-2.001964e-02	1.973423e+00	7.787107e-03	3.959072e-02	6.310338e-03	-3.043801e-02	7.897621e-03	5.595359e-03	-1.143918e+00	-2.746870e-02	-1.985329e+00
1.302000	1.169730e+00	-1.948161e-02	1.978930e+00	7.753564e-03	3.937908e-02	6.298069e-03	-3.030224e-02	7.853745e-03	5.550222e-03	-1.147182e+00	-2.775122e-02	-1.990779e+00
1.303000	1.172831e+00	-1.894209e-02	1.984334e+00	7.720209e-03	3.916871e-02	6.285748e-03	-3.016717e-02	7.810122e-03	5.505411e-03	-1.150384e+00	-2.803674e-02	-1.996125e+00
1.304000	1.175868e+00	-1.840107e-02	1.989629e+00	7.687058e-03	3.895954e-02	6.273383e-03	-3.003278e-02	7.766747e-03	5.460924e-03	-1.153522e+00	-2.832522e-02	-2.001364e+00
1.305000	1.178838e+00	-1.785887e-02	1.994810e+00	7.654095e-03	3.875159e-02	6.260972e-03	-2.989905e-02	7.723613e-03	5.416755e-03	-1.156593e+00	-2.861634e-02	-2.006488e+00
1.306000	1.181736e+00	-1.731534e-02	1.999872e+00	7.621322e-03	3.854486e-02	6.248516e-03	-2.976598e-02	7.680712e-03	5.372897e-03	-1.159592e+00	-2.891023e-02	-2.011493e+00
1.307000	1.184561e+00	-1.677035e-02	2.004807e+00	7.588740e-03	3.833933e-02	6.236012e-03	-2.963357e-02	7.638055e-03	5.329354e-03	-1.162516e+00	-2.920703e-02	-2.016373e+00
1.308000	1.187308e+00	-1.622416e-02	2.009611e+00	7.556345e-03	3.813498e-02	6.223468e-03	-2.950183e-02	7.595640e-03	5.286127e-03	-1.165363e+00	-2.950646e-02	-2.021121e+00
1.309000	1.189974e+00	-1.567710e-02	2.014277e+00	7.524149e-03	3.793182e-02	6.210882e-03	-2.937077e-02	7.553467e-03	5.243214e-03	-1.168128e+00	-2.980819e-02	-2.025732e+00
1.310000	1.192555e+00	-1.512905e-02	2.018799e+00	7.492129e-03	3.772985e-02	6.198255e-03	-2.924034e-02	7.511526e-03	5.200606e-03	-1.170807e+00	-3.011233e-02	-2.030198e+00
1.311000	1.195047e+00	-1.458010e-02	2.023169e+00	7.460298e-03	3.752906e-02	6.185590e-03	-2.911057e-02	7.469824e-03	5.158304e-03	-1.173397e+00	-3.041878e-02	-2.034513e+00
1.312000	1.197446e+00	-1.403037e-02	2.027381e+00	7.428648e-03	3.732943e-02	6.172883e-03	-2.898143e-02	7.428349e-03	5.116303e-03	-1.175893e+00	-3.072741e-02	-2.038670e+00
1.313000	1.199747e+00	-1.348017e-02	2.031427e+00	7.397184e-03	3.713095e-02	6.160138e-03	-2.885295e-02	7.387111e-03	5.074605e-03	-1.178291e+00	-3.103789e-02	-2.042662e+00
1.314000	1.201947e+00	-1.292943e-02	2.035301e+00	7.365903e-03	3.693363e-02	6.147360e-03	-2.872511e-02	7.346103e-03	5.033208e-03	-1.180588e+00	-3.135031e-02	-2.046481e+00
1.315000	1.204040e+00	-1.237804e-02	2.038994e+00	7.334792e-03	3.673746e-02	6.134544e-03	-2.859789e-02	7.305324e-03	4.992104e-03	-1.182777e+00	-3.166475e-02	-2.050120e+00
1.316000	1.206023e+00	-1.182634e-02	2.042498e+00	7.303863e-03	3.654241e-02	6.121686e-03	-2.847130e-02	7.264771e-03	4.951295e-03	-1.184855e+00	-3.198083e-02	-2.053571e+00
1.317000	1.207889e+00	-1.127474e-02	2.045804e+00	7.273112e-03	3.634851e-02	6.108799e-03	-2.834536e-02	7.224451e-03	4.910783e-03	-1.186817e+00	-3.229821e-02	-2.056824e+00
1.318000	1.209635e+00	-1.072314e-02	2.048905e+00	7.242540e-03	3.615572e-02	6.095878e-03	-2.822004e-02	7.184354e-03	4.870564e-03	-1.188657e+00	-3.261693e-02	-2.059871e+00
1.319000	1.211254e+00	-1.017171e-02	2.051791e+00	7.212142e-03	3.596403e-02	6.082922e-03	-2.809533e-02	7.144480e-03	4.830630e-03	-1.190371e+00	-3.293680e-02	-2.062705e+00
1.320000	1.212742e+00	-9.620858e-03	2.054453e+00	7.181911e-03	3.577347e-02	6.069938e-03	-2.797125e-02	7.104834e-03	4.790985e-03	-1.191952e+00	-3.325745e-02	-2.065314e+00
1.321000	1.214093e+00	-9.070538e-03	2.056882e+00	7.151851e-03	3.558401e-02	6.056922e-03	-2.784779e-02	7.065410e-03	4.751628e-03	-1.193397e+00	-3.357889e-02	-2.067691e+00
1.322000	1.215301e+00	-8.520944e-03	2.059068e+00	7.121965e-03	3.539565e-02	6.043876e-03	-2.772493e-02	7.026207e-03	4.712551e-03	-1.194697e+00	-3.390092e-02	-2.069824e+00
1.323000	1.216359e+00	-7.972270e-03	2.060999e+00	7.092245e-03	3.520837e-02	6.030796e-03	-2.760268e-02	6.987220e-03	4.673754e-03	-1.195849e+00	-3.422331e-02	-2.071704e+00
1.324000	1.217263e+00	-7.424973e-03	2.062668e+00	7.062695e-03	3.502218e-02	6.017695e-03	-2.748102e-02	6.948447e-03	4.635234e-03	-1.196845e+00	-3.454565e-02	-2.073320e+00
1.325000	1.218006e+00	-6.879048e-03	2.064060e+00	7.033312e-03	3.483705e-02	6.004558e-03	-2.735998e-02	6.909892e-03	4.596993e-03	-1.197679e+00	-3.486789e-02	-2.074661e+00
1.326000	1.218580e+00	-6.334735e-03	2.065166e+00	7.004089e-03	3.465299e-02	5.991395e-03	-2.723954e-02	6.871564e-03	4.559034e-03	-1.198344e+00	-3.518982e-02	-2.075716e+00
1.327000	1.218980e+00	-5.792288e-03	2.065974e+00	6.975034e-03	3.447000e-02	5.978208e-03	-2.711970e-02	6.833448e-03	4.521343e-03	-1.198835e+00	-3.551115e-02	-2.076474e+00
1.328000	1.219197e+00	-5.251998e-03	2.066472e+00	6.946144e-03	3.428809e-02	5.965000e-03	-2.700044e-02	6.795539e-03	4.483924e-03	-1.199142e+00	-3.583162e-02	-2.076921e+00
1.329000	1.219224e+00	-4.714122e-03	2.066646e+00	6.917412e-03	3.410720e-02	5.951762e-03	-2.688178e-02	6.757847e-03	4.446777e-03	-1.199260e+00	-3.615093e-02	-2.077044e+00
1.330000	1.219055e+00	-4.178943e-03	2.066484e+00	6.888838e-03	3.392736e-02	5.938498e-03	-2.676369e-02	6.720363e-03	4.409892e-03	-1.199180e+00	-3.646877e-02	-2.076833e+00
1.331000	1.218681e+00	-3.647024e-03	2.065974e+00	6.860427e-03	3.374855e-02	5.925215e-03	-2.664619e-02	6.683091e-03	4.373275e-03	-1.198895e+00	-3.678462e-02	-2.076272e+00
1.332000	1.218094e+00	-3.118465e-03	2.065100e+00	6.832170e-03	3.357077e-02	5.911907e-03	-2.652927e-02	6.646028e-03	4.336927e-03	-1.198397e+00	-3.709834e-02	-2.075348e+00
1.333000	1.217286e+00	-2.593605e-03	2.063848e+00	6.804069e-03	3.339402e-02	5.898574e-03	-2.641292e-02	6.609171e-03	4.300836e-03	-1.197677e+00	-3.740958e-02	-2.074048e+00
1.334000	1.216247e+00	-2.073031e-03	2.062203e+00	6.776125e-03	3.321828e-02	5.885223e-03	-2.629713e-02	6.572513e-03	4.265004e-03	-1.196726e+00	-3.771776e-02	-2.072354e+00
1.335000	1.214969e+00	-1.556911e-03	2.060151e+00	6.748336e-03	3.304356e-02	5.871853e-03	-2.618194e-02	6.536077e-03	4.229440e-03	-1.195535e+00	-3.802273e-02	-2.070252e+00
1.336000	1.213443e+00	-1.045626e-03	2.057674e+00	6.720701e-03	3.286983e-02	5.858461e-03	-2.606730e-02	6.499831e-03	4.194124e-03	-1.194096e+00	-3.832404e-02	-2.067727e+00
1.337000	1.211658e+00	-5.398337e-04	2.054757e+00	6.693215e-03	3.269709e-02	5.845047e-03	-2.595323e-02	6.463799e-03	4.159070e-03	-1.192398e+00	-3.862106e-02	-2.064761e+00
1.338000	1.209606e+00	-3.974698e-05	2.051383e+00	6.665885e-03	3.252536e-02	5.831618e-03	-2.583972e-02	6.427960e-03	4.124265e-03	-1.190432e+00	-3.891357e-02	-2.061338e+00
1.339000	1.207275e+00	4.541650e-04	2.047533e+00	6.638700e-03	3.235461e-02	5.818171e-03	-2.572676e-02	6.392324e-03	4.089713e-03	-1.188187e+00	-3.920110e-02	-2.057441e+00
1.340000	1.204656e+00	9.411816e-04	2.043190e+00	6.611669e-03	3.218486e-02	5.804708e-03	-2.561436e-02	6.356886e-03	4.055410e-03	-1.185653e+00	-3.948292e-02	-2.053050e+00
1.341000	1.201736e+00	1.421062e-03	2.038335e+00	6.584779e-03	3.201605e-02	5.791223e-03	-2.550250e-02	6.321645e-03	4.021355e-03	-1.182819e+00	-3.975875e-02	-2.048148e+00
1.342000	1.198505e+00	1.893219e-03	2.032948e+00	6.558033e-03	3.184821e-02	5.777722e-03	-2.539120e-02	6.286605e-03	3.987547e-03	-1.179672e+00	-4.002804e-02	-2.042713e+00
1.343000	1.194951e+00	2.356891e-03	2.027009e+00	6.531442e-03	3.168137e-02	5.764212e-03	-2.528044e-02	6.251758e-03	3.953985e-03	-1.176202e+00	-4.029002e-02	-2.036727e+00
1.344000	1.191062e+00	2.811739e-03	2.020497e+00	6.504989e-03	3.151543e-02	5.750678e-03	-2.517023e-02	6.217112e-03	3.920669e-03	-1.172396e+00	-4.054429e-02	-2.030168e+00
1.345000	1.186824e+00	3.257133e-03	2.013391e+00	6.478677e-03	3.135045e-02	5.737131e-03	-2.506056e-02	6.182659e-03	3.887594e-03	-1.168242e+00	-4.079024e-02	-2.023015e+00
1.346000	1.182226e+00	3.692182e-03	2.005669e+00	6.452512e-03	3.118645e-02	5.723574e-03	-2.495142e-02	6.148396e-03	3.854756e-03	-1.163728e+00	-4.102703e-02	-2.015248e+00
1.347000	1.177254e+00	4.116479e-03	1.997308e+00	6.426486e-03	3.102335e-02	5.710002e-03	-2.484282e-02	6.114325e-03	3.822158e-03	-1.158838e+00	-4.125416e-02	-2.006840e+00
1.348000	1.171894e+00	4.529286e-03	1.988283e+00	6.400596e-03	3.086121e-02	5.696416e-03	-2.473473e-02	6.080446e-03	3.789796e-03	-1.153560e+00	-4.147094e-02	-1.997769e+00
1.349000	1.166131e+00	4.929669e-03	1.978570e+00	6.374854e-03	3.069998e-02	5.682820e-03	-2.462720e-02	6.046756e-03	3.757672e-03	-1.147879e+00	-4.167641e-02	-1.988011e+00
1.350000	1.159951e+00	5.317079e-03	1.968145e+00	6.349240e-03	3.053967e-02	5.669208e-03	-2.452017e-02	6.013252e-03	3.725781e-03	-1.141780e+00	-4.187000e-02	-1.977540e+00
1.351000	1.153339e+00	5.690690e-03	1.956980e+00	6.323770e-03	3.038028e-02	5.655589e-03	-2.441366e-02	5.979931e-03	3.694117e-03	-1.135249e+00	-4.205090e-02	-1.966330e+00
1.352000	1.146278e+00	6.049452e-03	1.945048e+00	6.298427e-03	3.022180e-02	5.641958e-03	-2.430766e-02	5.946802e-03	3.662687e-03	-1.128268e+00	-4.221805e-02	-1.954353e+00
1.353000	1.138752e+00	6.392505e-03	1.932322e+00	6.273224e-03	3.006420e-02	5.628314e-03	-2.420220e-02	5.913859e-03	3.631487e-03	-1.120823e+00	-4.237056e-02	-1.941582e+00
1.354000	1.130746e+00	6.719116e-03	1.918773e+00	6.248157e-03	2.990752e-02	5.614662e-03	-2.409725e-02	5.881100e-03	3.600515e-03	-1.112897e+00	-4.250773e-02	-1.927988e+00
1.355000	1.122240e+00	7.028127e-03	1.904371e+00	6.223219e-03	2.975172e-02	5.600999e-03	-2.399280e-02	5.848527e-03	3.569770e-03	-1.104470e+00	-4.262837e-02	-1.913541e+00
1.356000	1.113217e+00	7.318748e-03	1.889085e+00	6.198411e-03	2.959681e-02	5.587325e-03	-2.388887e-02	5.816135e-03	3.539248e-03	-1.095527e+00	-4.273169e-02	-1.898211e+00
1.357000	1.103659e+00	7.589923e-03	1.872882e+00	6.173740e-03	2.944278e-02	5.573647e-03	-2.378544e-02	5.783922e-03	3.508949e-03	-1.086047e+00	-4.281662e-02	-1.881964e+00
1.358000	1.093547e+00	7.840369e-03	1.855731e+00	6.149195e-03	2.928962e-02	5.559959e-03	-2.368251e-02	5.751891e-03	3.478874e-03	-1.076013e+00	-4.288188e-02	-1.864770e+00
1.359000	1.082860e+00	8.069133e-03	1.837598e+00	6.124778e-03	2.913734e-02	5.546261e-03	-2.358007e-02	5.720035e-03	3.449015e-03	-1.065405e+00	-4.292651e-02	-1.846593e+00
1.360000	1.071578e+00	8.274820e-03	1.818447e+00	6.100493e-03	2.898591e-02	5.532557e-03	-2.347815e-02	5.688362e-03	3.419380e-03	-1.054201e+00	-4.294909e-02	-1.827399e+00
1.361000	1.059682e+00	8.456416e-03	1.798244e+00	6.076325e-03	2.883535e-02	5.518848e-03	-2.337670e-02	5.656863e-03	3.389958e-03	-1.042381e+00	-4.294863e-02	-1.807153e+00
1.362000	1.047147e+00	8.612594e-03	1.776949e+00	6.052292e-03	2.868564e-02	5.505131e-03	-2.327575e-02	5.625539e-03	3.360753e-03	-1.029924e+00	-4.292377e-02	-1.785815e+00
1.363000	1.033955e+00	8.741856e-03	1.754529e+00	6.028376e-03	2.853677e-02	5.491404e-03	-2.317527e-02	5.594391e-03	3.331763e-03	-1.016808e+00	-4.287302e-02	-1.763352e+00
1.364000	1.020078e+00	8.842913e-03	1.730938e+00	6.004591e-03	2.838876e-02	5.477678e-03	-2.307531e-02	5.563417e-03	3.302988e-03	-1.003008e+00	-4.279509e-02	-1.739718e+00
1.365000	1.005497e+00	8.914398e-03	1.706140e+00	5.980926e-03	2.824156e-02	5.463939e-03	-2.297582e-02	5.532621e-03	3.274423e-03	-9.885025e-01	-4.268858e-02	-1.714879e+00
1.366000	9.901835e-01	8.954464e-03	1.680088e+00	5.957384e-03	2.809521e-02	5.450198e-03	-2.287681e-02	5.501998e-03	3.246073e-03	-9.732641e-01	-4.255167e-02	-1.688784e+00
1.367000	9.741136e-01	8.961761e-03	1.652742e+00	5.933960e-03	2.794969e-02	5.436454e-03	-2.277828e-02	5.471545e-03	3.217929e-03	-9.572693e-01	-4.238300e-02	-1.661396e+00
1.368000	9.572620e-01	8.934468e-03	1.624057e+00	5.910659e-03	2.780498e-02	5.422701e-03	-2.268023e-02	5.441261e-03	3.189993e-03	-9.404924e-01	-4.218071e-02	-1.632670e+00
1.369000	9.396024e-01	8.870868e-03	1.593989e+00	5.887474e-03	2.766109e-02	5.408947e-03	-2.258264e-02	5.411146e-03	3.162263e-03	-9.229072e-01	-4.194310e-02	-1.602560e+00
1.370000	9.211057e-01	8.769292e-03	1.562487e+00	5.864413e-03	2.751802e-02	5.395190e-03	-2.248552e-02	5.381196e-03	3.134737e-03	-9.044846e-01	-4.166851e-02	-1.571017e+00
1.371000	9.017457e-01	8.627959e-03	1.529506e+00	5.841461e-03	2.737574e-02	5.381426e-03	-2.238887e-02	5.351420e-03	3.107418e-03	-8.851982e-01	-4.135512e-02	-1.537995e+00
1.372000	8.814916e-01	8.444663e-03	1.494994e+00	5.818632e-03	2.723427e-02	5.367660e-03	-2.229269e-02	5.321805e-03	3.080301e-03	-8.650175e-01	-4.100074e-02	-1.503442e+00
1.373000	8.603127e-01	8.217568e-03	1.458899e+00	5.795916e-03	2.709359e-02	5.353890e-03	-2.219696e-02	5.292353e-03	3.053382e-03	-8.439116e-01	-4.060351e-02	-1.467306e+00
1.374000	8.381808e-01	7.944608e-03	1.421170e+00	5.773315e-03	2.695371e-02	5.340119e-03	-2.210170e-02	5.263076e-03	3.026669e-03	-8.218524e-01	-4.016140e-02	-1.429537e+00
1.375000	8.150622e-01	7.623389e-03	1.381752e+00	5.750829e-03	2.681462e-02	5.326346e-03	-2.200690e-02	5.233952e-03	3.000150e-03	-7.988062e-01	-3.967196e-02	-1.390078e+00
1.376000	7.909240e-01	7.251795e-03	1.340586e+00	5.728454e-03	2.667631e-02	5.312570e-03	-2.191256e-02	5.205004e-03	2.973834e-03	-7.747399e-01	-3.913311e-02	-1.348872e+00
1.377000	7.657341e-01	6.827511e-03	1.297618e+00	5.706195e-03	2.653877e-02	5.298791e-03	-2.181866e-02	5.176207e-03	2.947712e-03	-7.496217e-01	-3.854249e-02	-1.305864e+00
1.378000	7.394591e-01	6.347962e-03	1.252791e+00	5.684041e-03	2.640199e-02	5.285009e-03	-2.172521e-02	5.147578e-03	2.921787e-03	-7.234179e-01	-3.789753e-02	-1.260998e+00
1.379000	7.120612e-01	5.810652e-03	1.206039e+00	5.661999e-03	2.626599e-02	5.271225e-03	-2.163222e-02	5.119110e-03	2.896057e-03	-6.960909e-01	-3.719575e-02	-1.214206e+00
1.380000	6.835041e-01	5.212953e-03	1.157300e+00	5.640067e-03	2.613075e-02	5.257444e-03	-2.153966e-02	5.090793e-03	2.870516e-03	-6.676046e-01	-3.643450e-02	-1.165428e+00
1.381000	6.537524e-01	4.552037e-03	1.106514e+00	5.618245e-03	2.599628e-02	5.243660e-03	-2.144754e-02	5.062636e-03	2.845168e-03	-6.379231e-01	-3.561095e-02	-1.114603e+00
1.382000	6.227682e-01	3.825223e-03	1.053615e+00	5.596523e-03	2.586253e-02	5.229870e-03	-2.135586e-02	5.034641e-03	2.820013e-03	-6.070089e-01	-3.472239e-02	-1.061665e+00
1.383000	5.905119e-01	3.029505e-03	9.985353e-01	5.574917e-03	2.572956e-02	5.216083e-03	-2.126463e-02	5.006800e-03	2.795046e-03	-5.748222e-01	-3.376586e-02	-1.006546e+00
1.384000	5.569422e-01	2.161717e-03	9.412038e-01	5.553410e-03	2.559732e-02	5.202298e-03	-2.117383e-02	4.979118e-03	2.770271e-03	-5.413218e-01	-3.273816e-02	-9.491764e-01
1.385000	5.220224e-01	1.218930e-03	8.815569e-01	5.532013e-03	2.546582e-02	5.188510e-03	-2.108347e-02	4.951589e-03	2.745680e-03	-5.064709e-01	-3.163634e-02	-8.894911e-01
1.386000	4.857043e-01	1.976751e-04	8.195125e-01	5.510719e-03	2.533504e-02	5.174720e-03	-2.099353e-02	4.924216e-03	2.721278e-03	-4.702215e-01	-3.045693e-02	-8.274086e-01
1.387000	4.479515e-01	-9.053182e-04	7.550074e-01	5.489527e-03	2.520498e-02	5.160927e-03	-2.090402e-02	4.896993e-03	2.697059e-03	-4.325370e-01	-2.919666e-02	-7.628654e-01
1.388000	4.087172e-01	-2.093568e-03	6.879616e-01	5.468439e-03	2.507568e-02	5.147140e-03	-2.081494e-02	4.869929e-03	2.673029e-03	-3.933707e-01	-2.785204e-02	-6.957818e-01
1.389000	3.679559e-01	-3.370714e-03	6.182964e-01	5.447455e-03	2.494708e-02	5.133349e-03	-2.072629e-02	4.843011e-03	2.649178e-03	-3.526771e-01	-2.641938e-02	-6.260790e-01
1.390000	3.256261e-01	-4.740355e-03	5.459405e-01	5.426571e-03	2.481920e-02	5.119561e-03	-2.063804e-02	4.816240e-03	2.625509e-03	-3.104146e-01	-2.489509e-02	-5.536856e-01
1.391000	2.816805e-01	-6.206362e-03	4.708127e-01	5.405783e-03	2.469202e-02	5.105769e-03	-2.055021e-02	4.789622e-03	2.602023e-03	-2.665361e-01	-2.327527e-02	-4.785205e-01
1.392000	2.360677e-01	-7.772964e-03	3.928245e-01	5.385094e-03	2.456555e-02	5.091979e-03	-2.046281e-02	4.763156e-03	2.578718e-03	-2.209900e-01	-2.155574e-02	-4.004952e-01
1.393000	1.887431e-01	-9.444034e-03	3.118990e-01	5.364507e-03	2.443978e-02	5.078190e-03	-2.037582e-02	4.736835e-03	2.555592e-03	-1.737318e-01	-1.973258e-02	-3.195328e-01
1.394000	1.396611e-01	-1.122370e-02	2.279576e-01	5.344017e-03	2.431471e-02	5.064399e-03	-2.028923e-02	4.710660e-03	2.532643e-03	-1.247159e-01	-1.780167e-02	-2.355547e-01
1.395000	8.876411e-02	-1.311662e-02	1.409015e-01	5.323621e-03	2.419033e-02	5.050612e-03	-2.020306e-02	4.684635e-03	2.509871e-03	-7.388467e-02	-1.575835e-02	-1.484620e-01
1.396000	3.600716e-02	-1.512706e-02	5.065307e-02	5.303321e-03	2.406663e-02	5.036821e-03	-2.011729e-02	4.658754e-03	2.487276e-03	-2.119319e-02	-1.359832e-02	-5.817716e-02
1.397000	-1.865843e-02	-1.725955e-02	-4.287162e-02	5.283118e-03	2.394363e-02	5.023032e-03	-2.003194e-02	4.633025e-03	2.464860e-03	3.340726e-02	-1.131710e-02	3.538372e-02
1.398000	-7.528725e-02	-1.951894e-02	-1.397665e-01	5.263012e-03	2.382130e-02	5.009247e-03	-1.994698e-02	4.607431e-03	2.442615e-03	8.997121e-02	-8.909792e-03	1.323146e-01
1.399000	-1.339311e-01	-2.191004e-02	-2.401208e-01	5.242998e-03	2.369964e-02	4.995460e-03	-1.986243e-02	4.581987e-03	2.420547e-03	1.485505e-01	-6.371595e-03	2.327048e-01
1.400000	-1.946439e-01	-2.443793e-02	-3.440275e-01	5.223074e-03	2.357865e-02	4.981671e-03	-1.977827e-02	4.556686e-03	2.398650e-03	2.091991e-01	-3.697411e-03	3.366472e-01
1.401000	-2.574760e-01	-2.710759e-02	-4.515732e-01	5.203246e-03	2.345833e-02	4.967883e-03	-1.969451e-02	4.531523e-03	2.376925e-03	2.719672e-01	-8.822628e-04	4.442284e-01
1.402000	-3.224821e-01	-2.992433e-02	-5.628526e-01	5.183505e-03	2.333869e-02	4.954099e-03	-1.961113e-02	4.506500e-03	2.355370e-03	3.369098e-01	2.079146e-03	5.555431e-01
1.403000	-3.897145e-01	-3.289338e-02	-6.779554e-01	5.163859e-03	2.321967e-02	4.940311e-03	-1.952816e-02	4.481621e-03	2.333988e-03	4.040788e-01	5.192087e-03	6.706811e-01
1.404000	-4.592273e-01	-3.602027e-02	-7.969753e-01	5.144293e-03	2.310134e-02	4.926526e-03	-1.944556e-02	4.456881e-03	2.312774e-03	4.735286e-01	8.462053e-03	7.897360e-01
1.405000	-5.310785e-01	-3.931083e-02	-9.200120e-01	5.124824e-03	2.298363e-02	4.912740e-03	-1.936335e-02	4.432274e-03	2.291725e-03	5.453171e-01	1.189492e-02	9.128075e-01
1.406000	-6.053108e-01	-4.277017e-02	-1.047140e+00	5.105439e-03	2.286657e-02	4.898951e-03	-1.928153e-02	4.407813e-03	2.270849e-03	6.194869e-01	1.549578e-02	1.039970e+00
1.407000	-6.819903e-01	-4.640477e-02	-1.178472e+00	5.086144e-03	2.275015e-02	4.885165e-03	-1.920009e-02	4.383485e-03	2.250137e-03	6.961042e-01	1.927113e-02	1.171336e+00
1.408000	-7.611578e-01	-5.022002e-02	-1.314079e+00	5.066932e-03	2.263438e-02	4.871378e-03	-1.911903e-02	4.359296e-03	2.229593e-03	7.752098e-01	2.322635e-02	1.306978e+00
1.409000	-8.428739e-01	-5.422209e-02	-1.454067e+00	5.047809e-03	2.251924e-02	4.857593e-03	-1.903835e-02	4.335241e-03	2.209212e-03	8.568645e-01	2.736761e-02	1.447000e+00
1.410000	-9.271873e-01	-5.841704e-02	-1.598518e+00	5.028772e-03	2.240472e-02	4.843808e-03	-1.895805e-02	4.311323e-03	2.188999e-03	9.411166e-01	3.170100e-02	1.591485e+00
1.411000	-1.014145e+00	-6.281067e-02	-1.747516e+00	5.009816e-03	2.229083e-02	4.830018e-03	-1.887812e-02	4.287539e-03	2.168948e-03	1.028014e+00	3.623230e-02	1.740517e+00
1.412000	-1.103809e+00	-6.741007e-02	-1.901164e+00	4.990941e-03	2.217755e-02	4.816229e-03	-1.879856e-02	4.263891e-03	2.149062e-03	1.117616e+00	4.096863e-02	1.894198e+00
1.413000	-1.196212e+00	-7.222039e-02	-2.059523e+00	4.972152e-03	2.206489e-02	4.802442e-03	-1.871938e-02	4.240377e-03	2.129338e-03	1.209959e+00	4.591513e-02	2.052591e+00
1.414000	-1.291409e+00	-7.724850e-02	-2.222687e+00	4.953446e-03	2.195287e-02	4.788656e-03	-1.864055e-02	4.216989e-03	2.109776e-03	1.305096e+00	5.107864e-02	2.215788e+00
1.415000	-1.389448e+00	-8.250071e-02	-2.390736e+00	4.934818e-03	2.184142e-02	4.774863e-03	-1.856210e-02	4.193738e-03	2.090374e-03	1.403075e+00	5.646555e-02	2.383870e+00
1.416000	-1.490366e+00	-8.798318e-02	-2.563740e+00	4.916273e-03	2.173059e-02	4.761073e-03	-1.848400e-02	4.170609e-03	2.071131e-03	1.503934e+00	6.208197e-02	2.556907e+00
1.417000	-1.594210e+00	-9.370268e-02	-2.741775e+00	4.897804e-03	2.162037e-02	4.747279e-03	-1.840626e-02	4.147617e-03	2.052050e-03	1.607719e+00	6.793470e-02	2.734975e+00
1.418000	-1.701014e+00	-9.966461e-02	-2.924901e+00	4.879415e-03	2.151074e-02	4.733487e-03	-1.832889e-02	4.124757e-03	2.033128e-03	1.714463e+00	7.402912e-02	2.918135e+00
1.419000	-1.810817e+00	-1.058761e-01	-3.113189e+00	4.861102e-03	2.140169e-02	4.719690e-03	-1.825187e-02	4.102022e-03	2.014364e-03	1.824208e+00	8.037236e-02	3.106455e+00
1.420000	-1.923646e+00	-1.123430e-01	-3.306686e+00	4.842866e-03	2.129325e-02	4.705894e-03	-1.817520e-02	4.079413e-03	1.995756e-03	1.936979e+00	8.697032e-02	3.299984e+00
1.421000	-2.039534e+00	-1.190711e-01	-3.505446e+00	4.824707e-03	2.118537e-02	4.692093e-03	-1.809889e-02	4.056938e-03	1.977309e-03	2.052808e+00	9.382875e-02	3.498777e+00
1.422000	-2.158499e+00	-1.260664e-01	-3.709505e+00	4.806626e-03	2.107808e-02	4.678289e-03	-1.802293e-02	4.034584e-03	1.959016e-03	2.171715e+00	1.009537e-01	3.702867e+00
1.423000	-2.280568e+00	-1.333355e-01	-3.918906e+00	4.788619e-03	2.097138e-02	4.664486e-03	-1.794732e-02	4.012360e-03	1.940880e-03	2.293727e+00	1.083518e-01	3.912301e+00
1.424000	-2.405765e+00	-1.408840e-01	-4.133696e+00	4.770689e-03	2.086525e-02	4.650679e-03	-1.787206e-02	3.990258e-03	1.922898e-03	2.418866e+00	1.160285e-01	4.127122e+00
1.425000	-2.534084e+00	-1.487162e-01	-4.353860e+00	4.752825e-03	2.075969e-02	4.636870e-03	-1.779713e-02	3.968284e-03	1.905073e-03	2.547128e+00	1.239883e-01	4.347318e+00
1.426000	-2.665557e+00	-1.568400e-01	-4.579459e+00	4.735037e-03	2.065469e-02	4.623055e-03	-1.772255e-02	3.946434e-03	1.887402e-03	2.678545e+00	1.322389e-01	4.572948e+00
1.427000	-2.800163e+00	-1.652579e-01	-4.810455e+00	4.717321e-03	2.055026e-02	4.609238e-03	-1.764832e-02	3.924707e-03	1.869883e-03	2.813094e+00	1.407829e-01	4.803976e+00
1.428000	-2.937901e+00	-1.739747e-01	-5.046849e+00	4.699677e-03	2.044637e-02	4.595416e-03	-1.757442e-02	3.903102e-03	1.852518e-03	2.950776e+00	1.496252e-01	5.040401e+00
1.429000	-3.078768e+00	-1.829956e-01	-5.288636e+00	4.682103e-03	2.034306e-02	4.581591e-03	-1.750085e-02	3.881616e-03	1.835304e-03	3.091587e+00	1.587709e-01	5.282219e+00
1.430000	-3.222732e+00	-1.923232e-01	-5.535762e+00	4.664595e-03	2.024029e-02	4.567763e-03	-1.742762e-02	3.860258e-03	1.818245e-03	3.235495e+00	1.682227e-01	5.529376e+00
1.431000	-3.369766e+00	-2.019623e-01	-5.788184e+00	4.647156e-03	2.013807e-02	4.553928e-03	-1.735472e-02	3.839017e-03	1.801335e-03	3.382473e+00	1.779852e-01	5.781828e+00
1.432000	-3.519845e+00	-2.119147e-01	-6.045858e+00	4.629791e-03	2.003640e-02	4.540092e-03	-1.728216e-02	3.817898e-03	1.784578e-03	3.532498e+00	1.880603e-01	6.039534e+00
1.433000	-3.672930e+00	-2.221845e-01	-6.308717e+00	4.612488e-03	1.993527e-02	4.526247e-03	-1.720991e-02	3.796896e-03	1.767970e-03	3.685527e+00	1.984523e-01	6.302423e+00
1.434000	-3.828947e+00	-2.327716e-01	-6.576639e+00	4.595254e-03	1.983467e-02	4.512397e-03	-1.713800e-02	3.776013e-03	1.751512e-03	3.841490e+00	2.091609e-01	6.570375e+00
1.435000	-3.987839e+00	-2.436780e-01	-6.849525e+00	4.578086e-03	1.973460e-02	4.498543e-03	-1.706641e-02	3.755252e-03	1.735205e-03	4.000327e+00	2.201882e-01	6.843291e+00
1.436000	-4.149545e+00	-2.549050e-01	-7.127272e+00	4.560981e-03	1.963508e-02	4.484682e-03	-1.699515e-02	3.734609e-03	1.719047e-03	4.161979e+00	2.315354e-01	7.121068e+00
1.437000	-4.313999e+00	-2.664533e-01	-7.409766e+00	4.543945e-03	1.953608e-02	4.470817e-03	-1.692421e-02	3.714083e-03	1.703037e-03	4.326379e+00	2.432031e-01	7.403592e+00
1.438000	-4.481088e+00	-2.783204e-01	-7.696816e+00	4.526972e-03	1.943759e-02	4.456944e-03	-1.685358e-02	3.693671e-03	1.687174e-03	4.493414e+00	2.551891e-01	7.690672e+00
1.439000	-4.650711e+00	-2.905047e-01	-7.988250e+00	4.510059e-03	1.933964e-02	4.443064e-03	-1.678328e-02	3.673380e-03	1.671460e-03	4.662984e+00	2.674917e-01	7.982135e+00
1.440000	-4.822763e+00	-3.030049e-01	-8.283886e+00	4.493212e-03	1.924220e-02	4.429178e-03	-1.671329e-02	3.653200e-03	1.655893e-03	4.834983e+00	2.801095e-01	8.277802e+00
1.441000	-4.997097e+00	-3.158152e-01	-8.583477e+00	4.476427e-03	1.914526e-02	4.415284e-03	-1.664361e-02	3.633133e-03	1.640472e-03	5.009264e+00	2.930368e-01	8.577421e+00
1.442000	-5.173585e+00	-3.289335e-01	-8.886801e+00	4.459697e-03	1.904885e-02	4.401384e-03	-1.657424e-02	3.613185e-03	1.625197e-03	5.185700e+00	3.062715e-01	8.880774e+00
1.443000	-5.352097e+00	-3.423545e-01	-9.193633e+00	4.443032e-03	1.895294e-02	4.387473e-03	-1.650517e-02	3.593345e-03	1.610066e-03	5.364159e+00	3.198082e-01	9.187636e+00
1.444000	-5.532441e+00	-3.560695e-01	-9.503654e+00	4.426430e-03	1.885754e-02	4.373557e-03	-1.643643e-02	3.573622e-03	1.595083e-03	5.544451e+00	3.336384e-01	9.497684e+00
1.445000	-5.714434e+00	-3.700713e-01	-9.816540e+00	4.409879e-03	1.876263e-02	4.359633e-03	-1.636798e-02	3.554015e-03	1.580245e-03	5.726392e+00	3.477547e-01	9.810599e+00
1.446000	-5.897906e+00	-3.843522e-01	-1.013201e+01	4.393388e-03	1.866822e-02	4.345698e-03	-1.629983e-02	3.534513e-03	1.565549e-03	5.909812e+00	3.621494e-01	1.012609e+01
1.447000	-6.082654e+00	-3.989030e-01	-1.044970e+01	4.376957e-03	1.857431e-02	4.331755e-03	-1.623199e-02	3.515126e-03	1.550998e-03	6.094509e+00	3.768136e-01	1.044382e+01
1.448000	-6.268461e+00	-4.137137e-01	-1.076926e+01	4.360584e-03	1.848090e-02	4.317804e-03	-1.616445e-02	3.495845e-03	1.536587e-03	6.280265e+00	3.917370e-01	1.076340e+01
1.449000	-6.455073e+00	-4.287669e-01	-1.109023e+01	4.344267e-03	1.838797e-02	4.303844e-03	-1.609721e-02	3.476681e-03	1.522323e-03	6.466826e+00	4.069023e-01	1.108441e+01
1.450000	-6.642292e+00	-4.440528e-01	-1.141229e+01	4.328006e-03	1.829554e-02	4.289877e-03	-1.603027e-02	3.457627e-03	1.508201e-03	6.653994e+00	4.222996e-01	1.140650e+01
1.451000	-6.829819e+00	-4.595527e-01	-1.173493e+01	4.311802e-03	1.820357e-02	4.275894e-03	-1.596362e-02	3.438674e-03	1.494217e-03	6.841471e+00	4.379105e-01	1.172916e+01
1.452000	-7.017393e+00	-4.752501e-01	-1.205768e+01	4.295650e-03	1.811209e-02	4.261906e-03	-1.589727e-02	3.419839e-03	1.480379e-03	7.028995e+00	4.537182e-01	1.205194e+01
1.453000	-7.204723e+00	-4.911275e-01	-1.238006e+01	4.279552e-03	1.802108e-02	4.247908e-03	-1.583120e-02	3.401106e-03	1.466678e-03	7.216275e+00	4.697053e-01	1.237435e+01
1.454000	-7.391522e+00	-5.071654e-01	-1.270157e+01	4.263510e-03	1.793056e-02	4.233899e-03	-1.576543e-02	3.382483e-03	1.453119e-03	7.403025e+00	4.858524e-01	1.269588e+01
1.455000	-7.577508e+00	-5.233440e-01	-1.302173e+01	4.247520e-03	1.784050e-02	4.219882e-03	-1.569995e-02	3.363966e-03	1.439699e-03	7.588961e+00	5.021396e-01	1.301607e+01
1.456000	-7.762330e+00	-5.396401e-01	-1.333992e+01	4.231581e-03	1.775092e-02	4.205854e-03	-1.563474e-02	3.345553e-03	1.426418e-03	7.773733e+00	5.185437e-01	1.333429e+01
1.457000	-7.945693e+00	-5.560299e-01	-1.365566e+01	4.215696e-03	1.766180e-02	4.191816e-03	-1.556982e-02	3.327247e-03	1.413275e-03	7.957047e+00	5.350409e-01	1.365005e+01
1.458000	-8.127249e+00	-5.724907e-01	-1.396833e+01	4.199862e-03	1.757313e-02	4.177766e-03	-1.550519e-02	3.309047e-03	1.400270e-03	8.138554e+00	5.516084e-01	1.396275e+01
1.459000	-8.306638e+00	-5.889910e-01	-1.427732e+01	4.184081e-03	1.748493e-02	4.163708e-03	-1.544085e-02	3.290951e-03	1.387403e-03	8.317894e+00	5.682151e-01	1.427177e+01
1.460000	-8.483509e+00	-6.055065e-01	-1.458203e+01	4.168345e-03	1.739719e-02	4.149637e-03	-1.537677e-02	3.272959e-03	1.374673e-03	8.494718e+00	5.848363e-01	1.457650e+01
1.461000	-8.657516e+00	-6.220107e-01	-1.488186e+01	4.152664e-03	1.730990e-02	4.135559e-03	-1.531298e-02	3.255070e-03	1.362078e-03	8.668675e+00	6.014457e-01	1.487636e+01
1.462000	-8.828311e+00	-6.384746e-01	-1.517620e+01	4.137031e-03	1.722307e-02	4.121469e-03	-1.524946e-02	3.237283e-03	1.349617e-03	8.839423e+00	6.180143e-01	1.517073e+01
1.463000	-8.995476e+00	-6.548631e-01	-1.546435e+01	4.121446e-03	1.713669e-02	4.107369e-03	-1.518621e-02	3.219599e-03	1.337292e-03	9.006540e+00	6.345068e-01	1.545891e+01
1.464000	-9.158682e+00	-6.711444e-01	-1.574574e+01	4.105908e-03	1.705075e-02	4.093261e-03	-1.512325e-02	3.202021e-03	1.325103e-03	9.169700e+00	6.508917e-01	1.574032e+01
1.465000	-9.317570e+00	-6.872882e-01	-1.601974e+01	4.090425e-03	1.696526e-02	4.079141e-03	-1.506056e-02	3.184540e-03	1.313046e-03	9.328540e+00	6.671385e-01	1.601435e+01
1.466000	-9.471727e+00	-7.032573e-01	-1.628566e+01	4.074986e-03	1.688021e-02	4.065013e-03	-1.499813e-02	3.167160e-03	1.301120e-03	9.482651e+00	6.832100e-01	1.628029e+01
1.467000	-9.620806e+00	-7.190203e-01	-1.654288e+01	4.059596e-03	1.679561e-02	4.050874e-03	-1.493598e-02	3.149882e-03	1.289329e-03	9.631682e+00	6.990748e-01	1.653754e+01
1.468000	-9.764461e+00	-7.345413e-01	-1.679081e+01	4.044255e-03	1.671143e-02	4.036727e-03	-1.487410e-02	3.132702e-03	1.277667e-03	9.775290e+00	7.146971e-01	1.678549e+01
1.469000	-9.902277e+00	-7.497824e-01	-1.702874e+01	4.028958e-03	1.662771e-02	4.022573e-03	-1.481248e-02	3.115624e-03	1.266136e-03	9.913060e+00	7.300391e-01	1.702345e+01
1.470000	-1.003396e+01	-7.647146e-01	-1.725617e+01	4.013706e-03	1.654440e-02	4.008408e-03	-1.475113e-02	3.098646e-03	1.254735e-03	1.004470e+01	7.450715e-01	1.725090e+01
1.471000	-1.015916e+01	-7.793000e-01	-1.747246e+01	3.998505e-03	1.646153e-02	3.994236e-03	-1.469003e-02	3.081759e-03	1.243460e-03	1.016985e+01	7.597567e-01	1.746722e+01
1.472000	-1.027752e+01	-7.935001e-01	-1.767704e+01	3.983348e-03	1.637910e-02	3.980056e-03	-1.462920e-02	3.064973e-03	1.232314e-03	1.028816e+01	7.740560e-01	1.767183e+01
1.473000	-1.038872e+01	-8.072808e-01	-1.786934e+01	3.968238e-03	1.629708e-02	3.965868e-03	-1.456864e-02	3.048285e-03	1.221295e-03	1.039932e+01	7.879354e-01	1.786416e+01
1.474000	-1.049249e+01	-8.206108e-01	-1.804888e+01	3.953173e-03	1.621548e-02	3.951672e-03	-1.450833e-02	3.031694e-03	1.210403e-03	1.050304e+01	8.013636e-01	1.804372e+01
1.475000	-1.058849e+01	-8.334505e-01	-1.821510e+01	3.938154e-03	1.613432e-02	3.937472e-03	-1.444827e-02	3.015194e-03	1.199633e-03	1.059900e+01	8.143010e-01	1.820996e+01
1.476000	-1.067650e+01	-8.457678e-01	-1.836758e+01	3.923180e-03	1.605357e-02	3.923265e-03	-1.438848e-02	2.998794e-03	1.188989e-03	1.068696e+01	8.267155e-01	1.836247e+01
1.477000	-1.075626e+01	-8.575361e-01	-1.850591e+01	3.908251e-03	1.597325e-02	3.909054e-03	-1.432894e-02	2.982488e-03	1.178469e-03	1.076668e+01	8.385803e-01	1.850083e+01
1.478000	-1.082755e+01	-8.687255e-01	-1.862969e+01	3.893367e-03	1.589334e-02	3.894838e-03	-1.426966e-02	2.966274e-03	1.168069e-03	1.083793e+01	8.498659e-01	1.862463e+01
1.479000	-1.089011e+01	-8.792967e-01	-1.873848e+01	3.878529e-03	1.581385e-02	3.880617e-03	-1.421063e-02	2.950153e-03	1.157789e-03	1.090045e+01	8.605327e-01	1.873344e+01
1.480000	-1.094383e+01	-8.892257e-01	-1.883206e+01	3.863732e-03	1.573476e-02	3.866393e-03	-1.415185e-02	2.934130e-03	1.147631e-03	1.095412e+01	8.705568e-01	1.882705e+01
1.481000	-1.098851e+01	-8.984874e-01	-1.891011e+01	3.848986e-03	1.565609e-02	3.852164e-03	-1.409332e-02	2.918195e-03	1.137589e-03	1.099876e+01	8.799132e-01	1.890512e+01
1.482000	-1.102403e+01	-9.070516e-01	-1.897241e+01	3.834282e-03	1.557782e-02	3.837935e-03	-1.403504e-02	2.902355e-03	1.127666e-03	1.103423e+01	8.885714e-01	1.896745e+01
1.483000	-1.105027e+01	-9.148990e-01	-1.901876e+01	3.819625e-03	1.549997e-02	3.823705e-03	-1.397702e-02	2.886606e-03	1.117860e-03	1.106042e+01	8.965124e-01	1.901382e+01
1.484000	-1.106716e+01	-9.220027e-01	-1.904903e+01	3.805012e-03	1.542252e-02	3.809474e-03	-1.391925e-02	2.870951e-03	1.108170e-03	1.107727e+01	9.037093e-01	1.904412e+01
1.485000	-1.107464e+01	-9.283479e-01	-1.906312e+01	3.790444e-03	1.534547e-02	3.795244e-03	-1.386171e-02	2.855381e-03	1.098591e-03	1.108471e+01	9.101471e-01	1.905822e+01
1.486000	-1.107271e+01	-9.339159e-01	-1.906100e+01	3.775919e-03	1.526883e-02	3.781015e-03	-1.380443e-02	2.839904e-03	1.089126e-03	1.108273e+01	9.158071e-01	1.905613e+01
1.487000	-1.106139e+01	-9.386960e-01	-1.904273e+01	3.761440e-03	1.519258e-02	3.766788e-03	-1.374738e-02	2.824517e-03	1.079773e-03	1.107137e+01	9.206789e-01	1.903789e+01
1.488000	-1.104064e+01	-9.426671e-01	-1.900824e+01	3.747008e-03	1.511673e-02	3.752563e-03	-1.369059e-02	2.809216e-03	1.070529e-03	1.105058e+01	9.247412e-01	1.900342e+01
1.489000	-1.101058e+01	-9.458234e-01	-1.895772e+01	3.732617e-03	1.504129e-02	3.738343e-03	-1.363403e-02	2.794008e-03	1.061396e-03	1.102048e+01	9.279881e-01	1.895292e+01
1.490000	-1.097133e+01	-9.481620e-01	-1.889136e+01	3.718274e-03	1.496622e-02	3.724127e-03	-1.357771e-02	2.778882e-03	1.052368e-03	1.098119e+01	9.304169e-01	1.888658e+01
1.491000	-1.092294e+01	-9.496738e-01	-1.880928e+01	3.703974e-03	1.489156e-02	3.709917e-03	-1.352164e-02	2.763848e-03	1.043448e-03	1.093276e+01	9.320184e-01	1.880452e+01
1.492000	-1.086557e+01	-9.503562e-01	-1.871171e+01	3.689722e-03	1.481729e-02	3.695715e-03	-1.346580e-02	2.748896e-03	1.034631e-03	1.087535e+01	9.327900e-01	1.870698e+01
1.493000	-1.079941e+01	-9.502089e-01	-1.859899e+01	3.675516e-03	1.474341e-02	3.681522e-03	-1.341021e-02	2.734034e-03	1.025919e-03	1.080914e+01	9.327314e-01	1.859429e+01
1.494000	-1.072462e+01	-9.492358e-01	-1.847142e+01	3.661353e-03	1.466992e-02	3.667336e-03	-1.335485e-02	2.719257e-03	1.017309e-03	1.073431e+01	9.318466e-01	1.846674e+01
1.495000	-1.064146e+01	-9.474439e-01	-1.832940e+01	3.647238e-03	1.459682e-02	3.653161e-03	-1.329973e-02	2.704563e-03	1.008798e-03	1.065111e+01	9.301425e-01	1.832474e+01
1.496000	-1.055014e+01	-9.448399e-01	-1.817333e+01	3.633168e-03	1.452410e-02	3.638998e-03	-1.324485e-02	2.689957e-03	1.000389e-03	1.055975e+01	9.276258e-01	1.816869e+01
1.497000	-1.045089e+01	-9.414308e-01	-1.800358e+01	3.619144e-03	1.445176e-02	3.624845e-03	-1.319020e-02	2.675430e-03	9.920739e-04	1.046046e+01	9.243037e-01	1.799896e+01
1.498000	-1.034407e+01	-9.372336e-01	-1.782076e+01	3.605168e-03	1.437981e-02	3.610706e-03	-1.313579e-02	2.660991e-03	9.838586e-04	1.035360e+01	9.201928e-01	1.781616e+01
1.499000	-1.022986e+01	-9.322554e-01	-1.762519e+01	3.591242e-03	1.430825e-02	3.596585e-03	-1.308162e-02	2.646634e-03	9.757376e-04	1.023935e+01	9.153005e-01	1.762062e+01
1.500000	-1.010865e+01	-9.265203e-01	-1.741755e+01	3.577358e-03	1.423705e-02	3.582476e-03	-1.302767e-02	2.632360e-03	9.677103e-04	1.011810e+01	9.096509e-01	1.741300e+01
1.501000	-9.980735e+00	-9.200410e-01	-1.719832e+01	3.563522e-03	1.416624e-02	3.568385e-03	-1.297396e-02	2.618168e-03	9.597753e-04	9.990145e+00	9.032566e-01	1.719379e+01
1.502000	-9.846473e+00	-9.128407e-01	-1.696813e+01	3.549736e-03	1.409581e-02	3.554312e-03	-1.292048e-02	2.604056e-03	9.519308e-04	9.855844e+00	8.961408e-01	1.696362e+01
1.503000	-9.706203e+00	-9.049432e-01	-1.672756e+01	3.535995e-03	1.402574e-02	3.540258e-03	-1.286723e-02	2.590027e-03	9.441751e-04	9.715534e+00	8.883274e-01	1.672308e+01
1.504000	-9.560252e+00	-8.963651e-01	-1.647718e+01	3.522302e-03	1.395606e-02	3.526224e-03	-1.281421e-02	2.576075e-03	9.365072e-04	9.569545e+00	8.798329e-01	1.647271e+01
1.505000	-9.409017e+00	-8.871393e-01	-1.621765e+01	3.508660e-03	1.388674e-02	3.512210e-03	-1.276142e-02	2.562203e-03	9.289247e-04	9.418270e+00	8.706903e-01	1.621321e+01
1.506000	-9.252854e+00	-8.772871e-01	-1.594960e+01	3.495062e-03	1.381780e-02	3.498221e-03	-1.270886e-02	2.548414e-03	9.214288e-04	9.262069e+00	8.609209e-01	1.594518e+01
1.507000	-9.092110e+00	-8.668361e-01	-1.567362e+01	3.481515e-03	1.374922e-02	3.484254e-03	-1.265653e-02	2.534702e-03	9.140156e-04	9.101286e+00	8.505521e-01	1.566923e+01
1.508000	-8.927185e+00	-8.558154e-01	-1.539040e+01	3.468018e-03	1.368102e-02	3.470314e-03	-1.260442e-02	2.521066e-03	9.066840e-04	8.936321e+00	8.396133e-01	1.538603e+01
1.509000	-8.758442e+00	-8.442538e-01	-1.510056e+01	3.454567e-03	1.361317e-02	3.456397e-03	-1.255254e-02	2.507510e-03	8.994335e-04	8.767540e+00	8.281331e-01	1.509621e+01
1.510000	-8.586263e+00	-8.321826e-01	-1.480476e+01	3.441165e-03	1.354570e-02	3.442508e-03	-1.250088e-02	2.494032e-03	8.922626e-04	8.595323e+00	8.161428e-01	1.480043e+01
1.511000	-8.411001e+00	-8.196293e-01	-1.450361e+01	3.427816e-03	1.347859e-02	3.428648e-03	-1.244946e-02	2.480629e-03	8.851688e-04	8.420023e+00	8.036700e-01	1.449930e+01
1.512000	-8.233006e+00	-8.066253e-01	-1.419771e+01	3.414513e-03	1.341183e-02	3.414816e-03	-1.239824e-02	2.467301e-03	8.781511e-04	8.241989e+00	7.907462e-01	1.419342e+01
1.513000	-8.052650e+00	-7.932020e-01	-1.388770e+01	3.401263e-03	1.334545e-02	3.401015e-03	-1.234726e-02	2.454051e-03	8.712090e-04	8.061596e+00	7.774026e-01	1.388342e+01
1.514000	-7.870299e+00	-7.793920e-01	-1.357420e+01	3.388064e-03	1.327941e-02	3.387243e-03	-1.229651e-02	2.440875e-03	8.643406e-04	7.879207e+00	7.636718e-01	1.356995e+01
1.515000	-7.686275e+00	-7.652268e-01	-1.325778e+01	3.374912e-03	1.321373e-02	3.373505e-03	-1.224596e-02	2.427774e-03	8.575435e-04	7.695146e+00	7.495853e-01	1.325355e+01
1.516000	-7.500893e+00	-7.507319e-01	-1.293898e+01	3.361810e-03	1.314841e-02	3.359800e-03	-1.219565e-02	2.414750e-03	8.508188e-04	7.509727e+00	7.351688e-01	1.293477e+01
1.517000	-7.314537e+00	-7.359446e-01	-1.261846e+01	3.348763e-03	1.308345e-02	3.346129e-03	-1.214555e-02	2.401796e-03	8.441627e-04	7.323334e+00	7.204593e-01	1.261427e+01
1.518000	-7.127454e+00	-7.208921e-01	-1.229664e+01	3.335767e-03	1.301884e-02	3.332494e-03	-1.209569e-02	2.388920e-03	8.375762e-04	7.136214e+00	7.054843e-01	1.229247e+01
1.519000	-6.939980e+00	-7.056043e-01	-1.197411e+01	3.322820e-03	1.295458e-02	3.318894e-03	-1.204604e-02	2.376115e-03	8.310559e-04	6.948703e+00	6.902736e-01	1.196996e+01
1.520000	-6.752393e+00	-6.901083e-01	-1.165134e+01	3.309927e-03	1.289067e-02	3.305331e-03	-1.199660e-02	2.363381e-03	8.246009e-04	6.761079e+00	6.748542e-01	1.164721e+01
1.521000	-6.564982e+00	-6.744357e-01	-1.132883e+01	3.297083e-03	1.282711e-02	3.291807e-03	-1.194739e-02	2.350721e-03	8.182114e-04	6.573633e+00	6.592579e-01	1.132472e+01
1.522000	-6.378005e+00	-6.586123e-01	-1.100702e+01	3.284293e-03	1.276389e-02	3.278321e-03	-1.189839e-02	2.338130e-03	8.118837e-04	6.386619e+00	6.435103e-01	1.100293e+01
1.523000	-6.191717e+00	-6.426659e-01	-1.068637e+01	3.271556e-03	1.270102e-02	3.264874e-03	-1.184961e-02	2.325609e-03	8.056180e-04	6.200294e+00	6.276393e-01	1.068230e+01
1.524000	-6.006353e+00	-6.266228e-01	-1.036726e+01	3.258868e-03	1.263850e-02	3.251470e-03	-1.180104e-02	2.313162e-03	7.994148e-04	6.014895e+00	6.116711e-01	1.036321e+01
1.525000	-5.822157e+00	-6.105102e-01	-1.005013e+01	3.246232e-03	1.257631e-02	3.238105e-03	-1.175269e-02	2.300785e-03	7.932707e-04	5.830663e+00	5.956331e-01	1.004610e+01
1.526000	-5.639292e+00	-5.943452e-01	-9.735258e+00	3.233650e-03	1.251447e-02	3.224784e-03	-1.170455e-02	2.288475e-03	7.871843e-04	5.647762e+00	5.795422e-01	9.731246e+00
1.527000	-5.458004e+00	-5.781566e-01	-9.423066e+00	3.221122e-03	1.245297e-02	3.211505e-03	-1.165663e-02	2.276236e-03	7.811562e-04	5.466439e+00	5.634274e-01	9.419074e+00
1.528000	-5.278459e+00	-5.619664e-01	-9.113840e+00	3.208645e-03	1.239180e-02	3.198269e-03	-1.160892e-02	2.264064e-03	7.751837e-04	5.286859e+00	5.473105e-01	9.109867e+00
1.529000	-5.100836e+00	-5.457957e-01	-8.807893e+00	3.196220e-03	1.233097e-02	3.185079e-03	-1.156143e-02	2.251962e-03	7.692671e-04	5.109201e+00	5.312127e-01	8.803938e+00
1.530000	-4.925283e+00	-5.296640e-01	-8.505479e+00	3.183849e-03	1.227048e-02	3.171933e-03	-1.151415e-02	2.239927e-03	7.634040e-04	4.933614e+00	5.151536e-01	8.501544e+00
1.531000	-4.751963e+00	-5.135924e-01	-8.206877e+00	3.171529e-03	1.221031e-02	3.158832e-03	-1.146707e-02	2.227962e-03	7.575950e-04	4.760258e+00	4.991542e-01	8.202961e+00
1.532000	-4.581003e+00	-4.975978e-01	-7.912311e+00	3.159262e-03	1.215048e-02	3.145777e-03	-1.142020e-02	2.216061e-03	7.518370e-04	4.589263e+00	4.832313e-01	7.908413e+00
1.533000	-4.412524e+00	-4.816977e-01	-7.621991e+00	3.147050e-03	1.209097e-02	3.132770e-03	-1.137355e-02	2.204227e-03	7.461303e-04	4.420750e+00	4.674025e-01	7.618112e+00
1.534000	-4.246626e+00	-4.659083e-01	-7.336090e+00	3.134890e-03	1.203180e-02	3.119811e-03	-1.132711e-02	2.192460e-03	7.404748e-04	4.254818e+00	4.516840e-01	7.332230e+00
1.535000	-4.083414e+00	-4.502444e-01	-7.054790e+00	3.122783e-03	1.197295e-02	3.106900e-03	-1.128087e-02	2.180759e-03	7.348677e-04	4.091572e+00	4.360906e-01	7.050948e+00
1.536000	-3.922974e+00	-4.347192e-01	-6.778239e+00	3.110731e-03	1.191443e-02	3.094038e-03	-1.123485e-02	2.169120e-03	7.293078e-04	3.931098e+00	4.206357e-01	6.774415e+00
1.537000	-3.765389e+00	-4.193478e-01	-6.506583e+00	3.098732e-03	1.185623e-02	3.081224e-03	-1.118903e-02	2.157549e-03	7.237967e-04	3.773479e+00	4.053340e-01	6.502778e+00
1.538000	-3.610727e+00	-4.041414e-01	-6.239939e+00	3.086787e-03	1.179835e-02	3.068460e-03	-1.114342e-02	2.146042e-03	7.183314e-04	3.618783e+00	3.901970e-01	6.236152e+00
1.539000	-3.459048e+00	-3.891110e-01	-5.978413e+00	3.074894e-03	1.174080e-02	3.055747e-03	-1.109801e-02	2.134600e-03	7.129122e-04	3.467071e+00	3.752356e-01	5.974644e+00
1.540000	-3.310377e+00	-3.742652e-01	-5.722050e+00	3.063056e-03	1.168356e-02	3.043083e-03	-1.105281e-02	2.123222e-03	7.075373e-04	3.318367e+00	3.604584e-01	5.718300e+00
1.541000	-3.164783e+00	-3.596166e-01	-5.470967e+00	3.051269e-03	1.162663e-02	3.030471e-03	-1.100781e-02	2.111907e-03	7.022068e-04	3.172739e+00	3.458781e-01	5.467235e+00
1.542000	-3.022281e+00	-3.451707e-01	-5.225194e+00	3.039536e-03	1.157002e-02	3.017908e-03	-1.096301e-02	2.100654e-03	6.969194e-04	3.030204e+00	3.315001e-01	5.221478e+00
1.543000	-2.882892e+00	-3.309352e-01	-4.984767e+00	3.027855e-03	1.151373e-02	3.005398e-03	-1.091842e-02	2.089465e-03	6.916743e-04	2.890783e+00	3.173320e-01	4.981070e+00
1.544000	-2.746653e+00	-3.169191e-01	-4.749750e+00	3.016229e-03	1.145774e-02	2.992940e-03	-1.087402e-02	2.078338e-03	6.864708e-04	2.754511e+00	3.033831e-01	4.746071e+00
1.545000	-2.613538e+00	-3.031250e-01	-4.520102e+00	3.004655e-03	1.140207e-02	2.980534e-03	-1.082984e-02	2.067273e-03	6.813086e-04	2.621363e+00	2.896556e-01	4.516440e+00
1.546000	-2.483582e+00	-2.895618e-01	-4.295883e+00	2.993138e-03	1.134671e-02	2.968182e-03	-1.078585e-02	2.056265e-03	6.761848e-04	2.491375e+00	2.761588e-01	4.292238e+00
1.547000	-2.356765e+00	-2.762323e-01	-4.077059e+00	2.981667e-03	1.129165e-02	2.955881e-03	-1.074205e-02	2.045323e-03	6.711017e-04	2.364526e+00	2.628953e-01	4.073431e+00
1.548000	-2.233089e+00	-2.631416e-01	-3.863633e+00	2.970255e-03	1.123690e-02	2.943635e-03	-1.069846e-02	2.034439e-03	6.660574e-04	2.240817e+00	2.498703e-01	3.860023e+00
1.549000	-2.112532e+00	-2.502919e-01	-3.655571e+00	2.958891e-03	1.118244e-02	2.931440e-03	-1.065506e-02	2.023616e-03	6.610511e-04	2.120228e+00	2.370858e-01	3.651978e+00
1.550000	-1.995072e+00	-2.376856e-01	-3.452835e+00	2.947582e-03	1.112830e-02	2.919300e-03	-1.061186e-02	2.012852e-03	6.560818e-04	2.002736e+00	2.245444e-01	3.449259e+00
1.551000	-1.880704e+00	-2.253269e-01	-3.255417e+00	2.936325e-03	1.107445e-02	2.907213e-03	-1.056886e-02	2.002151e-03	6.511508e-04	1.888336e+00	2.122503e-01	3.251859e+00
1.552000	-1.769376e+00	-2.132146e-01	-3.063229e+00	2.925122e-03	1.102090e-02	2.895181e-03	-1.052605e-02	1.991504e-03	6.462540e-04	1.776977e+00	2.002022e-01	3.059688e+00
1.553000	-1.661074e+00	-2.013517e-01	-2.876247e+00	2.913968e-03	1.096765e-02	2.883202e-03	-1.048343e-02	1.980920e-03	6.413941e-04	1.668643e+00	1.884032e-01	2.872723e+00
1.554000	-1.555755e+00	-1.897377e-01	-2.694399e+00	2.902868e-03	1.091469e-02	2.871276e-03	-1.044101e-02	1.970393e-03	6.365692e-04	1.563293e+00	1.768526e-01	2.690892e+00
1.555000	-1.453393e+00	-1.783738e-01	-2.517640e+00	2.891823e-03	1.086203e-02	2.859407e-03	-1.039879e-02	1.959922e-03	6.317772e-04	1.460900e+00	1.655519e-01	2.514148e+00
1.556000	-1.353936e+00	-1.672587e-01	-2.345881e+00	2.880826e-03	1.080965e-02	2.847590e-03	-1.035675e-02	1.949510e-03	6.270205e-04	1.361412e+00	1.544995e-01	2.342406e+00
1.557000	-1.257348e+00	-1.563922e-01	-2.179059e+00	2.869881e-03	1.075757e-02	2.835828e-03	-1.031491e-02	1.939158e-03	6.222977e-04	1.264793e+00	1.436955e-01	2.175601e+00
1.558000	-1.163585e+00	-1.457738e-01	-2.017102e+00	2.858992e-03	1.070579e-02	2.824123e-03	-1.027326e-02	1.928860e-03	6.176068e-04	1.170999e+00	1.331391e-01	2.013661e+00
1.559000	-1.072600e+00	-1.354015e-01	-1.859929e+00	2.848150e-03	1.065428e-02	2.812470e-03	-1.023179e-02	1.918621e-03	6.129491e-04	1.079984e+00	1.228286e-01	1.856504e+00
1.560000	-9.843380e-01	-1.252730e-01	-1.707444e+00	2.837363e-03	1.060306e-02	2.800873e-03	-1.019052e-02	1.908438e-03	6.083236e-04	9.916912e-01	1.127615e-01	1.704035e+00
1.561000	-8.987619e-01	-1.153878e-01	-1.559586e+00	2.826627e-03	1.055213e-02	2.789330e-03	-1.014944e-02	1.898310e-03	6.037289e-04	9.060847e-01	1.029373e-01	1.556193e+00
1.562000	-8.158079e-01	-1.057421e-01	-1.416244e+00	2.815941e-03	1.050147e-02	2.777842e-03	-1.010854e-02	1.888238e-03	5.991656e-04	8.231005e-01	9.335238e-02	1.412867e+00
1.563000	-7.354397e-01	-9.633564e-02	-1.277357e+00	2.805306e-03	1.045110e-02	2.766408e-03	-1.006784e-02	1.878223e-03	5.946332e-04	7.427022e-01	8.400632e-02	1.273996e+00
1.564000	-6.576001e-01	-8.716521e-02	-1.142826e+00	2.794723e-03	1.040100e-02	2.755029e-03	-1.002731e-02	1.868263e-03	5.901312e-04	6.648327e-01	7.489595e-02	1.139481e+00
1.565000	-5.822248e-01	-7.822650e-02	-1.012541e+00	2.784188e-03	1.035118e-02	2.743704e-03	-9.986971e-03	1.858356e-03	5.856581e-04	5.894276e-01	6.601696e-02	1.009212e+00
1.566000	-5.092753e-01	-6.951836e-02	-8.864363e-01	2.773705e-03	1.030164e-02	2.732432e-03	-9.946815e-03	1.848503e-03	5.812143e-04	5.164484e-01	5.736822e-02	8.831226e-01
1.567000	-4.386900e-01	-6.103678e-02	-7.644064e-01	2.763273e-03	1.025237e-02	2.721217e-03	-9.906844e-03	1.838706e-03	5.767997e-04	4.458336e-01	4.894570e-02	7.611084e-01
1.568000	-3.704183e-01	-5.277893e-02	-6.463640e-01	2.752889e-03	1.020338e-02	2.710057e-03	-9.867055e-03	1.828963e-03	5.724141e-04	3.775324e-01	4.074659e-02	6.430815e-01
1.569000	-3.044049e-01	-4.474112e-02	-5.322143e-01	2.742558e-03	1.015465e-02	2.698951e-03	-9.827449e-03	1.819271e-03	5.680558e-04	3.114897e-01	3.276720e-02	5.289474e-01
1.570000	-2.405973e-01	-3.692013e-02	-4.218675e-01	2.732274e-03	1.010620e-02	2.687899e-03	-9.788020e-03	1.809633e-03	5.637258e-04	2.476531e-01	2.500430e-02	4.186158e-01
1.571000	-1.789394e-01	-2.931206e-02	-3.152269e-01	2.722041e-03	1.005802e-02	2.676901e-03	-9.748776e-03	1.800048e-03	5.594229e-04	1.859662e-01	1.745399e-02	3.119906e-01
1.572000	-1.193835e-01	-2.191392e-02	-2.122107e-01	2.711855e-03	1.001009e-02	2.665957e-03	-9.709707e-03	1.790516e-03	5.551477e-04	1.263814e-01	1.011331e-02	2.089896e-01
1.573000	-6.186767e-02	-1.472090e-02	-1.127125e-01	2.701719e-03	9.962439e-03	2.655067e-03	-9.670816e-03	1.781035e-03	5.508990e-04	6.883676e-02	2.977428e-03	1.095065e-01
1.574000	-6.345631e-03	-7.730043e-03	-1.665279e-02	2.691631e-03	9.915043e-03	2.644231e-03	-9.632102e-03	1.771607e-03	5.466767e-04	1.328610e-02	-3.956608e-03	1.346188e-02
1.575000	4.723831e-02	-9.370558e-04	7.606408e-02	2.681592e-03	9.867914e-03	2.633449e-03	-9.593571e-03	1.762232e-03	5.424810e-04	-4.032633e-02	-1.069309e-02	-7.924001e-02
1.576000	9.892979e-02	5.661177e-03	1.655166e-01	2.671600e-03	9.821040e-03	2.622719e-03	-9.555208e-03	1.752907e-03	5.383110e-04	-9.204618e-02	-1.723512e-02	-1.686776e-01
1.577000	1.487851e-01	1.206922e-02	2.518016e-01	2.661658e-03	9.774425e-03	2.612044e-03	-9.517025e-03	1.743632e-03	5.341664e-04	-1.419298e-01	-2.358727e-02	-2.549478e-01
1.578000	1.968511e-01	1.829052e-02	3.349995e-01	2.651762e-03	9.728067e-03	2.601421e-03	-9.479012e-03	1.734409e-03	5.300475e-04	-1.900239e-01	-2.975299e-02	-3.381310e-01
1.579000	2.431808e-01	2.432935e-02	4.152016e-01	2.641916e-03	9.681967e-03	2.590854e-03	-9.441175e-03	1.725234e-03	5.259527e-04	-2.363816e-01	-3.573655e-02	-4.183184e-01
1.580000	2.878187e-01	3.018914e-02	4.924843e-01	2.632117e-03	9.636117e-03	2.580337e-03	-9.403513e-03	1.716111e-03	5.218832e-04	-2.810473e-01	-4.154137e-02	-4.955865e-01
1.581000	3.308151e-01	3.587411e-02	5.669344e-01	2.622364e-03	9.590521e-03	2.569875e-03	-9.366019e-03	1.707038e-03	5.178379e-04	-3.240714e-01	-4.717167e-02	-5.700221e-01
1.582000	3.722140e-01	4.138768e-02	6.386272e-01	2.612657e-03	9.545177e-03	2.559464e-03	-9.328695e-03	1.698013e-03	5.138166e-04	-3.654979e-01	-5.263087e-02	-6.417005e-01
1.583000	4.120629e-01	4.673386e-02	7.076448e-01	2.602999e-03	9.500083e-03	2.549106e-03	-9.291545e-03	1.689039e-03	5.098197e-04	-4.053744e-01	-5.792298e-02	-7.107037e-01
1.584000	4.504072e-01	5.191659e-02	7.740651e-01	2.593388e-03	9.455234e-03	2.538801e-03	-9.254565e-03	1.680114e-03	5.058470e-04	-4.437460e-01	-6.305194e-02	-7.771097e-01
1.585000	4.872923e-01	5.693971e-02	8.379663e-01	2.583822e-03	9.410627e-03	2.528547e-03	-9.217754e-03	1.671238e-03	5.018974e-04	-4.806584e-01	-6.802158e-02	-8.409967e-01
1.586000	5.227568e-01	6.180634e-02	8.994146e-01	2.574304e-03	9.366271e-03	2.518345e-03	-9.181116e-03	1.662411e-03	4.979717e-04	-5.161499e-01	-7.283503e-02	-9.024309e-01
1.587000	5.568493e-01	6.652103e-02	9.584943e-01	2.564830e-03	9.322157e-03	2.508195e-03	-9.144638e-03	1.653631e-03	4.940676e-04	-5.502695e-01	-7.749682e-02	-9.614966e-01
1.588000	5.896096e-01	7.108708e-02	1.015273e+00	2.555403e-03	9.278285e-03	2.498097e-03	-9.108330e-03	1.644899e-03	4.901874e-04	-5.830567e-01	-8.201026e-02	-1.018262e+00
1.589000	6.210792e-01	7.550848e-02	1.069824e+00	2.546019e-03	9.234656e-03	2.488050e-03	-9.072183e-03	1.636214e-03	4.863294e-04	-6.145530e-01	-8.637935e-02	-1.072798e+00
1.590000	6.512946e-01	7.978816e-02	1.122208e+00	2.536681e-03	9.191259e-03	2.478053e-03	-9.036204e-03	1.627578e-03	4.824948e-04	-6.447951e-01	-9.060699e-02	-1.125168e+00
1.591000	6.802920e-01	8.392929e-02	1.172488e+00	2.527388e-03	9.148104e-03	2.468108e-03	-9.000387e-03	1.618987e-03	4.786809e-04	-6.738189e-01	-9.469638e-02	-1.175435e+00
1.592000	7.081149e-01	8.793627e-02	1.220739e+00	2.518142e-03	9.105183e-03	2.458214e-03	-8.964736e-03	1.610443e-03	4.748891e-04	-7.016683e-01	-9.865190e-02	-1.223672e+00
1.593000	7.347980e-01	9.181224e-02	1.267022e+00	2.508937e-03	9.062498e-03	2.448369e-03	-8.929247e-03	1.601947e-03	4.711204e-04	-7.283776e-01	-1.024767e-01	-1.269941e+00
1.594000	7.603782e-01	9.556054e-02	1.311399e+00	2.499777e-03	9.020047e-03	2.438575e-03	-8.893915e-03	1.593497e-03	4.673724e-04	-7.539841e-01	-1.061741e-01	-1.314305e+00
1.595000	7.848876e-01	9.918407e-02	1.353925e+00	2.490661e-03	8.977824e-03	2.428831e-03	-8.858750e-03	1.585094e-03	4.636467e-04	-7.785195e-01	-1.097470e-01	-1.356817e+00
1.596000	8.083623e-01	1.026865e-01	1.394664e+00	2.481589e-03	8.935834e-03	2.419136e-03	-8.823741e-03	1.576734e-03	4.599410e-04	-8.020201e-01	-1.131991e-01	-1.397543e+00
1.597000	8.308347e-01	1.060709e-01	1.433670e+00	2.472561e-03	8.894073e-03	2.409492e-03	-8.788890e-03	1.568419e-03	4.562562e-04	-8.245183e-01	-1.165334e-01	-1.436536e+00
1.598000	8.523386e-01	1.093404e-01	1.471003e+00	2.463575e-03	8.852538e-03	2.399895e-03	-8.754200e-03	1.560153e-03	4.525941e-04	-8.460479e-01	-1.197530e-01	-1.473855e+00
1.599000	8.729016e-01	1.124974e-01	1.506709e+00	2.454631e-03	8.811229e-03	2.390349e-03	-8.719665e-03	1.551928e-03	4.489513e-04	-8.666365e-01	-1.228606e-01	-1.509549e+00
1.600000	8.925589e-01	1.155459e-01	1.540850e+00	2.445731e-03	8.770145e-03	2.380851e-03	-8.685291e-03	1.543751e-03	4.453304e-04	-8.863193e-01	-1.258598e-01	-1.543676e+00
1.601000	9.113392e-01	1.184885e-01	1.573475e+00	2.436874e-03	8.729281e-03	2.371401e-03	-8.651068e-03	1.535616e-03	4.417289e-04	-9.051250e-01	-1.287534e-01	-1.576288e+00
1.602000	9.292671e-01	1.213276e-01	1.604626e+00	2.428058e-03	8.688641e-03	2.361999e-03	-8.617003e-03	1.527526e-03	4.381484e-04	-9.230782e-01	-1.315438e-01	-1.607426e+00
1.603000	9.463748e-01	1.240664e-01	1.634358e+00	2.419283e-03	8.648222e-03	2.352646e-03	-8.583093e-03	1.519482e-03	4.345880e-04	-9.402109e-01	-1.342341e-01	-1.637145e+00
1.604000	9.626884e-01	1.267077e-01	1.662718e+00	2.410551e-03	8.608021e-03	2.343340e-03	-8.549335e-03	1.511480e-03	4.310481e-04	-9.565496e-01	-1.368272e-01	-1.665492e+00
1.605000	9.782338e-01	1.292540e-01	1.689748e+00	2.401862e-03	8.568037e-03	2.334082e-03	-8.515729e-03	1.503519e-03	4.275261e-04	-9.721199e-01	-1.393256e-01	-1.692510e+00
1.606000	9.930369e-01	1.317079e-01	1.715495e+00	2.393212e-03	8.528270e-03	2.324870e-03	-8.482276e-03	1.495603e-03	4.240252e-04	-9.869478e-01	-1.417318e-01	-1.718244e+00
1.607000	1.007123e+00	1.340723e-01	1.740003e+00	2.384604e-03	8.488721e-03	2.315708e-03	-8.448977e-03	1.487731e-03	4.205438e-04	-1.001059e+00	-1.440488e-01	-1.742739e+00
1.608000	1.020516e+00	1.363495e-01	1.763310e+00	2.376036e-03	8.449387e-03	2.306591e-03	-8.415826e-03	1.479900e-03	4.170816e-04	-1.014476e+00	-1.462788e-01	-1.766034e+00
1.609000	1.033239e+00	1.385420e-01	1.785460e+00	2.367509e-03	8.410260e-03	2.297520e-03	-8.382826e-03	1.472113e-03	4.136392e-04	-1.027224e+00	-1.484244e-01	-1.788171e+00
1.610000	1.045314e+00	1.406519e-01	1.806487e+00	2.359022e-03	8.371349e-03	2.288496e-03	-8.349974e-03	1.464367e-03	4.102151e-04	-1.039323e+00	-1.504876e-01	-1.809185e+00
1.611000	1.056765e+00	1.426817e-01	1.826434e+00	2.350576e-03	8.332644e-03	2.279518e-03	-8.317275e-03	1.456666e-03	4.068112e-04	-1.050798e+00	-1.524711e-01	-1.829120e+00
1.612000	1.067612e+00	1.446340e-01	1.845337e+00	2.342171e-03	8.294149e-03	2.270585e-03	-8.284725e-03	1.449005e-03	4.034260e-04	-1.061670e+00	-1.543772e-01	-1.848011e+00
1.613000	1.077876e+00	1.465108e-01	1.863231e+00	2.333804e-03	8.255864e-03	2.261698e-03	-8.252318e-03	1.441384e-03	4.000585e-04	-1.071958e+00	-1.562080e-01	-1.865893e+00
1.614000	1.087578e+00	1.483144e-01	1.880150e+00	2.325477e-03	8.217782e-03	2.252857e-03	-8.220062e-03	1.433807e-03	3.967114e-04	-1.081683e+00	-1.579660e-01	-1.882800e+00
1.615000	1.096736e+00	1.500463e-01	1.896130e+00	2.317190e-03	8.179906e-03	2.244060e-03	-8.187948e-03	1.426269e-03	3.933819e-04	-1.090865e+00	-1.596525e-01	-1.898767e+00
1.616000	1.105371e+00	1.517093e-01	1.911202e+00	2.308941e-03	8.142233e-03	2.235308e-03	-8.155979e-03	1.418772e-03	3.900705e-04	-1.099523e+00	-1.612704e-01	-1.913828e+00
1.617000	1.113498e+00	1.533052e-01	1.925397e+00	2.300729e-03	8.104762e-03	2.226600e-03	-8.124153e-03	1.411317e-03	3.867783e-04	-1.107674e+00	-1.628213e-01	-1.928010e+00
1.618000	1.121137e+00	1.548358e-01	1.938746e+00	2.292556e-03	8.067491e-03	2.217936e-03	-8.092469e-03	1.403900e-03	3.835033e-04	-1.115337e+00	-1.643072e-01	-1.941347e+00
1.619000	1.128305e+00	1.563030e-01	1.951279e+00	2.284423e-03	8.030422e-03	2.209317e-03	-8.060931e-03	1.396525e-03	3.802477e-04	-1.122528e+00	-1.657299e-01	-1.953868e+00
1.620000	1.135017e+00	1.577086e-01	1.963023e+00	2.276327e-03	7.993552e-03	2.200742e-03	-8.029536e-03	1.389191e-03	3.770097e-04	-1.129264e+00	-1.670913e-01	-1.965601e+00
1.621000	1.141291e+00	1.590547e-01	1.974008e+00	2.268269e-03	7.956880e-03	2.192210e-03	-7.998278e-03	1.381893e-03	3.737885e-04	-1.135561e+00	-1.683934e-01	-1.976574e+00
1.622000	1.147142e+00	1.603428e-01	1.984260e+00	2.260248e-03	7.920405e-03	2.183721e-03	-7.967165e-03	1.374637e-03	3.705863e-04	-1.141435e+00	-1.696378e-01	-1.986814e+00
1.623000	1.152584e+00	1.615746e-01	1.993804e+00	2.252264e-03	7.884121e-03	2.175275e-03	-7.936189e-03	1.367421e-03	3.674015e-04	-1.146900e+00	-1.708261e-01	-1.996347e+00
1.624000	1.157633e+00	1.627521e-01	2.002667e+00	2.244317e-03	7.848036e-03	2.166872e-03	-7.905351e-03	1.360241e-03	3.642336e-04	-1.151972e+00	-1.719604e-01	-2.005198e+00
1.625000	1.162302e+00	1.638764e-01	2.010872e+00	2.236410e-03	7.812140e-03	2.158512e-03	-7.874656e-03	1.353101e-03	3.610838e-04	-1.156664e+00	-1.730416e-01	-2.013392e+00
1.626000	1.166606e+00	1.649494e-01	2.018443e+00	2.228535e-03	7.776436e-03	2.150193e-03	-7.844095e-03	1.346001e-03	3.579519e-04	-1.160990e+00	-1.740719e-01	-2.020951e+00
1.627000	1.170557e+00	1.659727e-01	2.025402e+00	2.220699e-03	7.740923e-03	2.141916e-03	-7.813671e-03	1.338937e-03	3.548362e-04	-1.164964e+00	-1.750525e-01	-2.027899e+00
1.628000	1.174167e+00	1.669475e-01	2.031772e+00	2.212899e-03	7.705598e-03	2.133681e-03	-7.783383e-03	1.331913e-03	3.517384e-04	-1.168597e+00	-1.759850e-01	-2.034257e+00
1.629000	1.177450e+00	1.678754e-01	2.037574e+00	2.205134e-03	7.670464e-03	2.125488e-03	-7.753233e-03	1.324927e-03	3.486577e-04	-1.171902e+00	-1.768708e-01	-2.040048e+00
1.630000	1.180418e+00	1.687578e-01	2.042828e+00	2.197406e-03	7.635513e-03	2.117336e-03	-7.723216e-03	1.317977e-03	3.455936e-04	-1.174892e+00	-1.777113e-01	-2.045291e+00
1.631000	1.183081e+00	1.695964e-01	2.047556e+00	2.189713e-03	7.600750e-03	2.109224e-03	-7.693336e-03	1.311067e-03	3.425465e-04	-1.177578e+00	-1.785082e-01	-2.050008e+00
1.632000	1.185452e+00	1.703921e-01	2.051775e+00	2.182054e-03	7.566171e-03	2.101154e-03	-7.663586e-03	1.304193e-03	3.395167e-04	-1.179970e+00	-1.792624e-01	-2.054216e+00
1.633000	1.187541e+00	1.711464e-01	2.055506e+00	2.174431e-03	7.531774e-03	2.093123e-03	-7.633968e-03	1.297355e-03	3.365027e-04	-1.182081e+00	-1.799755e-01	-2.057936e+00
1.634000	1.189358e+00	1.718604e-01	2.058766e+00	2.166843e-03	7.497565e-03	2.085134e-03	-7.604485e-03	1.290555e-03	3.335057e-04	-1.183921e+00	-1.806486e-01	-2.061184e+00
1.635000	1.190914e+00	1.725355e-01	2.061572e+00	2.159289e-03	7.463533e-03	2.077185e-03	-7.575132e-03	1.283791e-03	3.305256e-04	-1.185498e+00	-1.812828e-01	-2.063979e+00
1.636000	1.192218e+00	1.731727e-01	2.063941e+00	2.151771e-03	7.429682e-03	2.069274e-03	-7.545910e-03	1.277064e-03	3.275616e-04	-1.186824e+00	-1.818794e-01	-2.066337e+00
1.637000	1.193280e+00	1.737731e-01	2.065889e+00	2.144286e-03	7.396007e-03	2.061404e-03	-7.516821e-03	1.270374e-03	3.246144e-04	-1.187907e+00	-1.824395e-01	-2.068275e+00
1.638000	1.194108e+00	1.743381e-01	2.067433e+00	2.136836e-03	7.362514e-03	2.053573e-03	-7.487861e-03	1.263719e-03	3.216832e-04	-1.188757e+00	-1.829644e-01	-2.069808e+00
1.639000	1.194713e+00	1.748686e-01	2.068588e+00	2.129420e-03	7.329196e-03	2.045780e-03	-7.459029e-03	1.257099e-03	3.187679e-04	-1.189383e+00	-1.834549e-01	-2.070953e+00
1.640000	1.195102e+00	1.753659e-01	2.069368e+00	2.122036e-03	7.296056e-03	2.038027e-03	-7.430325e-03	1.250517e-03	3.158695e-04	-1.189793e+00	-1.839124e-01	-2.071722e+00
1.641000	1.195283e+00	1.758306e-01	2.069788e+00	2.114687e-03	7.263090e-03	2.030313e-03	-7.401749e-03	1.243968e-03	3.129867e-04	-1.189996e+00	-1.843377e-01	-2.072132e+00
1.642000	1.195265e+00	1.762643e-01	2.069862e+00	2.107371e-03	7.230298e-03	2.022636e-03	-7.373302e-03	1.237456e-03	3.101201e-04	-1.189999e+00	-1.847320e-01	-2.072195e+00
1.643000	1.195055e+00	1.766676e-01	2.069602e+00	2.100088e-03	7.197678e-03	2.014998e-03	-7.344983e-03	1.230981e-03	3.072697e-04	-1.189810e+00	-1.850962e-01	-2.071924e+00
1.644000	1.194661e+00	1.770415e-01	2.069023e+00	2.092839e-03	7.165230e-03	2.007398e-03	-7.316789e-03	1.224537e-03	3.044344e-04	-1.189437e+00	-1.854313e-01	-2.071335e+00
1.645000	1.194089e+00	1.773870e-01	2.068136e+00	2.085623e-03	7.132953e-03	1.999835e-03	-7.288720e-03	1.218130e-03	3.016155e-04	-1.188886e+00	-1.857381e-01	-2.070437e+00
1.646000	1.193348e+00	1.777048e-01	2.066952e+00	2.078438e-03	7.100844e-03	1.992309e-03	-7.260776e-03	1.211758e-03	2.988123e-04	-1.188166e+00	-1.860174e-01	-2.069244e+00
1.647000	1.192443e+00	1.779960e-01	2.065485e+00	2.071285e-03	7.068902e-03	1.984820e-03	-7.232954e-03	1.205419e-03	2.960244e-04	-1.187281e+00	-1.862703e-01	-2.067766e+00
1.648000	1.191382e+00	1.782611e-01	2.063746e+00	2.064164e-03	7.037130e-03	1.977369e-03	-7.205255e-03	1.199115e-03	2.932521e-04	-1.186241e+00	-1.864973e-01	-2.066017e+00
1.649000	1.190169e+00	1.785012e-01	2.061744e+00	2.057076e-03	7.005527e-03	1.969955e-03	-7.177681e-03	1.192844e-03	2.904946e-04	-1.185048e+00	-1.866996e-01	-2.064004e+00
1.650000	1.188812e+00	1.787170e-01	2.059491e+00	2.050020e-03	6.974086e-03	1.962576e-03	-7.150227e-03	1.186606e-03	2.877528e-04	-1.183712e+00	-1.868777e-01	-2.061741e+00
1.651000	1.187317e+00	1.789095e-01	2.056997e+00	2.042995e-03	6.942811e-03	1.955235e-03	-7.122895e-03	1.180402e-03	2.850264e-04	-1.182237e+00	-1.870327e-01	-2.059237e+00
1.652000	1.185688e+00	1.790790e-01	2.054271e+00	2.036002e-03	6.911702e-03	1.947929e-03	-7.095686e-03	1.174232e-03	2.823151e-04	-1.180628e+00	-1.871650e-01	-2.056501e+00
1.653000	1.183932e+00	1.792267e-01	2.051323e+00	2.029039e-03	6.880752e-03	1.940659e-03	-7.068592e-03	1.168094e-03	2.796185e-04	-1.178892e+00	-1.872756e-01	-2.053543e+00
1.654000	1.182053e+00	1.793529e-01	2.048162e+00	2.022106e-03	6.849966e-03	1.933425e-03	-7.041621e-03	1.161990e-03	2.769381e-04	-1.177033e+00	-1.873649e-01	-2.050372e+00
1.655000	1.180058e+00	1.794586e-01	2.044798e+00	2.015205e-03	6.819337e-03	1.926225e-03	-7.014770e-03	1.155920e-03	2.742726e-04	-1.175058e+00	-1.874338e-01	-2.046998e+00
1.656000	1.177950e+00	1.795442e-01	2.041238e+00	2.008335e-03	6.788871e-03	1.919062e-03	-6.988035e-03	1.149879e-03	2.716203e-04	-1.172970e+00	-1.874830e-01	-2.043428e+00
1.657000	1.175734e+00	1.796105e-01	2.037490e+00	2.001494e-03	6.758564e-03	1.911933e-03	-6.961419e-03	1.143873e-03	2.689845e-04	-1.170774e+00	-1.875130e-01	-2.039671e+00
1.658000	1.173416e+00	1.796582e-01	2.033564e+00	1.994684e-03	6.728412e-03	1.904838e-03	-6.934919e-03	1.137899e-03	2.663631e-04	-1.168475e+00	-1.875245e-01	-2.035735e+00
1.659000	1.170999e+00	1.796878e-01	2.029466e+00	1.987904e-03	6.698418e-03	1.897778e-03	-6.908538e-03	1.131957e-03	2.637564e-04	-1.166078e+00	-1.875182e-01	-2.031627e+00
1.660000	1.168488e+00	1.796999e-01	2.025203e+00	1.981153e-03	6.668581e-03	1.890753e-03	-6.882271e-03	1.126047e-03	2.611642e-04	-1.163587e+00	-1.874945e-01	-2.027355e+00
1.661000	1.165887e+00	1.796951e-01	2.020784e+00	1.974433e-03	6.638896e-03	1.883761e-03	-6.856120e-03	1.120169e-03	2.585867e-04	-1.161005e+00	-1.874542e-01	-2.022926e+00
1.662000	1.163200e+00	1.796737e-01	2.016215e+00	1.967742e-03	6.609369e-03	1.876804e-03	-6.830082e-03	1.114321e-03	2.560238e-04	-1.158338e+00	-1.873974e-01	-2.018348e+00
1.663000	1.160431e+00	1.796368e-01	2.011502e+00	1.961079e-03	6.579990e-03	1.869879e-03	-6.804160e-03	1.108506e-03	2.534753e-04	-1.155588e+00	-1.873253e-01	-2.013626e+00
1.664000	1.157583e+00	1.795844e-01	2.006653e+00	1.954448e-03	6.550768e-03	1.862989e-03	-6.778352e-03	1.102720e-03	2.509407e-04	-1.152759e+00	-1.872379e-01	-2.008767e+00
1.665000	1.154661e+00	1.795174e-01	2.001673e+00	1.947843e-03	6.521694e-03	1.856131e-03	-6.752656e-03	1.096967e-03	2.484210e-04	-1.149856e+00	-1.871360e-01	-2.003777e+00
1.666000	1.151667e+00	1.794359e-01	1.996568e+00	1.941269e-03	6.492772e-03	1.849307e-03	-6.727073e-03	1.091243e-03	2.459151e-04	-1.146881e+00	-1.870199e-01	-1.998663e+00
1.667000	1.148605e+00	1.793409e-01	1.991344e+00	1.934722e-03	6.463999e-03	1.842516e-03	-6.701602e-03	1.085551e-03	2.434231e-04	-1.143838e+00	-1.868904e-01	-1.993430e+00
1.668000	1.145479e+00	1.792323e-01	1.986008e+00	1.928204e-03	6.435377e-03	1.835757e-03	-6.676244e-03	1.079890e-03	2.409460e-04	-1.140731e+00	-1.867476e-01	-1.988085e+00
1.669000	1.142291e+00	1.791108e-01	1.980564e+00	1.921713e-03	6.406900e-03	1.829030e-03	-6.650993e-03	1.074258e-03	2.384824e-04	-1.137561e+00	-1.865920e-01	-1.982631e+00
1.670000	1.139044e+00	1.789770e-01	1.975017e+00	1.915253e-03	6.378571e-03	1.822337e-03	-6.625855e-03	1.068656e-03	2.360326e-04	-1.134333e+00	-1.864242e-01	-1.977076e+00
1.671000	1.135742e+00	1.788311e-01	1.969373e+00	1.908819e-03	6.350388e-03	1.815674e-03	-6.600827e-03	1.063085e-03	2.335971e-04	-1.131050e+00	-1.862446e-01	-1.971423e+00
1.672000	1.132387e+00	1.786736e-01	1.963637e+00	1.902414e-03	6.322350e-03	1.809044e-03	-6.575909e-03	1.057543e-03	2.311749e-04	-1.127713e+00	-1.860535e-01	-1.965677e+00
1.673000	1.128981e+00	1.785049e-01	1.957812e+00	1.896035e-03	6.294458e-03	1.802446e-03	-6.551098e-03	1.052031e-03	2.287669e-04	-1.124326e+00	-1.858514e-01	-1.959843e+00
1.674000	1.125528e+00	1.783254e-01	1.951904e+00	1.889685e-03	6.266704e-03	1.795878e-03	-6.526395e-03	1.046548e-03	2.263724e-04	-1.120892e+00	-1.856386e-01	-1.953926e+00
1.675000	1.122031e+00	1.781355e-01	1.945917e+00	1.883362e-03	6.239098e-03	1.789343e-03	-6.501804e-03	1.041096e-03	2.239922e-04	-1.117412e+00	-1.854157e-01	-1.947930e+00
1.676000	1.118490e+00	1.779355e-01	1.939856e+00	1.877066e-03	6.211633e-03	1.782838e-03	-6.477317e-03	1.035672e-03	2.216249e-04	-1.113890e+00	-1.851828e-01	-1.941860e+00
1.677000	1.114910e+00	1.777259e-01	1.933724e+00	1.870797e-03	6.184307e-03	1.776364e-03	-6.452939e-03	1.030279e-03	2.192719e-04	-1.110328e+00	-1.849405e-01	-1.935720e+00
1.678000	1.111291e+00	1.775066e-01	1.927525e+00	1.864556e-03	6.157123e-03	1.769921e-03	-6.428667e-03	1.024912e-03	2.169316e-04	-1.106727e+00	-1.846886e-01	-1.929512e+00
1.679000	1.107637e+00	1.772786e-01	1.921264e+00	1.858342e-03	6.130076e-03	1.763508e-03	-6.404498e-03	1.019574e-03	2.146044e-04	-1.103091e+00	-1.844282e-01	-1.923242e+00
1.680000	1.103949e+00	1.770416e-01	1.914943e+00	1.852152e-03	6.103169e-03	1.757126e-03	-6.380433e-03	1.014265e-03	2.122915e-04	-1.099421e+00	-1.841591e-01	-1.916912e+00
1.681000	1.100230e+00	1.767965e-01	1.908566e+00	1.845991e-03	6.076401e-03	1.750774e-03	-6.356477e-03	1.008984e-03	2.099908e-04	-1.095719e+00	-1.838819e-01	-1.910527e+00
1.682000	1.096481e+00	1.765432e-01	1.902138e+00	1.839855e-03	6.049766e-03	1.744451e-03	-6.332622e-03	1.003732e-03	2.077041e-04	-1.091988e+00	-1.835967e-01	-1.904090e+00
1.683000	1.092704e+00	1.762822e-01	1.895661e+00	1.833745e-03	6.023269e-03	1.738159e-03	-6.308874e-03	9.985091e-04	2.054304e-04	-1.088229e+00	-1.833040e-01	-1.897604e+00
1.684000	1.088901e+00	1.760136e-01	1.889138e+00	1.827659e-03	5.996908e-03	1.731895e-03	-6.285224e-03	9.933133e-04	2.031702e-04	-1.084444e+00	-1.830038e-01	-1.891073e+00
1.685000	1.085075e+00	1.757380e-01	1.882572e+00	1.821601e-03	5.970679e-03	1.725662e-03	-6.261679e-03	9.881449e-04	2.009226e-04	-1.080634e+00	-1.826968e-01	-1.884498e+00
1.686000	1.081226e+00	1.754552e-01	1.875967e+00	1.815568e-03	5.944584e-03	1.719456e-03	-6.238234e-03	9.830038e-04	1.986878e-04	-1.076803e+00	-1.823828e-01	-1.877885e+00
1.687000	1.077355e+00	1.751658e-01	1.869323e+00	1.809562e-03	5.918623e-03	1.713281e-03	-6.214892e-03	9.778896e-04	1.964656e-04	-1.072950e+00	-1.820624e-01	-1.871233e+00
1.688000	1.073466e+00	1.748700e-01	1.862647e+00	1.803580e-03	5.892795e-03	1.707135e-03	-6.191650e-03	9.728026e-04	1.942563e-04	-1.069078e+00	-1.817356e-01	-1.864548e+00
1.689000	1.069559e+00	1.745682e-01	1.855939e+00	1.797622e-03	5.867098e-03	1.701017e-03	-6.168508e-03	9.677438e-04	1.920601e-04	-1.065188e+00	-1.814031e-01	-1.857832e+00
1.690000	1.065635e+00	1.742602e-01	1.849201e+00	1.791691e-03	5.841531e-03	1.694928e-03	-6.145468e-03	9.627116e-04	1.898768e-04	-1.061281e+00	-1.810644e-01	-1.851086e+00
1.691000	1.061697e+00	1.739465e-01	1.842437e+00	1.785785e-03	5.816094e-03	1.688867e-03	-6.122527e-03	9.577062e-04	1.877060e-04	-1.057360e+00	-1.807203e-01	-1.844314e+00
1.692000	1.057745e+00	1.736274e-01	1.835649e+00	1.779903e-03	5.790785e-03	1.682834e-03	-6.099682e-03	9.527265e-04	1.855472e-04	-1.053426e+00	-1.803709e-01	-1.837517e+00
1.693000	1.053782e+00	1.733030e-01	1.828840e+00	1.774044e-03	5.765606e-03	1.676829e-03	-6.076939e-03	9.477761e-04	1.834025e-04	-1.049479e+00	-1.800164e-01	-1.830700e+00
1.694000	1.049807e+00	1.729736e-01	1.822010e+00	1.768213e-03	5.740552e-03	1.670852e-03	-6.054292e-03	9.428481e-04	1.812681e-04	-1.045521e+00	-1.796570e-01	-1.823862e+00
1.695000	1.045823e+00	1.726394e-01	1.815163e+00	1.762404e-03	5.715626e-03	1.664903e-03	-6.031743e-03	9.379496e-04	1.791479e-04	-1.041553e+00	-1.792929e-01	-1.817007e+00
1.696000	1.041830e+00	1.723007e-01	1.808301e+00	1.756618e-03	5.690828e-03	1.658981e-03	-6.009292e-03	9.330773e-04	1.770399e-04	-1.037577e+00	-1.789246e-01	-1.810137e+00
1.697000	1.037830e+00	1.719574e-01	1.801425e+00	1.750858e-03	5.666152e-03	1.653086e-03	-5.986935e-03	9.282283e-04	1.749434e-04	-1.033594e+00	-1.785517e-01	-1.803253e+00
1.698000	1.033823e+00	1.716100e-01	1.794537e+00	1.745121e-03	5.641601e-03	1.647218e-03	-5.964675e-03	9.234076e-04	1.728598e-04	-1.029603e+00	-1.781750e-01	-1.796357e+00
1.699000	1.029811e+00	1.712583e-01	1.787639e+00	1.739408e-03	5.617177e-03	1.641378e-03	-5.942511e-03	9.186110e-04	1.707881e-04	-1.025608e+00	-1.777941e-01	-1.789451e+00
1.700000	1.025795e+00	1.709030e-01	1.780733e+00	1.733720e-03	5.592874e-03	1.635564e-03	-5.920442e-03	9.138392e-04	1.687283e-04	-1.021608e+00	-1.774097e-01	-1.782538e+00
1.701000	1.021775e+00	1.705437e-01	1.773821e+00	1.728054e-03	5.568691e-03	1.629777e-03	-5.898465e-03	9.090937e-04	1.666808e-04	-1.017605e+00	-1.770215e-01	-1.775617e+00
1.702000	1.017753e+00	1.701811e-01	1.766904e+00	1.722412e-03	5.544632e-03	1.624016e-03	-5.876585e-03	9.043737e-04	1.646457e-04	-1.013599e+00	-1.766301e-01	-1.768692e+00
1.703000	1.013730e+00	1.698149e-01	1.759983e+00	1.716793e-03	5.520692e-03	1.618282e-03	-5.854798e-03	8.996785e-04	1.626221e-04	-1.009592e+00	-1.762352e-01	-1.761764e+00
1.704000	1.009706e+00	1.694456e-01	1.753061e+00	1.711196e-03	5.496875e-03	1.612574e-03	-5.833104e-03	8.950092e-04	1.606110e-04	-1.005584e+00	-1.758375e-01	-1.754834e+00
1.705000	1.005682e+00	1.690734e-01	1.746138e+00	1.705624e-03	5.473177e-03	1.606892e-03	-5.811503e-03	8.903627e-04	1.586109e-04	-1.001576e+00	-1.754370e-01	-1.747904e+00
1.706000	1.001659e+00	1.686981e-01	1.739216e+00	1.700074e-03	5.449598e-03	1.601236e-03	-5.789992e-03	8.857415e-04	1.566229e-04	-9.975690e-01	-1.750335e-01	-1.740974e+00
1.707000	9.976382e-01	1.683203e-01	1.732297e+00	1.694546e-03	5.426135e-03	1.595605e-03	-5.768577e-03	8.811463e-04	1.546472e-04	-9.935641e-01	-1.746276e-01	-1.734048e+00
1.708000	9.936199e-01	1.679396e-01	1.725382e+00	1.689041e-03	5.402789e-03	1.590000e-03	-5.747249e-03	8.765744e-04	1.526828e-04	-9.895617e-01	-1.742190e-01	-1.727125e+00
1.709000	9.896044e-01	1.675565e-01	1.718471e+00	1.683558e-03	5.379564e-03	1.584420e-03	-5.726016e-03	8.720272e-04	1.507301e-04	-9.855619e-01	-1.738081e-01	-1.720206e+00
1.710000	9.855935e-01	1.671712e-01	1.711567e+00	1.678100e-03	5.356456e-03	1.578867e-03	-5.704872e-03	8.675030e-04	1.487886e-04	-9.815668e-01	-1.733951e-01	-1.713295e+00
1.711000	9.815866e-01	1.667835e-01	1.704670e+00	1.672662e-03	5.333460e-03	1.573338e-03	-5.683818e-03	8.630035e-04	1.468589e-04	-9.775755e-01	-1.729799e-01	-1.706390e+00
1.712000	9.775853e-01	1.663937e-01	1.697781e+00	1.667245e-03	5.310580e-03	1.567834e-03	-5.662853e-03	8.585293e-04	1.449413e-04	-9.735897e-01	-1.725628e-01	-1.699494e+00
1.713000	9.735899e-01	1.660019e-01	1.690903e+00	1.661851e-03	5.287813e-03	1.562355e-03	-5.641977e-03	8.540770e-04	1.430340e-04	-9.696097e-01	-1.721438e-01	-1.692608e+00
1.714000	9.696005e-01	1.656082e-01	1.684034e+00	1.656482e-03	5.265164e-03	1.556901e-03	-5.621195e-03	8.496486e-04	1.411386e-04	-9.656358e-01	-1.717230e-01	-1.685732e+00
1.715000	9.656178e-01	1.652127e-01	1.677176e+00	1.651132e-03	5.242623e-03	1.551471e-03	-5.600496e-03	8.452439e-04	1.392543e-04	-9.616684e-01	-1.713006e-01	-1.678867e+00
1.716000	9.616432e-01	1.648158e-01	1.670331e+00	1.645804e-03	5.220198e-03	1.546066e-03	-5.579886e-03	8.408621e-04	1.373811e-04	-9.577091e-01	-1.708768e-01	-1.672014e+00
1.717000	9.576762e-01	1.644172e-01	1.663499e+00	1.640499e-03	5.197884e-03	1.540685e-03	-5.559369e-03	8.365058e-04	1.355201e-04	-9.537573e-01	-1.704516e-01	-1.665175e+00
1.718000	9.537174e-01	1.640170e-01	1.656681e+00	1.635214e-03	5.175679e-03	1.535328e-03	-5.538932e-03	8.321700e-04	1.336693e-04	-9.498136e-01	-1.700249e-01	-1.658350e+00
1.719000	9.497676e-01	1.636156e-01	1.649877e+00	1.629950e-03	5.153585e-03	1.529995e-03	-5.518584e-03	8.278584e-04	1.318301e-04	-9.458790e-01	-1.695970e-01	-1.651539e+00
1.720000	9.458274e-01	1.632130e-01	1.643090e+00	1.624708e-03	5.131599e-03	1.524685e-03	-5.498324e-03	8.235699e-04	1.300020e-04	-9.419538e-01	-1.691682e-01	-1.644745e+00
1.721000	9.418975e-01	1.628092e-01	1.636320e+00	1.619486e-03	5.109726e-03	1.519400e-03	-5.478147e-03	8.193032e-04	1.281844e-04	-9.380388e-01	-1.687382e-01	-1.637967e+00
1.722000	9.379773e-01	1.624044e-01	1.629566e+00	1.614286e-03	5.087959e-03	1.514137e-03	-5.458058e-03	8.150605e-04	1.263785e-04	-9.341335e-01	-1.683074e-01	-1.631207e+00
1.723000	9.340674e-01	1.619986e-01	1.622829e+00	1.609106e-03	5.066302e-03	1.508899e-03	-5.438052e-03	8.108384e-04	1.245826e-04	-9.302384e-01	-1.678757e-01	-1.624463e+00
1.724000	9.301682e-01	1.615917e-01	1.616111e+00	1.603947e-03	5.044749e-03	1.503683e-03	-5.418132e-03	8.066404e-04	1.227981e-04	-9.263540e-01	-1.674431e-01	-1.617738e+00
1.725000	9.262812e-01	1.611843e-01	1.609413e+00	1.598809e-03	5.023304e-03	1.498491e-03	-5.398296e-03	8.024635e-04	1.210241e-04	-9.224817e-01	-1.670101e-01	-1.611032e+00
1.726000	9.224056e-01	1.607761e-01	1.602734e+00	1.593691e-03	5.001965e-03	1.493322e-03	-5.378542e-03	7.983086e-04	1.192608e-04	-9.186208e-01	-1.665764e-01	-1.604347e+00
1.727000	9.185421e-01	1.603672e-01	1.596076e+00	1.588593e-03	4.980732e-03	1.488175e-03	-5.358871e-03	7.941765e-04	1.175086e-04	-9.147719e-01	-1.661421e-01	-1.597681e+00
1.728000	9.146904e-01	1.599578e-01	1.589437e+00	1.583517e-03	4.959605e-03	1.483052e-03	-5.339285e-03	7.900646e-04	1.157664e-04	-9.109346e-01	-1.657075e-01	-1.591036e+00
1.729000	9.108513e-01	1.595477e-01	1.582820e+00	1.578460e-03	4.938580e-03	1.477951e-03	-5.319781e-03	7.859757e-04	1.140350e-04	-9.071100e-01	-1.652722e-01	-1.584412e+00
1.730000	9.070257e-01	1.591373e-01	1.576226e+00	1.573422e-03	4.917657e-03	1.472871e-03	-5.300357e-03	7.819087e-04	1.123143e-04	-9.032987e-01	-1.648369e-01	-1.577811e+00
1.731000	9.032127e-01	1.587265e-01	1.569653e+00	1.568406e-03	4.896840e-03	1.467815e-03	-5.281019e-03	7.778634e-04	1.106042e-04	-8.995001e-01	-1.644012e-01	-1.571231e+00
1.732000	8.994132e-01	1.583153e-01	1.563103e+00	1.563408e-03	4.876124e-03	1.462781e-03	-5.261758e-03	7.738389e-04	1.089046e-04	-8.957148e-01	-1.639653e-01	-1.564675e+00
1.733000	8.956270e-01	1.579040e-01	1.556576e+00	1.558432e-03	4.855512e-03	1.457770e-03	-5.242581e-03	7.698347e-04	1.072146e-04	-8.919429e-01	-1.635293e-01	-1.558141e+00
1.734000	8.918549e-01	1.574925e-01	1.550072e+00	1.553474e-03	4.835001e-03	1.452780e-03	-5.223483e-03	7.658519e-04	1.055353e-04	-8.881850e-01	-1.630933e-01	-1.551631e+00
1.735000	8.880967e-01	1.570807e-01	1.543592e+00	1.548535e-03	4.814589e-03	1.447812e-03	-5.204464e-03	7.618915e-04	1.038666e-04	-8.844408e-01	-1.626572e-01	-1.545144e+00
1.736000	8.843528e-01	1.566689e-01	1.537137e+00	1.543616e-03	4.794279e-03	1.442866e-03	-5.185526e-03	7.579506e-04	1.022078e-04	-8.807110e-01	-1.622211e-01	-1.538682e+00
1.737000	8.806227e-01	1.562570e-01	1.530705e+00	1.538717e-03	4.774068e-03	1.437941e-03	-5.166668e-03	7.540314e-04	1.005595e-04	-8.769947e-01	-1.617851e-01	-1.532243e+00
1.738000	8.769079e-01	1.558454e-01	1.524299e+00	1.533836e-03	4.753954e-03	1.433037e-03	-5.147889e-03	7.501331e-04	9.892159e-05	-8.732939e-01	-1.613495e-01	-1.525830e+00
1.739000	8.732076e-01	1.554337e-01	1.517917e+00	1.528975e-03	4.733940e-03	1.428155e-03	-5.129187e-03	7.462554e-04	9.729352e-05	-8.696073e-01	-1.609139e-01	-1.519443e+00
1.740000	8.695226e-01	1.550223e-01	1.511562e+00	1.524133e-03	4.714026e-03	1.423295e-03	-5.110564e-03	7.423958e-04	9.567459e-05	-8.659362e-01	-1.604787e-01	-1.513081e+00
1.741000	8.658525e-01	1.546111e-01	1.505232e+00	1.519310e-03	4.694209e-03	1.418455e-03	-5.092019e-03	7.385585e-04	9.406643e-05	-8.622798e-01	-1.600439e-01	-1.506745e+00
1.742000	8.621981e-01	1.542000e-01	1.498929e+00	1.514505e-03	4.674487e-03	1.413637e-03	-5.073552e-03	7.347413e-04	9.246793e-05	-8.586390e-01	-1.596093e-01	-1.500435e+00
1.743000	8.585587e-01	1.537893e-01	1.492651e+00	1.509720e-03	4.654861e-03	1.408838e-03	-5.055161e-03	7.309439e-04	9.087968e-05	-8.550133e-01	-1.591751e-01	-1.494151e+00
1.744000	8.549348e-01	1.533790e-01	1.486400e+00	1.504952e-03	4.635332e-03	1.404061e-03	-5.036847e-03	7.271666e-04	8.930103e-05	-8.514029e-01	-1.587415e-01	-1.487894e+00
1.745000	8.513268e-01	1.529689e-01	1.480176e+00	1.500203e-03	4.615898e-03	1.399305e-03	-5.018609e-03	7.234093e-04	8.773210e-05	-8.478084e-01	-1.583083e-01	-1.481663e+00
1.746000	8.477346e-01	1.525594e-01	1.473979e+00	1.495473e-03	4.596558e-03	1.394569e-03	-5.000448e-03	7.196718e-04	8.617295e-05	-8.442296e-01	-1.578756e-01	-1.475460e+00
1.747000	8.441581e-01	1.521503e-01	1.467809e+00	1.490762e-03	4.577312e-03	1.389853e-03	-4.982363e-03	7.159538e-04	8.462352e-05	-8.406665e-01	-1.574436e-01	-1.469283e+00
1.748000	8.405979e-01	1.517417e-01	1.461666e+00	1.486068e-03	4.558161e-03	1.385158e-03	-4.964353e-03	7.122555e-04	8.308375e-05	-8.371195e-01	-1.570121e-01	-1.463135e+00
1.749000	8.370534e-01	1.513336e-01	1.455551e+00	1.481393e-03	4.539102e-03	1.380483e-03	-4.946417e-03	7.085768e-04	8.155359e-05	-8.335883e-01	-1.565813e-01	-1.457013e+00
1.750000	8.335258e-01	1.509263e-01	1.449464e+00	1.476735e-03	4.520136e-03	1.375827e-03	-4.928555e-03	7.049175e-04	8.003291e-05	-8.300740e-01	-1.561513e-01	-1.450920e+00
1.751000	8.300138e-01	1.505194e-01	1.443404e+00	1.472095e-03	4.501262e-03	1.371193e-03	-4.910769e-03	7.012779e-04	7.852196e-05	-8.265752e-01	-1.557219e-01	-1.444854e+00
1.752000	8.265182e-01	1.501132e-01	1.437372e+00	1.467473e-03	4.482481e-03	1.366577e-03	-4.893055e-03	6.976562e-04	7.702014e-05	-8.230926e-01	-1.552933e-01	-1.438815e+00
1.753000	8.230391e-01	1.497077e-01	1.431368e+00	1.462870e-03	4.463788e-03	1.361981e-03	-4.875416e-03	6.940541e-04	7.552776e-05	-8.196265e-01	-1.548655e-01	-1.432806e+00
1.754000	8.195763e-01	1.493029e-01	1.425392e+00	1.458283e-03	4.445186e-03	1.357405e-03	-4.857850e-03	6.904717e-04	7.404515e-05	-8.161767e-01	-1.544386e-01	-1.426824e+00
1.755000	8.161302e-01	1.488989e-01	1.419445e+00	1.453714e-03	4.426676e-03	1.352849e-03	-4.840357e-03	6.869076e-04	7.257151e-05	-8.127435e-01	-1.540125e-01	-1.420870e+00
1.756000	8.127000e-01	1.484954e-01	1.413525e+00	1.449163e-03	4.408254e-03	1.348311e-03	-4.822935e-03	6.833616e-04	7.110700e-05	-8.093262e-01	-1.535870e-01	-1.414944e+00
1.757000	8.092873e-01	1.480930e-01	1.407635e+00	1.444630e-03	4.389923e-03	1.343794e-03	-4.805587e-03	6.798346e-04	6.965164e-05	-8.059264e-01	-1.531628e-01	-1.409048e+00
1.758000	8.058907e-01	1.476912e-01	1.401772e+00	1.440113e-03	4.371681e-03	1.339295e-03	-4.788310e-03	6.763267e-04	6.820611e-05	-8.025424e-01	-1.527393e-01	-1.403179e+00
1.759000	8.025112e-01	1.472905e-01	1.395939e+00	1.435614e-03	4.353525e-03	1.334816e-03	-4.771104e-03	6.728364e-04	6.676890e-05	-7.991756e-01	-1.523169e-01	-1.397340e+00
1.760000	7.991475e-01	1.468906e-01	1.390132e+00	1.431132e-03	4.335458e-03	1.330355e-03	-4.753972e-03	6.693657e-04	6.534136e-05	-7.958247e-01	-1.518954e-01	-1.391528e+00
1.761000	7.958010e-01	1.464915e-01	1.384355e+00	1.426668e-03	4.317478e-03	1.325914e-03	-4.736908e-03	6.659116e-04	6.392208e-05	-7.924908e-01	-1.514749e-01	-1.385745e+00
1.762000	7.924711e-01	1.460934e-01	1.378607e+00	1.422221e-03	4.299585e-03	1.321491e-03	-4.719918e-03	6.624770e-04	6.251276e-05	-7.891734e-01	-1.510554e-01	-1.379991e+00
1.763000	7.891580e-01	1.456962e-01	1.372887e+00	1.417791e-03	4.281778e-03	1.317087e-03	-4.702997e-03	6.590602e-04	6.111193e-05	-7.858728e-01	-1.506370e-01	-1.374266e+00
1.764000	7.858614e-01	1.453000e-01	1.367196e+00	1.413377e-03	4.264056e-03	1.312701e-03	-4.686145e-03	6.556606e-04	5.971960e-05	-7.825886e-01	-1.502197e-01	-1.368569e+00
1.765000	7.825818e-01	1.449047e-01	1.361534e+00	1.408980e-03	4.246420e-03	1.308334e-03	-4.669362e-03	6.522799e-04	5.833706e-05	-7.793214e-01	-1.498034e-01	-1.362900e+00
1.766000	7.793188e-01	1.445104e-01	1.355900e+00	1.404600e-03	4.228869e-03	1.303986e-03	-4.652649e-03	6.489168e-04	5.696295e-05	-7.760708e-01	-1.493882e-01	-1.357261e+00
1.767000	7.760723e-01	1.441172e-01	1.350294e+00	1.400235e-03	4.211399e-03	1.299655e-03	-4.636004e-03	6.455710e-04	5.559728e-05	-7.728366e-01	-1.489741e-01	-1.351650e+00
1.768000	7.728432e-01	1.437251e-01	1.344719e+00	1.395889e-03	4.194017e-03	1.295343e-03	-4.619429e-03	6.422421e-04	5.424040e-05	-7.696196e-01	-1.485614e-01	-1.346068e+00
1.769000	7.696304e-01	1.433340e-01	1.339171e+00	1.391558e-03	4.176717e-03	1.291048e-03	-4.602920e-03	6.389315e-04	5.289260e-05	-7.664191e-01	-1.481497e-01	-1.340515e+00
1.770000	7.664340e-01	1.429438e-01	1.333651e+00	1.387243e-03	4.159500e-03	1.286772e-03	-4.586481e-03	6.356380e-04	5.155324e-05	-7.632347e-01	-1.477390e-01	-1.334989e+00
1.771000	7.632542e-01	1.425548e-01	1.328160e+00	1.382946e-03	4.142364e-03	1.282513e-03	-4.570108e-03	6.323612e-04	5.022221e-05	-7.600670e-01	-1.473296e-01	-1.329493e+00
1.772000	7.600915e-01	1.421671e-01	1.322698e+00	1.378662e-03	4.125310e-03	1.278272e-03	-4.553803e-03	6.291035e-04	4.890031e-05	-7.569165e-01	-1.469215e-01	-1.324025e+00
1.773000	7.569453e-01	1.417803e-01	1.317264e+00	1.374396e-03	4.108340e-03	1.274050e-03	-4.537565e-03	6.258611e-04	4.758639e-05	-7.537822e-01	-1.465145e-01	-1.318586e+00
1.774000	7.538161e-01	1.413948e-01	1.311860e+00	1.370146e-03	4.091450e-03	1.269844e-03	-4.521392e-03	6.226357e-04	4.628085e-05	-7.506648e-01	-1.461089e-01	-1.313176e+00
1.775000	7.507026e-01	1.410103e-01	1.306482e+00	1.365911e-03	4.074640e-03	1.265656e-03	-4.505286e-03	6.194280e-04	4.498439e-05	-7.475632e-01	-1.457044e-01	-1.307793e+00
1.776000	7.476061e-01	1.406270e-01	1.301134e+00	1.361693e-03	4.057910e-03	1.261485e-03	-4.489245e-03	6.162361e-04	4.369562e-05	-7.444785e-01	-1.453011e-01	-1.302439e+00
1.777000	7.445254e-01	1.402448e-01	1.295813e+00	1.357491e-03	4.041261e-03	1.257332e-03	-4.473273e-03	6.130608e-04	4.241499e-05	-7.414097e-01	-1.448991e-01	-1.297113e+00
1.778000	7.414621e-01	1.398639e-01	1.290522e+00	1.353303e-03	4.024689e-03	1.253195e-03	-4.457363e-03	6.099035e-04	4.114368e-05	-7.383580e-01	-1.444985e-01	-1.291816e+00
1.779000	7.384150e-01	1.394842e-01	1.285258e+00	1.349131e-03	4.008198e-03	1.249076e-03	-4.441518e-03	6.067619e-04	3.988005e-05	-7.353226e-01	-1.440992e-01	-1.286547e+00
1.780000	7.353839e-01	1.391056e-01	1.280023e+00	1.344976e-03	3.991783e-03	1.244974e-03	-4.425739e-03	6.036365e-04	3.862445e-05	-7.323031e-01	-1.437011e-01	-1.281306e+00
1.781000	7.323688e-01	1.387282e-01	1.274814e+00	1.340836e-03	3.975448e-03	1.240889e-03	-4.410025e-03	6.005279e-04	3.737741e-05	-7.292996e-01	-1.433042e-01	-1.276092e+00
1.782000	7.293707e-01	1.383522e-01	1.269635e+00	1.336711e-03	3.959191e-03	1.236820e-03	-4.394373e-03	5.974349e-04	3.613811e-05	-7.263129e-01	-1.429088e-01	-1.270908e+00
1.783000	7.263891e-01	1.379774e-01	1.264484e+00	1.332601e-03	3.943009e-03	1.232768e-03	-4.378785e-03	5.943582e-04	3.490696e-05	-7.233429e-01	-1.425147e-01	-1.265751e+00
1.784000	7.234229e-01	1.376037e-01	1.259360e+00	1.328506e-03	3.926906e-03	1.228733e-03	-4.363263e-03	5.912979e-04	3.368407e-05	-7.203881e-01	-1.421219e-01	-1.260622e+00
1.785000	7.204735e-01	1.372314e-01	1.254264e+00	1.324426e-03	3.910877e-03	1.224715e-03	-4.347801e-03	5.882539e-04	3.246911e-05	-7.174502e-01	-1.417306e-01	-1.255521e+00
1.786000	7.175397e-01	1.368604e-01	1.249195e+00	1.320362e-03	3.894927e-03	1.220713e-03	-4.332404e-03	5.852252e-04	3.126205e-05	-7.145276e-01	-1.413405e-01	-1.250447e+00
1.787000	7.146221e-01	1.364905e-01	1.244154e+00	1.316313e-03	3.879051e-03	1.216727e-03	-4.317069e-03	5.822128e-04	3.006309e-05	-7.116213e-01	-1.409518e-01	-1.245401e+00
1.788000	7.117210e-01	1.361220e-01	1.239142e+00	1.312278e-03	3.863251e-03	1.212758e-03	-4.301796e-03	5.792152e-04	2.887141e-05	-7.087315e-01	-1.405645e-01	-1.240383e+00
1.789000	7.088357e-01	1.357547e-01	1.234156e+00	1.308260e-03	3.847525e-03	1.208805e-03	-4.286587e-03	5.762342e-04	2.768810e-05	-7.058573e-01	-1.401785e-01	-1.235393e+00
1.790000	7.059664e-01	1.353888e-01	1.229198e+00	1.304255e-03	3.831875e-03	1.204869e-03	-4.271439e-03	5.732691e-04	2.651277e-05	-7.029992e-01	-1.397940e-01	-1.230430e+00
1.791000	7.031129e-01	1.350242e-01	1.224267e+00	1.300264e-03	3.816297e-03	1.200948e-03	-4.256350e-03	5.703188e-04	2.534490e-05	-7.001568e-01	-1.394109e-01	-1.225494e+00
1.792000	7.002749e-01	1.346610e-01	1.219363e+00	1.296288e-03	3.800792e-03	1.197042e-03	-4.241324e-03	5.673836e-04	2.418441e-05	-6.973299e-01	-1.390291e-01	-1.220584e+00
1.793000	6.974530e-01	1.342990e-01	1.214487e+00	1.292329e-03	3.785362e-03	1.193154e-03	-4.226361e-03	5.644633e-04	2.303161e-05	-6.945189e-01	-1.386488e-01	-1.215703e+00
1.794000	6.946459e-01	1.339381e-01	1.209636e+00	1.288382e-03	3.770004e-03	1.189281e-03	-4.211457e-03	5.615599e-04	2.188713e-05	-6.917229e-01	-1.382696e-01	-1.210847e+00
1.795000	6.918550e-01	1.335786e-01	1.204813e+00	1.284450e-03	3.754718e-03	1.185423e-03	-4.196611e-03	5.586701e-04	2.074963e-05	-6.889429e-01	-1.378920e-01	-1.206019e+00
1.796000	6.890798e-01	1.332205e-01	1.200016e+00	1.280533e-03	3.739503e-03	1.181581e-03	-4.181826e-03	5.557963e-04	1.962011e-05	-6.861784e-01	-1.375158e-01	-1.201218e+00
1.797000	6.863202e-01	1.328638e-01	1.195247e+00	1.276630e-03	3.724361e-03	1.177754e-03	-4.167102e-03	5.529367e-04	1.849764e-05	-6.834297e-01	-1.371411e-01	-1.196443e+00
1.798000	6.835757e-01	1.325084e-01	1.190504e+00	1.272740e-03	3.709290e-03	1.173944e-03	-4.152437e-03	5.500926e-04	1.738290e-05	-6.806960e-01	-1.367678e-01	-1.191695e+00
1.799000	6.808469e-01	1.321544e-01	1.185787e+00	1.268866e-03	3.694289e-03	1.170148e-03	-4.137832e-03	5.472634e-04	1.627568e-05	-6.779779e-01	-1.363960e-01	-1.186974e+00
1.800000	6.781330e-01	1.318017e-01	1.181097e+00	1.265005e-03	3.679358e-03	1.166368e-03	-4.123284e-03	5.444487e-04	1.517578e-05	-6.752747e-01	-1.360255e-01	-1.182278e+00
1.801000	6.754348e-01	1.314503e-01	1.176433e+00	1.261158e-03	3.664499e-03	1.162603e-03	-4.108798e-03	5.416492e-04	1.408352e-05	-6.725872e-01	-1.356565e-01	-1.177610e+00
1.802000	6.727515e-01	1.311002e-01	1.171795e+00	1.257326e-03	3.649708e-03	1.158853e-03	-4.094368e-03	5.388632e-04	1.299806e-05	-6.699145e-01	-1.352888e-01	-1.172967e+00
1.803000	6.700829e-01	1.307514e-01	1.167182e+00	1.253507e-03	3.634986e-03	1.155118e-03	-4.079997e-03	5.360930e-04	1.192046e-05	-6.672564e-01	-1.349224e-01	-1.168349e+00
1.804000	6.674296e-01	1.304040e-01	1.162595e+00	1.249702e-03	3.620334e-03	1.151398e-03	-4.065683e-03	5.333361e-04	1.084968e-05	-6.646136e-01	-1.345576e-01	-1.163758e+00
1.805000	6.647912e-01	1.300580e-01	1.158035e+00	1.245911e-03	3.605750e-03	1.147693e-03	-4.051428e-03	5.305940e-04	9.786163e-06	-6.619857e-01	-1.341943e-01	-1.159192e+00
1.806000	6.621678e-01	1.297133e-01	1.153499e+00	1.242133e-03	3.591234e-03	1.144003e-03	-4.037228e-03	5.278660e-04	8.729869e-06	-6.593727e-01	-1.338324e-01	-1.154652e+00
1.807000	6.595590e-01	1.293699e-01	1.148989e+00	1.238369e-03	3.576787e-03	1.140328e-03	-4.023087e-03	5.251524e-04	7.680850e-06	-6.567742e-01	-1.334718e-01	-1.150138e+00
1.808000	6.569647e-01	1.290279e-01	1.144505e+00	1.234620e-03	3.562407e-03	1.136667e-03	-4.009003e-03	5.224523e-04	6.638526e-06	-6.541904e-01	-1.331127e-01	-1.145648e+00
1.809000	6.543857e-01	1.286873e-01	1.140046e+00	1.230883e-03	3.548093e-03	1.133021e-03	-3.994974e-03	5.197669e-04	5.603652e-06	-6.516217e-01	-1.327552e-01	-1.141185e+00
1.810000	6.518208e-01	1.283480e-01	1.135612e+00	1.227159e-03	3.533846e-03	1.129389e-03	-3.981001e-03	5.170949e-04	4.575588e-06	-6.490669e-01	-1.323989e-01	-1.136746e+00
1.811000	6.492704e-01	1.280102e-01	1.131202e+00	1.223449e-03	3.519665e-03	1.125772e-03	-3.967086e-03	5.144373e-04	3.554567e-06	-6.465267e-01	-1.320442e-01	-1.132331e+00
1.812000	6.467344e-01	1.276736e-01	1.126817e+00	1.219753e-03	3.505551e-03	1.122170e-03	-3.953225e-03	5.117929e-04	2.540357e-06	-6.440009e-01	-1.316909e-01	-1.127942e+00
1.813000	6.442126e-01	1.273385e-01	1.122457e+00	1.216069e-03	3.491502e-03	1.118581e-03	-3.939420e-03	5.091633e-04	1.533481e-06	-6.414892e-01	-1.313391e-01	-1.123577e+00
1.814000	6.417053e-01	1.270045e-01	1.118122e+00	1.212400e-03	3.477518e-03	1.115007e-03	-3.925671e-03	5.065462e-04	5.330076e-07	-6.389921e-01	-1.309886e-01	-1.119238e+00
1.815000	6.392125e-01	1.266721e-01	1.113811e+00	1.208743e-03	3.463600e-03	1.111447e-03	-3.911978e-03	5.039435e-04	-4.604808e-07	-6.365092e-01	-1.306397e-01	-1.114922e+00
1.816000	6.367336e-01	1.263410e-01	1.109525e+00	1.205100e-03	3.449746e-03	1.107901e-03	-3.898339e-03	5.013541e-04	-1.447333e-06	-6.340404e-01	-1.302920e-01	-1.110632e+00
1.817000	6.342687e-01	1.260112e-01	1.105263e+00	1.201470e-03	3.435957e-03	1.104369e-03	-3.884756e-03	4.987780e-04	-2.427143e-06	-6.315854e-01	-1.299460e-01	-1.106365e+00
1.818000	6.318176e-01	1.256827e-01	1.101024e+00	1.197852e-03	3.422232e-03	1.100851e-03	-3.871226e-03	4.962158e-04	-3.400433e-06	-6.291442e-01	-1.296012e-01	-1.102122e+00
1.819000	6.293805e-01	1.253557e-01	1.096810e+00	1.194248e-03	3.408570e-03	1.097347e-03	-3.857750e-03	4.936666e-04	-4.366622e-06	-6.267170e-01	-1.292579e-01	-1.097903e+00
1.820000	6.269574e-01	1.250300e-01	1.092620e+00	1.190657e-03	3.394972e-03	1.093857e-03	-3.844328e-03	4.911302e-04	-5.326845e-06	-6.243038e-01	-1.289161e-01	-1.093708e+00
1.821000	6.245477e-01	1.247056e-01	1.088452e+00	1.187078e-03	3.381437e-03	1.090381e-03	-3.830960e-03	4.886070e-04	-6.280432e-06	-6.219038e-01	-1.285757e-01	-1.089537e+00
1.822000	6.221520e-01	1.243826e-01	1.084309e+00	1.183511e-03	3.367964e-03	1.086919e-03	-3.817644e-03	4.860972e-04	-7.227063e-06	-6.195178e-01	-1.282366e-01	-1.085389e+00
1.823000	6.197700e-01	1.240608e-01	1.080190e+00	1.179959e-03	3.354555e-03	1.083470e-03	-3.804384e-03	4.836003e-04	-8.167059e-06	-6.171456e-01	-1.278990e-01	-1.081265e+00
1.824000	6.174015e-01	1.237405e-01	1.076093e+00	1.176418e-03	3.341205e-03	1.080034e-03	-3.791174e-03	4.811169e-04	-9.100593e-06	-6.147867e-01	-1.275629e-01	-1.077164e+00
1.825000	6.150465e-01	1.234215e-01	1.072020e+00	1.172889e-03	3.327919e-03	1.076612e-03	-3.778018e-03	4.786460e-04	-1.002770e-05	-6.124414e-01	-1.272280e-01	-1.073087e+00
1.826000	6.127047e-01	1.231038e-01	1.067970e+00	1.169374e-03	3.314693e-03	1.073203e-03	-3.764914e-03	4.761880e-04	-1.094828e-05	-6.101092e-01	-1.268947e-01	-1.069032e+00
1.827000	6.103761e-01	1.227874e-01	1.063943e+00	1.165870e-03	3.301528e-03	1.069808e-03	-3.751861e-03	4.737425e-04	-1.186258e-05	-6.077901e-01	-1.265626e-01	-1.065001e+00
1.828000	6.080604e-01	1.224723e-01	1.059937e+00	1.162379e-03	3.288424e-03	1.066426e-03	-3.738861e-03	4.713100e-04	-1.277027e-05	-6.054839e-01	-1.262321e-01	-1.060991e+00
1.829000	6.057584e-01	1.221586e-01	1.055956e+00	1.158901e-03	3.275381e-03	1.063057e-03	-3.725912e-03	4.688897e-04	-1.367184e-05	-6.031913e-01	-1.259029e-01	-1.057005e+00
1.830000	6.034691e-01	1.218463e-01	1.051996e+00	1.155435e-03	3.262396e-03	1.059702e-03	-3.713015e-03	4.664816e-04	-1.456737e-05	-6.009116e-01	-1.255752e-01	-1.053041e+00
1.831000	6.011931e-01	1.215352e-01	1.048059e+00	1.151981e-03	3.249472e-03	1.056359e-03	-3.700169e-03	4.640862e-04	-1.545629e-05	-5.986449e-01	-1.252488e-01	-1.049100e+00
1.832000	5.989295e-01	1.212255e-01	1.044144e+00	1.148539e-03	3.236609e-03	1.053029e-03	-3.687374e-03	4.617040e-04	-1.633883e-05	-5.963907e-01	-1.249238e-01	-1.045180e+00
1.833000	5.966788e-01	1.209169e-01	1.040250e+00	1.145109e-03	3.223802e-03	1.049713e-03	-3.674629e-03	4.593335e-04	-1.721524e-05	-5.941493e-01	-1.246001e-01	-1.041283e+00
1.834000	5.944413e-01	1.206099e-01	1.036380e+00	1.141692e-03	3.211055e-03	1.046409e-03	-3.661935e-03	4.569749e-04	-1.808576e-05	-5.919211e-01	-1.242779e-01	-1.037408e+00
1.835000	5.922165e-01	1.203041e-01	1.032531e+00	1.138286e-03	3.198366e-03	1.043117e-03	-3.649290e-03	4.546292e-04	-1.894985e-05	-5.897055e-01	-1.239571e-01	-1.033555e+00
1.836000	5.900038e-01	1.199996e-01	1.028703e+00	1.134892e-03	3.185736e-03	1.039839e-03	-3.636696e-03	4.522954e-04	-1.980778e-05	-5.875021e-01	-1.236377e-01	-1.029724e+00
1.837000	5.878040e-01	1.196964e-01	1.024898e+00	1.131510e-03	3.173164e-03	1.036573e-03	-3.624153e-03	4.499730e-04	-2.066011e-05	-5.853113e-01	-1.233195e-01	-1.025914e+00
1.838000	5.856166e-01	1.193946e-01	1.021114e+00	1.128140e-03	3.160649e-03	1.033321e-03	-3.611658e-03	4.476636e-04	-2.150581e-05	-5.831332e-01	-1.230029e-01	-1.022125e+00
1.839000	5.834417e-01	1.190940e-01	1.017351e+00	1.124782e-03	3.148191e-03	1.030080e-03	-3.599213e-03	4.453658e-04	-2.234569e-05	-5.809672e-01	-1.226875e-01	-1.018359e+00
1.840000	5.812789e-01	1.187948e-01	1.013609e+00	1.121436e-03	3.135790e-03	1.026852e-03	-3.586816e-03	4.430795e-04	-2.317983e-05	-5.788136e-01	-1.223737e-01	-1.014613e+00
1.841000	5.791285e-01	1.184969e-01	1.009889e+00	1.118101e-03	3.123446e-03	1.023637e-03	-3.574469e-03	4.408056e-04	-2.400769e-05	-5.766721e-01	-1.220611e-01	-1.010889e+00
1.842000	5.769904e-01	1.182001e-01	1.006190e+00	1.114777e-03	3.111158e-03	1.020433e-03	-3.562171e-03	4.385437e-04	-2.482955e-05	-5.745430e-01	-1.217498e-01	-1.007185e+00
1.843000	5.748643e-01	1.179048e-01	1.002511e+00	1.111466e-03	3.098928e-03	1.017243e-03	-3.549920e-03	4.362919e-04	-2.564624e-05	-5.724258e-01	-1.214400e-01	-1.003503e+00
1.844000	5.727503e-01	1.176106e-01	9.988534e-01	1.108166e-03	3.086752e-03	1.014065e-03	-3.537719e-03	4.340533e-04	-2.645623e-05	-5.703207e-01	-1.211314e-01	-9.998410e-01
1.845000	5.706483e-01	1.173178e-01	9.952164e-01	1.104877e-03	3.074631e-03	1.010898e-03	-3.525565e-03	4.318260e-04	-2.726077e-05	-5.682276e-01	-1.208242e-01	-9.962001e-01
1.846000	5.685580e-01	1.170261e-01	9.915997e-01	1.101600e-03	3.062566e-03	1.007744e-03	-3.513459e-03	4.296101e-04	-2.805941e-05	-5.661461e-01	-1.205183e-01	-9.925795e-01
1.847000	5.664796e-01	1.167359e-01	9.880036e-01	1.098334e-03	3.050557e-03	1.004602e-03	-3.501401e-03	4.274052e-04	-2.885249e-05	-5.640765e-01	-1.202138e-01	-9.889793e-01
1.848000	5.644129e-01	1.164467e-01	9.844274e-01	1.095081e-03	3.038600e-03	1.001472e-03	-3.489390e-03	4.252118e-04	-2.963989e-05	-5.620186e-01	-1.199105e-01	-9.853992e-01
1.849000	5.623574e-01	1.161589e-01	9.808707e-01	1.091837e-03	3.026699e-03	9.983538e-04	-3.477426e-03	4.230299e-04	-3.042139e-05	-5.599719e-01	-1.196086e-01	-9.818386e-01
1.850000	5.603145e-01	1.158723e-01	9.773356e-01	1.088605e-03	3.014852e-03	9.952476e-04	-3.465509e-03	4.208593e-04	-3.119724e-05	-5.579376e-01	-1.193081e-01	-9.782996e-01
1.851000	5.582824e-01	1.155870e-01	9.738193e-01	1.085384e-03	3.003057e-03	9.921531e-04	-3.453639e-03	4.187000e-04	-3.196744e-05	-5.559142e-01	-1.190088e-01	-9.747794e-01
1.852000	5.562619e-01	1.153029e-01	9.703227e-01	1.082174e-03	2.991317e-03	9.890704e-04	-3.441815e-03	4.165517e-04	-3.273212e-05	-5.539022e-01	-1.187108e-01	-9.712791e-01
1.853000	5.542529e-01	1.150201e-01	9.668462e-01	1.078976e-03	2.979630e-03	9.859996e-04	-3.430038e-03	4.144151e-04	-3.349106e-05	-5.519018e-01	-1.184142e-01	-9.677987e-01
1.854000	5.522550e-01	1.147384e-01	9.633888e-01	1.075789e-03	2.967996e-03	9.829403e-04	-3.418307e-03	4.122885e-04	-3.424467e-05	-5.499125e-01	-1.181187e-01	-9.643375e-01
1.855000	5.502684e-01	1.144581e-01	9.599510e-01	1.072612e-03	2.956416e-03	9.798930e-04	-3.406622e-03	4.101736e-04	-3.499252e-05	-5.479344e-01	-1.178247e-01	-9.608959e-01
1.856000	5.482928e-01	1.141789e-01	9.565321e-01	1.069447e-03	2.944885e-03	9.768569e-04	-3.394981e-03	4.080686e-04	-3.573540e-05	-5.459673e-01	-1.175318e-01	-9.574732e-01
1.857000	5.463282e-01	1.139009e-01	9.531321e-01	1.066293e-03	2.933410e-03	9.738328e-04	-3.383388e-03	4.059748e-04	-3.647266e-05	-5.440111e-01	-1.172403e-01	-9.540694e-01
1.858000	5.443753e-01	1.136242e-01	9.497521e-01	1.063149e-03	2.921984e-03	9.708197e-04	-3.371839e-03	4.038925e-04	-3.720418e-05	-5.420666e-01	-1.169501e-01	-9.506857e-01
1.859000	5.424331e-01	1.133488e-01	9.463907e-01	1.060016e-03	2.910611e-03	9.678183e-04	-3.360336e-03	4.018206e-04	-3.793061e-05	-5.401328e-01	-1.166612e-01	-9.473206e-01
1.860000	5.405019e-01	1.130744e-01	9.430482e-01	1.056894e-03	2.899290e-03	9.648283e-04	-3.348878e-03	3.997592e-04	-3.865152e-05	-5.382099e-01	-1.163735e-01	-9.439744e-01
1.861000	5.385811e-01	1.128013e-01	9.397239e-01	1.053783e-03	2.888018e-03	9.618493e-04	-3.337463e-03	3.977084e-04	-3.936718e-05	-5.362974e-01	-1.160871e-01	-9.406464e-01
1.862000	5.366715e-01	1.125294e-01	9.364186e-01	1.050682e-03	2.876797e-03	9.588816e-04	-3.326094e-03	3.956680e-04	-4.007760e-05	-5.343961e-01	-1.158019e-01	-9.373374e-01
1.863000	5.347723e-01	1.122587e-01	9.331316e-01	1.047592e-03	2.865628e-03	9.559251e-04	-3.314769e-03	3.936385e-04	-4.078259e-05	-5.325051e-01	-1.155180e-01	-9.340467e-01
1.864000	5.328838e-01	1.119893e-01	9.298627e-01	1.044513e-03	2.854508e-03	9.529797e-04	-3.303488e-03	3.916192e-04	-4.148256e-05	-5.306248e-01	-1.152354e-01	-9.307743e-01
1.865000	5.310057e-01	1.117209e-01	9.266118e-01	1.041444e-03	2.843439e-03	9.500455e-04	-3.292250e-03	3.896097e-04	-4.217750e-05	-5.287549e-01	-1.149540e-01	-9.275197e-01
1.866000	5.291384e-01	1.114539e-01	9.233794e-01	1.038385e-03	2.832418e-03	9.471219e-04	-3.281056e-03	3.876115e-04	-4.286665e-05	-5.268957e-01	-1.146739e-01	-9.242837e-01
1.867000	5.272813e-01	1.111880e-01	9.201649e-01	1.035337e-03	2.821448e-03	9.442096e-04	-3.269906e-03	3.856231e-04	-4.355103e-05	-5.250468e-01	-1.143951e-01	-9.210656e-01
1.868000	5.254342e-01	1.109233e-01	9.169675e-01	1.032300e-03	2.810527e-03	9.413083e-04	-3.258800e-03	3.836450e-04	-4.423026e-05	-5.232077e-01	-1.141175e-01	-9.178646e-01
1.869000	5.235981e-01	1.106598e-01	9.137891e-01	1.029273e-03	2.799656e-03	9.384180e-04	-3.247736e-03	3.816769e-04	-4.490439e-05	-5.213796e-01	-1.138411e-01	-9.146826e-01
1.870000	5.217716e-01	1.103974e-01	9.106274e-01	1.026255e-03	2.788832e-03	9.355380e-04	-3.236715e-03	3.797195e-04	-4.557334e-05	-5.195612e-01	-1.135660e-01	-9.115174e-01
1.871000	5.199558e-01	1.101362e-01	9.074838e-01	1.023250e-03	2.778057e-03	9.326691e-04	-3.225739e-03	3.777717e-04	-4.623731e-05	-5.177533e-01	-1.132920e-01	-9.083703e-01
1.872000	5.181496e-01	1.098761e-01	9.043571e-01	1.020253e-03	2.767331e-03	9.298112e-04	-3.214804e-03	3.758340e-04	-4.689631e-05	-5.159550e-01	-1.130193e-01	-9.052401e-01
1.873000	5.163534e-01	1.096171e-01	9.012476e-01	1.017267e-03	2.756652e-03	9.269633e-04	-3.203910e-03	3.739061e-04	-4.755022e-05	-5.141668e-01	-1.127476e-01	-9.021270e-01
1.874000	5.145674e-01	1.093593e-01	8.981558e-01	1.014290e-03	2.746021e-03	9.241262e-04	-3.193060e-03	3.719884e-04	-4.819929e-05	-5.123887e-01	-1.124773e-01	-8.990317e-01
1.875000	5.127914e-01	1.091026e-01	8.950809e-01	1.011324e-03	2.735437e-03	9.212998e-04	-3.182251e-03	3.700806e-04	-4.884330e-05	-5.106205e-01	-1.122081e-01	-8.959534e-01
1.876000	5.110252e-01	1.088471e-01	8.920232e-01	1.008369e-03	2.724900e-03	9.184839e-04	-3.171484e-03	3.681823e-04	-4.948248e-05	-5.088621e-01	-1.119402e-01	-8.928922e-01
1.877000	5.092687e-01	1.085926e-01	8.889822e-01	1.005423e-03	2.714412e-03	9.156787e-04	-3.160759e-03	3.662937e-04	-5.011688e-05	-5.071133e-01	-1.116734e-01	-8.898478e-01
1.878000	5.075220e-01	1.083394e-01	8.859580e-01	1.002487e-03	2.703970e-03	9.128839e-04	-3.150076e-03	3.644144e-04	-5.074637e-05	-5.053744e-01	-1.114077e-01	-8.868201e-01
1.879000	5.057849e-01	1.080871e-01	8.829504e-01	9.995609e-04	2.693573e-03	9.100990e-04	-3.139433e-03	3.625457e-04	-5.137100e-05	-5.036450e-01	-1.111433e-01	-8.838091e-01
1.880000	5.040574e-01	1.078362e-01	8.799595e-01	9.966452e-04	2.683223e-03	9.073248e-04	-3.128832e-03	3.606858e-04	-5.199097e-05	-5.019252e-01	-1.108801e-01	-8.808149e-01
1.881000	5.023392e-01	1.075862e-01	8.769848e-01	9.937382e-04	2.672920e-03	9.045607e-04	-3.118271e-03	3.588364e-04	-5.260573e-05	-5.002148e-01	-1.106179e-01	-8.778367e-01
1.882000	5.006307e-01	1.073374e-01	8.740265e-01	9.908419e-04	2.662662e-03	9.018069e-04	-3.107752e-03	3.569960e-04	-5.321615e-05	-4.985138e-01	-1.103571e-01	-8.748751e-01
1.883000	4.989315e-01	1.070898e-01	8.710843e-01	9.879557e-04	2.652451e-03	8.990635e-04	-3.097274e-03	3.551647e-04	-5.382189e-05	-4.968222e-01	-1.100974e-01	-8.719296e-01
1.884000	4.972417e-01	1.068432e-01	8.681585e-01	9.850785e-04	2.642284e-03	8.963300e-04	-3.086836e-03	3.533437e-04	-5.442242e-05	-4.951400e-01	-1.098388e-01	-8.690004e-01
1.885000	4.955609e-01	1.065976e-01	8.652480e-01	9.822121e-04	2.632163e-03	8.936067e-04	-3.076439e-03	3.515314e-04	-5.501890e-05	-4.934666e-01	-1.095813e-01	-8.660865e-01
1.886000	4.938895e-01	1.063532e-01	8.623540e-01	9.793552e-04	2.622087e-03	8.908937e-04	-3.066082e-03	3.497280e-04	-5.561073e-05	-4.918028e-01	-1.093250e-01	-8.631893e-01
1.887000	4.922273e-01	1.061099e-01	8.594756e-01	9.765074e-04	2.612054e-03	8.881902e-04	-3.055764e-03	3.479344e-04	-5.619778e-05	-4.901480e-01	-1.090698e-01	-8.603076e-01
1.888000	4.905741e-01	1.058675e-01	8.566130e-01	9.736688e-04	2.602067e-03	8.854970e-04	-3.045484e-03	3.461497e-04	-5.678021e-05	-4.885023e-01	-1.088157e-01	-8.574417e-01
1.889000	4.889301e-01	1.056263e-01	8.537663e-01	9.708405e-04	2.592123e-03	8.828135e-04	-3.035247e-03	3.443749e-04	-5.735792e-05	-4.868657e-01	-1.085628e-01	-8.545917e-01
1.890000	4.872949e-01	1.053862e-01	8.509345e-01	9.680215e-04	2.582225e-03	8.801401e-04	-3.025048e-03	3.426086e-04	-5.793129e-05	-4.852379e-01	-1.083110e-01	-8.517568e-01
1.891000	4.856688e-01	1.051472e-01	8.481187e-01	9.652117e-04	2.572369e-03	8.774763e-04	-3.014888e-03	3.408513e-04	-5.850021e-05	-4.836191e-01	-1.080604e-01	-8.489377e-01
1.892000	4.840514e-01	1.049091e-01	8.453178e-01	9.624115e-04	2.562557e-03	8.748224e-04	-3.004767e-03	3.391028e-04	-5.906477e-05	-4.820090e-01	-1.078108e-01	-8.461335e-01
1.893000	4.824429e-01	1.046721e-01	8.425322e-01	9.596210e-04	2.552788e-03	8.721779e-04	-2.994685e-03	3.373635e-04	-5.962467e-05	-4.804078e-01	-1.075623e-01	-8.433447e-01
1.894000	4.808430e-01	1.044361e-01	8.397616e-01	9.568389e-04	2.543063e-03	8.695434e-04	-2.984641e-03	3.356336e-04	-6.017991e-05	-4.788152e-01	-1.073148e-01	-8.405710e-01
1.895000	4.792518e-01	1.042012e-01	8.370060e-01	9.540670e-04	2.533381e-03	8.669185e-04	-2.974637e-03	3.339124e-04	-6.073102e-05	-4.772313e-01	-1.070685e-01	-8.378122e-01
1.896000	4.776692e-01	1.039674e-01	8.342652e-01	9.513043e-04	2.523742e-03	8.643032e-04	-2.964671e-03	3.321994e-04	-6.127777e-05	-4.756559e-01	-1.068234e-01	-8.350682e-01
1.897000	4.760953e-01	1.037346e-01	8.315394e-01	9.485505e-04	2.514144e-03	8.616974e-04	-2.954741e-03	3.304949e-04	-6.182026e-05	-4.740891e-01	-1.065792e-01	-8.323392e-01
1.898000	4.745294e-01	1.035028e-01	8.288277e-01	9.458057e-04	2.504589e-03	8.591010e-04	-2.944851e-03	3.288003e-04	-6.235813e-05	-4.725304e-01	-1.063362e-01	-8.296244e-01
1.899000	4.729723e-01	1.032720e-01	8.261309e-01	9.430705e-04	2.495076e-03	8.565139e-04	-2.934998e-03	3.271134e-04	-6.289178e-05	-4.709804e-01	-1.060942e-01	-8.269246e-01
1.900000	4.714236e-01	1.030422e-01	8.234487e-01	9.403442e-04	2.485604e-03	8.539364e-04	-2.925183e-03	3.254353e-04	-6.342135e-05	-4.694388e-01	-1.058533e-01	-8.242393e-01
1.901000	4.698832e-01	1.028134e-01	8.207809e-01	9.376263e-04	2.476174e-03	8.513682e-04	-2.915404e-03	3.237661e-04	-6.394621e-05	-4.679055e-01	-1.056134e-01	-8.215684e-01
1.902000	4.683512e-01	1.025857e-01	8.181275e-01	9.349185e-04	2.466787e-03	8.488096e-04	-2.905664e-03	3.221050e-04	-6.446723e-05	-4.663804e-01	-1.053746e-01	-8.189119e-01
1.903000	4.668275e-01	1.023589e-01	8.154885e-01	9.322186e-04	2.457440e-03	8.462600e-04	-2.895961e-03	3.204535e-04	-6.498356e-05	-4.648638e-01	-1.051368e-01	-8.162698e-01
1.904000	4.653120e-01	1.021332e-01	8.128636e-01	9.295291e-04	2.448133e-03	8.437196e-04	-2.886295e-03	3.188086e-04	-6.549642e-05	-4.633552e-01	-1.049001e-01	-8.136418e-01
1.905000	4.638048e-01	1.019086e-01	8.102530e-01	9.268475e-04	2.438869e-03	8.411887e-04	-2.876665e-03	3.171734e-04	-6.600484e-05	-4.618549e-01	-1.046646e-01	-8.110282e-01
1.906000	4.623055e-01	1.016849e-01	8.076562e-01	9.241750e-04	2.429645e-03	8.386670e-04	-2.867073e-03	3.155463e-04	-6.650909e-05	-4.603626e-01	-1.044301e-01	-8.084283e-01
1.907000	4.608140e-01	1.014622e-01	8.050728e-01	9.215114e-04	2.420460e-03	8.361541e-04	-2.857516e-03	3.139272e-04	-6.700927e-05	-4.588780e-01	-1.041965e-01	-8.058420e-01
1.908000	4.593310e-01	1.012404e-01	8.025041e-01	9.188568e-04	2.411317e-03	8.336505e-04	-2.847997e-03	3.123165e-04	-6.750523e-05	-4.574019e-01	-1.039641e-01	-8.032703e-01
1.909000	4.578556e-01	1.010196e-01	7.999484e-01	9.162104e-04	2.402212e-03	8.311557e-04	-2.838513e-03	3.107148e-04	-6.799694e-05	-4.559332e-01	-1.037326e-01	-8.007116e-01
1.910000	4.563882e-01	1.007998e-01	7.974067e-01	9.135730e-04	2.393148e-03	8.286700e-04	-2.829066e-03	3.091207e-04	-6.848472e-05	-4.544727e-01	-1.035021e-01	-7.981669e-01
1.911000	4.549286e-01	1.005809e-01	7.948784e-01	9.109443e-04	2.384123e-03	8.261932e-04	-2.819654e-03	3.075348e-04	-6.896860e-05	-4.530199e-01	-1.032726e-01	-7.956356e-01
1.912000	4.534766e-01	1.003631e-01	7.923633e-01	9.083253e-04	2.375138e-03	8.237255e-04	-2.810278e-03	3.059560e-04	-6.944904e-05	-4.515747e-01	-1.030442e-01	-7.931176e-01
1.913000	4.520326e-01	1.001462e-01	7.898619e-01	9.057132e-04	2.366191e-03	8.212663e-04	-2.800937e-03	3.043865e-04	-6.992469e-05	-4.501374e-01	-1.028168e-01	-7.906133e-01
1.914000	4.505961e-01	9.993034e-02	7.873735e-01	9.031107e-04	2.357284e-03	8.188162e-04	-2.791633e-03	3.028247e-04	-7.039669e-05	-4.487076e-01	-1.025904e-01	-7.881219e-01
1.915000	4.491673e-01	9.971528e-02	7.848983e-01	9.005170e-04	2.348416e-03	8.163752e-04	-2.782364e-03	3.012707e-04	-7.086480e-05	-4.472854e-01	-1.023650e-01	-7.856438e-01
1.916000	4.477462e-01	9.950128e-02	7.824367e-01	8.979313e-04	2.339587e-03	8.139426e-04	-2.773129e-03	2.997245e-04	-7.132892e-05	-4.458711e-01	-1.021406e-01	-7.831792e-01
1.917000	4.463326e-01	9.928808e-02	7.799877e-01	8.953545e-04	2.330796e-03	8.115189e-04	-2.763930e-03	2.981865e-04	-7.178908e-05	-4.444640e-01	-1.019171e-01	-7.807274e-01
1.918000	4.449263e-01	9.907594e-02	7.775516e-01	8.927851e-04	2.322042e-03	8.091037e-04	-2.754765e-03	2.966567e-04	-7.224522e-05	-4.430644e-01	-1.016946e-01	-7.782884e-01
1.919000	4.435277e-01	9.886481e-02	7.751285e-01	8.902260e-04	2.313328e-03	8.066974e-04	-2.745635e-03	2.951336e-04	-7.269823e-05	-4.416723e-01	-1.014733e-01	-7.758626e-01
1.920000	4.421364e-01	9.865452e-02	7.727183e-01	8.876736e-04	2.304651e-03	8.042996e-04	-2.736539e-03	2.936192e-04	-7.314666e-05	-4.402876e-01	-1.012528e-01	-7.734495e-01
1.921000	4.407522e-01	9.844512e-02	7.703202e-01	8.851307e-04	2.296012e-03	8.019104e-04	-2.727478e-03	2.921119e-04	-7.359180e-05	-4.389099e-01	-1.010332e-01	-7.710485e-01
1.922000	4.393757e-01	9.823665e-02	7.679356e-01	8.825957e-04	2.287409e-03	7.995293e-04	-2.718451e-03	2.906125e-04	-7.403301e-05	-4.375399e-01	-1.008147e-01	-7.686611e-01
1.923000	4.380063e-01	9.802911e-02	7.655630e-01	8.800686e-04	2.278845e-03	7.971571e-04	-2.709459e-03	2.891211e-04	-7.447030e-05	-4.361769e-01	-1.005971e-01	-7.662857e-01
1.924000	4.366439e-01	9.782241e-02	7.632027e-01	8.775504e-04	2.270319e-03	7.947937e-04	-2.700501e-03	2.876370e-04	-7.490400e-05	-4.348210e-01	-1.003804e-01	-7.639226e-01
1.925000	4.352892e-01	9.761678e-02	7.608555e-01	8.750407e-04	2.261829e-03	7.924386e-04	-2.691576e-03	2.861602e-04	-7.533419e-05	-4.334727e-01	-1.001648e-01	-7.615726e-01
1.926000	4.339412e-01	9.741201e-02	7.585200e-01	8.725389e-04	2.253375e-03	7.900916e-04	-2.682685e-03	2.846911e-04	-7.576050e-05	-4.321310e-01	-9.995008e-02	-7.592344e-01
1.927000	4.326000e-01	9.720799e-02	7.561963e-01	8.700456e-04	2.244958e-03	7.877534e-04	-2.673828e-03	2.832293e-04	-7.618344e-05	-4.307962e-01	-9.973618e-02	-7.569079e-01
1.928000	4.312661e-01	9.700499e-02	7.538853e-01	8.675593e-04	2.236578e-03	7.854230e-04	-2.665002e-03	2.817756e-04	-7.660210e-05	-4.294687e-01	-9.952334e-02	-7.545941e-01
1.929000	4.299396e-01	9.680285e-02	7.515869e-01	8.650820e-04	2.228234e-03	7.831012e-04	-2.656212e-03	2.803290e-04	-7.701761e-05	-4.281485e-01	-9.931141e-02	-7.522929e-01
1.930000	4.286196e-01	9.660161e-02	7.492997e-01	8.626129e-04	2.219927e-03	7.807879e-04	-2.647455e-03	2.788894e-04	-7.742958e-05	-4.268347e-01	-9.910043e-02	-7.500031e-01
1.931000	4.273066e-01	9.640119e-02	7.470247e-01	8.601517e-04	2.211654e-03	7.784823e-04	-2.638730e-03	2.774574e-04	-7.783761e-05	-4.255280e-01	-9.889031e-02	-7.477253e-01
1.932000	4.260000e-01	9.620161e-02	7.447609e-01	8.576982e-04	2.203417e-03	7.761850e-04	-2.630037e-03	2.760322e-04	-7.824250e-05	-4.242277e-01	-9.868106e-02	-7.454588e-01
1.933000	4.247008e-01	9.600307e-02	7.425097e-01	8.552527e-04	2.195217e-03	7.738958e-04	-2.621377e-03	2.746149e-04	-7.864347e-05	-4.229347e-01	-9.847291e-02	-7.432050e-01
1.934000	4.234082e-01	9.580527e-02	7.402700e-01	8.528155e-04	2.187050e-03	7.716146e-04	-2.612751e-03	2.732047e-04	-7.904111e-05	-4.216483e-01	-9.826554e-02	-7.409626e-01
1.935000	4.221219e-01	9.560835e-02	7.380411e-01	8.503864e-04	2.178921e-03	7.693420e-04	-2.604156e-03	2.718013e-04	-7.943541e-05	-4.203681e-01	-9.805907e-02	-7.387310e-01
1.936000	4.208427e-01	9.541230e-02	7.358246e-01	8.479645e-04	2.170826e-03	7.670769e-04	-2.595594e-03	2.704057e-04	-7.982590e-05	-4.190950e-01	-9.785353e-02	-7.365118e-01
1.937000	4.195701e-01	9.521713e-02	7.336193e-01	8.455508e-04	2.162764e-03	7.648199e-04	-2.587064e-03	2.690167e-04	-8.021307e-05	-4.178286e-01	-9.764891e-02	-7.343040e-01
1.938000	4.183039e-01	9.502282e-02	7.314252e-01	8.431454e-04	2.154739e-03	7.625710e-04	-2.578566e-03	2.676345e-04	-8.059703e-05	-4.165685e-01	-9.744520e-02	-7.321072e-01
1.939000	4.170443e-01	9.482928e-02	7.292425e-01	8.407471e-04	2.146747e-03	7.603298e-04	-2.570099e-03	2.662599e-04	-8.097725e-05	-4.153149e-01	-9.724229e-02	-7.299218e-01
1.940000	4.157913e-01	9.463669e-02	7.270710e-01	8.383569e-04	2.138789e-03	7.580962e-04	-2.561665e-03	2.648922e-04	-8.135405e-05	-4.140680e-01	-9.704036e-02	-7.277477e-01
1.941000	4.145446e-01	9.444482e-02	7.249106e-01	8.359742e-04	2.130866e-03	7.558708e-04	-2.553261e-03	2.635311e-04	-8.172766e-05	-4.128273e-01	-9.683921e-02	-7.255848e-01
1.942000	4.133044e-01	9.425386e-02	7.227616e-01	8.335992e-04	2.122977e-03	7.536534e-04	-2.544889e-03	2.621772e-04	-8.209786e-05	-4.115932e-01	-9.663902e-02	-7.234331e-01
1.943000	4.120703e-01	9.406369e-02	7.206229e-01	8.312320e-04	2.115121e-03	7.514434e-04	-2.536549e-03	2.608302e-04	-8.246463e-05	-4.103650e-01	-9.643964e-02	-7.212919e-01
1.944000	4.108429e-01	9.387434e-02	7.184958e-01	8.288728e-04	2.107298e-03	7.492412e-04	-2.528240e-03	2.594895e-04	-8.282813e-05	-4.091436e-01	-9.624112e-02	-7.191622e-01
1.945000	4.096215e-01	9.368584e-02	7.163790e-01	8.265214e-04	2.099510e-03	7.470470e-04	-2.519962e-03	2.581559e-04	-8.318864e-05	-4.079281e-01	-9.604350e-02	-7.170429e-01
1.946000	4.084065e-01	9.349810e-02	7.142733e-01	8.241766e-04	2.091755e-03	7.448603e-04	-2.511715e-03	2.568295e-04	-8.354540e-05	-4.067189e-01	-9.584668e-02	-7.149346e-01
1.947000	4.071979e-01	9.331127e-02	7.121788e-01	8.218401e-04	2.084033e-03	7.426812e-04	-2.503498e-03	2.555091e-04	-8.389915e-05	-4.055162e-01	-9.565081e-02	-7.128376e-01
1.948000	4.059951e-01	9.312520e-02	7.100944e-01	8.195108e-04	2.076345e-03	7.405100e-04	-2.495312e-03	2.541961e-04	-8.424951e-05	-4.043193e-01	-9.545574e-02	-7.107506e-01
1.949000	4.047986e-01	9.293994e-02	7.080207e-01	8.171888e-04	2.068688e-03	7.383460e-04	-2.487156e-03	2.528894e-04	-8.459680e-05	-4.031287e-01	-9.526151e-02	-7.086745e-01
1.950000	4.036083e-01	9.275551e-02	7.059577e-01	8.148750e-04	2.061065e-03	7.361900e-04	-2.479032e-03	2.515895e-04	-8.494081e-05	-4.019441e-01	-9.506817e-02	-7.066089e-01
1.951000	4.024241e-01	9.257185e-02	7.039054e-01	8.125685e-04	2.053473e-03	7.340410e-04	-2.470937e-03	2.502955e-04	-8.528179e-05	-4.007657e-01	-9.487563e-02	-7.045541e-01
1.952000	4.012456e-01	9.238894e-02	7.018629e-01	8.102685e-04	2.045915e-03	7.318998e-04	-2.462873e-03	2.490095e-04	-8.561919e-05	-3.995930e-01	-9.468387e-02	-7.025092e-01
1.953000	4.000734e-01	9.220690e-02	6.998311e-01	8.079764e-04	2.038388e-03	7.297657e-04	-2.454837e-03	2.477292e-04	-8.595365e-05	-3.984265e-01	-9.449301e-02	-7.004749e-01
1.954000	3.989072e-01	9.202565e-02	6.978098e-01	8.056920e-04	2.030894e-03	7.276395e-04	-2.446833e-03	2.464553e-04	-8.628506e-05	-3.972660e-01	-9.430300e-02	-6.984512e-01
1.955000	3.977470e-01	9.184523e-02	6.957989e-01	8.034150e-04	2.023431e-03	7.255203e-04	-2.438858e-03	2.451879e-04	-8.661338e-05	-3.961115e-01	-9.411385e-02	-6.964378e-01
1.956000	3.965923e-01	9.166543e-02	6.937976e-01	8.011452e-04	2.016000e-03	7.234088e-04	-2.430913e-03	2.439262e-04	-8.693896e-05	-3.949626e-01	-9.392536e-02	-6.944340e-01
1.957000	3.954437e-01	9.148649e-02	6.918067e-01	7.988823e-04	2.008601e-03	7.213044e-04	-2.422997e-03	2.426720e-04	-8.726100e-05	-3.938196e-01	-9.373777e-02	-6.924407e-01
1.958000	3.943009e-01	9.130841e-02	6.898258e-01	7.966268e-04	2.001233e-03	7.192075e-04	-2.415110e-03	2.414237e-04	-8.758003e-05	-3.926824e-01	-9.355108e-02	-6.904575e-01
1.959000	3.931638e-01	9.113100e-02	6.878548e-01	7.943785e-04	1.993897e-03	7.171177e-04	-2.407253e-03	2.401820e-04	-8.789593e-05	-3.915509e-01	-9.336509e-02	-6.884841e-01
1.960000	3.920324e-01	9.095438e-02	6.858937e-01	7.921379e-04	1.986590e-03	7.150351e-04	-2.399425e-03	2.389464e-04	-8.820900e-05	-3.904251e-01	-9.317992e-02	-6.865205e-01
1.961000	3.909068e-01	9.077848e-02	6.839427e-01	7.899042e-04	1.979317e-03	7.129599e-04	-2.391627e-03	2.377169e-04	-8.851913e-05	-3.893051e-01	-9.299551e-02	-6.845671e-01
1.962000	3.897866e-01	9.060333e-02	6.820008e-01	7.876772e-04	1.972072e-03	7.108915e-04	-2.383856e-03	2.364940e-04	-8.882603e-05	-3.881904e-01	-9.281190e-02	-6.826228e-01
1.963000	3.886720e-01	9.042898e-02	6.800688e-01	7.854577e-04	1.964860e-03	7.088308e-04	-2.376115e-03	2.352769e-04	-8.913016e-05	-3.870813e-01	-9.262912e-02	-6.806884e-01
1.964000	3.875631e-01	9.025532e-02	6.781466e-01	7.832450e-04	1.957677e-03	7.067765e-04	-2.368402e-03	2.340667e-04	-8.943107e-05	-3.859779e-01	-9.244706e-02	-6.787640e-01
1.965000	3.864597e-01	9.008244e-02	6.762340e-01	7.810399e-04	1.950525e-03	7.047299e-04	-2.360718e-03	2.328615e-04	-8.972952e-05	-3.848800e-01	-9.226582e-02	-6.768490e-01
1.966000	3.853619e-01	8.991020e-02	6.743309e-01	7.788413e-04	1.943403e-03	7.026900e-04	-2.353062e-03	2.316633e-04	-9.002461e-05	-3.837877e-01	-9.208526e-02	-6.749436e-01
1.967000	3.842698e-01	8.973886e-02	6.724378e-01	7.766498e-04	1.936310e-03	7.006570e-04	-2.345435e-03	2.304711e-04	-9.031690e-05	-3.827010e-01	-9.190564e-02	-6.730481e-01
1.968000	3.831830e-01	8.956825e-02	6.705538e-01	7.744663e-04	1.929248e-03	6.986315e-04	-2.337836e-03	2.292839e-04	-9.060686e-05	-3.816196e-01	-9.172679e-02	-6.711618e-01
1.969000	3.821012e-01	8.939820e-02	6.686786e-01	7.722883e-04	1.922216e-03	6.966128e-04	-2.330264e-03	2.281038e-04	-9.089336e-05	-3.805432e-01	-9.154852e-02	-6.692843e-01
1.970000	3.810250e-01	8.922895e-02	6.668130e-01	7.701177e-04	1.915213e-03	6.946007e-04	-2.322721e-03	2.269298e-04	-9.117680e-05	-3.794724e-01	-9.137110e-02	-6.674164e-01
1.971000	3.799544e-01	8.906055e-02	6.649569e-01	7.679542e-04	1.908241e-03	6.925961e-04	-2.315206e-03	2.257612e-04	-9.145794e-05	-3.784071e-01	-9.119456e-02	-6.655580e-01
1.972000	3.788888e-01	8.889274e-02	6.631097e-01	7.657976e-04	1.901297e-03	6.905979e-04	-2.307718e-03	2.245987e-04	-9.173618e-05	-3.773469e-01	-9.101863e-02	-6.637086e-01
1.973000	3.778287e-01	8.872572e-02	6.612719e-01	7.636480e-04	1.894383e-03	6.886067e-04	-2.300259e-03	2.234420e-04	-9.201150e-05	-3.762921e-01	-9.084354e-02	-6.618685e-01
1.974000	3.767738e-01	8.855929e-02	6.594431e-01	7.615050e-04	1.887497e-03	6.866224e-04	-2.292826e-03	2.222912e-04	-9.228417e-05	-3.752424e-01	-9.066908e-02	-6.600374e-01
1.975000	3.757240e-01	8.839367e-02	6.576232e-01	7.593695e-04	1.880642e-03	6.846450e-04	-2.285422e-03	2.211459e-04	-9.255411e-05	-3.741980e-01	-9.049545e-02	-6.582153e-01
1.976000	3.746796e-01	8.822880e-02	6.558124e-01	7.572398e-04	1.873814e-03	6.826743e-04	-2.278044e-03	2.200069e-04	-9.282114e-05	-3.731588e-01	-9.032262e-02	-6.564023e-01
1.977000	3.736403e-01	8.806455e-02	6.540107e-01	7.551180e-04	1.867015e-03	6.807104e-04	-2.270695e-03	2.188737e-04	-9.308555e-05	-3.721247e-01	-9.015044e-02	-6.545983e-01
1.978000	3.726059e-01	8.790103e-02	6.522173e-01	7.530020e-04	1.860244e-03	6.787526e-04	-2.263371e-03	2.177460e-04	-9.334725e-05	-3.710955e-01	-8.997902e-02	-6.528026e-01
1.979000	3.715768e-01	8.773816e-02	6.504331e-01	7.508932e-04	1.853503e-03	6.768024e-04	-2.256075e-03	2.166241e-04	-9.360616e-05	-3.700716e-01	-8.980829e-02	-6.510163e-01
1.980000	3.705527e-01	8.757602e-02	6.486576e-01	7.487907e-04	1.846789e-03	6.748583e-04	-2.248805e-03	2.155077e-04	-9.386256e-05	-3.690527e-01	-8.963832e-02	-6.492386e-01
1.981000	3.695337e-01	8.741461e-02	6.468909e-01	7.466952e-04	1.840103e-03	6.729210e-04	-2.241563e-03	2.143970e-04	-9.411620e-05	-3.680388e-01	-8.946911e-02	-6.474697e-01
1.982000	3.685195e-01	8.725380e-02	6.451325e-01	7.446061e-04	1.833446e-03	6.709904e-04	-2.234346e-03	2.132917e-04	-9.436725e-05	-3.670298e-01	-8.930054e-02	-6.457092e-01
1.983000	3.675102e-01	8.709370e-02	6.433827e-01	7.425235e-04	1.826816e-03	6.690663e-04	-2.227156e-03	2.121923e-04	-9.461568e-05	-3.660256e-01	-8.913271e-02	-6.439571e-01
1.984000	3.665062e-01	8.693437e-02	6.416419e-01	7.404474e-04	1.820214e-03	6.671485e-04	-2.219992e-03	2.110985e-04	-9.486140e-05	-3.650267e-01	-8.896568e-02	-6.422142e-01
1.985000	3.655068e-01	8.677556e-02	6.399090e-01	7.383781e-04	1.813639e-03	6.652373e-04	-2.212855e-03	2.100103e-04	-9.510442e-05	-3.640323e-01	-8.879921e-02	-6.404791e-01
1.986000	3.645123e-01	8.661751e-02	6.381847e-01	7.363156e-04	1.807093e-03	6.633329e-04	-2.205744e-03	2.089273e-04	-9.534508e-05	-3.630429e-01	-8.863354e-02	-6.387526e-01
1.987000	3.635228e-01	8.646009e-02	6.364690e-01	7.342591e-04	1.800574e-03	6.614348e-04	-2.198659e-03	2.078497e-04	-9.558309e-05	-3.620584e-01	-8.846851e-02	-6.370348e-01
1.988000	3.625378e-01	8.630331e-02	6.347613e-01	7.322091e-04	1.794081e-03	6.595430e-04	-2.191599e-03	2.067777e-04	-9.581854e-05	-3.610784e-01	-8.830417e-02	-6.353251e-01
1.989000	3.615580e-01	8.614729e-02	6.330624e-01	7.301658e-04	1.787615e-03	6.576575e-04	-2.184566e-03	2.057112e-04	-9.605149e-05	-3.601036e-01	-8.814061e-02	-6.336240e-01
1.990000	3.605826e-01	8.599181e-02	6.313711e-01	7.281287e-04	1.781177e-03	6.557786e-04	-2.177558e-03	2.046500e-04	-9.628179e-05	-3.591332e-01	-8.797764e-02	-6.319306e-01
1.991000	3.596122e-01	8.583709e-02	6.296885e-01	7.260984e-04	1.774765e-03	6.539061e-04	-2.170576e-03	2.035938e-04	-9.650990e-05	-3.581677e-01	-8.781545e-02	-6.302459e-01
1.992000	3.586462e-01	8.568298e-02	6.280136e-01	7.240737e-04	1.768380e-03	6.520395e-04	-2.163619e-03	2.025439e-04	-9.673502e-05	-3.572067e-01	-8.765391e-02	-6.285689e-01
1.993000	3.576850e-01	8.552951e-02	6.263468e-01	7.220563e-04	1.762021e-03	6.501798e-04	-2.156688e-03	2.014983e-04	-9.695819e-05	-3.562504e-01	-8.749302e-02	-6.269001e-01
1.994000	3.567285e-01	8.537672e-02	6.246883e-01	7.200449e-04	1.755690e-03	6.483262e-04	-2.149783e-03	2.004583e-04	-9.717862e-05	-3.552988e-01	-8.733287e-02	-6.252394e-01
1.995000	3.557768e-01	8.522463e-02	6.230379e-01	7.180398e-04	1.749384e-03	6.464787e-04	-2.142902e-03	1.994236e-04	-9.739675e-05	-3.543519e-01	-8.717344e-02	-6.235869e-01
1.996000	3.548293e-01	8.507302e-02	6.213949e-01	7.160407e-04	1.743105e-03	6.446375e-04	-2.136046e-03	1.983944e-04	-9.761218e-05	-3.534092e-01	-8.701452e-02	-6.219419e-01
1.997000	3.538865e-01	8.492217e-02	6.197601e-01	7.140480e-04	1.736851e-03	6.428024e-04	-2.129215e-03	1.973700e-04	-9.782548e-05	-3.524713e-01	-8.685639e-02	-6.203051e-01
1.998000	3.529482e-01	8.477187e-02	6.181331e-01	7.120618e-04	1.730624e-03	6.409738e-04	-2.122409e-03	1.963506e-04	-9.803640e-05	-3.515379e-01	-8.669885e-02	-6.186761e-01
1.999000	3.520144e-01	8.462220e-02	6.165138e-01	7.100821e-04	1.724421e-03	6.391510e-04	-2.115628e-03	1.953364e-04	-9.824487e-05	-3.506088e-01	-8.654195e-02	-6.170547e-01
2.000000	3.510851e-01	8.447325e-02	6.149024e-01	7.081080e-04	1.718246e-03	6.373345e-04	-2.108872e-03	1.943278e-04	-9.845092e-05	-3.496843e-01	-8.638583e-02	-6.154413e-01
2.001000	3.501603e-01	8.432487e-02	6.132987e-01	7.061406e-04	1.712096e-03	6.355243e-04	-2.102140e-03	1.933236e-04	-9.865478e-05	-3.487644e-01	-8.623029e-02	-6.138356e-01
2.002000	3.492399e-01	8.417708e-02	6.117025e-01	7.041788e-04	1.705970e-03	6.337198e-04	-2.095433e-03	1.923251e-04	-9.885601e-05	-3.478486e-01	-8.607539e-02	-6.122373e-01
2.003000	3.483239e-01	8.403002e-02	6.101140e-01	7.022233e-04	1.699871e-03	6.319215e-04	-2.088750e-03	1.913311e-04	-9.905508e-05	-3.469373e-01	-8.592122e-02	-6.106469e-01
2.004000	3.474119e-01	8.388337e-02	6.085325e-01	7.002738e-04	1.693796e-03	6.301291e-04	-2.082091e-03	1.903428e-04	-9.925167e-05	-3.460301e-01	-8.576750e-02	-6.090634e-01
2.005000	3.465046e-01	8.373746e-02	6.069592e-01	6.983309e-04	1.687747e-03	6.283430e-04	-2.075457e-03	1.893588e-04	-9.944625e-05	-3.451275e-01	-8.561456e-02	-6.074882e-01
2.006000	3.456014e-01	8.359219e-02	6.053929e-01	6.963934e-04	1.681723e-03	6.265627e-04	-2.068846e-03	1.883798e-04	-9.963843e-05	-3.442290e-01	-8.546229e-02	-6.059199e-01
2.007000	3.447027e-01	8.344744e-02	6.038343e-01	6.944623e-04	1.675722e-03	6.247882e-04	-2.062258e-03	1.874059e-04	-9.982820e-05	-3.433349e-01	-8.531057e-02	-6.043593e-01
2.008000	3.438081e-01	8.330333e-02	6.022829e-01	6.925373e-04	1.669748e-03	6.230199e-04	-2.055696e-03	1.864367e-04	-1.000160e-04	-3.424449e-01	-8.515953e-02	-6.028060e-01
2.009000	3.429180e-01	8.315987e-02	6.007394e-01	6.906179e-04	1.663797e-03	6.212573e-04	-2.049157e-03	1.854732e-04	-1.002011e-04	-3.415595e-01	-8.500914e-02	-6.012604e-01
2.010000	3.420320e-01	8.301692e-02	5.992028e-01	6.887049e-04	1.657872e-03	6.195006e-04	-2.042642e-03	1.845136e-04	-1.003844e-04	-3.406781e-01	-8.485931e-02	-5.997218e-01
2.011000	3.411503e-01	8.287468e-02	5.976736e-01	6.867978e-04	1.651971e-03	6.177500e-04	-2.036150e-03	1.835591e-04	-1.005655e-04	-3.398009e-01	-8.471021e-02	-5.981908e-01
2.012000	3.402726e-01	8.273296e-02	5.961514e-01	6.848966e-04	1.646094e-03	6.160052e-04	-2.029682e-03	1.826094e-04	-1.007442e-04	-3.389278e-01	-8.456167e-02	-5.966666e-01
2.013000	3.393990e-01	8.259178e-02	5.946363e-01	6.830007e-04	1.640241e-03	6.142659e-04	-2.023237e-03	1.816652e-04	-1.009204e-04	-3.380588e-01	-8.441369e-02	-5.951496e-01
2.014000	3.385295e-01	8.245128e-02	5.931283e-01	6.811117e-04	1.634412e-03	6.125328e-04	-2.016816e-03	1.807249e-04	-1.010950e-04	-3.371938e-01	-8.426642e-02	-5.936397e-01
2.015000	3.376640e-01	8.231129e-02	5.916272e-01	6.792282e-04	1.628607e-03	6.108052e-04	-2.010417e-03	1.797893e-04	-1.012672e-04	-3.363328e-01	-8.411968e-02	-5.921368e-01
2.016000	3.368027e-01	8.217187e-02	5.901334e-01	6.773503e-04	1.622827e-03	6.090835e-04	-2.004042e-03	1.788586e-04	-1.014372e-04	-3.354760e-01	-8.397356e-02	-5.906410e-01
2.017000	3.359452e-01	8.203306e-02	5.886464e-01	6.754783e-04	1.617069e-03	6.073673e-04	-1.997690e-03	1.779329e-04	-1.016051e-04	-3.346230e-01	-8.382807e-02	-5.891521e-01
2.018000	3.350920e-01	8.189477e-02	5.871666e-01	6.736121e-04	1.611335e-03	6.056567e-04	-1.991360e-03	1.770114e-04	-1.017709e-04	-3.337743e-01	-8.368312e-02	-5.876705e-01
2.019000	3.342426e-01	8.175705e-02	5.856934e-01	6.717523e-04	1.605625e-03	6.039522e-04	-1.985054e-03	1.760946e-04	-1.019347e-04	-3.329293e-01	-8.353877e-02	-5.861955e-01
2.020000	3.333971e-01	8.161996e-02	5.842270e-01	6.698977e-04	1.599937e-03	6.022530e-04	-1.978770e-03	1.751825e-04	-1.020963e-04	-3.320882e-01	-8.339507e-02	-5.847271e-01
2.021000	3.325556e-01	8.148333e-02	5.827676e-01	6.680489e-04	1.594273e-03	6.005595e-04	-1.972509e-03	1.742752e-04	-1.022558e-04	-3.312512e-01	-8.325188e-02	-5.832659e-01
2.022000	3.317181e-01	8.134734e-02	5.813149e-01	6.662058e-04	1.588633e-03	5.988717e-04	-1.966270e-03	1.733720e-04	-1.024133e-04	-3.304180e-01	-8.310934e-02	-5.818114e-01
2.023000	3.308844e-01	8.121195e-02	5.798690e-01	6.643680e-04	1.583016e-03	5.971895e-04	-1.960053e-03	1.724738e-04	-1.025686e-04	-3.295887e-01	-8.296745e-02	-5.803636e-01
2.024000	3.300547e-01	8.107703e-02	5.784299e-01	6.625366e-04	1.577421e-03	5.955128e-04	-1.953859e-03	1.715797e-04	-1.027220e-04	-3.287634e-01	-8.282603e-02	-5.789227e-01
2.025000	3.292287e-01	8.094271e-02	5.769973e-01	6.607105e-04	1.571849e-03	5.938415e-04	-1.947687e-03	1.706905e-04	-1.028733e-04	-3.279417e-01	-8.268524e-02	-5.774883e-01
2.026000	3.284067e-01	8.080892e-02	5.755716e-01	6.588903e-04	1.566301e-03	5.921761e-04	-1.941538e-03	1.698055e-04	-1.030227e-04	-3.271240e-01	-8.254503e-02	-5.760607e-01
2.027000	3.275883e-01	8.067562e-02	5.741521e-01	6.570760e-04	1.560774e-03	5.905158e-04	-1.935411e-03	1.689248e-04	-1.031701e-04	-3.263100e-01	-8.240533e-02	-5.746395e-01
2.028000	3.267739e-01	8.054298e-02	5.727395e-01	6.552671e-04	1.555270e-03	5.888612e-04	-1.929306e-03	1.680486e-04	-1.033154e-04	-3.254999e-01	-8.226630e-02	-5.732251e-01
2.029000	3.259631e-01	8.041083e-02	5.713333e-01	6.534634e-04	1.549789e-03	5.872120e-04	-1.923222e-03	1.671769e-04	-1.034588e-04	-3.246934e-01	-8.212779e-02	-5.718170e-01
2.030000	3.251561e-01	8.027918e-02	5.699335e-01	6.516650e-04	1.544330e-03	5.855681e-04	-1.917160e-03	1.663099e-04	-1.036000e-04	-3.238906e-01	-8.198982e-02	-5.704154e-01
2.031000	3.243527e-01	8.014812e-02	5.685401e-01	6.498729e-04	1.538893e-03	5.839298e-04	-1.911121e-03	1.654470e-04	-1.037395e-04	-3.230914e-01	-8.185247e-02	-5.690203e-01
2.032000	3.235534e-01	8.001765e-02	5.671535e-01	6.480854e-04	1.533479e-03	5.822969e-04	-1.905102e-03	1.645887e-04	-1.038767e-04	-3.222964e-01	-8.171572e-02	-5.676319e-01
2.033000	3.227574e-01	7.988761e-02	5.657728e-01	6.463045e-04	1.528086e-03	5.806693e-04	-1.899106e-03	1.637340e-04	-1.040125e-04	-3.215046e-01	-8.157942e-02	-5.662495e-01
2.034000	3.219651e-01	7.975816e-02	5.643985e-01	6.445284e-04	1.522715e-03	5.790468e-04	-1.893131e-03	1.628842e-04	-1.041460e-04	-3.207165e-01	-8.144376e-02	-5.648733e-01
2.035000	3.211766e-01	7.962926e-02	5.630308e-01	6.427582e-04	1.517366e-03	5.774299e-04	-1.887176e-03	1.620380e-04	-1.042780e-04	-3.199322e-01	-8.130866e-02	-5.635039e-01
2.036000	3.203917e-01	7.950085e-02	5.616692e-01	6.409930e-04	1.512038e-03	5.758182e-04	-1.881244e-03	1.611970e-04	-1.044076e-04	-3.191514e-01	-8.117408e-02	-5.621407e-01
2.037000	3.196101e-01	7.937297e-02	5.603136e-01	6.392333e-04	1.506733e-03	5.742119e-04	-1.875332e-03	1.603596e-04	-1.045356e-04	-3.183740e-01	-8.104006e-02	-5.607833e-01
2.038000	3.188323e-01	7.924561e-02	5.589643e-01	6.374794e-04	1.501449e-03	5.726109e-04	-1.869442e-03	1.595263e-04	-1.046618e-04	-3.176003e-01	-8.090658e-02	-5.594322e-01
2.039000	3.180579e-01	7.911873e-02	5.576210e-01	6.357307e-04	1.496186e-03	5.710152e-04	-1.863574e-03	1.586977e-04	-1.047860e-04	-3.168301e-01	-8.077361e-02	-5.580872e-01
2.040000	3.172871e-01	7.899243e-02	5.562841e-01	6.339875e-04	1.490945e-03	5.694246e-04	-1.857725e-03	1.578725e-04	-1.049086e-04	-3.160634e-01	-8.064125e-02	-5.567486e-01
2.041000	3.165199e-01	7.886662e-02	5.549531e-01	6.322493e-04	1.485725e-03	5.678391e-04	-1.851898e-03	1.570521e-04	-1.050290e-04	-3.153002e-01	-8.050940e-02	-5.554159e-01
2.042000	3.157561e-01	7.874130e-02	5.536282e-01	6.305163e-04	1.480525e-03	5.662587e-04	-1.846091e-03	1.562359e-04	-1.051477e-04	-3.145405e-01	-8.037806e-02	-5.540894e-01
2.043000	3.149957e-01	7.861651e-02	5.523092e-01	6.287890e-04	1.475347e-03	5.646836e-04	-1.840305e-03	1.554231e-04	-1.052647e-04	-3.137842e-01	-8.024728e-02	-5.527686e-01
2.044000	3.142389e-01	7.849225e-02	5.509963e-01	6.270671e-04	1.470190e-03	5.631138e-04	-1.834540e-03	1.546149e-04	-1.053798e-04	-3.130314e-01	-8.011705e-02	-5.514541e-01
2.045000	3.134856e-01	7.836848e-02	5.496895e-01	6.253505e-04	1.465054e-03	5.615490e-04	-1.828795e-03	1.538103e-04	-1.054932e-04	-3.122821e-01	-7.998735e-02	-5.501456e-01
2.046000	3.127356e-01	7.824524e-02	5.483885e-01	6.236389e-04	1.459938e-03	5.599892e-04	-1.823071e-03	1.530103e-04	-1.056048e-04	-3.115361e-01	-7.985819e-02	-5.488428e-01
2.047000	3.119889e-01	7.812247e-02	5.470933e-01	6.219326e-04	1.454844e-03	5.584348e-04	-1.817367e-03	1.522140e-04	-1.057146e-04	-3.107935e-01	-7.972953e-02	-5.475460e-01
2.048000	3.112456e-01	7.800014e-02	5.458038e-01	6.202312e-04	1.449769e-03	5.568850e-04	-1.811683e-03	1.514221e-04	-1.058225e-04	-3.100542e-01	-7.960133e-02	-5.462548e-01
2.049000	3.105058e-01	7.787843e-02	5.445204e-01	6.185352e-04	1.444716e-03	5.553405e-04	-1.806020e-03	1.506339e-04	-1.059287e-04	-3.093184e-01	-7.947378e-02	-5.449699e-01
2.050000	3.097693e-01	7.775713e-02	5.432426e-01	6.168445e-04	1.439682e-03	5.538008e-04	-1.800377e-03	1.498493e-04	-1.060334e-04	-3.085857e-01	-7.934666e-02	-5.436904e-01
2.051000	3.090360e-01	7.763630e-02	5.419705e-01	6.151589e-04	1.434667e-03	5.522661e-04	-1.794753e-03	1.490692e-04	-1.061361e-04	-3.078564e-01	-7.922004e-02	-5.424166e-01
2.052000	3.083061e-01	7.751603e-02	5.407043e-01	6.134788e-04	1.429674e-03	5.507367e-04	-1.789150e-03	1.482925e-04	-1.062374e-04	-3.071305e-01	-7.909400e-02	-5.411488e-01
2.053000	3.075795e-01	7.739622e-02	5.394436e-01	6.118035e-04	1.424701e-03	5.492122e-04	-1.783567e-03	1.475197e-04	-1.063369e-04	-3.064077e-01	-7.896844e-02	-5.398865e-01
2.054000	3.068561e-01	7.727683e-02	5.381885e-01	6.101335e-04	1.419748e-03	5.476926e-04	-1.778004e-03	1.467512e-04	-1.064346e-04	-3.056882e-01	-7.884333e-02	-5.386298e-01
2.055000	3.061357e-01	7.715796e-02	5.369388e-01	6.084687e-04	1.414815e-03	5.461778e-04	-1.772460e-03	1.459859e-04	-1.065308e-04	-3.049718e-01	-7.871876e-02	-5.373785e-01
2.056000	3.054189e-01	7.703959e-02	5.356951e-01	6.068082e-04	1.409902e-03	5.446681e-04	-1.766935e-03	1.452251e-04	-1.066251e-04	-3.042587e-01	-7.859471e-02	-5.361331e-01
2.057000	3.047050e-01	7.692162e-02	5.344566e-01	6.051538e-04	1.405008e-03	5.431633e-04	-1.761431e-03	1.444676e-04	-1.067181e-04	-3.035488e-01	-7.847110e-02	-5.348931e-01
2.058000	3.039946e-01	7.680426e-02	5.332242e-01	6.035038e-04	1.400135e-03	5.416636e-04	-1.755946e-03	1.437141e-04	-1.068093e-04	-3.028422e-01	-7.834811e-02	-5.336590e-01
2.059000	3.032871e-01	7.668726e-02	5.319967e-01	6.018595e-04	1.395280e-03	5.401684e-04	-1.750481e-03	1.429643e-04	-1.068989e-04	-3.021385e-01	-7.822550e-02	-5.324300e-01
2.060000	3.025828e-01	7.657082e-02	5.307748e-01	6.002195e-04	1.390446e-03	5.386784e-04	-1.745034e-03	1.422184e-04	-1.069867e-04	-3.014380e-01	-7.810348e-02	-5.312065e-01
2.061000	3.018818e-01	7.645483e-02	5.295584e-01	5.985849e-04	1.385630e-03	5.371930e-04	-1.739608e-03	1.414765e-04	-1.070730e-04	-3.007407e-01	-7.798193e-02	-5.299885e-01
2.062000	3.011837e-01	7.633927e-02	5.283474e-01	5.969552e-04	1.380833e-03	5.357123e-04	-1.734200e-03	1.407378e-04	-1.071577e-04	-3.000465e-01	-7.786083e-02	-5.287759e-01
2.063000	3.004887e-01	7.622419e-02	5.271416e-01	5.953307e-04	1.376057e-03	5.342367e-04	-1.728812e-03	1.400029e-04	-1.072410e-04	-2.993553e-01	-7.774025e-02	-5.275686e-01
2.064000	2.997971e-01	7.610964e-02	5.259416e-01	5.937107e-04	1.371299e-03	5.327655e-04	-1.723441e-03	1.392714e-04	-1.073226e-04	-2.986674e-01	-7.762021e-02	-5.263671e-01
2.065000	2.991084e-01	7.599545e-02	5.247465e-01	5.920954e-04	1.366559e-03	5.312990e-04	-1.718091e-03	1.385444e-04	-1.074023e-04	-2.979824e-01	-7.750056e-02	-5.251704e-01
2.066000	2.984224e-01	7.588173e-02	5.235565e-01	5.904859e-04	1.361840e-03	5.298377e-04	-1.712759e-03	1.378201e-04	-1.074811e-04	-2.973002e-01	-7.738139e-02	-5.239789e-01
2.067000	2.977398e-01	7.576847e-02	5.223720e-01	5.888804e-04	1.357138e-03	5.283805e-04	-1.707446e-03	1.371002e-04	-1.075576e-04	-2.966212e-01	-7.726271e-02	-5.227928e-01
2.068000	2.970602e-01	7.565567e-02	5.211928e-01	5.872801e-04	1.352456e-03	5.269285e-04	-1.702152e-03	1.363834e-04	-1.076331e-04	-2.959453e-01	-7.714451e-02	-5.216120e-01
2.069000	2.963835e-01	7.554336e-02	5.200188e-01	5.856846e-04	1.347792e-03	5.254810e-04	-1.696876e-03	1.356703e-04	-1.077069e-04	-2.952724e-01	-7.702682e-02	-5.204365e-01
2.070000	2.957098e-01	7.543146e-02	5.188499e-01	5.840946e-04	1.343146e-03	5.240381e-04	-1.691620e-03	1.349606e-04	-1.077794e-04	-2.946023e-01	-7.690957e-02	-5.192661e-01
2.071000	2.950391e-01	7.531999e-02	5.176861e-01	5.825084e-04	1.338520e-03	5.225997e-04	-1.686381e-03	1.342549e-04	-1.078499e-04	-2.939353e-01	-7.679277e-02	-5.181009e-01
2.072000	2.943714e-01	7.520902e-02	5.165275e-01	5.809274e-04	1.333911e-03	5.211659e-04	-1.681161e-03	1.335527e-04	-1.079191e-04	-2.932712e-01	-7.667649e-02	-5.169407e-01
2.073000	2.937065e-01	7.509844e-02	5.153739e-01	5.793514e-04	1.329321e-03	5.197370e-04	-1.675959e-03	1.328537e-04	-1.079870e-04	-2.926099e-01	-7.656062e-02	-5.157856e-01
2.074000	2.930447e-01	7.498832e-02	5.142255e-01	5.777798e-04	1.324750e-03	5.183126e-04	-1.670776e-03	1.321583e-04	-1.080533e-04	-2.919517e-01	-7.644523e-02	-5.146357e-01
2.075000	2.923856e-01	7.487866e-02	5.130820e-01	5.762135e-04	1.320196e-03	5.168926e-04	-1.665611e-03	1.314662e-04	-1.081182e-04	-2.912962e-01	-7.633033e-02	-5.134908e-01
2.076000	2.917294e-01	7.476937e-02	5.119432e-01	5.746513e-04	1.315660e-03	5.154771e-04	-1.660464e-03	1.307781e-04	-1.081814e-04	-2.906435e-01	-7.621581e-02	-5.123505e-01
2.077000	2.910760e-01	7.466061e-02	5.108097e-01	5.730942e-04	1.311142e-03	5.140662e-04	-1.655335e-03	1.300930e-04	-1.082434e-04	-2.899938e-01	-7.610184e-02	-5.112154e-01
2.078000	2.904258e-01	7.455231e-02	5.096814e-01	5.715419e-04	1.306643e-03	5.126601e-04	-1.650224e-03	1.294111e-04	-1.083040e-04	-2.893471e-01	-7.598835e-02	-5.100858e-01
2.079000	2.897781e-01	7.444438e-02	5.085574e-01	5.699940e-04	1.302161e-03	5.112581e-04	-1.645131e-03	1.287331e-04	-1.083630e-04	-2.887029e-01	-7.587527e-02	-5.089604e-01
2.080000	2.891334e-01	7.433692e-02	5.074387e-01	5.684510e-04	1.297697e-03	5.098608e-04	-1.640055e-03	1.280580e-04	-1.084207e-04	-2.880618e-01	-7.576267e-02	-5.078402e-01
2.081000	2.884913e-01	7.422983e-02	5.063247e-01	5.669125e-04	1.293250e-03	5.084678e-04	-1.634998e-03	1.273869e-04	-1.084768e-04	-2.874233e-01	-7.565046e-02	-5.067247e-01
2.082000	2.878520e-01	7.412320e-02	5.052154e-01	5.653788e-04	1.288821e-03	5.070794e-04	-1.629959e-03	1.267186e-04	-1.085318e-04	-2.867875e-01	-7.553873e-02	-5.056139e-01
2.083000	2.872157e-01	7.401700e-02	5.041112e-01	5.638494e-04	1.284410e-03	5.056952e-04	-1.624936e-03	1.260539e-04	-1.085851e-04	-2.861546e-01	-7.542747e-02	-5.045084e-01
2.084000	2.865819e-01	7.391115e-02	5.030115e-01	5.623248e-04	1.280016e-03	5.043155e-04	-1.619932e-03	1.253925e-04	-1.086371e-04	-2.855243e-01	-7.531656e-02	-5.034072e-01
2.085000	2.859508e-01	7.380576e-02	5.019164e-01	5.608050e-04	1.275640e-03	5.029404e-04	-1.614945e-03	1.247343e-04	-1.086878e-04	-2.848967e-01	-7.520612e-02	-5.023106e-01
2.086000	2.853228e-01	7.370085e-02	5.008267e-01	5.592894e-04	1.271280e-03	5.015694e-04	-1.609976e-03	1.240796e-04	-1.087371e-04	-2.842722e-01	-7.509620e-02	-5.012195e-01
2.087000	2.846972e-01	7.359623e-02	4.997410e-01	5.577786e-04	1.266938e-03	5.002029e-04	-1.605024e-03	1.234280e-04	-1.087850e-04	-2.836500e-01	-7.498659e-02	-5.001324e-01
2.088000	2.840746e-01	7.349216e-02	4.986606e-01	5.562722e-04	1.262612e-03	4.988406e-04	-1.600089e-03	1.227797e-04	-1.088316e-04	-2.830308e-01	-7.487755e-02	-4.990506e-01
2.089000	2.834543e-01	7.338839e-02	4.975844e-01	5.547703e-04	1.258304e-03	4.974828e-04	-1.595171e-03	1.221349e-04	-1.088767e-04	-2.824139e-01	-7.476883e-02	-4.979730e-01
2.090000	2.828369e-01	7.328504e-02	4.965129e-01	5.532734e-04	1.254014e-03	4.961293e-04	-1.590271e-03	1.214928e-04	-1.089208e-04	-2.817999e-01	-7.466055e-02	-4.969002e-01
2.091000	2.822221e-01	7.318212e-02	4.954460e-01	5.517806e-04	1.249740e-03	4.947800e-04	-1.585388e-03	1.208545e-04	-1.089633e-04	-2.811885e-01	-7.455272e-02	-4.958318e-01
2.092000	2.816100e-01	7.307962e-02	4.943838e-01	5.502924e-04	1.245482e-03	4.934350e-04	-1.580521e-03	1.202189e-04	-1.090046e-04	-2.805798e-01	-7.444531e-02	-4.947683e-01
2.093000	2.810006e-01	7.297749e-02	4.933262e-01	5.488087e-04	1.241241e-03	4.920942e-04	-1.575672e-03	1.195866e-04	-1.090445e-04	-2.799737e-01	-7.433832e-02	-4.937093e-01
2.094000	2.803935e-01	7.287578e-02	4.922729e-01	5.473292e-04	1.237018e-03	4.907578e-04	-1.570840e-03	1.189576e-04	-1.090832e-04	-2.793700e-01	-7.423174e-02	-4.926546e-01
2.095000	2.797893e-01	7.277455e-02	4.912243e-01	5.458543e-04	1.232811e-03	4.894256e-04	-1.566024e-03	1.183314e-04	-1.091206e-04	-2.787691e-01	-7.412570e-02	-4.916046e-01
2.096000	2.791874e-01	7.267364e-02	4.901799e-01	5.443838e-04	1.228619e-03	4.880974e-04	-1.561225e-03	1.177086e-04	-1.091567e-04	-2.781706e-01	-7.401997e-02	-4.905588e-01
2.097000	2.785883e-01	7.257313e-02	4.891401e-01	5.429182e-04	1.224445e-03	4.867737e-04	-1.556444e-03	1.170890e-04	-1.091916e-04	-2.775747e-01	-7.391467e-02	-4.895177e-01
2.098000	2.779916e-01	7.247306e-02	4.881047e-01	5.414566e-04	1.220287e-03	4.854541e-04	-1.551679e-03	1.164721e-04	-1.092253e-04	-2.769814e-01	-7.380982e-02	-4.884809e-01
2.099000	2.773976e-01	7.237337e-02	4.870738e-01	5.399995e-04	1.216146e-03	4.841387e-04	-1.546930e-03	1.158587e-04	-1.092577e-04	-2.763906e-01	-7.370537e-02	-4.874487e-01
2.100000	2.768060e-01	7.227402e-02	4.860472e-01	5.385468e-04	1.212020e-03	4.828275e-04	-1.542198e-03	1.152482e-04	-1.092888e-04	-2.758024e-01	-7.360129e-02	-4.864208e-01
2.101000	2.762171e-01	7.217515e-02	4.850251e-01	5.370982e-04	1.207912e-03	4.815203e-04	-1.537483e-03	1.146410e-04	-1.093186e-04	-2.752167e-01	-7.349770e-02	-4.853974e-01
2.102000	2.756305e-01	7.207660e-02	4.840072e-01	5.356543e-04	1.203818e-03	4.802173e-04	-1.532784e-03	1.140365e-04	-1.093474e-04	-2.746334e-01	-7.339445e-02	-4.843781e-01
2.103000	2.750468e-01	7.197849e-02	4.829941e-01	5.342144e-04	1.199741e-03	4.789183e-04	-1.528101e-03	1.134352e-04	-1.093746e-04	-2.740529e-01	-7.329167e-02	-4.833637e-01
2.104000	2.744651e-01	7.188070e-02	4.819846e-01	5.327791e-04	1.195680e-03	4.776237e-04	-1.523434e-03	1.128368e-04	-1.094010e-04	-2.734744e-01	-7.318921e-02	-4.823529e-01
2.105000	2.738859e-01	7.178337e-02	4.809796e-01	5.313481e-04	1.191635e-03	4.763329e-04	-1.518784e-03	1.122413e-04	-1.094260e-04	-2.728985e-01	-7.308725e-02	-4.813465e-01
2.106000	2.733094e-01	7.168636e-02	4.799791e-01	5.299212e-04	1.187605e-03	4.750462e-04	-1.514150e-03	1.116488e-04	-1.094499e-04	-2.723251e-01	-7.298561e-02	-4.803447e-01
2.107000	2.727351e-01	7.158974e-02	4.789826e-01	5.284987e-04	1.183591e-03	4.737635e-04	-1.509532e-03	1.110592e-04	-1.094726e-04	-2.717541e-01	-7.288439e-02	-4.793469e-01
2.108000	2.721632e-01	7.149351e-02	4.779901e-01	5.270801e-04	1.179593e-03	4.724848e-04	-1.504930e-03	1.104730e-04	-1.094940e-04	-2.711854e-01	-7.278358e-02	-4.783531e-01
2.109000	2.715940e-01	7.139771e-02	4.770022e-01	5.256662e-04	1.175610e-03	4.712103e-04	-1.500343e-03	1.098892e-04	-1.095143e-04	-2.706193e-01	-7.268321e-02	-4.773639e-01
2.110000	2.710269e-01	7.130219e-02	4.760181e-01	5.242563e-04	1.171643e-03	4.699398e-04	-1.495773e-03	1.093086e-04	-1.095335e-04	-2.700554e-01	-7.258314e-02	-4.763784e-01
2.111000	2.704623e-01	7.120709e-02	4.750381e-01	5.228503e-04	1.167692e-03	4.686730e-04	-1.491218e-03	1.087309e-04	-1.095514e-04	-2.694939e-01	-7.248352e-02	-4.753972e-01
2.112000	2.699001e-01	7.111237e-02	4.740624e-01	5.214490e-04	1.163756e-03	4.674103e-04	-1.486679e-03	1.081559e-04	-1.095683e-04	-2.689349e-01	-7.238428e-02	-4.744203e-01
2.113000	2.693401e-01	7.101795e-02	4.730906e-01	5.200515e-04	1.159834e-03	4.661515e-04	-1.482156e-03	1.075841e-04	-1.095838e-04	-2.683780e-01	-7.228537e-02	-4.734472e-01
2.114000	2.687828e-01	7.092402e-02	4.721234e-01	5.186585e-04	1.155928e-03	4.648968e-04	-1.477649e-03	1.070145e-04	-1.095985e-04	-2.678238e-01	-7.218696e-02	-4.724787e-01
2.115000	2.682275e-01	7.083043e-02	4.711597e-01	5.172697e-04	1.152039e-03	4.636461e-04	-1.473157e-03	1.064483e-04	-1.096120e-04	-2.672717e-01	-7.208892e-02	-4.715138e-01
2.116000	2.676745e-01	7.073709e-02	4.702000e-01	5.158845e-04	1.148163e-03	4.623990e-04	-1.468680e-03	1.058849e-04	-1.096243e-04	-2.667218e-01	-7.199114e-02	-4.705528e-01
2.117000	2.671242e-01	7.064425e-02	4.692449e-01	5.145040e-04	1.144303e-03	4.611561e-04	-1.464220e-03	1.053240e-04	-1.096355e-04	-2.661745e-01	-7.189388e-02	-4.695964e-01
2.118000	2.665760e-01	7.055177e-02	4.682935e-01	5.131273e-04	1.140457e-03	4.599169e-04	-1.459774e-03	1.047661e-04	-1.096457e-04	-2.656294e-01	-7.179699e-02	-4.686438e-01
2.119000	2.660299e-01	7.045950e-02	4.673457e-01	5.117545e-04	1.136626e-03	4.586815e-04	-1.455343e-03	1.042111e-04	-1.096546e-04	-2.650863e-01	-7.170033e-02	-4.676948e-01
2.120000	2.654863e-01	7.036771e-02	4.664023e-01	5.103864e-04	1.132811e-03	4.574502e-04	-1.450929e-03	1.036587e-04	-1.096627e-04	-2.645458e-01	-7.160418e-02	-4.667501e-01
2.121000	2.649450e-01	7.027630e-02	4.654628e-01	5.090217e-04	1.129011e-03	4.562227e-04	-1.446529e-03	1.031088e-04	-1.096696e-04	-2.640075e-01	-7.150842e-02	-4.658093e-01
2.122000	2.644060e-01	7.018525e-02	4.645273e-01	5.076617e-04	1.125224e-03	4.549989e-04	-1.442144e-03	1.025617e-04	-1.096755e-04	-2.634715e-01	-7.141303e-02	-4.648726e-01
2.123000	2.638691e-01	7.009447e-02	4.635954e-01	5.063051e-04	1.121453e-03	4.537790e-04	-1.437774e-03	1.020177e-04	-1.096801e-04	-2.629376e-01	-7.131794e-02	-4.639395e-01
2.124000	2.633342e-01	7.000405e-02	4.626671e-01	5.049532e-04	1.117695e-03	4.525628e-04	-1.433420e-03	1.014763e-04	-1.096838e-04	-2.624058e-01	-7.122322e-02	-4.630100e-01
2.125000	2.628017e-01	6.991407e-02	4.617430e-01	5.036047e-04	1.113954e-03	4.513505e-04	-1.429080e-03	1.009374e-04	-1.096865e-04	-2.618762e-01	-7.112896e-02	-4.620846e-01
2.126000	2.622715e-01	6.982434e-02	4.608227e-01	5.022605e-04	1.110225e-03	4.501418e-04	-1.424756e-03	1.004014e-04	-1.096881e-04	-2.613490e-01	-7.103497e-02	-4.611631e-01
2.127000	2.617434e-01	6.973502e-02	4.599063e-01	5.009203e-04	1.106511e-03	4.489369e-04	-1.420446e-03	9.986814e-05	-1.096887e-04	-2.608239e-01	-7.094140e-02	-4.602455e-01
2.128000	2.612175e-01	6.964607e-02	4.589934e-01	4.995841e-04	1.102813e-03	4.477360e-04	-1.416151e-03	9.933722e-05	-1.096883e-04	-2.603010e-01	-7.084821e-02	-4.593315e-01
2.129000	2.606938e-01	6.955735e-02	4.580844e-01	4.982515e-04	1.099127e-03	4.465385e-04	-1.411871e-03	9.880919e-05	-1.096867e-04	-2.597802e-01	-7.075530e-02	-4.584213e-01
2.130000	2.601724e-01	6.946908e-02	4.571795e-01	4.969235e-04	1.095457e-03	4.453451e-04	-1.407606e-03	9.828349e-05	-1.096844e-04	-2.592617e-01	-7.066283e-02	-4.575152e-01
2.131000	2.596529e-01	6.938114e-02	4.562779e-01	4.955988e-04	1.091800e-03	4.441550e-04	-1.403354e-03	9.776084e-05	-1.096808e-04	-2.587452e-01	-7.057069e-02	-4.566124e-01
2.132000	2.591357e-01	6.929361e-02	4.553802e-01	4.942784e-04	1.088158e-03	4.429687e-04	-1.399118e-03	9.724047e-05	-1.096765e-04	-2.582309e-01	-7.047901e-02	-4.557135e-01
2.133000	2.586205e-01	6.920628e-02	4.544860e-01	4.929614e-04	1.084529e-03	4.417860e-04	-1.394896e-03	9.672294e-05	-1.096709e-04	-2.577186e-01	-7.038753e-02	-4.548181e-01
2.134000	2.581075e-01	6.911937e-02	4.535956e-01	4.916489e-04	1.080915e-03	4.406071e-04	-1.390689e-03	9.620769e-05	-1.096645e-04	-2.572085e-01	-7.029649e-02	-4.539265e-01
2.135000	2.575966e-01	6.903283e-02	4.527089e-01	4.903402e-04	1.077315e-03	4.394321e-04	-1.386496e-03	9.569505e-05	-1.096572e-04	-2.567005e-01	-7.020584e-02	-4.530386e-01
2.136000	2.570878e-01	6.894653e-02	4.518258e-01	4.890347e-04	1.073727e-03	4.382601e-04	-1.382317e-03	9.518542e-05	-1.096486e-04	-2.561945e-01	-7.011543e-02	-4.521544e-01
2.137000	2.565811e-01	6.886060e-02	4.509463e-01	4.877339e-04	1.070155e-03	4.370923e-04	-1.378153e-03	9.467785e-05	-1.096393e-04	-2.556907e-01	-7.002543e-02	-4.512738e-01
2.138000	2.560764e-01	6.877504e-02	4.500704e-01	4.864366e-04	1.066595e-03	4.359278e-04	-1.374002e-03	9.417272e-05	-1.096291e-04	-2.551889e-01	-6.993580e-02	-4.503967e-01
2.139000	2.555738e-01	6.868979e-02	4.491980e-01	4.851432e-04	1.063050e-03	4.347670e-04	-1.369867e-03	9.367053e-05	-1.096178e-04	-2.546891e-01	-6.984650e-02	-4.495232e-01
2.140000	2.550733e-01	6.860483e-02	4.483293e-01	4.838534e-04	1.059517e-03	4.336099e-04	-1.365745e-03	9.317057e-05	-1.096056e-04	-2.541914e-01	-6.975752e-02	-4.486533e-01
2.141000	2.545749e-01	6.852027e-02	4.474642e-01	4.825676e-04	1.055999e-03	4.324560e-04	-1.361637e-03	9.267312e-05	-1.095924e-04	-2.536958e-01	-6.966894e-02	-4.477870e-01
2.142000	2.540783e-01	6.843603e-02	4.466022e-01	4.812854e-04	1.052493e-03	4.313058e-04	-1.357543e-03	9.217836e-05	-1.095784e-04	-2.532021e-01	-6.958070e-02	-4.469240e-01
2.143000	2.535839e-01	6.835205e-02	4.457441e-01	4.800074e-04	1.049002e-03	4.301593e-04	-1.353464e-03	9.168570e-05	-1.095634e-04	-2.527104e-01	-6.949274e-02	-4.460647e-01
2.144000	2.530915e-01	6.826845e-02	4.448895e-01	4.787327e-04	1.045523e-03	4.290162e-04	-1.349398e-03	9.119595e-05	-1.095475e-04	-2.522208e-01	-6.940517e-02	-4.452090e-01
2.145000	2.526010e-01	6.818517e-02	4.440382e-01	4.774619e-04	1.042058e-03	4.278767e-04	-1.345346e-03	9.070827e-05	-1.095307e-04	-2.517332e-01	-6.931794e-02	-4.443565e-01
2.146000	2.521126e-01	6.810212e-02	4.431903e-01	4.761950e-04	1.038607e-03	4.267407e-04	-1.341308e-03	9.022307e-05	-1.095129e-04	-2.512474e-01	-6.923095e-02	-4.435076e-01
2.147000	2.516261e-01	6.801945e-02	4.423460e-01	4.749317e-04	1.035169e-03	4.256082e-04	-1.337283e-03	8.974015e-05	-1.094944e-04	-2.507637e-01	-6.914436e-02	-4.426621e-01
2.148000	2.511415e-01	6.793711e-02	4.415049e-01	4.736721e-04	1.031743e-03	4.244790e-04	-1.333273e-03	8.926004e-05	-1.094748e-04	-2.502820e-01	-6.905811e-02	-4.418199e-01
2.149000	2.506589e-01	6.785513e-02	4.406673e-01	4.724165e-04	1.028331e-03	4.233535e-04	-1.329276e-03	8.878188e-05	-1.094545e-04	-2.498021e-01	-6.897224e-02	-4.409812e-01
2.150000	2.501783e-01	6.777338e-02	4.398330e-01	4.711642e-04	1.024931e-03	4.222314e-04	-1.325292e-03	8.830642e-05	-1.094332e-04	-2.493242e-01	-6.888662e-02	-4.401458e-01
2.151000	2.496997e-01	6.769200e-02	4.390023e-01	4.699162e-04	1.021545e-03	4.211129e-04	-1.321323e-03	8.783300e-05	-1.094112e-04	-2.488483e-01	-6.880138e-02	-4.393140e-01
2.152000	2.492231e-01	6.761100e-02	4.381750e-01	4.686709e-04	1.018172e-03	4.199976e-04	-1.317366e-03	8.736236e-05	-1.093881e-04	-2.483744e-01	-6.871653e-02	-4.384856e-01
2.153000	2.487482e-01	6.753018e-02	4.373509e-01	4.674297e-04	1.014811e-03	4.188856e-04	-1.313423e-03	8.689397e-05	-1.093642e-04	-2.479023e-01	-6.863189e-02	-4.376604e-01
2.154000	2.482753e-01	6.744970e-02	4.365300e-01	4.661927e-04	1.011463e-03	4.177773e-04	-1.309494e-03	8.642752e-05	-1.093397e-04	-2.474320e-01	-6.854759e-02	-4.368385e-01
2.155000	2.478044e-01	6.736960e-02	4.357125e-01	4.649586e-04	1.008128e-03	4.166721e-04	-1.305578e-03	8.596391e-05	-1.093140e-04	-2.469638e-01	-6.846368e-02	-4.360199e-01
2.156000	2.473353e-01	6.728982e-02	4.348983e-01	4.637283e-04	1.004806e-03	4.155706e-04	-1.301675e-03	8.550212e-05	-1.092877e-04	-2.464973e-01	-6.838013e-02	-4.352046e-01
2.157000	2.468680e-01	6.721026e-02	4.340873e-01	4.625016e-04	1.001496e-03	4.144722e-04	-1.297785e-03	8.504302e-05	-1.092605e-04	-2.460328e-01	-6.829680e-02	-4.343925e-01
2.158000	2.464029e-01	6.713108e-02	4.332798e-01	4.612787e-04	9.981986e-04	4.133774e-04	-1.293909e-03	8.458608e-05	-1.092325e-04	-2.455702e-01	-6.821387e-02	-4.335840e-01
2.159000	2.459394e-01	6.705221e-02	4.324753e-01	4.600593e-04	9.949140e-04	4.122858e-04	-1.290046e-03	8.413134e-05	-1.092036e-04	-2.451094e-01	-6.813125e-02	-4.327784e-01
2.160000	2.454778e-01	6.697362e-02	4.316741e-01	4.588434e-04	9.916418e-04	4.111976e-04	-1.286195e-03	8.367875e-05	-1.091740e-04	-2.446505e-01	-6.804894e-02	-4.319761e-01
2.161000	2.450179e-01	6.689525e-02	4.308758e-01	4.576311e-04	9.883817e-04	4.101126e-04	-1.282358e-03	8.322872e-05	-1.091434e-04	-2.441932e-01	-6.796686e-02	-4.311768e-01
2.162000	2.445599e-01	6.681725e-02	4.300809e-01	4.564223e-04	9.851340e-04	4.090309e-04	-1.278534e-03	8.278080e-05	-1.091121e-04	-2.437378e-01	-6.788517e-02	-4.303808e-01
2.163000	2.441039e-01	6.673962e-02	4.292892e-01	4.552171e-04	9.818992e-04	4.079527e-04	-1.274722e-03	8.233509e-05	-1.090801e-04	-2.432844e-01	-6.780385e-02	-4.295881e-01
2.164000	2.436496e-01	6.666218e-02	4.285008e-01	4.540155e-04	9.786760e-04	4.068776e-04	-1.270924e-03	8.189150e-05	-1.090473e-04	-2.428327e-01	-6.772275e-02	-4.287986e-01
2.165000	2.431971e-01	6.658509e-02	4.277154e-01	4.528176e-04	9.754655e-04	4.058059e-04	-1.267139e-03	8.145001e-05	-1.090138e-04	-2.423828e-01	-6.764200e-02	-4.280122e-01
2.166000	2.427465e-01	6.650832e-02	4.269332e-01	4.516227e-04	9.722670e-04	4.047374e-04	-1.263366e-03	8.101101e-05	-1.089792e-04	-2.419347e-01	-6.756160e-02	-4.272290e-01
2.167000	2.422976e-01	6.643183e-02	4.261541e-01	4.504317e-04	9.690805e-04	4.036722e-04	-1.259606e-03	8.057406e-05	-1.089441e-04	-2.414885e-01	-6.748149e-02	-4.264489e-01
2.168000	2.418505e-01	6.635559e-02	4.253781e-01	4.492439e-04	9.659061e-04	4.026102e-04	-1.255858e-03	8.013925e-05	-1.089082e-04	-2.410439e-01	-6.740163e-02	-4.256718e-01
2.169000	2.414053e-01	6.627969e-02	4.246052e-01	4.480599e-04	9.627434e-04	4.015513e-04	-1.252124e-03	7.970659e-05	-1.088715e-04	-2.406012e-01	-6.732214e-02	-4.248978e-01
2.170000	2.409618e-01	6.620415e-02	4.238355e-01	4.468791e-04	9.595932e-04	4.004959e-04	-1.248402e-03	7.927620e-05	-1.088340e-04	-2.401603e-01	-6.724302e-02	-4.241272e-01
2.171000	2.405199e-01	6.612872e-02	4.230684e-01	4.457020e-04	9.564547e-04	3.994436e-04	-1.244693e-03	7.884781e-05	-1.087958e-04	-2.397209e-01	-6.716403e-02	-4.233590e-01
2.172000	2.400799e-01	6.605369e-02	4.223047e-01	4.445277e-04	9.533276e-04	3.983942e-04	-1.240995e-03	7.842187e-05	-1.087567e-04	-2.392834e-01	-6.708544e-02	-4.225943e-01
2.173000	2.396415e-01	6.597892e-02	4.215437e-01	4.433575e-04	9.502130e-04	3.973484e-04	-1.237311e-03	7.799764e-05	-1.087171e-04	-2.388475e-01	-6.700713e-02	-4.218323e-01
2.174000	2.392051e-01	6.590450e-02	4.207862e-01	4.421906e-04	9.471100e-04	3.963057e-04	-1.233639e-03	7.757565e-05	-1.086767e-04	-2.384136e-01	-6.692918e-02	-4.210738e-01
2.175000	2.387702e-01	6.583028e-02	4.200314e-01	4.410271e-04	9.440181e-04	3.952660e-04	-1.229979e-03	7.715586e-05	-1.086355e-04	-2.379812e-01	-6.685145e-02	-4.203180e-01
2.176000	2.383370e-01	6.575637e-02	4.192794e-01	4.398667e-04	9.409379e-04	3.942294e-04	-1.226332e-03	7.673804e-05	-1.085936e-04	-2.375505e-01	-6.677404e-02	-4.195651e-01
2.177000	2.379057e-01	6.568281e-02	4.185306e-01	4.387099e-04	9.378698e-04	3.931961e-04	-1.222697e-03	7.632231e-05	-1.085510e-04	-2.371217e-01	-6.669700e-02	-4.188153e-01
2.178000	2.374760e-01	6.560951e-02	4.177849e-01	4.375563e-04	9.348128e-04	3.921658e-04	-1.219074e-03	7.590886e-05	-1.085076e-04	-2.366945e-01	-6.662024e-02	-4.180685e-01
2.179000	2.370480e-01	6.553646e-02	4.170420e-01	4.364065e-04	9.317673e-04	3.911387e-04	-1.215463e-03	7.549718e-05	-1.084637e-04	-2.362690e-01	-6.654373e-02	-4.173247e-01
2.180000	2.366217e-01	6.546372e-02	4.163020e-01	4.352595e-04	9.287336e-04	3.901147e-04	-1.211864e-03	7.508772e-05	-1.084189e-04	-2.358451e-01	-6.646754e-02	-4.165837e-01
2.181000	2.361970e-01	6.539129e-02	4.155649e-01	4.341162e-04	9.257108e-04	3.890937e-04	-1.208278e-03	7.468036e-05	-1.083735e-04	-2.354229e-01	-6.639169e-02	-4.158456e-01
2.182000	2.357740e-01	6.531904e-02	4.148306e-01	4.329761e-04	9.226998e-04	3.880759e-04	-1.204703e-03	7.427493e-05	-1.083274e-04	-2.350023e-01	-6.631602e-02	-4.151103e-01
2.183000	2.353527e-01	6.524712e-02	4.140993e-01	4.318395e-04	9.197004e-04	3.870613e-04	-1.201141e-03	7.387124e-05	-1.082807e-04	-2.345834e-01	-6.624069e-02	-4.143781e-01
2.184000	2.349331e-01	6.517550e-02	4.133709e-01	4.307060e-04	9.167115e-04	3.860495e-04	-1.197590e-03	7.346987e-05	-1.082332e-04	-2.341662e-01	-6.616569e-02	-4.136487e-01
2.185000	2.345151e-01	6.510418e-02	4.126454e-01	4.295759e-04	9.137337e-04	3.850408e-04	-1.194052e-03	7.307043e-05	-1.081851e-04	-2.337507e-01	-6.609099e-02	-4.129223e-01
2.186000	2.340987e-01	6.503303e-02	4.119226e-01	4.284489e-04	9.107675e-04	3.840352e-04	-1.190525e-03	7.267311e-05	-1.081362e-04	-2.333366e-01	-6.601648e-02	-4.121985e-01
2.187000	2.336840e-01	6.496225e-02	4.112028e-01	4.273253e-04	9.078126e-04	3.830327e-04	-1.187010e-03	7.227754e-05	-1.080868e-04	-2.329243e-01	-6.594234e-02	-4.114777e-01
2.188000	2.332708e-01	6.489172e-02	4.104855e-01	4.262050e-04	9.048680e-04	3.820330e-04	-1.183506e-03	7.188384e-05	-1.080368e-04	-2.325135e-01	-6.586847e-02	-4.107595e-01
2.189000	2.328593e-01	6.482139e-02	4.097713e-01	4.250880e-04	9.019353e-04	3.810367e-04	-1.180016e-03	7.149251e-05	-1.079859e-04	-2.321043e-01	-6.579483e-02	-4.100443e-01
2.190000	2.324493e-01	6.475135e-02	4.090596e-01	4.239739e-04	8.990128e-04	3.800430e-04	-1.176535e-03	7.110291e-05	-1.079344e-04	-2.316967e-01	-6.572147e-02	-4.093317e-01
2.191000	2.320410e-01	6.468166e-02	4.083510e-01	4.228635e-04	8.961016e-04	3.790524e-04	-1.173067e-03	7.071518e-05	-1.078825e-04	-2.312908e-01	-6.564847e-02	-4.086222e-01
2.192000	2.316342e-01	6.461214e-02	4.076448e-01	4.217561e-04	8.932012e-04	3.780649e-04	-1.169611e-03	7.032932e-05	-1.078298e-04	-2.308864e-01	-6.557567e-02	-4.079150e-01
2.193000	2.312292e-01	6.454292e-02	4.069417e-01	4.206518e-04	8.903118e-04	3.770803e-04	-1.166166e-03	6.994554e-05	-1.077763e-04	-2.304836e-01	-6.550318e-02	-4.072109e-01
2.194000	2.308256e-01	6.447398e-02	4.062411e-01	4.195506e-04	8.874325e-04	3.760984e-04	-1.162732e-03	6.956377e-05	-1.077223e-04	-2.300824e-01	-6.543098e-02	-4.065095e-01
2.195000	2.304235e-01	6.440531e-02	4.055431e-01	4.184531e-04	8.845647e-04	3.751199e-04	-1.159310e-03	6.918375e-05	-1.076678e-04	-2.296826e-01	-6.535906e-02	-4.058105e-01
2.196000	2.300229e-01	6.433687e-02	4.048478e-01	4.173586e-04	8.817071e-04	3.741440e-04	-1.155900e-03	6.880547e-05	-1.076126e-04	-2.292844e-01	-6.528738e-02	-4.051144e-01
2.197000	2.296241e-01	6.426872e-02	4.041556e-01	4.162669e-04	8.788605e-04	3.731712e-04	-1.152500e-03	6.842925e-05	-1.075567e-04	-2.288879e-01	-6.521601e-02	-4.044212e-01
2.198000	2.292267e-01	6.420082e-02	4.034657e-01	4.151785e-04	8.760242e-04	3.722012e-04	-1.149112e-03	6.805491e-05	-1.075002e-04	-2.284928e-01	-6.514490e-02	-4.037304e-01
2.199000	2.288308e-01	6.413322e-02	4.027785e-01	4.140936e-04	8.731986e-04	3.712342e-04	-1.145736e-03	6.768231e-05	-1.074433e-04	-2.280992e-01	-6.507410e-02	-4.030423e-01
2.200000	2.284365e-01	6.406587e-02	4.020942e-01	4.130117e-04	8.703833e-04	3.702700e-04	-1.142371e-03	6.731160e-05	-1.073857e-04	-2.277072e-01	-6.500357e-02	-4.023570e-01
2.201000	2.280437e-01	6.399873e-02	4.014123e-01	4.119329e-04	8.675787e-04	3.693088e-04	-1.139016e-03	6.694272e-05	-1.073275e-04	-2.273166e-01	-6.493325e-02	-4.016743e-01
2.202000	2.276527e-01	6.393196e-02	4.007334e-01	4.108571e-04	8.647845e-04	3.683504e-04	-1.135673e-03	6.657568e-05	-1.072687e-04	-2.269278e-01	-6.486332e-02	-4.009945e-01
2.203000	2.272629e-01	6.386535e-02	4.000569e-01	4.097846e-04	8.620006e-04	3.673949e-04	-1.132342e-03	6.621053e-05	-1.072093e-04	-2.265403e-01	-6.479356e-02	-4.003171e-01
2.204000	2.268746e-01	6.379896e-02	3.993829e-01	4.087148e-04	8.592271e-04	3.664423e-04	-1.129021e-03	6.584727e-05	-1.071493e-04	-2.261543e-01	-6.472403e-02	-3.996422e-01
2.205000	2.264879e-01	6.373290e-02	3.987118e-01	4.076484e-04	8.564640e-04	3.654925e-04	-1.125711e-03	6.548577e-05	-1.070887e-04	-2.257699e-01	-6.465485e-02	-3.989702e-01
2.206000	2.261025e-01	6.366706e-02	3.980428e-01	4.065853e-04	8.537109e-04	3.645455e-04	-1.122413e-03	6.512576e-05	-1.070277e-04	-2.253867e-01	-6.458589e-02	-3.983003e-01
2.207000	2.257187e-01	6.360145e-02	3.973764e-01	4.055247e-04	8.509679e-04	3.636013e-04	-1.119125e-03	6.476807e-05	-1.069659e-04	-2.250051e-01	-6.451719e-02	-3.976331e-01
2.208000	2.253366e-01	6.353615e-02	3.967132e-01	4.044675e-04	8.482353e-04	3.626599e-04	-1.115848e-03	6.441177e-05	-1.069036e-04	-2.246252e-01	-6.444880e-02	-3.969689e-01
2.209000	2.249557e-01	6.347107e-02	3.960520e-01	4.034133e-04	8.455123e-04	3.617213e-04	-1.112582e-03	6.405741e-05	-1.068408e-04	-2.242465e-01	-6.438064e-02	-3.963069e-01
2.210000	2.245763e-01	6.340628e-02	3.953935e-01	4.023622e-04	8.428004e-04	3.607857e-04	-1.109327e-03	6.370453e-05	-1.067776e-04	-2.238693e-01	-6.431279e-02	-3.956475e-01
2.211000	2.241984e-01	6.334172e-02	3.947375e-01	4.013139e-04	8.400975e-04	3.598526e-04	-1.106082e-03	6.335386e-05	-1.067135e-04	-2.234936e-01	-6.424517e-02	-3.949907e-01
2.212000	2.238219e-01	6.327738e-02	3.940841e-01	4.002689e-04	8.374051e-04	3.589225e-04	-1.102849e-03	6.300479e-05	-1.066491e-04	-2.231193e-01	-6.417780e-02	-3.943363e-01
2.213000	2.234469e-01	6.321333e-02	3.934332e-01	3.992268e-04	8.347225e-04	3.579950e-04	-1.099626e-03	6.265729e-05	-1.065841e-04	-2.227465e-01	-6.411071e-02	-3.936845e-01
2.214000	2.230733e-01	6.314949e-02	3.927847e-01	3.981879e-04	8.320499e-04	3.570705e-04	-1.096414e-03	6.231142e-05	-1.065186e-04	-2.223751e-01	-6.404385e-02	-3.930352e-01
2.215000	2.227011e-01	6.308590e-02	3.921385e-01	3.971518e-04	8.293875e-04	3.561487e-04	-1.093213e-03	6.196761e-05	-1.064526e-04	-2.220050e-01	-6.397726e-02	-3.923882e-01
2.216000	2.223303e-01	6.302252e-02	3.914948e-01	3.961188e-04	8.267339e-04	3.552294e-04	-1.090022e-03	6.162527e-05	-1.063860e-04	-2.216364e-01	-6.391088e-02	-3.917436e-01
2.217000	2.219610e-01	6.295947e-02	3.908539e-01	3.950887e-04	8.240908e-04	3.543129e-04	-1.086841e-03	6.128469e-05	-1.063189e-04	-2.212693e-01	-6.384484e-02	-3.911019e-01
2.218000	2.215931e-01	6.289661e-02	3.902152e-01	3.940615e-04	8.214572e-04	3.533993e-04	-1.083671e-03	6.094578e-05	-1.062513e-04	-2.209035e-01	-6.377902e-02	-3.904624e-01
2.219000	2.212266e-01	6.283399e-02	3.895792e-01	3.930372e-04	8.188335e-04	3.524882e-04	-1.080512e-03	6.060870e-05	-1.061831e-04	-2.205392e-01	-6.371343e-02	-3.898255e-01
2.220000	2.208614e-01	6.277159e-02	3.889453e-01	3.920158e-04	8.162197e-04	3.515799e-04	-1.077363e-03	6.027322e-05	-1.061145e-04	-2.201761e-01	-6.364808e-02	-3.891908e-01
2.221000	2.204978e-01	6.270953e-02	3.883140e-01	3.909976e-04	8.136150e-04	3.506743e-04	-1.074225e-03	5.993925e-05	-1.060454e-04	-2.198146e-01	-6.358308e-02	-3.885587e-01
2.222000	2.201353e-01	6.264760e-02	3.876849e-01	3.899823e-04	8.110201e-04	3.497715e-04	-1.071097e-03	5.960709e-05	-1.059758e-04	-2.194542e-01	-6.351823e-02	-3.879287e-01
2.223000	2.197744e-01	6.258593e-02	3.870584e-01	3.889698e-04	8.084350e-04	3.488713e-04	-1.067979e-03	5.927657e-05	-1.059056e-04	-2.190954e-01	-6.345364e-02	-3.873014e-01
2.224000	2.194146e-01	6.252448e-02	3.864339e-01	3.879602e-04	8.058587e-04	3.479735e-04	-1.064871e-03	5.894765e-05	-1.058349e-04	-2.187377e-01	-6.338928e-02	-3.866761e-01
2.225000	2.190565e-01	6.246337e-02	3.858123e-01	3.869534e-04	8.032924e-04	3.470786e-04	-1.061774e-03	5.862057e-05	-1.057638e-04	-2.183817e-01	-6.332529e-02	-3.860537e-01
2.226000	2.186996e-01	6.240244e-02	3.851929e-01	3.859497e-04	8.007353e-04	3.461863e-04	-1.058687e-03	5.829489e-05	-1.056922e-04	-2.180269e-01	-6.326147e-02	-3.854334e-01
2.227000	2.183440e-01	6.234169e-02	3.845757e-01	3.849489e-04	7.981876e-04	3.452967e-04	-1.055610e-03	5.797076e-05	-1.056202e-04	-2.176733e-01	-6.319785e-02	-3.848154e-01
2.228000	2.179897e-01	6.228120e-02	3.839607e-01	3.839506e-04	7.956493e-04	3.444096e-04	-1.052543e-03	5.764858e-05	-1.055476e-04	-2.173211e-01	-6.313450e-02	-3.841995e-01
2.229000	2.176369e-01	6.222096e-02	3.833483e-01	3.829556e-04	7.931204e-04	3.435253e-04	-1.049487e-03	5.732766e-05	-1.054746e-04	-2.169704e-01	-6.307141e-02	-3.835864e-01
2.230000	2.172854e-01	6.216097e-02	3.827382e-01	3.819632e-04	7.906005e-04	3.426434e-04	-1.046440e-03	5.700854e-05	-1.054010e-04	-2.166209e-01	-6.300858e-02	-3.829754e-01
2.231000	2.169352e-01	6.210118e-02	3.821304e-01	3.809739e-04	7.880898e-04	3.417642e-04	-1.043404e-03	5.669077e-05	-1.053272e-04	-2.162728e-01	-6.294595e-02	-3.823668e-01
2.232000	2.165863e-01	6.204163e-02	3.815247e-01	3.799871e-04	7.855886e-04	3.408877e-04	-1.040377e-03	5.637485e-05	-1.052527e-04	-2.159259e-01	-6.288359e-02	-3.817603e-01
2.233000	2.162386e-01	6.198228e-02	3.809213e-01	3.790035e-04	7.830965e-04	3.400137e-04	-1.037361e-03	5.606021e-05	-1.051779e-04	-2.155803e-01	-6.282143e-02	-3.811561e-01
2.234000	2.158924e-01	6.192322e-02	3.803203e-01	3.780225e-04	7.806136e-04	3.391424e-04	-1.034354e-03	5.574725e-05	-1.051026e-04	-2.152361e-01	-6.275958e-02	-3.805543e-01
2.235000	2.155475e-01	6.186435e-02	3.797216e-01	3.770441e-04	7.781394e-04	3.382734e-04	-1.031357e-03	5.543596e-05	-1.050268e-04	-2.148932e-01	-6.269792e-02	-3.799549e-01
2.236000	2.152038e-01	6.180574e-02	3.791251e-01	3.760688e-04	7.756746e-04	3.374071e-04	-1.028370e-03	5.512631e-05	-1.049506e-04	-2.145515e-01	-6.263654e-02	-3.793576e-01
2.237000	2.148613e-01	6.174731e-02	3.785308e-01	3.750960e-04	7.732183e-04	3.365433e-04	-1.025393e-03	5.481808e-05	-1.048739e-04	-2.142110e-01	-6.257534e-02	-3.787625e-01
2.238000	2.145202e-01	6.168909e-02	3.779388e-01	3.741264e-04	7.707714e-04	3.356821e-04	-1.022426e-03	5.451118e-05	-1.047969e-04	-2.138719e-01	-6.251437e-02	-3.781697e-01
2.239000	2.141806e-01	6.163117e-02	3.773492e-01	3.731593e-04	7.683333e-04	3.348234e-04	-1.019468e-03	5.420602e-05	-1.047193e-04	-2.135343e-01	-6.245370e-02	-3.775793e-01
2.240000	2.138420e-01	6.157345e-02	3.767615e-01	3.721949e-04	7.659039e-04	3.339672e-04	-1.016520e-03	5.390237e-05	-1.046414e-04	-2.131977e-01	-6.239326e-02	-3.769909e-01
2.241000	2.135047e-01	6.151592e-02	3.761760e-01	3.712333e-04	7.634835e-04	3.331135e-04	-1.013582e-03	5.360038e-05	-1.045629e-04	-2.128624e-01	-6.233300e-02	-3.764046e-01
2.242000	2.131688e-01	6.145864e-02	3.755931e-01	3.702746e-04	7.610719e-04	3.322624e-04	-1.010653e-03	5.329974e-05	-1.044841e-04	-2.125284e-01	-6.227301e-02	-3.758209e-01
2.243000	2.128340e-01	6.140156e-02	3.750120e-01	3.693188e-04	7.586690e-04	3.314137e-04	-1.007734e-03	5.300040e-05	-1.044050e-04	-2.121956e-01	-6.221323e-02	-3.752390e-01
2.244000	2.125004e-01	6.134470e-02	3.744329e-01	3.683654e-04	7.562748e-04	3.305675e-04	-1.004825e-03	5.270269e-05	-1.043254e-04	-2.118639e-01	-6.215368e-02	-3.746592e-01
2.245000	2.121683e-01	6.128813e-02	3.738565e-01	3.674146e-04	7.538893e-04	3.297238e-04	-1.001924e-03	5.240664e-05	-1.042452e-04	-2.115338e-01	-6.209442e-02	-3.740820e-01
2.246000	2.118374e-01	6.123171e-02	3.732821e-01	3.664669e-04	7.515129e-04	3.288827e-04	-9.990341e-04	5.211182e-05	-1.041649e-04	-2.112048e-01	-6.203534e-02	-3.735069e-01
2.247000	2.115076e-01	6.117552e-02	3.727097e-01	3.655217e-04	7.491447e-04	3.280439e-04	-9.961528e-04	5.181850e-05	-1.040841e-04	-2.108769e-01	-6.197648e-02	-3.729337e-01
2.248000	2.111789e-01	6.111955e-02	3.721393e-01	3.645790e-04	7.467850e-04	3.272075e-04	-9.932811e-04	5.152685e-05	-1.040027e-04	-2.105502e-01	-6.191786e-02	-3.723625e-01
2.249000	2.108517e-01	6.106384e-02	3.715714e-01	3.636395e-04	7.444344e-04	3.263738e-04	-9.904193e-04	5.123638e-05	-1.039212e-04	-2.102249e-01	-6.185951e-02	-3.717939e-01
2.250000	2.105256e-01	6.100827e-02	3.710054e-01	3.627024e-04	7.420919e-04	3.255424e-04	-9.875664e-04	5.094748e-05	-1.038392e-04	-2.099007e-01	-6.180131e-02	-3.712271e-01
2.251000	2.102007e-01	6.095295e-02	3.704415e-01	3.617681e-04	7.397580e-04	3.247135e-04	-9.847227e-04	5.065990e-05	-1.037568e-04	-2.095777e-01	-6.174337e-02	-3.706624e-01
2.252000	2.098770e-01	6.089784e-02	3.698798e-01	3.608362e-04	7.374326e-04	3.238869e-04	-9.818882e-04	5.037372e-05	-1.036740e-04	-2.092560e-01	-6.168565e-02	-3.701000e-01
2.253000	2.095544e-01	6.084292e-02	3.693199e-01	3.599070e-04	7.351153e-04	3.230627e-04	-9.790633e-04	5.008938e-05	-1.035907e-04	-2.089352e-01	-6.162812e-02	-3.695394e-01
2.254000	2.092332e-01	6.078824e-02	3.687624e-01	3.589806e-04	7.328067e-04	3.222410e-04	-9.762475e-04	4.980601e-05	-1.035073e-04	-2.086159e-01	-6.157085e-02	-3.689811e-01
2.255000	2.089132e-01	6.073381e-02	3.682070e-01	3.580566e-04	7.305061e-04	3.214215e-04	-9.734404e-04	4.952430e-05	-1.034233e-04	-2.082978e-01	-6.151384e-02	-3.684250e-01
2.256000	2.085943e-01	6.067954e-02	3.676536e-01	3.571356e-04	7.282142e-04	3.206047e-04	-9.706435e-04	4.924391e-05	-1.033390e-04	-2.079808e-01	-6.145700e-02	-3.678708e-01
2.257000	2.082765e-01	6.062549e-02	3.671020e-01	3.562169e-04	7.259306e-04	3.197901e-04	-9.678549e-04	4.896488e-05	-1.032543e-04	-2.076649e-01	-6.140038e-02	-3.673186e-01
2.258000	2.079602e-01	6.057168e-02	3.665529e-01	3.553009e-04	7.236553e-04	3.189780e-04	-9.650757e-04	4.868727e-05	-1.031693e-04	-2.073504e-01	-6.134402e-02	-3.667687e-01
2.259000	2.076447e-01	6.051804e-02	3.660054e-01	3.543875e-04	7.213879e-04	3.181681e-04	-9.623055e-04	4.841112e-05	-1.030839e-04	-2.070368e-01	-6.128784e-02	-3.662204e-01
2.260000	2.073305e-01	6.046462e-02	3.654602e-01	3.534767e-04	7.191285e-04	3.173606e-04	-9.595441e-04	4.813628e-05	-1.029981e-04	-2.067245e-01	-6.123189e-02	-3.656745e-01
2.261000	2.070175e-01	6.041143e-02	3.649169e-01	3.525686e-04	7.168778e-04	3.165556e-04	-9.567920e-04	4.786286e-05	-1.029120e-04	-2.064133e-01	-6.117617e-02	-3.651305e-01
2.262000	2.067057e-01	6.035843e-02	3.643757e-01	3.516629e-04	7.146348e-04	3.157528e-04	-9.540485e-04	4.759067e-05	-1.028255e-04	-2.061033e-01	-6.112065e-02	-3.645886e-01
2.263000	2.063949e-01	6.030564e-02	3.638363e-01	3.507597e-04	7.124002e-04	3.149523e-04	-9.513141e-04	4.732009e-05	-1.027387e-04	-2.057943e-01	-6.106536e-02	-3.640485e-01
2.264000	2.060853e-01	6.025303e-02	3.632990e-01	3.498593e-04	7.101733e-04	3.141542e-04	-9.485886e-04	4.705063e-05	-1.026515e-04	-2.054866e-01	-6.101026e-02	-3.635105e-01
2.265000	2.057768e-01	6.020066e-02	3.627637e-01	3.489615e-04	7.079548e-04	3.133585e-04	-9.458720e-04	4.678237e-05	-1.025641e-04	-2.051799e-01	-6.095539e-02	-3.629745e-01
2.266000	2.054695e-01	6.014845e-02	3.622303e-01	3.480662e-04	7.057440e-04	3.125650e-04	-9.431642e-04	4.651574e-05	-1.024763e-04	-2.048744e-01	-6.090071e-02	-3.624404e-01
2.267000	2.051634e-01	6.009653e-02	3.616991e-01	3.471733e-04	7.035413e-04	3.117738e-04	-9.404651e-04	4.625031e-05	-1.023881e-04	-2.045701e-01	-6.084633e-02	-3.619085e-01
2.268000	2.048584e-01	6.004476e-02	3.611698e-01	3.462829e-04	7.013465e-04	3.109849e-04	-9.377747e-04	4.598616e-05	-1.022996e-04	-2.042669e-01	-6.079209e-02	-3.613784e-01
2.269000	2.045545e-01	5.999320e-02	3.606422e-01	3.453949e-04	6.991592e-04	3.101982e-04	-9.350927e-04	4.572347e-05	-1.022107e-04	-2.039648e-01	-6.073808e-02	-3.608502e-01
2.270000	2.042518e-01	5.994187e-02	3.601170e-01	3.445100e-04	6.969804e-04	3.094141e-04	-9.324205e-04	4.546200e-05	-1.021217e-04	-2.036639e-01	-6.068432e-02	-3.603243e-01
2.271000	2.039502e-01	5.989074e-02	3.595935e-01	3.436272e-04	6.948090e-04	3.086320e-04	-9.297560e-04	4.520176e-05	-1.020322e-04	-2.033640e-01	-6.063075e-02	-3.598001e-01
2.272000	2.036496e-01	5.983977e-02	3.590718e-01	3.427467e-04	6.926456e-04	3.078522e-04	-9.271002e-04	4.494305e-05	-1.019424e-04	-2.030652e-01	-6.057736e-02	-3.592777e-01
2.273000	2.033502e-01	5.978903e-02	3.585521e-01	3.418690e-04	6.904898e-04	3.070747e-04	-9.244534e-04	4.468550e-05	-1.018522e-04	-2.027676e-01	-6.052421e-02	-3.587574e-01
2.274000	2.030518e-01	5.973847e-02	3.580344e-01	3.409936e-04	6.883417e-04	3.062994e-04	-9.218149e-04	4.442919e-05	-1.017618e-04	-2.024710e-01	-6.047124e-02	-3.582390e-01
2.275000	2.027546e-01	5.968813e-02	3.575186e-01	3.401208e-04	6.862012e-04	3.055263e-04	-9.191848e-04	4.417414e-05	-1.016711e-04	-2.021755e-01	-6.041851e-02	-3.577224e-01
2.276000	2.024585e-01	5.963800e-02	3.570048e-01	3.392507e-04	6.840684e-04	3.047555e-04	-9.165636e-04	4.392028e-05	-1.015801e-04	-2.018812e-01	-6.036599e-02	-3.572080e-01
2.277000	2.021633e-01	5.958802e-02	3.564925e-01	3.383827e-04	6.819436e-04	3.039870e-04	-9.139506e-04	4.366778e-05	-1.014888e-04	-2.015878e-01	-6.031363e-02	-3.566950e-01
2.278000	2.018693e-01	5.953823e-02	3.559822e-01	3.375174e-04	6.798261e-04	3.032206e-04	-9.113462e-04	4.341666e-05	-1.013971e-04	-2.012955e-01	-6.026147e-02	-3.561841e-01
2.279000	2.015763e-01	5.948866e-02	3.554738e-01	3.366543e-04	6.777163e-04	3.024566e-04	-9.087499e-04	4.316657e-05	-1.013053e-04	-2.010042e-01	-6.020955e-02	-3.556750e-01
2.280000	2.012844e-01	5.943925e-02	3.549672e-01	3.357938e-04	6.756139e-04	3.016946e-04	-9.061623e-04	4.291786e-05	-1.012131e-04	-2.007140e-01	-6.015778e-02	-3.551677e-01
2.281000	2.009935e-01	5.939009e-02	3.544626e-01	3.349357e-04	6.735190e-04	3.009349e-04	-9.035828e-04	4.267041e-05	-1.011205e-04	-2.004249e-01	-6.010627e-02	-3.546624e-01
2.282000	2.007037e-01	5.934105e-02	3.539596e-01	3.340801e-04	6.714317e-04	3.001774e-04	-9.010119e-04	4.242406e-05	-1.010277e-04	-2.001368e-01	-6.005491e-02	-3.541587e-01
2.283000	2.004150e-01	5.929226e-02	3.534586e-01	3.332268e-04	6.693517e-04	2.994221e-04	-8.984490e-04	4.217899e-05	-1.009346e-04	-1.998498e-01	-6.000379e-02	-3.536571e-01
2.284000	2.001273e-01	5.924362e-02	3.529593e-01	3.323758e-04	6.672791e-04	2.986688e-04	-8.958947e-04	4.193543e-05	-1.008412e-04	-1.995638e-01	-5.995284e-02	-3.531572e-01
2.285000	1.998406e-01	5.919522e-02	3.524620e-01	3.315274e-04	6.652142e-04	2.979179e-04	-8.933482e-04	4.169258e-05	-1.007476e-04	-1.992788e-01	-5.990212e-02	-3.526591e-01
2.286000	1.995550e-01	5.914696e-02	3.519664e-01	3.306812e-04	6.631562e-04	2.971689e-04	-8.908098e-04	4.145126e-05	-1.006536e-04	-1.989949e-01	-5.985156e-02	-3.521628e-01
2.287000	1.992703e-01	5.909888e-02	3.514723e-01	3.298377e-04	6.611058e-04	2.964223e-04	-8.882802e-04	4.121102e-05	-1.005595e-04	-1.987118e-01	-5.980119e-02	-3.516682e-01
2.288000	1.989868e-01	5.905102e-02	3.509804e-01	3.289962e-04	6.590626e-04	2.956778e-04	-8.857585e-04	4.097223e-05	-1.004649e-04	-1.984300e-01	-5.975105e-02	-3.511756e-01
2.289000	1.987043e-01	5.900336e-02	3.504902e-01	3.281574e-04	6.570267e-04	2.949353e-04	-8.832448e-04	4.073430e-05	-1.003701e-04	-1.981492e-01	-5.970112e-02	-3.506848e-01
2.290000	1.984227e-01	5.895584e-02	3.500016e-01	3.273208e-04	6.549981e-04	2.941951e-04	-8.807394e-04	4.049781e-05	-1.002751e-04	-1.978693e-01	-5.965133e-02	-3.501956e-01
2.291000	1.981423e-01	5.890858e-02	3.495151e-01	3.264864e-04	6.529766e-04	2.934569e-04	-8.782417e-04	4.026240e-05	-1.001798e-04	-1.975906e-01	-5.960182e-02	-3.497084e-01
2.292000	1.978628e-01	5.886143e-02	3.490301e-01	3.256549e-04	6.509622e-04	2.927209e-04	-8.757523e-04	4.002791e-05	-1.000844e-04	-1.973127e-01	-5.955242e-02	-3.492228e-01
2.293000	1.975845e-01	5.881455e-02	3.485471e-01	3.248253e-04	6.489553e-04	2.919870e-04	-8.732709e-04	3.979486e-05	-9.998857e-05	-1.970360e-01	-5.950330e-02	-3.487391e-01
2.294000	1.973071e-01	5.876780e-02	3.480658e-01	3.239979e-04	6.469552e-04	2.912552e-04	-8.707971e-04	3.956306e-05	-9.989246e-05	-1.967603e-01	-5.945432e-02	-3.482572e-01
2.295000	1.970306e-01	5.872126e-02	3.475862e-01	3.231732e-04	6.449624e-04	2.905256e-04	-8.683318e-04	3.933218e-05	-9.979623e-05	-1.964855e-01	-5.940555e-02	-3.477769e-01
2.296000	1.967552e-01	5.867489e-02	3.471084e-01	3.223505e-04	6.429764e-04	2.897979e-04	-8.658738e-04	3.910261e-05	-9.969962e-05	-1.962117e-01	-5.935697e-02	-3.472985e-01
2.297000	1.964809e-01	5.862875e-02	3.466324e-01	3.215305e-04	6.409978e-04	2.890725e-04	-8.634242e-04	3.887403e-05	-9.960290e-05	-1.959390e-01	-5.930862e-02	-3.468218e-01
2.298000	1.962075e-01	5.858274e-02	3.461580e-01	3.207125e-04	6.390259e-04	2.883489e-04	-8.609822e-04	3.864686e-05	-9.950579e-05	-1.956672e-01	-5.926041e-02	-3.463468e-01
2.299000	1.959352e-01	5.853697e-02	3.456855e-01	3.198969e-04	6.370613e-04	2.876276e-04	-8.585481e-04	3.842056e-05	-9.940857e-05	-1.953965e-01	-5.921245e-02	-3.458737e-01
2.300000	1.956639e-01	5.849137e-02	3.452147e-01	3.190836e-04	6.351036e-04	2.869084e-04	-8.561220e-04	3.819552e-05	-9.931107e-05	-1.951268e-01	-5.916467e-02	-3.454023e-01
2.301000	1.953933e-01	5.844590e-02	3.447453e-01	3.182727e-04	6.331524e-04	2.861911e-04	-8.537036e-04	3.797152e-05	-9.921336e-05	-1.948579e-01	-5.911702e-02	-3.449323e-01
2.302000	1.951239e-01	5.840065e-02	3.442779e-01	3.174641e-04	6.312085e-04	2.854760e-04	-8.512931e-04	3.774876e-05	-9.911539e-05	-1.945900e-01	-5.906961e-02	-3.444642e-01
2.303000	1.948553e-01	5.835556e-02	3.438120e-01	3.166577e-04	6.292718e-04	2.847630e-04	-8.488903e-04	3.752693e-05	-9.901730e-05	-1.943231e-01	-5.902236e-02	-3.439977e-01
2.304000	1.945879e-01	5.831067e-02	3.433480e-01	3.158535e-04	6.273413e-04	2.840518e-04	-8.464950e-04	3.730650e-05	-9.891877e-05	-1.940572e-01	-5.897532e-02	-3.435331e-01
2.305000	1.943213e-01	5.826596e-02	3.428855e-01	3.150518e-04	6.254181e-04	2.833430e-04	-8.441078e-04	3.708685e-05	-9.882021e-05	-1.937923e-01	-5.892846e-02	-3.430700e-01
2.306000	1.940557e-01	5.822140e-02	3.424247e-01	3.142522e-04	6.235018e-04	2.826360e-04	-8.417277e-04	3.686832e-05	-9.872143e-05	-1.935282e-01	-5.888177e-02	-3.426086e-01
2.307000	1.937911e-01	5.817706e-02	3.419656e-01	3.134549e-04	6.215919e-04	2.819311e-04	-8.393556e-04	3.665099e-05	-9.862243e-05	-1.932652e-01	-5.883530e-02	-3.421489e-01
2.308000	1.935274e-01	5.813286e-02	3.415081e-01	3.126599e-04	6.196890e-04	2.812282e-04	-8.369911e-04	3.643472e-05	-9.852315e-05	-1.930031e-01	-5.878899e-02	-3.416908e-01
2.309000	1.932647e-01	5.808886e-02	3.410523e-01	3.118668e-04	6.177925e-04	2.805272e-04	-8.346338e-04	3.621972e-05	-9.842360e-05	-1.927419e-01	-5.874287e-02	-3.412344e-01
2.310000	1.930029e-01	5.804503e-02	3.405982e-01	3.110763e-04	6.159031e-04	2.798284e-04	-8.322842e-04	3.600541e-05	-9.832397e-05	-1.924817e-01	-5.869693e-02	-3.407797e-01
2.311000	1.927421e-01	5.800137e-02	3.401456e-01	3.102878e-04	6.140201e-04	2.791315e-04	-8.299422e-04	3.579249e-05	-9.822403e-05	-1.922224e-01	-5.865119e-02	-3.403265e-01
2.312000	1.924822e-01	5.795790e-02	3.396949e-01	3.095017e-04	6.121437e-04	2.784366e-04	-8.276077e-04	3.558050e-05	-9.812394e-05	-1.919641e-01	-5.860563e-02	-3.398752e-01
2.313000	1.922233e-01	5.791461e-02	3.392456e-01	3.087177e-04	6.102737e-04	2.777436e-04	-8.252804e-04	3.536954e-05	-9.802362e-05	-1.917067e-01	-5.856026e-02	-3.394253e-01
2.314000	1.919652e-01	5.787146e-02	3.387979e-01	3.079358e-04	6.084106e-04	2.770526e-04	-8.229606e-04	3.515968e-05	-9.792306e-05	-1.914502e-01	-5.851503e-02	-3.389770e-01
2.315000	1.917082e-01	5.782855e-02	3.383521e-01	3.071562e-04	6.065540e-04	2.763636e-04	-8.206482e-04	3.495083e-05	-9.782240e-05	-1.911947e-01	-5.847006e-02	-3.385307e-01
2.316000	1.914520e-01	5.778573e-02	3.379075e-01	3.063788e-04	6.047036e-04	2.756765e-04	-8.183432e-04	3.474311e-05	-9.772143e-05	-1.909400e-01	-5.842517e-02	-3.380855e-01
2.317000	1.911966e-01	5.774311e-02	3.374646e-01	3.056033e-04	6.028599e-04	2.749914e-04	-8.160456e-04	3.453660e-05	-9.762022e-05	-1.906862e-01	-5.838051e-02	-3.376420e-01
2.318000	1.909424e-01	5.770071e-02	3.370236e-01	3.048302e-04	6.010228e-04	2.743082e-04	-8.137550e-04	3.433075e-05	-9.751895e-05	-1.904335e-01	-5.833606e-02	-3.372004e-01
2.319000	1.906890e-01	5.765844e-02	3.365839e-01	3.040595e-04	5.991925e-04	2.736272e-04	-8.114721e-04	3.412587e-05	-9.741756e-05	-1.901815e-01	-5.829176e-02	-3.367601e-01
2.320000	1.904366e-01	5.761637e-02	3.361461e-01	3.032907e-04	5.973679e-04	2.729478e-04	-8.091964e-04	3.392238e-05	-9.731582e-05	-1.899306e-01	-5.824766e-02	-3.363217e-01
2.321000	1.901850e-01	5.757447e-02	3.357096e-01	3.025237e-04	5.955497e-04	2.722703e-04	-8.069274e-04	3.371992e-05	-9.721379e-05	-1.896806e-01	-5.820374e-02	-3.358847e-01
2.322000	1.899342e-01	5.753273e-02	3.352746e-01	3.017592e-04	5.937383e-04	2.715949e-04	-8.046661e-04	3.351828e-05	-9.711173e-05	-1.894313e-01	-5.815998e-02	-3.354491e-01
2.323000	1.896844e-01	5.749117e-02	3.348413e-01	3.009970e-04	5.919331e-04	2.709214e-04	-8.024119e-04	3.331747e-05	-9.700959e-05	-1.891830e-01	-5.811642e-02	-3.350152e-01
2.324000	1.894355e-01	5.744974e-02	3.344095e-01	3.002366e-04	5.901342e-04	2.702497e-04	-8.001646e-04	3.311793e-05	-9.690710e-05	-1.889355e-01	-5.807299e-02	-3.345829e-01
2.325000	1.891875e-01	5.740851e-02	3.339793e-01	2.994785e-04	5.883416e-04	2.695801e-04	-7.979248e-04	3.291936e-05	-9.680449e-05	-1.886890e-01	-5.802977e-02	-3.341521e-01
2.326000	1.889404e-01	5.736749e-02	3.335507e-01	2.987224e-04	5.865553e-04	2.689122e-04	-7.956921e-04	3.272177e-05	-9.670170e-05	-1.884434e-01	-5.798676e-02	-3.337229e-01
2.327000	1.886941e-01	5.732659e-02	3.331235e-01	2.979686e-04	5.847751e-04	2.682463e-04	-7.934663e-04	3.252509e-05	-9.659878e-05	-1.881986e-01	-5.794388e-02	-3.332952e-01
2.328000	1.884488e-01	5.728585e-02	3.326980e-01	2.972166e-04	5.830011e-04	2.675822e-04	-7.912475e-04	3.232957e-05	-9.649559e-05	-1.879548e-01	-5.790118e-02	-3.328691e-01
2.329000	1.882042e-01	5.724527e-02	3.322738e-01	2.964671e-04	5.812336e-04	2.669202e-04	-7.890360e-04	3.213476e-05	-9.639237e-05	-1.877117e-01	-5.785863e-02	-3.324444e-01
2.330000	1.879607e-01	5.720491e-02	3.318514e-01	2.957195e-04	5.794722e-04	2.662599e-04	-7.868314e-04	3.194112e-05	-9.628886e-05	-1.874696e-01	-5.781633e-02	-3.320213e-01
2.331000	1.877180e-01	5.716470e-02	3.314304e-01	2.949740e-04	5.777166e-04	2.656014e-04	-7.846337e-04	3.174841e-05	-9.618528e-05	-1.872284e-01	-5.777417e-02	-3.315999e-01
2.332000	1.874762e-01	5.712464e-02	3.310111e-01	2.942305e-04	5.759673e-04	2.649449e-04	-7.824429e-04	3.155667e-05	-9.608148e-05	-1.869880e-01	-5.773217e-02	-3.311800e-01
2.333000	1.872350e-01	5.708469e-02	3.305928e-01	2.934891e-04	5.742242e-04	2.642902e-04	-7.802592e-04	3.136591e-05	-9.597753e-05	-1.867483e-01	-5.769028e-02	-3.307611e-01
2.334000	1.869950e-01	5.704500e-02	3.301764e-01	2.927497e-04	5.724870e-04	2.636373e-04	-7.780822e-04	3.117607e-05	-9.587339e-05	-1.865096e-01	-5.764867e-02	-3.303442e-01
2.335000	1.867556e-01	5.700541e-02	3.297613e-01	2.920124e-04	5.707559e-04	2.629862e-04	-7.759121e-04	3.098717e-05	-9.576912e-05	-1.862717e-01	-5.760715e-02	-3.299285e-01
2.336000	1.865173e-01	5.696601e-02	3.293479e-01	2.912772e-04	5.690308e-04	2.623370e-04	-7.737490e-04	3.079926e-05	-9.566467e-05	-1.860348e-01	-5.756584e-02	-3.295146e-01
2.337000	1.862797e-01	5.692676e-02	3.289358e-01	2.905441e-04	5.673117e-04	2.616896e-04	-7.715928e-04	3.061227e-05	-9.556008e-05	-1.857986e-01	-5.752468e-02	-3.291019e-01
2.338000	1.860430e-01	5.688772e-02	3.285253e-01	2.898128e-04	5.655987e-04	2.610441e-04	-7.694430e-04	3.042616e-05	-9.545538e-05	-1.855634e-01	-5.748374e-02	-3.286909e-01
2.339000	1.858072e-01	5.684882e-02	3.281164e-01	2.890837e-04	5.638915e-04	2.604004e-04	-7.673004e-04	3.024115e-05	-9.535046e-05	-1.853290e-01	-5.744295e-02	-3.282814e-01
2.340000	1.855721e-01	5.681006e-02	3.277086e-01	2.883567e-04	5.621903e-04	2.597585e-04	-7.651643e-04	3.005682e-05	-9.524549e-05	-1.850953e-01	-5.740231e-02	-3.278731e-01
2.341000	1.853379e-01	5.677149e-02	3.273025e-01	2.876316e-04	5.604950e-04	2.591184e-04	-7.630351e-04	2.987351e-05	-9.514034e-05	-1.848625e-01	-5.736186e-02	-3.274665e-01
2.342000	1.851045e-01	5.673305e-02	3.268977e-01	2.869087e-04	5.588056e-04	2.584801e-04	-7.609127e-04	2.969112e-05	-9.503508e-05	-1.846305e-01	-5.732154e-02	-3.270611e-01
2.343000	1.848719e-01	5.669475e-02	3.264943e-01	2.861875e-04	5.571219e-04	2.578436e-04	-7.587967e-04	2.950976e-05	-9.492957e-05	-1.843993e-01	-5.728138e-02	-3.266572e-01
2.344000	1.846403e-01	5.665668e-02	3.260926e-01	2.854685e-04	5.554440e-04	2.572088e-04	-7.566874e-04	2.932921e-05	-9.482399e-05	-1.841691e-01	-5.724145e-02	-3.262550e-01
2.345000	1.844094e-01	5.661872e-02	3.256922e-01	2.847515e-04	5.537723e-04	2.565759e-04	-7.545850e-04	2.914952e-05	-9.471832e-05	-1.839395e-01	-5.720164e-02	-3.258541e-01
2.346000	1.841793e-01	5.658093e-02	3.252932e-01	2.840365e-04	5.521061e-04	2.559448e-04	-7.524892e-04	2.897081e-05	-9.461248e-05	-1.837108e-01	-5.716201e-02	-3.254545e-01
2.347000	1.839501e-01	5.654334e-02	3.248956e-01	2.833234e-04	5.504457e-04	2.553153e-04	-7.503998e-04	2.879312e-05	-9.450640e-05	-1.834830e-01	-5.712257e-02	-3.250564e-01
2.348000	1.837215e-01	5.650586e-02	3.244994e-01	2.826124e-04	5.487910e-04	2.546877e-04	-7.483170e-04	2.861609e-05	-9.440034e-05	-1.832559e-01	-5.708326e-02	-3.246597e-01
2.349000	1.834939e-01	5.646851e-02	3.241046e-01	2.819032e-04	5.471419e-04	2.540618e-04	-7.462407e-04	2.844004e-05	-9.429408e-05	-1.830296e-01	-5.704409e-02	-3.242644e-01
2.350000	1.832671e-01	5.643138e-02	3.237115e-01	2.811960e-04	5.454989e-04	2.534378e-04	-7.441710e-04	2.826480e-05	-9.418773e-05	-1.828042e-01	-5.700514e-02	-3.238707e-01
2.351000	1.830411e-01	5.639438e-02	3.233194e-01	2.804907e-04	5.438612e-04	2.528153e-04	-7.421077e-04	2.809064e-05	-9.408120e-05	-1.825795e-01	-5.696634e-02	-3.234782e-01
2.352000	1.828159e-01	5.635756e-02	3.229290e-01	2.797876e-04	5.422294e-04	2.521948e-04	-7.400512e-04	2.791712e-05	-9.397460e-05	-1.823556e-01	-5.692770e-02	-3.230872e-01
2.353000	1.825914e-01	5.632082e-02	3.225397e-01	2.790862e-04	5.406033e-04	2.515759e-04	-7.380008e-04	2.774464e-05	-9.386784e-05	-1.821325e-01	-5.688917e-02	-3.226974e-01
2.354000	1.823678e-01	5.628430e-02	3.221520e-01	2.783870e-04	5.389825e-04	2.509588e-04	-7.359572e-04	2.757291e-05	-9.376102e-05	-1.819102e-01	-5.685085e-02	-3.223093e-01
2.355000	1.821450e-01	5.624795e-02	3.217657e-01	2.776895e-04	5.373674e-04	2.503433e-04	-7.339197e-04	2.740213e-05	-9.365405e-05	-1.816888e-01	-5.681271e-02	-3.219224e-01
2.356000	1.819230e-01	5.621172e-02	3.213807e-01	2.769940e-04	5.357582e-04	2.497297e-04	-7.318887e-04	2.723208e-05	-9.354695e-05	-1.814681e-01	-5.677471e-02	-3.215369e-01
2.357000	1.817017e-01	5.617562e-02	3.209971e-01	2.763004e-04	5.341539e-04	2.491176e-04	-7.298639e-04	2.706304e-05	-9.343972e-05	-1.812482e-01	-5.673684e-02	-3.211528e-01
2.358000	1.814814e-01	5.613973e-02	3.206150e-01	2.756088e-04	5.325557e-04	2.485075e-04	-7.278456e-04	2.689468e-05	-9.333246e-05	-1.810292e-01	-5.669918e-02	-3.207702e-01
2.359000	1.812616e-01	5.610394e-02	3.202339e-01	2.749192e-04	5.309626e-04	2.478989e-04	-7.258338e-04	2.672730e-05	-9.322504e-05	-1.808106e-01	-5.666162e-02	-3.203886e-01
2.360000	1.810427e-01	5.606833e-02	3.198545e-01	2.742313e-04	5.293752e-04	2.472920e-04	-7.238280e-04	2.656065e-05	-9.311752e-05	-1.805931e-01	-5.662427e-02	-3.200086e-01
2.361000	1.808248e-01	5.603290e-02	3.194766e-01	2.735454e-04	5.277933e-04	2.466869e-04	-7.218287e-04	2.639496e-05	-9.300987e-05	-1.803765e-01	-5.658709e-02	-3.196303e-01
2.362000	1.806074e-01	5.599758e-02	3.190998e-01	2.728615e-04	5.262167e-04	2.460834e-04	-7.198356e-04	2.622997e-05	-9.290218e-05	-1.801604e-01	-5.655003e-02	-3.192529e-01
2.363000	1.803907e-01	5.596242e-02	3.187242e-01	2.721793e-04	5.246455e-04	2.454816e-04	-7.178487e-04	2.606603e-05	-9.279428e-05	-1.799451e-01	-5.651313e-02	-3.188769e-01
2.364000	1.801751e-01	5.592750e-02	3.183502e-01	2.714992e-04	5.230798e-04	2.448815e-04	-7.158680e-04	2.590264e-05	-9.268642e-05	-1.797307e-01	-5.647648e-02	-3.185024e-01
2.365000	1.799600e-01	5.589265e-02	3.179774e-01	2.708209e-04	5.215196e-04	2.442831e-04	-7.138936e-04	2.574018e-05	-9.257840e-05	-1.795169e-01	-5.643991e-02	-3.181291e-01
2.366000	1.797457e-01	5.585794e-02	3.176059e-01	2.701444e-04	5.199645e-04	2.436863e-04	-7.119253e-04	2.557863e-05	-9.247025e-05	-1.793039e-01	-5.640349e-02	-3.177572e-01
2.367000	1.795321e-01	5.582338e-02	3.172356e-01	2.694696e-04	5.184148e-04	2.430911e-04	-7.099630e-04	2.541787e-05	-9.236198e-05	-1.790916e-01	-5.636721e-02	-3.173864e-01
2.368000	1.793195e-01	5.578903e-02	3.168669e-01	2.687967e-04	5.168704e-04	2.424976e-04	-7.080068e-04	2.525792e-05	-9.225359e-05	-1.788802e-01	-5.633116e-02	-3.170172e-01
2.369000	1.791074e-01	5.575479e-02	3.164994e-01	2.681260e-04	5.153313e-04	2.419059e-04	-7.060569e-04	2.509855e-05	-9.214526e-05	-1.786695e-01	-5.629522e-02	-3.166492e-01
2.370000	1.788962e-01	5.572067e-02	3.161332e-01	2.674568e-04	5.137975e-04	2.413157e-04	-7.041130e-04	2.494037e-05	-9.203666e-05	-1.784595e-01	-5.625941e-02	-3.162825e-01
2.371000	1.786856e-01	5.568670e-02	3.157682e-01	2.667896e-04	5.122690e-04	2.407272e-04	-7.021751e-04	2.478265e-05	-9.192813e-05	-1.782503e-01	-5.622375e-02	-3.159170e-01
2.372000	1.784759e-01	5.565294e-02	3.154046e-01	2.661242e-04	5.107455e-04	2.401402e-04	-7.002433e-04	2.462589e-05	-9.181941e-05	-1.780418e-01	-5.618831e-02	-3.155529e-01
2.373000	1.782669e-01	5.561930e-02	3.150424e-01	2.654608e-04	5.092274e-04	2.395551e-04	-6.983177e-04	2.446980e-05	-9.171071e-05	-1.778340e-01	-5.615299e-02	-3.151903e-01
2.374000	1.780587e-01	5.558578e-02	3.146814e-01	2.647990e-04	5.077145e-04	2.389714e-04	-6.963980e-04	2.431464e-05	-9.160184e-05	-1.776271e-01	-5.611780e-02	-3.148288e-01
2.375000	1.778510e-01	5.555238e-02	3.143215e-01	2.641392e-04	5.062066e-04	2.383894e-04	-6.944842e-04	2.416015e-05	-9.149291e-05	-1.774207e-01	-5.608274e-02	-3.144684e-01
2.376000	1.776443e-01	5.551922e-02	3.139632e-01	2.634810e-04	5.047041e-04	2.378090e-04	-6.925762e-04	2.400650e-05	-9.138385e-05	-1.772152e-01	-5.604793e-02	-3.141097e-01
2.377000	1.774382e-01	5.548615e-02	3.136061e-01	2.628247e-04	5.032066e-04	2.372302e-04	-6.906744e-04	2.385367e-05	-9.127473e-05	-1.770104e-01	-5.601321e-02	-3.137520e-01
2.378000	1.772330e-01	5.545321e-02	3.132502e-01	2.621703e-04	5.017141e-04	2.366531e-04	-6.887782e-04	2.370140e-05	-9.116561e-05	-1.768064e-01	-5.597863e-02	-3.133958e-01
2.379000	1.770283e-01	5.542042e-02	3.128955e-01	2.615178e-04	5.002268e-04	2.360775e-04	-6.868884e-04	2.355014e-05	-9.105637e-05	-1.766029e-01	-5.594419e-02	-3.130406e-01
2.380000	1.768244e-01	5.538778e-02	3.125421e-01	2.608667e-04	4.987445e-04	2.355035e-04	-6.850039e-04	2.339957e-05	-9.094698e-05	-1.764002e-01	-5.590993e-02	-3.126866e-01
2.381000	1.766212e-01	5.535534e-02	3.121900e-01	2.602178e-04	4.972675e-04	2.349312e-04	-6.831257e-04	2.324964e-05	-9.083768e-05	-1.761983e-01	-5.587586e-02	-3.123341e-01
2.382000	1.764188e-01	5.532301e-02	3.118391e-01	2.595704e-04	4.957952e-04	2.343603e-04	-6.812532e-04	2.310067e-05	-9.072818e-05	-1.759971e-01	-5.584191e-02	-3.119828e-01
2.383000	1.762171e-01	5.529081e-02	3.114895e-01	2.589250e-04	4.943282e-04	2.337912e-04	-6.793866e-04	2.295228e-05	-9.061867e-05	-1.757966e-01	-5.580809e-02	-3.116327e-01
2.384000	1.760160e-01	5.525874e-02	3.111410e-01	2.582811e-04	4.928659e-04	2.332234e-04	-6.775256e-04	2.280477e-05	-9.050903e-05	-1.755967e-01	-5.577441e-02	-3.112837e-01
2.385000	1.758157e-01	5.522688e-02	3.107940e-01	2.576391e-04	4.914087e-04	2.326574e-04	-6.756703e-04	2.265793e-05	-9.039934e-05	-1.753977e-01	-5.574095e-02	-3.109362e-01
2.386000	1.756161e-01	5.519510e-02	3.104480e-01	2.569990e-04	4.899565e-04	2.320929e-04	-6.738210e-04	2.251171e-05	-9.028969e-05	-1.751993e-01	-5.570757e-02	-3.105898e-01
2.387000	1.754172e-01	5.516344e-02	3.101032e-01	2.563606e-04	4.885091e-04	2.315299e-04	-6.719774e-04	2.236644e-05	-9.017983e-05	-1.750015e-01	-5.567432e-02	-3.102446e-01
2.388000	1.752190e-01	5.513197e-02	3.097598e-01	2.557238e-04	4.870667e-04	2.309685e-04	-6.701393e-04	2.222178e-05	-9.006998e-05	-1.748046e-01	-5.564126e-02	-3.099007e-01
2.389000	1.750215e-01	5.510063e-02	3.094175e-01	2.550889e-04	4.856293e-04	2.304087e-04	-6.683072e-04	2.207792e-05	-8.996006e-05	-1.746082e-01	-5.560834e-02	-3.095580e-01
2.390000	1.748247e-01	5.506943e-02	3.090765e-01	2.544555e-04	4.841964e-04	2.298502e-04	-6.664805e-04	2.193493e-05	-8.985000e-05	-1.744126e-01	-5.557556e-02	-3.092165e-01
2.391000	1.746287e-01	5.503837e-02	3.087368e-01	2.538243e-04	4.827689e-04	2.292936e-04	-6.646597e-04	2.179232e-05	-8.974008e-05	-1.742178e-01	-5.554293e-02	-3.088764e-01
2.392000	1.744332e-01	5.500744e-02	3.083982e-01	2.531945e-04	4.813458e-04	2.287383e-04	-6.628443e-04	2.165056e-05	-8.962998e-05	-1.740236e-01	-5.551044e-02	-3.085373e-01
2.393000	1.742385e-01	5.497668e-02	3.080608e-01	2.525665e-04	4.799279e-04	2.281847e-04	-6.610347e-04	2.150956e-05	-8.951982e-05	-1.738301e-01	-5.547811e-02	-3.081995e-01
2.394000	1.740445e-01	5.494609e-02	3.077246e-01	2.519401e-04	4.785144e-04	2.276324e-04	-6.592303e-04	2.136928e-05	-8.940959e-05	-1.736372e-01	-5.544597e-02	-3.078628e-01
2.395000	1.738512e-01	5.491559e-02	3.073896e-01	2.513156e-04	4.771060e-04	2.270819e-04	-6.574320e-04	2.122963e-05	-8.929938e-05	-1.734450e-01	-5.541393e-02	-3.075274e-01
2.396000	1.736585e-01	5.488522e-02	3.070558e-01	2.506927e-04	4.757023e-04	2.265327e-04	-6.556390e-04	2.109077e-05	-8.918908e-05	-1.732536e-01	-5.538202e-02	-3.071931e-01
2.397000	1.734664e-01	5.485498e-02	3.067230e-01	2.500716e-04	4.743033e-04	2.259851e-04	-6.538517e-04	2.095260e-05	-8.907873e-05	-1.730627e-01	-5.535024e-02	-3.068599e-01
2.398000	1.732752e-01	5.482494e-02	3.063916e-01	2.494522e-04	4.729090e-04	2.254390e-04	-6.520698e-04	2.081509e-05	-8.896839e-05	-1.728726e-01	-5.531867e-02	-3.065281e-01
2.399000	1.730845e-01	5.479499e-02	3.060613e-01	2.488344e-04	4.715192e-04	2.248943e-04	-6.502935e-04	2.067843e-05	-8.885787e-05	-1.726831e-01	-5.528719e-02	-3.061973e-01
2.400000	1.728945e-01	5.476515e-02	3.057321e-01	2.482181e-04	4.701343e-04	2.243512e-04	-6.485222e-04	2.054234e-05	-8.874736e-05	-1.724942e-01	-5.525583e-02	-3.058678e-01
2.401000	1.727054e-01	5.473552e-02	3.054044e-01	2.476038e-04	4.687542e-04	2.238096e-04	-6.467571e-04	2.040695e-05	-8.863681e-05	-1.723062e-01	-5.522468e-02	-3.055395e-01
2.402000	1.725167e-01	5.470598e-02	3.050775e-01	2.469911e-04	4.673786e-04	2.232695e-04	-6.449970e-04	2.027223e-05	-8.852627e-05	-1.721187e-01	-5.519363e-02	-3.052123e-01
2.403000	1.723288e-01	5.467660e-02	3.047520e-01	2.463801e-04	4.660079e-04	2.227309e-04	-6.432424e-04	2.013802e-05	-8.841573e-05	-1.719319e-01	-5.516275e-02	-3.048863e-01
2.404000	1.721415e-01	5.464731e-02	3.044275e-01	2.457707e-04	4.646415e-04	2.221937e-04	-6.414932e-04	2.000477e-05	-8.830501e-05	-1.717458e-01	-5.513196e-02	-3.045614e-01
2.405000	1.719550e-01	5.461821e-02	3.041044e-01	2.451630e-04	4.632798e-04	2.216580e-04	-6.397493e-04	1.987208e-05	-8.819431e-05	-1.715604e-01	-5.510137e-02	-3.042379e-01
2.406000	1.717689e-01	5.458920e-02	3.037820e-01	2.445572e-04	4.619227e-04	2.211239e-04	-6.380111e-04	1.973993e-05	-8.808367e-05	-1.713754e-01	-5.507087e-02	-3.039151e-01
2.407000	1.715836e-01	5.456040e-02	3.034612e-01	2.439525e-04	4.605701e-04	2.205910e-04	-6.362778e-04	1.960872e-05	-8.797283e-05	-1.711913e-01	-5.504058e-02	-3.035938e-01
2.408000	1.713989e-01	5.453163e-02	3.031412e-01	2.433498e-04	4.592221e-04	2.200597e-04	-6.345501e-04	1.947810e-05	-8.786202e-05	-1.710077e-01	-5.501033e-02	-3.032734e-01
2.409000	1.712150e-01	5.450306e-02	3.028226e-01	2.427488e-04	4.578788e-04	2.195299e-04	-6.328278e-04	1.934799e-05	-8.775123e-05	-1.708249e-01	-5.498029e-02	-3.029544e-01
2.410000	1.710316e-01	5.447459e-02	3.025049e-01	2.421493e-04	4.565399e-04	2.190016e-04	-6.311106e-04	1.921864e-05	-8.764038e-05	-1.706426e-01	-5.495035e-02	-3.026362e-01
2.411000	1.708490e-01	5.444633e-02	3.021885e-01	2.415515e-04	4.552054e-04	2.184746e-04	-6.293986e-04	1.908997e-05	-8.752946e-05	-1.704611e-01	-5.492062e-02	-3.023195e-01
2.412000	1.706670e-01	5.441819e-02	3.018734e-01	2.409554e-04	4.538754e-04	2.179491e-04	-6.276922e-04	1.896190e-05	-8.741858e-05	-1.702803e-01	-5.489103e-02	-3.020039e-01
2.413000	1.704856e-01	5.439011e-02	3.015591e-01	2.403609e-04	4.525500e-04	2.174251e-04	-6.259909e-04	1.883451e-05	-8.730761e-05	-1.700999e-01	-5.486149e-02	-3.016892e-01
2.414000	1.703048e-01	5.436219e-02	3.012460e-01	2.397679e-04	4.512290e-04	2.169025e-04	-6.242946e-04	1.870772e-05	-8.719666e-05	-1.699203e-01	-5.483213e-02	-3.013757e-01
2.415000	1.701246e-01	5.433442e-02	3.009340e-01	2.391764e-04	4.499123e-04	2.163812e-04	-6.226036e-04	1.858178e-05	-8.708562e-05	-1.697412e-01	-5.480292e-02	-3.010633e-01
2.416000	1.699452e-01	5.430678e-02	3.006232e-01	2.385869e-04	4.486001e-04	2.158615e-04	-6.209179e-04	1.845621e-05	-8.697464e-05	-1.695629e-01	-5.477384e-02	-3.007521e-01
2.417000	1.697664e-01	5.427925e-02	3.003135e-01	2.379987e-04	4.472923e-04	2.153431e-04	-6.192374e-04	1.833150e-05	-8.686351e-05	-1.693851e-01	-5.474487e-02	-3.004420e-01
2.418000	1.695881e-01	5.425185e-02	3.000048e-01	2.374122e-04	4.459888e-04	2.148262e-04	-6.175619e-04	1.820718e-05	-8.675249e-05	-1.692080e-01	-5.471605e-02	-3.001329e-01
2.419000	1.694106e-01	5.422462e-02	2.996973e-01	2.368273e-04	4.446899e-04	2.143107e-04	-6.158917e-04	1.808359e-05	-8.664144e-05	-1.690315e-01	-5.468740e-02	-2.998250e-01
2.420000	1.692336e-01	5.419753e-02	2.993908e-01	2.362440e-04	4.433952e-04	2.137965e-04	-6.142263e-04	1.796063e-05	-8.653032e-05	-1.688556e-01	-5.465888e-02	-2.995181e-01
2.421000	1.690572e-01	5.417054e-02	2.990854e-01	2.356622e-04	4.421048e-04	2.132838e-04	-6.125662e-04	1.783839e-05	-8.641918e-05	-1.686803e-01	-5.463048e-02	-2.992123e-01
2.422000	1.688816e-01	5.414368e-02	2.987812e-01	2.350822e-04	4.408187e-04	2.127725e-04	-6.109113e-04	1.771665e-05	-8.630805e-05	-1.685057e-01	-5.460221e-02	-2.989077e-01
2.423000	1.687064e-01	5.411693e-02	2.984779e-01	2.345036e-04	4.395369e-04	2.122626e-04	-6.092612e-04	1.759558e-05	-8.619687e-05	-1.683316e-01	-5.457406e-02	-2.986040e-01
2.424000	1.685320e-01	5.409037e-02	2.981759e-01	2.339266e-04	4.382594e-04	2.117541e-04	-6.076164e-04	1.747512e-05	-8.608573e-05	-1.681583e-01	-5.454610e-02	-2.983015e-01
2.425000	1.683581e-01	5.406389e-02	2.978748e-01	2.333512e-04	4.369862e-04	2.112469e-04	-6.059766e-04	1.735530e-05	-8.597455e-05	-1.679855e-01	-5.451823e-02	-2.980001e-01
2.426000	1.681849e-01	5.403754e-02	2.975749e-01	2.327773e-04	4.357173e-04	2.107412e-04	-6.043417e-04	1.723612e-05	-8.586334e-05	-1.678133e-01	-5.449049e-02	-2.976998e-01
2.427000	1.680122e-01	5.401132e-02	2.972760e-01	2.322049e-04	4.344524e-04	2.102368e-04	-6.027117e-04	1.711751e-05	-8.575208e-05	-1.676417e-01	-5.446288e-02	-2.974004e-01
2.428000	1.678402e-01	5.398524e-02	2.969781e-01	2.316342e-04	4.331920e-04	2.097338e-04	-6.010868e-04	1.699942e-05	-8.564092e-05	-1.674707e-01	-5.443543e-02	-2.971022e-01
2.429000	1.676688e-01	5.395933e-02	2.966813e-01	2.310651e-04	4.319357e-04	2.092322e-04	-5.994671e-04	1.688200e-05	-8.552971e-05	-1.673004e-01	-5.440814e-02	-2.968051e-01
2.430000	1.674981e-01	5.393350e-02	2.963858e-01	2.304975e-04	4.306837e-04	2.087319e-04	-5.978521e-04	1.676510e-05	-8.541853e-05	-1.671307e-01	-5.438095e-02	-2.965091e-01
2.431000	1.673278e-01	5.390777e-02	2.960910e-01	2.299313e-04	4.294356e-04	2.082329e-04	-5.962419e-04	1.664890e-05	-8.530724e-05	-1.669615e-01	-5.435385e-02	-2.962140e-01
2.432000	1.671583e-01	5.388223e-02	2.957976e-01	2.293667e-04	4.281917e-04	2.077354e-04	-5.946368e-04	1.653336e-05	-8.519596e-05	-1.667931e-01	-5.432696e-02	-2.959201e-01
2.433000	1.669893e-01	5.385680e-02	2.955049e-01	2.288037e-04	4.269522e-04	2.072392e-04	-5.930366e-04	1.641830e-05	-8.508471e-05	-1.666250e-01	-5.430017e-02	-2.956271e-01
2.434000	1.668210e-01	5.383154e-02	2.952137e-01	2.282422e-04	4.257166e-04	2.067443e-04	-5.914411e-04	1.630378e-05	-8.497351e-05	-1.664578e-01	-5.427356e-02	-2.953354e-01
2.435000	1.666531e-01	5.380630e-02	2.949231e-01	2.276823e-04	4.244851e-04	2.062508e-04	-5.898507e-04	1.618995e-05	-8.486223e-05	-1.662910e-01	-5.424697e-02	-2.950444e-01
2.436000	1.664859e-01	5.378123e-02	2.946336e-01	2.271238e-04	4.232578e-04	2.057587e-04	-5.882650e-04	1.607664e-05	-8.475099e-05	-1.661248e-01	-5.422056e-02	-2.947546e-01
2.437000	1.663193e-01	5.375631e-02	2.943452e-01	2.265669e-04	4.220346e-04	2.052678e-04	-5.866842e-04	1.596389e-05	-8.463977e-05	-1.659592e-01	-5.419431e-02	-2.944658e-01
2.438000	1.661534e-01	5.373158e-02	2.940581e-01	2.260113e-04	4.208153e-04	2.047783e-04	-5.851081e-04	1.585174e-05	-8.452850e-05	-1.657943e-01	-5.416825e-02	-2.941783e-01
2.439000	1.659880e-01	5.370685e-02	2.937717e-01	2.254574e-04	4.196002e-04	2.042901e-04	-5.835368e-04	1.574019e-05	-8.441725e-05	-1.656299e-01	-5.414220e-02	-2.938915e-01
2.440000	1.658231e-01	5.368228e-02	2.934863e-01	2.249049e-04	4.183890e-04	2.038032e-04	-5.819703e-04	1.562924e-05	-8.430598e-05	-1.654660e-01	-5.411630e-02	-2.936058e-01
2.441000	1.656589e-01	5.365787e-02	2.932021e-01	2.243541e-04	4.171820e-04	2.033177e-04	-5.804087e-04	1.551871e-05	-8.419479e-05	-1.653028e-01	-5.409057e-02	-2.933213e-01
2.442000	1.654953e-01	5.363362e-02	2.929190e-01	2.238046e-04	4.159789e-04	2.028335e-04	-5.788517e-04	1.540882e-05	-8.408356e-05	-1.651402e-01	-5.406500e-02	-2.930377e-01
2.443000	1.653323e-01	5.360941e-02	2.926368e-01	2.232567e-04	4.147798e-04	2.023506e-04	-5.772995e-04	1.529951e-05	-8.397231e-05	-1.649782e-01	-5.403949e-02	-2.927552e-01
2.444000	1.651697e-01	5.358532e-02	2.923555e-01	2.227102e-04	4.135846e-04	2.018690e-04	-5.757520e-04	1.519074e-05	-8.386113e-05	-1.648167e-01	-5.401410e-02	-2.924735e-01
2.445000	1.650079e-01	5.356142e-02	2.920755e-01	2.221652e-04	4.123934e-04	2.013887e-04	-5.742092e-04	1.508259e-05	-8.374987e-05	-1.646558e-01	-5.398890e-02	-2.921931e-01
2.446000	1.648465e-01	5.353761e-02	2.917961e-01	2.216216e-04	4.112061e-04	2.009097e-04	-5.726709e-04	1.497492e-05	-8.363868e-05	-1.644954e-01	-5.396379e-02	-2.919134e-01
2.447000	1.646858e-01	5.351394e-02	2.915180e-01	2.210797e-04	4.100228e-04	2.004320e-04	-5.711377e-04	1.486788e-05	-8.352751e-05	-1.643357e-01	-5.393884e-02	-2.916349e-01
2.448000	1.645255e-01	5.349034e-02	2.912408e-01	2.205390e-04	4.088433e-04	1.999555e-04	-5.696087e-04	1.476130e-05	-8.341631e-05	-1.641765e-01	-5.391395e-02	-2.913573e-01
2.449000	1.643659e-01	5.346690e-02	2.909646e-01	2.199999e-04	4.076678e-04	1.994804e-04	-5.680847e-04	1.465534e-05	-8.330515e-05	-1.640178e-01	-5.388923e-02	-2.910807e-01
2.450000	1.642068e-01	5.344358e-02	2.906892e-01	2.194622e-04	4.064962e-04	1.990066e-04	-5.665650e-04	1.454985e-05	-8.319398e-05	-1.638597e-01	-5.386462e-02	-2.908050e-01
2.451000	1.640483e-01	5.342043e-02	2.904151e-01	2.189260e-04	4.053284e-04	1.985340e-04	-5.650501e-04	1.444499e-05	-8.308286e-05	-1.637022e-01	-5.384020e-02	-2.905305e-01
2.452000	1.638904e-01	5.339734e-02	2.901419e-01	2.183912e-04	4.041645e-04	1.980627e-04	-5.635396e-04	1.434056e-05	-8.297175e-05	-1.635453e-01	-5.381584e-02	-2.902570e-01
2.453000	1.637331e-01	5.337436e-02	2.898696e-01	2.178579e-04	4.030045e-04	1.975927e-04	-5.620338e-04	1.423669e-05	-8.286062e-05	-1.633889e-01	-5.379160e-02	-2.899843e-01
2.454000	1.635763e-01	5.335155e-02	2.895984e-01	2.173260e-04	4.018482e-04	1.971239e-04	-5.605327e-04	1.413345e-05	-8.274953e-05	-1.632331e-01	-5.376753e-02	-2.897128e-01
2.455000	1.634199e-01	5.332883e-02	2.893279e-01	2.167955e-04	4.006957e-04	1.966564e-04	-5.590357e-04	1.403064e-05	-8.263845e-05	-1.630777e-01	-5.374356e-02	-2.894419e-01
2.456000	1.632644e-01	5.330627e-02	2.890587e-01	2.162664e-04	3.995469e-04	1.961902e-04	-5.575435e-04	1.392837e-05	-8.252740e-05	-1.629231e-01	-5.371975e-02	-2.891724e-01
2.457000	1.631092e-01	5.328379e-02	2.887904e-01	2.157389e-04	3.984020e-04	1.957252e-04	-5.560560e-04	1.382666e-05	-8.241637e-05	-1.627689e-01	-5.369602e-02	-2.889037e-01
2.458000	1.629548e-01	5.326148e-02	2.885232e-01	2.152127e-04	3.972611e-04	1.952615e-04	-5.545728e-04	1.372540e-05	-8.230538e-05	-1.626154e-01	-5.367247e-02	-2.886361e-01
2.459000	1.628007e-01	5.323924e-02	2.882566e-01	2.146879e-04	3.961236e-04	1.947990e-04	-5.530940e-04	1.362483e-05	-8.219434e-05	-1.624623e-01	-5.364899e-02	-2.883692e-01
2.460000	1.626473e-01	5.321720e-02	2.879913e-01	2.141645e-04	3.949900e-04	1.943377e-04	-5.516197e-04	1.352470e-05	-8.208335e-05	-1.623098e-01	-5.362572e-02	-2.881036e-01
2.461000	1.624943e-01	5.319518e-02	2.877267e-01	2.136426e-04	3.938601e-04	1.938778e-04	-5.501499e-04	1.342495e-05	-8.197244e-05	-1.621578e-01	-5.360246e-02	-2.878386e-01
2.462000	1.623419e-01	5.317329e-02	2.874631e-01	2.131222e-04	3.927339e-04	1.934190e-04	-5.486846e-04	1.332574e-05	-8.186156e-05	-1.620063e-01	-5.357935e-02	-2.875747e-01
2.463000	1.621901e-01	5.315156e-02	2.872005e-01	2.126030e-04	3.916115e-04	1.929615e-04	-5.472237e-04	1.322721e-05	-8.175064e-05	-1.618555e-01	-5.355639e-02	-2.873118e-01
2.464000	1.620389e-01	5.312997e-02	2.869390e-01	2.120852e-04	3.904926e-04	1.925052e-04	-5.457671e-04	1.312904e-05	-8.163975e-05	-1.617052e-01	-5.353359e-02	-2.870499e-01
2.465000	1.618882e-01	5.310848e-02	2.866783e-01	2.115690e-04	3.893776e-04	1.920502e-04	-5.443150e-04	1.303136e-05	-8.152898e-05	-1.615554e-01	-5.351088e-02	-2.867888e-01
2.466000	1.617380e-01	5.308707e-02	2.864186e-01	2.110540e-04	3.882661e-04	1.915963e-04	-5.428672e-04	1.293426e-05	-8.141814e-05	-1.614061e-01	-5.348827e-02	-2.865288e-01
2.467000	1.615883e-01	5.306581e-02	2.861598e-01	2.105405e-04	3.871582e-04	1.911437e-04	-5.414239e-04	1.283763e-05	-8.130736e-05	-1.612575e-01	-5.346581e-02	-2.862697e-01
2.468000	1.614392e-01	5.304467e-02	2.859019e-01	2.100283e-04	3.860540e-04	1.906923e-04	-5.399848e-04	1.274157e-05	-8.119658e-05	-1.611092e-01	-5.344346e-02	-2.860114e-01
2.469000	1.612906e-01	5.302367e-02	2.856449e-01	2.095175e-04	3.849536e-04	1.902421e-04	-5.385500e-04	1.264589e-05	-8.108588e-05	-1.609616e-01	-5.342128e-02	-2.857541e-01
2.470000	1.611426e-01	5.300274e-02	2.853890e-01	2.090081e-04	3.838565e-04	1.897931e-04	-5.371196e-04	1.255074e-05	-8.097521e-05	-1.608145e-01	-5.339915e-02	-2.854978e-01
2.471000	1.609950e-01	5.298191e-02	2.851338e-01	2.085000e-04	3.827632e-04	1.893453e-04	-5.356936e-04	1.245614e-05	-8.086455e-05	-1.606678e-01	-5.337714e-02	-2.852423e-01
2.472000	1.608480e-01	5.296125e-02	2.848797e-01	2.079933e-04	3.816733e-04	1.888987e-04	-5.342716e-04	1.236190e-05	-8.075393e-05	-1.605218e-01	-5.335529e-02	-2.849878e-01
2.473000	1.607016e-01	5.294073e-02	2.846265e-01	2.074880e-04	3.805870e-04	1.884533e-04	-5.328541e-04	1.226820e-05	-8.064336e-05	-1.603762e-01	-5.333358e-02	-2.847343e-01
2.474000	1.605557e-01	5.292029e-02	2.843742e-01	2.069841e-04	3.795042e-04	1.880091e-04	-5.314407e-04	1.217499e-05	-8.053279e-05	-1.602312e-01	-5.331197e-02	-2.844817e-01
2.475000	1.604103e-01	5.289996e-02	2.841229e-01	2.064815e-04	3.784251e-04	1.875661e-04	-5.300317e-04	1.208230e-05	-8.042231e-05	-1.600868e-01	-5.329046e-02	-2.842301e-01
2.476000	1.602654e-01	5.287974e-02	2.838725e-01	2.059800e-04	3.773494e-04	1.871242e-04	-5.286268e-04	1.199025e-05	-8.031173e-05	-1.599428e-01	-5.326908e-02	-2.839793e-01
2.477000	1.601211e-01	5.285968e-02	2.836230e-01	2.054802e-04	3.762773e-04	1.866836e-04	-5.272262e-04	1.189837e-05	-8.020135e-05	-1.597994e-01	-5.324785e-02	-2.837294e-01
2.478000	1.599773e-01	5.283974e-02	2.833743e-01	2.049816e-04	3.752086e-04	1.862442e-04	-5.258298e-04	1.180709e-05	-8.009093e-05	-1.596564e-01	-5.322676e-02	-2.834805e-01
2.479000	1.598339e-01	5.281983e-02	2.831265e-01	2.044844e-04	3.741435e-04	1.858059e-04	-5.244376e-04	1.171632e-05	-7.998056e-05	-1.595139e-01	-5.320569e-02	-2.832323e-01
2.480000	1.596912e-01	5.280010e-02	2.828798e-01	2.039884e-04	3.730817e-04	1.853687e-04	-5.230495e-04	1.162599e-05	-7.987021e-05	-1.593721e-01	-5.318481e-02	-2.829853e-01
2.481000	1.595488e-01	5.278046e-02	2.826338e-01	2.034938e-04	3.720235e-04	1.849328e-04	-5.216656e-04	1.153612e-05	-7.975989e-05	-1.592307e-01	-5.316402e-02	-2.827390e-01
2.482000	1.594070e-01	5.276097e-02	2.823887e-01	2.030005e-04	3.709688e-04	1.844980e-04	-5.202858e-04	1.144662e-05	-7.964970e-05	-1.590898e-01	-5.314338e-02	-2.824936e-01
2.483000	1.592659e-01	5.274160e-02	2.821447e-01	2.025085e-04	3.699174e-04	1.840643e-04	-5.189101e-04	1.135774e-05	-7.953944e-05	-1.589495e-01	-5.312287e-02	-2.822492e-01
2.484000	1.591250e-01	5.272227e-02	2.819014e-01	2.020180e-04	3.688694e-04	1.836318e-04	-5.175387e-04	1.126931e-05	-7.942927e-05	-1.588095e-01	-5.310241e-02	-2.820056e-01
2.485000	1.589848e-01	5.270310e-02	2.816590e-01	2.015287e-04	3.678249e-04	1.832006e-04	-5.161712e-04	1.118119e-05	-7.931919e-05	-1.586702e-01	-5.308210e-02	-2.817629e-01
2.486000	1.588451e-01	5.268405e-02	2.814175e-01	2.010407e-04	3.667839e-04	1.827705e-04	-5.148081e-04	1.109362e-05	-7.920913e-05	-1.585313e-01	-5.306192e-02	-2.815210e-01
2.487000	1.587058e-01	5.266513e-02	2.811768e-01	2.005539e-04	3.657460e-04	1.823413e-04	-5.134487e-04	1.100652e-05	-7.909908e-05	-1.583929e-01	-5.304188e-02	-2.812801e-01
2.488000	1.585672e-01	5.264630e-02	2.809373e-01	2.000686e-04	3.647117e-04	1.819135e-04	-5.120937e-04	1.091990e-05	-7.898909e-05	-1.582552e-01	-5.302193e-02	-2.810402e-01
2.489000	1.584290e-01	5.262758e-02	2.806985e-01	1.995845e-04	3.636807e-04	1.814868e-04	-5.107425e-04	1.083367e-05	-7.887915e-05	-1.581178e-01	-5.300209e-02	-2.808011e-01
2.490000	1.582912e-01	5.260897e-02	2.804605e-01	1.991017e-04	3.626531e-04	1.810612e-04	-5.093954e-04	1.074789e-05	-7.876928e-05	-1.579809e-01	-5.298237e-02	-2.805628e-01
2.491000	1.581540e-01	5.259051e-02	2.802234e-01	1.986202e-04	3.616287e-04	1.806367e-04	-5.080523e-04	1.066248e-05	-7.865945e-05	-1.578446e-01	-5.296280e-02	-2.803254e-01
2.492000	1.580173e-01	5.257210e-02	2.799872e-01	1.981400e-04	3.606076e-04	1.802133e-04	-5.067132e-04	1.057767e-05	-7.854961e-05	-1.577087e-01	-5.294328e-02	-2.800889e-01
2.493000	1.578811e-01	5.255383e-02	2.797520e-01	1.976611e-04	3.595898e-04	1.797911e-04	-5.053782e-04	1.049328e-05	-7.843984e-05	-1.575734e-01	-5.292392e-02	-2.798533e-01
2.494000	1.577453e-01	5.253566e-02	2.795174e-01	1.971834e-04	3.585755e-04	1.793700e-04	-5.040471e-04	1.040917e-05	-7.833019e-05	-1.574385e-01	-5.290464e-02	-2.796185e-01
2.495000	1.576101e-01	5.251764e-02	2.792839e-01	1.967071e-04	3.575645e-04	1.789501e-04	-5.027201e-04	1.032565e-05	-7.822055e-05	-1.573041e-01	-5.288553e-02	-2.793846e-01
2.496000	1.574754e-01	5.249975e-02	2.790512e-01	1.962319e-04	3.565566e-04	1.785312e-04	-5.013969e-04	1.024257e-05	-7.811090e-05	-1.571702e-01	-5.286655e-02	-2.791516e-01
2.497000	1.573412e-01	5.248192e-02	2.788193e-01	1.957582e-04	3.555520e-04	1.781135e-04	-5.000777e-04	1.015975e-05	-7.800141e-05	-1.570369e-01	-5.284763e-02	-2.789194e-01
2.498000	1.572074e-01	5.246420e-02	2.785883e-01	1.952856e-04	3.545507e-04	1.776968e-04	-4.987625e-04	1.007749e-05	-7.789190e-05	-1.569039e-01	-5.282883e-02	-2.786881e-01
2.499000	1.570741e-01	5.244660e-02	2.783580e-01	1.948144e-04	3.535527e-04	1.772813e-04	-4.974512e-04	9.995572e-06	-7.778252e-05	-1.567715e-01	-5.281015e-02	-2.784576e-01
2.500000	1.569414e-01	5.242918e-02	2.781289e-01	1.943443e-04	3.525578e-04	1.768669e-04	-4.961438e-04	9.914264e-06	-7.767307e-05	-1.566396e-01	-5.279164e-02	-2.782281e-01
2.501000	1.568092e-01	5.241184e-02	2.779005e-01	1.938755e-04	3.515662e-04	1.764536e-04	-4.948401e-04	9.833188e-06	-7.756377e-05	-1.565083e-01	-5.277324e-02	-2.779994e-01
2.502000	1.566773e-01	5.239454e-02	2.776728e-01	1.934079e-04	3.505775e-04	1.760413e-04	-4.935404e-04	9.752650e-06	-7.745447e-05	-1.563772e-01	-5.275487e-02	-2.777714e-01
2.503000	1.565460e-01	5.237739e-02	2.774460e-01	1.929417e-04	3.495923e-04	1.756302e-04	-4.922446e-04	9.672396e-06	-7.734528e-05	-1.562467e-01	-5.273665e-02	-2.775443e-01
2.504000	1.564152e-01	5.236038e-02	2.772201e-01	1.924767e-04	3.486103e-04	1.752201e-04	-4.909527e-04	9.592659e-06	-7.723614e-05	-1.561167e-01	-5.271858e-02	-2.773181e-01
2.505000	1.562848e-01	5.234347e-02	2.769950e-01	1.920129e-04	3.476315e-04	1.748112e-04	-4.896646e-04	9.513278e-06	-7.712706e-05	-1.559872e-01	-5.270062e-02	-2.770926e-01
2.506000	1.561549e-01	5.232662e-02	2.767707e-01	1.915503e-04	3.466558e-04	1.744033e-04	-4.883803e-04	9.434356e-06	-7.701803e-05	-1.558581e-01	-5.268271e-02	-2.768680e-01
2.507000	1.560256e-01	5.230993e-02	2.765474e-01	1.910890e-04	3.456831e-04	1.739966e-04	-4.870998e-04	9.355863e-06	-7.690901e-05	-1.557296e-01	-5.266496e-02	-2.766445e-01
2.508000	1.558966e-01	5.229333e-02	2.763247e-01	1.906289e-04	3.447136e-04	1.735908e-04	-4.858232e-04	9.277806e-06	-7.680008e-05	-1.556014e-01	-5.264732e-02	-2.764215e-01
2.509000	1.557681e-01	5.227684e-02	2.761028e-01	1.901701e-04	3.437473e-04	1.731862e-04	-4.845503e-04	9.200070e-06	-7.669123e-05	-1.554737e-01	-5.262979e-02	-2.761993e-01
2.510000	1.556401e-01	5.226050e-02	2.758819e-01	1.897124e-04	3.427840e-04	1.727826e-04	-4.832811e-04	9.122770e-06	-7.658242e-05	-1.553465e-01	-5.261241e-02	-2.759781e-01
2.511000	1.555126e-01	5.224421e-02	2.756618e-01	1.892559e-04	3.418239e-04	1.723801e-04	-4.820159e-04	9.045958e-06	-7.647366e-05	-1.552198e-01	-5.259508e-02	-2.757577e-01
2.512000	1.553856e-01	5.222805e-02	2.754425e-01	1.888006e-04	3.408667e-04	1.719786e-04	-4.807542e-04	8.969568e-06	-7.636492e-05	-1.550936e-01	-5.257789e-02	-2.755381e-01
2.513000	1.552590e-01	5.221202e-02	2.752241e-01	1.883466e-04	3.399127e-04	1.715782e-04	-4.794963e-04	8.893432e-06	-7.625632e-05	-1.549678e-01	-5.256082e-02	-2.753194e-01
2.514000	1.551328e-01	5.219610e-02	2.750063e-01	1.878938e-04	3.389618e-04	1.711789e-04	-4.782422e-04	8.817704e-06	-7.614779e-05	-1.548425e-01	-5.254388e-02	-2.751014e-01
2.515000	1.550072e-01	5.218024e-02	2.747895e-01	1.874423e-04	3.380138e-04	1.707805e-04	-4.769917e-04	8.742376e-06	-7.603930e-05	-1.547177e-01	-5.252700e-02	-2.748843e-01
2.516000	1.548821e-01	5.216452e-02	2.745736e-01	1.869918e-04	3.370691e-04	1.703834e-04	-4.757450e-04	8.667528e-06	-7.593085e-05	-1.545933e-01	-5.251026e-02	-2.746680e-01
2.517000	1.547573e-01	5.214889e-02	2.743582e-01	1.865426e-04	3.361272e-04	1.699871e-04	-4.745019e-04	8.593051e-06	-7.582245e-05	-1.544694e-01	-5.249361e-02	-2.744524e-01
2.518000	1.546331e-01	5.213341e-02	2.741439e-01	1.860946e-04	3.351885e-04	1.695921e-04	-4.732626e-04	8.518946e-06	-7.571418e-05	-1.543459e-01	-5.247712e-02	-2.742378e-01
2.519000	1.545093e-01	5.211804e-02	2.739303e-01	1.856478e-04	3.342527e-04	1.691980e-04	-4.720270e-04	8.445175e-06	-7.560596e-05	-1.542229e-01	-5.246074e-02	-2.740239e-01
2.520000	1.543860e-01	5.210275e-02	2.737176e-01	1.852021e-04	3.333200e-04	1.688049e-04	-4.707948e-04	8.371862e-06	-7.549777e-05	-1.541004e-01	-5.244444e-02	-2.738109e-01
2.521000	1.542631e-01	5.208755e-02	2.735055e-01	1.847578e-04	3.323902e-04	1.684129e-04	-4.695666e-04	8.298928e-06	-7.538968e-05	-1.539783e-01	-5.242824e-02	-2.735986e-01
2.522000	1.541407e-01	5.207246e-02	2.732942e-01	1.843144e-04	3.314634e-04	1.680219e-04	-4.683418e-04	8.226423e-06	-7.528160e-05	-1.538566e-01	-5.241215e-02	-2.733870e-01
2.523000	1.540187e-01	5.205753e-02	2.730839e-01	1.838724e-04	3.305394e-04	1.676319e-04	-4.671206e-04	8.154158e-06	-7.517367e-05	-1.537355e-01	-5.239622e-02	-2.731763e-01
2.524000	1.538973e-01	5.204266e-02	2.728744e-01	1.834314e-04	3.296186e-04	1.672430e-04	-4.659031e-04	8.082396e-06	-7.506576e-05	-1.536148e-01	-5.238036e-02	-2.729666e-01
2.525000	1.537762e-01	5.202788e-02	2.726656e-01	1.829917e-04	3.287005e-04	1.668551e-04	-4.646892e-04	8.011019e-06	-7.495789e-05	-1.534945e-01	-5.236460e-02	-2.727575e-01
2.526000	1.536556e-01	5.201322e-02	2.724575e-01	1.825530e-04	3.277856e-04	1.664682e-04	-4.634788e-04	7.939976e-06	-7.485013e-05	-1.533747e-01	-5.234895e-02	-2.725491e-01
2.527000	1.535356e-01	5.199874e-02	2.722505e-01	1.821157e-04	3.268735e-04	1.660824e-04	-4.622720e-04	7.869137e-06	-7.474251e-05	-1.532554e-01	-5.233348e-02	-2.723418e-01
2.528000	1.534157e-01	5.198428e-02	2.720438e-01	1.816795e-04	3.259644e-04	1.656975e-04	-4.610687e-04	7.798822e-06	-7.463490e-05	-1.531363e-01	-5.231805e-02	-2.721348e-01
2.529000	1.532965e-01	5.196995e-02	2.718382e-01	1.812443e-04	3.250581e-04	1.653137e-04	-4.598690e-04	7.728857e-06	-7.452734e-05	-1.530179e-01	-5.230273e-02	-2.719290e-01
2.530000	1.531777e-01	5.195571e-02	2.716333e-01	1.808104e-04	3.241547e-04	1.649309e-04	-4.586729e-04	7.659350e-06	-7.441986e-05	-1.528998e-01	-5.228753e-02	-2.717238e-01
2.531000	1.530593e-01	5.194158e-02	2.714291e-01	1.803776e-04	3.232543e-04	1.645491e-04	-4.574803e-04	7.590170e-06	-7.431244e-05	-1.527822e-01	-5.227243e-02	-2.715194e-01
2.532000	1.529413e-01	5.192759e-02	2.712258e-01	1.799459e-04	3.223565e-04	1.641682e-04	-4.562910e-04	7.521310e-06	-7.420509e-05	-1.526650e-01	-5.225747e-02	-2.713157e-01
2.533000	1.528240e-01	5.191369e-02	2.710234e-01	1.795154e-04	3.214619e-04	1.637884e-04	-4.551054e-04	7.452800e-06	-7.409787e-05	-1.525484e-01	-5.224260e-02	-2.711131e-01
2.534000	1.527070e-01	5.189987e-02	2.708217e-01	1.790859e-04	3.205698e-04	1.634095e-04	-4.539233e-04	7.384842e-06	-7.399060e-05	-1.524321e-01	-5.222782e-02	-2.709111e-01
2.535000	1.525904e-01	5.188616e-02	2.706206e-01	1.786578e-04	3.196808e-04	1.630317e-04	-4.527448e-04	7.317023e-06	-7.388352e-05	-1.523163e-01	-5.221315e-02	-2.707097e-01
2.536000	1.524742e-01	5.187257e-02	2.704203e-01	1.782307e-04	3.187944e-04	1.626548e-04	-4.515694e-04	7.249546e-06	-7.377649e-05	-1.522008e-01	-5.219861e-02	-2.705092e-01
2.537000	1.523585e-01	5.185913e-02	2.702209e-01	1.778047e-04	3.179111e-04	1.622790e-04	-4.503977e-04	7.182498e-06	-7.366955e-05	-1.520859e-01	-5.218422e-02	-2.703095e-01
2.538000	1.522432e-01	5.184572e-02	2.700222e-01	1.773799e-04	3.170304e-04	1.619041e-04	-4.492294e-04	7.115770e-06	-7.356271e-05	-1.519714e-01	-5.216987e-02	-2.701106e-01
2.539000	1.521284e-01	5.183242e-02	2.698242e-01	1.769561e-04	3.161526e-04	1.615302e-04	-4.480645e-04	7.049479e-06	-7.345586e-05	-1.518573e-01	-5.215563e-02	-2.699123e-01
2.540000	1.520141e-01	5.181929e-02	2.696272e-01	1.765336e-04	3.152776e-04	1.611574e-04	-4.469031e-04	6.983420e-06	-7.334918e-05	-1.517437e-01	-5.214155e-02	-2.697150e-01
2.541000	1.519001e-01	5.180624e-02	2.694308e-01	1.761120e-04	3.144053e-04	1.607854e-04	-4.457449e-04	6.917850e-06	-7.324247e-05	-1.516304e-01	-5.212756e-02	-2.695183e-01
2.542000	1.517866e-01	5.179330e-02	2.692352e-01	1.756917e-04	3.135358e-04	1.604144e-04	-4.445905e-04	6.852555e-06	-7.313592e-05	-1.515177e-01	-5.211369e-02	-2.693225e-01
2.543000	1.516734e-01	5.178039e-02	2.690402e-01	1.752724e-04	3.126691e-04	1.600445e-04	-4.434391e-04	6.787566e-06	-7.302942e-05	-1.514053e-01	-5.209985e-02	-2.691272e-01
2.544000	1.515608e-01	5.176764e-02	2.688461e-01	1.748543e-04	3.118051e-04	1.596754e-04	-4.422913e-04	6.723014e-06	-7.292299e-05	-1.512933e-01	-5.208616e-02	-2.689328e-01
2.545000	1.514486e-01	5.175502e-02	2.686528e-01	1.744372e-04	3.109439e-04	1.593074e-04	-4.411467e-04	6.658745e-06	-7.281666e-05	-1.511819e-01	-5.207263e-02	-2.687393e-01
2.546000	1.513367e-01	5.174247e-02	2.684600e-01	1.740213e-04	3.100853e-04	1.589402e-04	-4.400056e-04	6.594921e-06	-7.271036e-05	-1.510707e-01	-5.205915e-02	-2.685462e-01
2.547000	1.512254e-01	5.173001e-02	2.682682e-01	1.736064e-04	3.092295e-04	1.585741e-04	-4.388677e-04	6.531285e-06	-7.260418e-05	-1.509601e-01	-5.204577e-02	-2.683541e-01
2.548000	1.511145e-01	5.171768e-02	2.680771e-01	1.731926e-04	3.083763e-04	1.582089e-04	-4.377332e-04	6.468123e-06	-7.249805e-05	-1.508499e-01	-5.203252e-02	-2.681628e-01
2.549000	1.510039e-01	5.170543e-02	2.678867e-01	1.727799e-04	3.075259e-04	1.578446e-04	-4.366020e-04	6.405236e-06	-7.239202e-05	-1.507401e-01	-5.201936e-02	-2.679721e-01
2.550000	1.508937e-01	5.169330e-02	2.676969e-01	1.723684e-04	3.066783e-04	1.574814e-04	-4.354741e-04	6.342532e-06	-7.228614e-05	-1.506306e-01	-5.200632e-02	-2.677822e-01
2.551000	1.507839e-01	5.168125e-02	2.675078e-01	1.719578e-04	3.058334e-04	1.571191e-04	-4.343495e-04	6.280316e-06	-7.218026e-05	-1.505215e-01	-5.199337e-02	-2.675927e-01
2.552000	1.506747e-01	5.166934e-02	2.673198e-01	1.715485e-04	3.049909e-04	1.567577e-04	-4.332282e-04	6.218368e-06	-7.207452e-05	-1.504131e-01	-5.198055e-02	-2.674045e-01
2.553000	1.505660e-01	5.165753e-02	2.671324e-01	1.711401e-04	3.041512e-04	1.563972e-04	-4.321103e-04	6.156864e-06	-7.196880e-05	-1.503050e-01	-5.196783e-02	-2.672168e-01
2.554000	1.504574e-01	5.164579e-02	2.669456e-01	1.707328e-04	3.033141e-04	1.560377e-04	-4.309954e-04	6.095608e-06	-7.186318e-05	-1.501972e-01	-5.195519e-02	-2.670297e-01
2.555000	1.503494e-01	5.163417e-02	2.667595e-01	1.703267e-04	3.024799e-04	1.556792e-04	-4.298841e-04	6.034606e-06	-7.175772e-05	-1.500898e-01	-5.194268e-02	-2.668434e-01
2.556000	1.502418e-01	5.162264e-02	2.665744e-01	1.699215e-04	3.016481e-04	1.553215e-04	-4.287757e-04	5.974005e-06	-7.165225e-05	-1.499830e-01	-5.193026e-02	-2.666580e-01
2.557000	1.501347e-01	5.161121e-02	2.663898e-01	1.695176e-04	3.008189e-04	1.549648e-04	-4.276709e-04	5.913724e-06	-7.154692e-05	-1.498765e-01	-5.191794e-02	-2.664733e-01
2.558000	1.500279e-01	5.159988e-02	2.662060e-01	1.691146e-04	2.999924e-04	1.546090e-04	-4.265691e-04	5.853813e-06	-7.144164e-05	-1.497704e-01	-5.190572e-02	-2.662891e-01
2.559000	1.499215e-01	5.158866e-02	2.660228e-01	1.687126e-04	2.991685e-04	1.542542e-04	-4.254705e-04	5.794129e-06	-7.133646e-05	-1.496647e-01	-5.189362e-02	-2.661058e-01
2.560000	1.498154e-01	5.157755e-02	2.658403e-01	1.683117e-04	2.983471e-04	1.539002e-04	-4.243751e-04	5.734830e-06	-7.123135e-05	-1.495594e-01	-5.188163e-02	-2.659229e-01
2.561000	1.497100e-01	5.156654e-02	2.656588e-01	1.679118e-04	2.975284e-04	1.535472e-04	-4.232829e-04	5.675909e-06	-7.112628e-05	-1.494546e-01	-5.186975e-02	-2.657413e-01
2.562000	1.496049e-01	5.155561e-02	2.654779e-01	1.675132e-04	2.967122e-04	1.531951e-04	-4.221939e-04	5.617127e-06	-7.102141e-05	-1.493502e-01	-5.185794e-02	-2.655600e-01
2.563000	1.495001e-01	5.154478e-02	2.652976e-01	1.671154e-04	2.958986e-04	1.528439e-04	-4.211080e-04	5.558773e-06	-7.091653e-05	-1.492461e-01	-5.184624e-02	-2.653795e-01
2.564000	1.493957e-01	5.153408e-02	2.651180e-01	1.667187e-04	2.950876e-04	1.524937e-04	-4.200253e-04	5.500689e-06	-7.081179e-05	-1.491424e-01	-5.183467e-02	-2.651997e-01
2.565000	1.492919e-01	5.152349e-02	2.649393e-01	1.663231e-04	2.942792e-04	1.521443e-04	-4.189459e-04	5.442991e-06	-7.070710e-05	-1.490393e-01	-5.182321e-02	-2.650207e-01
2.566000	1.491883e-01	5.151294e-02	2.647611e-01	1.659284e-04	2.934732e-04	1.517959e-04	-4.178695e-04	5.385577e-06	-7.060250e-05	-1.489364e-01	-5.181180e-02	-2.648423e-01
2.567000	1.490853e-01	5.150253e-02	2.645838e-01	1.655350e-04	2.926698e-04	1.514484e-04	-4.167963e-04	5.328431e-06	-7.049802e-05	-1.488340e-01	-5.180053e-02	-2.646647e-01
2.568000	1.489826e-01	5.149223e-02	2.644071e-01	1.651425e-04	2.918688e-04	1.511017e-04	-4.157263e-04	5.271562e-06	-7.039365e-05	-1.487320e-01	-5.178937e-02	-2.644878e-01
2.569000	1.488802e-01	5.148204e-02	2.642311e-01	1.647509e-04	2.910706e-04	1.507560e-04	-4.146592e-04	5.215101e-06	-7.028932e-05	-1.486303e-01	-5.177833e-02	-2.643116e-01
2.570000	1.487784e-01	5.147190e-02	2.640558e-01	1.643605e-04	2.902746e-04	1.504111e-04	-4.135953e-04	5.158858e-06	-7.018508e-05	-1.485291e-01	-5.176734e-02	-2.641361e-01
2.571000	1.486769e-01	5.146189e-02	2.638813e-01	1.639711e-04	2.894813e-04	1.500671e-04	-4.125345e-04	5.102913e-06	-7.008098e-05	-1.484283e-01	-5.175647e-02	-2.639613e-01
2.572000	1.485758e-01	5.145197e-02	2.637074e-01	1.635827e-04	2.886904e-04	1.497241e-04	-4.114767e-04	5.047281e-06	-6.997693e-05	-1.483279e-01	-5.174570e-02	-2.637871e-01
2.573000	1.484751e-01	5.144216e-02	2.635342e-01	1.631952e-04	2.879019e-04	1.493819e-04	-4.104220e-04	4.992013e-06	-6.987293e-05	-1.482278e-01	-5.173505e-02	-2.636137e-01
2.574000	1.483748e-01	5.143250e-02	2.633617e-01	1.628089e-04	2.871160e-04	1.490406e-04	-4.093705e-04	4.936956e-06	-6.976909e-05	-1.481282e-01	-5.172455e-02	-2.634410e-01
2.575000	1.482749e-01	5.142286e-02	2.631899e-01	1.624235e-04	2.863325e-04	1.487002e-04	-4.083219e-04	4.882197e-06	-6.966534e-05	-1.480290e-01	-5.171407e-02	-2.632690e-01
2.576000	1.481754e-01	5.141335e-02	2.630189e-01	1.620391e-04	2.855515e-04	1.483607e-04	-4.072764e-04	4.827772e-06	-6.956165e-05	-1.479302e-01	-5.170373e-02	-2.630977e-01
2.577000	1.480763e-01	5.140394e-02	2.628485e-01	1.616558e-04	2.847729e-04	1.480220e-04	-4.062339e-04	4.773712e-06	-6.945803e-05	-1.478317e-01	-5.169349e-02	-2.629271e-01
2.578000	1.479775e-01	5.139463e-02	2.626787e-01	1.612734e-04	2.839967e-04	1.476843e-04	-4.051945e-04	4.719834e-06	-6.935457e-05	-1.477336e-01	-5.168335e-02	-2.627571e-01
2.579000	1.478792e-01	5.138543e-02	2.625097e-01	1.608920e-04	2.832230e-04	1.473474e-04	-4.041580e-04	4.666348e-06	-6.925112e-05	-1.476360e-01	-5.167332e-02	-2.625878e-01
2.580000	1.477813e-01	5.137629e-02	2.623414e-01	1.605118e-04	2.824519e-04	1.470114e-04	-4.031247e-04	4.612921e-06	-6.914789e-05	-1.475387e-01	-5.166335e-02	-2.624193e-01
2.581000	1.476838e-01	5.136731e-02	2.621739e-01	1.601324e-04	2.816828e-04	1.466762e-04	-4.020941e-04	4.560032e-06	-6.904462e-05	-1.474419e-01	-5.165355e-02	-2.622516e-01
2.582000	1.475866e-01	5.135837e-02	2.620068e-01	1.597540e-04	2.809164e-04	1.463419e-04	-4.010667e-04	4.507317e-06	-6.894152e-05	-1.473453e-01	-5.164379e-02	-2.620842e-01
2.583000	1.474898e-01	5.134957e-02	2.618405e-01	1.593766e-04	2.801522e-04	1.460085e-04	-4.000422e-04	4.454960e-06	-6.883845e-05	-1.472491e-01	-5.163417e-02	-2.619177e-01
2.584000	1.473935e-01	5.134085e-02	2.616750e-01	1.590003e-04	2.793905e-04	1.456759e-04	-3.990207e-04	4.402820e-06	-6.873552e-05	-1.471535e-01	-5.162464e-02	-2.617520e-01
2.585000	1.472975e-01	5.133222e-02	2.615102e-01	1.586249e-04	2.786311e-04	1.453442e-04	-3.980020e-04	4.350986e-06	-6.863268e-05	-1.470582e-01	-5.161520e-02	-2.615869e-01
2.586000	1.472020e-01	5.132371e-02	2.613460e-01	1.582505e-04	2.778742e-04	1.450133e-04	-3.969864e-04	4.299414e-06	-6.852993e-05	-1.469632e-01	-5.160588e-02	-2.614225e-01
2.587000	1.471067e-01	5.131530e-02	2.611823e-01	1.578769e-04	2.771195e-04	1.446833e-04	-3.959737e-04	4.248199e-06	-6.842725e-05	-1.468686e-01	-5.159666e-02	-2.612586e-01
2.588000	1.470119e-01	5.130698e-02	2.610195e-01	1.575045e-04	2.763673e-04	1.443542e-04	-3.949639e-04	4.197122e-06	-6.832473e-05	-1.467745e-01	-5.158754e-02	-2.610955e-01
2.589000	1.469174e-01	5.129870e-02	2.608572e-01	1.571331e-04	2.756173e-04	1.440259e-04	-3.939571e-04	4.146415e-06	-6.822226e-05	-1.466806e-01	-5.157847e-02	-2.609330e-01
2.590000	1.468235e-01	5.129061e-02	2.606958e-01	1.567625e-04	2.748697e-04	1.436984e-04	-3.929531e-04	4.095993e-06	-6.811987e-05	-1.465873e-01	-5.156958e-02	-2.607714e-01
2.591000	1.467298e-01	5.128260e-02	2.605350e-01	1.563930e-04	2.741245e-04	1.433718e-04	-3.919521e-04	4.045796e-06	-6.801762e-05	-1.464942e-01	-5.156076e-02	-2.606103e-01
2.592000	1.466364e-01	5.127467e-02	2.603747e-01	1.560244e-04	2.733814e-04	1.430460e-04	-3.909539e-04	3.995876e-06	-6.791546e-05	-1.464015e-01	-5.155205e-02	-2.604498e-01
2.593000	1.465435e-01	5.126684e-02	2.602152e-01	1.556568e-04	2.726409e-04	1.427211e-04	-3.899586e-04	3.946254e-06	-6.781338e-05	-1.463092e-01	-5.154343e-02	-2.602901e-01
2.594000	1.464510e-01	5.125910e-02	2.600564e-01	1.552901e-04	2.719025e-04	1.423970e-04	-3.889662e-04	3.896952e-06	-6.771137e-05	-1.462173e-01	-5.153490e-02	-2.601311e-01
2.595000	1.463589e-01	5.125146e-02	2.598982e-01	1.549244e-04	2.711665e-04	1.420737e-04	-3.879766e-04	3.847759e-06	-6.760954e-05	-1.461258e-01	-5.152648e-02	-2.599727e-01
2.596000	1.462671e-01	5.124394e-02	2.597407e-01	1.545597e-04	2.704327e-04	1.417513e-04	-3.869899e-04	3.798879e-06	-6.750776e-05	-1.460347e-01	-5.151818e-02	-2.598149e-01
2.597000	1.461757e-01	5.123653e-02	2.595838e-01	1.541958e-04	2.697012e-04	1.414297e-04	-3.860061e-04	3.750414e-06	-6.740605e-05	-1.459439e-01	-5.150998e-02	-2.596578e-01
2.598000	1.460847e-01	5.122916e-02	2.594275e-01	1.538330e-04	2.689720e-04	1.411089e-04	-3.850250e-04	3.702073e-06	-6.730449e-05	-1.458535e-01	-5.150183e-02	-2.595014e-01
2.599000	1.459940e-01	5.122188e-02	2.592719e-01	1.534711e-04	2.682450e-04	1.407889e-04	-3.840468e-04	3.654073e-06	-6.720298e-05	-1.457634e-01	-5.149378e-02	-2.593455e-01
2.600000	1.459037e-01	5.121472e-02	2.591169e-01	1.531101e-04	2.675203e-04	1.404698e-04	-3.830714e-04	3.606292e-06	-6.710159e-05	-1.456737e-01	-5.148585e-02	-2.591903e-01
2.601000	1.458138e-01	5.120771e-02	2.589628e-01	1.527501e-04	2.667978e-04	1.401515e-04	-3.820988e-04	3.558795e-06	-6.700029e-05	-1.455845e-01	-5.147807e-02	-2.590360e-01
2.602000	1.457243e-01	5.120076e-02	2.588092e-01	1.523910e-04	2.660776e-04	1.398340e-04	-3.811290e-04	3.511544e-06	-6.689913e-05	-1.454955e-01	-5.147035e-02	-2.588822e-01
2.603000	1.456351e-01	5.119389e-02	2.586563e-01	1.520328e-04	2.653596e-04	1.395173e-04	-3.801619e-04	3.464505e-06	-6.679802e-05	-1.454070e-01	-5.146271e-02	-2.587290e-01
2.604000	1.455463e-01	5.118710e-02	2.585040e-01	1.516757e-04	2.646439e-04	1.392014e-04	-3.791977e-04	3.417765e-06	-6.669705e-05	-1.453188e-01	-5.145516e-02	-2.585765e-01
2.605000	1.454579e-01	5.118045e-02	2.583523e-01	1.513193e-04	2.639302e-04	1.388863e-04	-3.782362e-04	3.371315e-06	-6.659613e-05	-1.452310e-01	-5.144775e-02	-2.584246e-01
2.606000	1.453698e-01	5.117388e-02	2.582012e-01	1.509639e-04	2.632188e-04	1.385721e-04	-3.772774e-04	3.325127e-06	-6.649533e-05	-1.451434e-01	-5.144042e-02	-2.582733e-01
2.607000	1.452821e-01	5.116743e-02	2.580509e-01	1.506095e-04	2.625098e-04	1.382587e-04	-3.763215e-04	3.279056e-06	-6.639467e-05	-1.450564e-01	-5.143322e-02	-2.581228e-01
2.608000	1.451949e-01	5.116106e-02	2.579013e-01	1.502560e-04	2.618028e-04	1.379460e-04	-3.753684e-04	3.233385e-06	-6.629407e-05	-1.449698e-01	-5.142610e-02	-2.579730e-01
2.609000	1.451079e-01	5.115477e-02	2.577522e-01	1.499034e-04	2.610980e-04	1.376342e-04	-3.744178e-04	3.187852e-06	-6.619362e-05	-1.448834e-01	-5.141905e-02	-2.578236e-01
2.610000	1.450213e-01	5.114859e-02	2.576037e-01	1.495517e-04	2.603954e-04	1.373231e-04	-3.734701e-04	3.142653e-06	-6.609322e-05	-1.447973e-01	-5.141213e-02	-2.576749e-01
2.611000	1.449350e-01	5.114253e-02	2.574559e-01	1.492009e-04	2.596950e-04	1.370129e-04	-3.725250e-04	3.097703e-06	-6.599292e-05	-1.447117e-01	-5.140532e-02	-2.575269e-01
2.612000	1.448492e-01	5.113652e-02	2.573088e-01	1.488511e-04	2.589967e-04	1.367034e-04	-3.715827e-04	3.052912e-06	-6.589278e-05	-1.446265e-01	-5.139856e-02	-2.573796e-01
2.613000	1.447637e-01	5.113061e-02	2.571623e-01	1.485021e-04	2.583004e-04	1.363947e-04	-3.706430e-04	3.008565e-06	-6.579261e-05	-1.445415e-01	-5.139192e-02	-2.572329e-01
2.614000	1.446785e-01	5.112481e-02	2.570164e-01	1.481541e-04	2.576064e-04	1.360868e-04	-3.697060e-04	2.964291e-06	-6.569266e-05	-1.444570e-01	-5.138538e-02	-2.570868e-01
2.615000	1.445938e-01	5.111915e-02	2.568712e-01	1.478069e-04	2.569146e-04	1.357797e-04	-3.687718e-04	2.920358e-06	-6.559277e-05	-1.443728e-01	-5.137898e-02	-2.569414e-01
2.616000	1.445094e-01	5.111353e-02	2.567266e-01	1.474607e-04	2.562249e-04	1.354734e-04	-3.678401e-04	2.876564e-06	-6.549299e-05	-1.442890e-01	-5.137263e-02	-2.567966e-01
2.617000	1.444253e-01	5.110800e-02	2.565826e-01	1.471153e-04	2.555372e-04	1.351678e-04	-3.669111e-04	2.833076e-06	-6.539331e-05	-1.442055e-01	-5.136637e-02	-2.566524e-01
2.618000	1.443416e-01	5.110257e-02	2.564392e-01	1.467709e-04	2.548518e-04	1.348631e-04	-3.659849e-04	2.789762e-06	-6.529377e-05	-1.441224e-01	-5.136021e-02	-2.565088e-01
2.619000	1.442583e-01	5.109728e-02	2.562966e-01	1.464274e-04	2.541685e-04	1.345592e-04	-3.650614e-04	2.746718e-06	-6.519433e-05	-1.440397e-01	-5.135419e-02	-2.563660e-01
2.620000	1.441753e-01	5.109207e-02	2.561545e-01	1.460846e-04	2.534871e-04	1.342559e-04	-3.641403e-04	2.703979e-06	-6.509494e-05	-1.439573e-01	-5.134826e-02	-2.562236e-01
2.621000	1.440927e-01	5.108694e-02	2.560130e-01	1.457429e-04	2.528080e-04	1.339536e-04	-3.632220e-04	2.661385e-06	-6.499573e-05	-1.438752e-01	-5.134241e-02	-2.560819e-01
2.622000	1.440104e-01	5.108188e-02	2.558721e-01	1.454020e-04	2.521309e-04	1.336519e-04	-3.623063e-04	2.619112e-06	-6.489654e-05	-1.437935e-01	-5.133664e-02	-2.559409e-01
2.623000	1.439285e-01	5.107695e-02	2.557319e-01	1.450620e-04	2.514558e-04	1.333510e-04	-3.613931e-04	2.577042e-06	-6.479747e-05	-1.437122e-01	-5.133098e-02	-2.558004e-01
2.624000	1.438468e-01	5.107209e-02	2.555922e-01	1.447229e-04	2.507829e-04	1.330509e-04	-3.604825e-04	2.535176e-06	-6.469854e-05	-1.436311e-01	-5.132541e-02	-2.556605e-01
2.625000	1.437657e-01	5.106736e-02	2.554533e-01	1.443846e-04	2.501121e-04	1.327515e-04	-3.595746e-04	2.493529e-06	-6.459973e-05	-1.435505e-01	-5.131997e-02	-2.555215e-01
2.626000	1.436849e-01	5.106271e-02	2.553151e-01	1.440473e-04	2.494433e-04	1.324530e-04	-3.586694e-04	2.452143e-06	-6.450102e-05	-1.434703e-01	-5.131461e-02	-2.553830e-01
2.627000	1.436044e-01	5.105814e-02	2.551774e-01	1.437108e-04	2.487765e-04	1.321551e-04	-3.577667e-04	2.411041e-06	-6.440237e-05	-1.433904e-01	-5.130933e-02	-2.552451e-01
2.628000	1.435242e-01	5.105365e-02	2.550401e-01	1.433752e-04	2.481117e-04	1.318581e-04	-3.568664e-04	2.370027e-06	-6.430387e-05	-1.433107e-01	-5.130414e-02	-2.551077e-01
2.629000	1.434444e-01	5.104933e-02	2.549037e-01	1.430404e-04	2.474490e-04	1.315617e-04	-3.559688e-04	2.329383e-06	-6.420541e-05	-1.432315e-01	-5.129910e-02	-2.549711e-01
2.630000	1.433649e-01	5.104503e-02	2.547677e-01	1.427065e-04	2.467883e-04	1.312662e-04	-3.550737e-04	2.288929e-06	-6.410711e-05	-1.431526e-01	-5.129411e-02	-2.548349e-01
2.631000	1.432858e-01	5.104082e-02	2.546324e-01	1.423735e-04	2.461297e-04	1.309714e-04	-3.541812e-04	2.248657e-06	-6.400891e-05	-1.430740e-01	-5.128920e-02	-2.546994e-01
2.632000	1.432070e-01	5.103673e-02	2.544977e-01	1.420414e-04	2.454731e-04	1.306773e-04	-3.532912e-04	2.208588e-06	-6.391083e-05	-1.429958e-01	-5.128441e-02	-2.545645e-01
2.633000	1.431286e-01	5.103274e-02	2.543636e-01	1.417101e-04	2.448185e-04	1.303840e-04	-3.524038e-04	2.168774e-06	-6.381285e-05	-1.429179e-01	-5.127972e-02	-2.544302e-01
2.634000	1.430506e-01	5.102888e-02	2.542303e-01	1.413796e-04	2.441658e-04	1.300914e-04	-3.515188e-04	2.129207e-06	-6.371494e-05	-1.428404e-01	-5.127518e-02	-2.542966e-01
2.635000	1.429729e-01	5.102510e-02	2.540974e-01	1.410500e-04	2.435153e-04	1.297996e-04	-3.506365e-04	2.089830e-06	-6.361720e-05	-1.427633e-01	-5.127070e-02	-2.541636e-01
2.636000	1.428955e-01	5.102138e-02	2.539653e-01	1.407213e-04	2.428666e-04	1.295086e-04	-3.497566e-04	2.050685e-06	-6.351953e-05	-1.426865e-01	-5.126630e-02	-2.540312e-01
2.637000	1.428185e-01	5.101776e-02	2.538336e-01	1.403934e-04	2.422200e-04	1.292182e-04	-3.488793e-04	2.011868e-06	-6.342193e-05	-1.426100e-01	-5.126199e-02	-2.538994e-01
2.638000	1.427418e-01	5.101426e-02	2.537026e-01	1.400663e-04	2.415752e-04	1.289286e-04	-3.480043e-04	1.973116e-06	-6.332448e-05	-1.425339e-01	-5.125781e-02	-2.537682e-01
2.639000	1.426654e-01	5.101081e-02	2.535721e-01	1.397401e-04	2.409326e-04	1.286397e-04	-3.471320e-04	1.934648e-06	-6.322711e-05	-1.424580e-01	-5.125368e-02	-2.536375e-01
2.640000	1.425895e-01	5.100747e-02	2.534423e-01	1.394148e-04	2.402918e-04	1.283516e-04	-3.462620e-04	1.896326e-06	-6.312991e-05	-1.423826e-01	-5.124966e-02	-2.535076e-01
2.641000	1.425138e-01	5.100422e-02	2.533131e-01	1.390902e-04	2.396528e-04	1.280641e-04	-3.453944e-04	1.858360e-06	-6.303272e-05	-1.423075e-01	-5.124573e-02	-2.533782e-01
2.642000	1.424384e-01	5.100107e-02	2.531844e-01	1.387666e-04	2.390160e-04	1.277775e-04	-3.445295e-04	1.820445e-06	-6.293574e-05	-1.422327e-01	-5.124191e-02	-2.532493e-01
2.643000	1.423635e-01	5.099805e-02	2.530565e-01	1.384438e-04	2.383812e-04	1.274916e-04	-3.436669e-04	1.782748e-06	-6.283886e-05	-1.421583e-01	-5.123822e-02	-2.531211e-01
2.644000	1.422889e-01	5.099511e-02	2.529291e-01	1.381217e-04	2.377482e-04	1.272063e-04	-3.428068e-04	1.745429e-06	-6.274199e-05	-1.420842e-01	-5.123460e-02	-2.529936e-01
2.645000	1.422146e-01	5.099223e-02	2.528023e-01	1.378006e-04	2.371171e-04	1.269218e-04	-3.419491e-04	1.708184e-06	-6.264532e-05	-1.420105e-01	-5.123105e-02	-2.528666e-01
2.646000	1.421406e-01	5.098945e-02	2.526760e-01	1.374802e-04	2.364879e-04	1.266380e-04	-3.410939e-04	1.671258e-06	-6.254869e-05	-1.419370e-01	-5.122760e-02	-2.527401e-01
2.647000	1.420670e-01	5.098677e-02	2.525503e-01	1.371607e-04	2.358607e-04	1.263549e-04	-3.402411e-04	1.634391e-06	-6.245224e-05	-1.418639e-01	-5.122427e-02	-2.526142e-01
2.648000	1.419937e-01	5.098422e-02	2.524253e-01	1.368419e-04	2.352353e-04	1.260725e-04	-3.393906e-04	1.597829e-06	-6.235585e-05	-1.417911e-01	-5.122105e-02	-2.524890e-01
2.649000	1.419207e-01	5.098173e-02	2.523008e-01	1.365240e-04	2.346119e-04	1.257909e-04	-3.385426e-04	1.561457e-06	-6.225958e-05	-1.417187e-01	-5.121791e-02	-2.523643e-01
2.650000	1.418481e-01	5.097931e-02	2.521769e-01	1.362070e-04	2.339904e-04	1.255100e-04	-3.376971e-04	1.525295e-06	-6.216345e-05	-1.416466e-01	-5.121483e-02	-2.522402e-01
2.651000	1.417759e-01	5.097704e-02	2.520537e-01	1.358907e-04	2.333708e-04	1.252298e-04	-3.368538e-04	1.489338e-06	-6.206737e-05	-1.415749e-01	-5.121190e-02	-2.521169e-01
2.652000	1.417040e-01	5.097486e-02	2.519311e-01	1.355752e-04	2.327530e-04	1.249503e-04	-3.360129e-04	1.453576e-06	-6.197143e-05	-1.415035e-01	-5.120907e-02	-2.519940e-01
2.653000	1.416323e-01	5.097272e-02	2.518089e-01	1.352606e-04	2.321371e-04	1.246714e-04	-3.351744e-04	1.418019e-06	-6.187560e-05	-1.414324e-01	-5.120628e-02	-2.518717e-01
2.654000	1.415610e-01	5.097068e-02	2.516874e-01	1.349468e-04	2.315230e-04	1.243933e-04	-3.343383e-04	1.382687e-06	-6.177986e-05	-1.413617e-01	-5.120359e-02	-2.517500e-01
2.655000	1.414900e-01	5.096872e-02	2.515664e-01	1.346338e-04	2.309109e-04	1.241159e-04	-3.335046e-04	1.347529e-06	-6.168425e-05	-1.412912e-01	-5.120098e-02	-2.516288e-01
2.656000	1.414195e-01	5.096691e-02	2.514461e-01	1.343216e-04	2.303006e-04	1.238392e-04	-3.326733e-04	1.312575e-06	-6.158877e-05	-1.412211e-01	-5.119852e-02	-2.515083e-01
2.657000	1.413492e-01	5.096519e-02	2.513263e-01	1.340102e-04	2.296921e-04	1.235633e-04	-3.318443e-04	1.277811e-06	-6.149340e-05	-1.411513e-01	-5.119615e-02	-2.513883e-01
2.658000	1.412793e-01	5.096356e-02	2.512072e-01	1.336996e-04	2.290855e-04	1.232879e-04	-3.310176e-04	1.243272e-06	-6.139809e-05	-1.410820e-01	-5.119389e-02	-2.512691e-01
2.659000	1.412097e-01	5.096200e-02	2.510886e-01	1.333898e-04	2.284807e-04	1.230133e-04	-3.301932e-04	1.208893e-06	-6.130292e-05	-1.410129e-01	-5.119168e-02	-2.511504e-01
2.660000	1.411404e-01	5.096051e-02	2.509705e-01	1.330808e-04	2.278778e-04	1.227394e-04	-3.293712e-04	1.174725e-06	-6.120787e-05	-1.409441e-01	-5.118957e-02	-2.510321e-01
2.661000	1.410714e-01	5.095915e-02	2.508531e-01	1.327726e-04	2.272767e-04	1.224662e-04	-3.285516e-04	1.140746e-06	-6.111295e-05	-1.408756e-01	-5.118757e-02	-2.509144e-01
2.662000	1.410027e-01	5.095789e-02	2.507361e-01	1.324652e-04	2.266774e-04	1.221936e-04	-3.277342e-04	1.106986e-06	-6.101812e-05	-1.408074e-01	-5.118568e-02	-2.507973e-01
2.663000	1.409344e-01	5.095672e-02	2.506199e-01	1.321588e-04	2.260801e-04	1.219219e-04	-3.269194e-04	1.073269e-06	-6.092349e-05	-1.407396e-01	-5.118388e-02	-2.506809e-01
2.664000	1.408664e-01	5.095560e-02	2.505040e-01	1.318528e-04	2.254842e-04	1.216507e-04	-3.261064e-04	1.039945e-06	-6.082883e-05	-1.406721e-01	-5.118212e-02	-2.505649e-01
2.665000	1.407986e-01	5.095458e-02	2.503888e-01	1.315478e-04	2.248904e-04	1.213802e-04	-3.252960e-04	1.006782e-06	-6.073434e-05	-1.406049e-01	-5.118047e-02	-2.504494e-01
2.666000	1.407313e-01	5.095369e-02	2.502742e-01	1.312435e-04	2.242983e-04	1.211104e-04	-3.244879e-04	9.738069e-07	-6.063996e-05	-1.405381e-01	-5.117897e-02	-2.503347e-01
2.667000	1.406644e-01	5.095291e-02	2.501604e-01	1.309401e-04	2.237081e-04	1.208414e-04	-3.236821e-04	9.409050e-07	-6.054574e-05	-1.404717e-01	-5.117756e-02	-2.502207e-01
2.668000	1.405977e-01	5.095218e-02	2.500470e-01	1.306374e-04	2.231195e-04	1.205729e-04	-3.228783e-04	9.082869e-07	-6.045155e-05	-1.404055e-01	-5.117621e-02	-2.501071e-01
2.669000	1.405313e-01	5.095152e-02	2.499340e-01	1.303355e-04	2.225328e-04	1.203051e-04	-3.220770e-04	8.758871e-07	-6.035751e-05	-1.403396e-01	-5.117493e-02	-2.499940e-01
2.670000	1.404653e-01	5.095100e-02	2.498218e-01	1.300343e-04	2.219478e-04	1.200380e-04	-3.212779e-04	8.436109e-07	-6.026356e-05	-1.402741e-01	-5.117380e-02	-2.498815e-01
2.671000	1.403996e-01	5.095058e-02	2.497100e-01	1.297340e-04	2.213647e-04	1.197716e-04	-3.204810e-04	8.114657e-07	-6.016979e-05	-1.402088e-01	-5.117276e-02	-2.497696e-01
2.672000	1.403342e-01	5.095025e-02	2.495989e-01	1.294344e-04	2.207832e-04	1.195059e-04	-3.196863e-04	7.795752e-07	-6.007606e-05	-1.401440e-01	-5.117181e-02	-2.496583e-01
2.673000	1.402691e-01	5.094998e-02	2.494883e-01	1.291356e-04	2.202035e-04	1.192408e-04	-3.188940e-04	7.479175e-07	-5.998246e-05	-1.400794e-01	-5.117093e-02	-2.495476e-01
2.674000	1.402043e-01	5.094977e-02	2.493782e-01	1.288374e-04	2.196254e-04	1.189763e-04	-3.181037e-04	7.164344e-07	-5.988895e-05	-1.400151e-01	-5.117012e-02	-2.494373e-01
2.675000	1.401398e-01	5.094970e-02	2.492686e-01	1.285402e-04	2.190493e-04	1.187126e-04	-3.173157e-04	6.850387e-07	-5.979560e-05	-1.399511e-01	-5.116943e-02	-2.493275e-01
2.676000	1.400757e-01	5.094975e-02	2.491597e-01	1.282436e-04	2.184747e-04	1.184495e-04	-3.165300e-04	6.539340e-07	-5.970232e-05	-1.398874e-01	-5.116888e-02	-2.492184e-01
2.677000	1.400120e-01	5.094989e-02	2.490514e-01	1.279478e-04	2.179020e-04	1.181871e-04	-3.157464e-04	6.229166e-07	-5.960918e-05	-1.398242e-01	-5.116841e-02	-2.491100e-01
2.678000	1.399485e-01	5.095008e-02	2.489436e-01	1.276527e-04	2.173309e-04	1.179253e-04	-3.149651e-04	5.921975e-07	-5.951612e-05	-1.397612e-01	-5.116800e-02	-2.490020e-01
2.679000	1.398854e-01	5.095040e-02	2.488365e-01	1.273586e-04	2.167616e-04	1.176642e-04	-3.141860e-04	5.614784e-07	-5.942324e-05	-1.396986e-01	-5.116772e-02	-2.488947e-01
2.680000	1.398225e-01	5.095080e-02	2.487298e-01	1.270650e-04	2.161939e-04	1.174037e-04	-3.134089e-04	5.310649e-07	-5.933040e-05	-1.396362e-01	-5.116752e-02	-2.487879e-01
2.681000	1.397600e-01	5.095127e-02	2.486237e-01	1.267721e-04	2.156280e-04	1.171439e-04	-3.126341e-04	5.008333e-07	-5.923769e-05	-1.395741e-01	-5.116740e-02	-2.486816e-01
2.682000	1.396978e-01	5.095183e-02	2.485181e-01	1.264802e-04	2.150638e-04	1.168847e-04	-3.118615e-04	4.706817e-07	-5.914514e-05	-1.395124e-01	-5.116736e-02	-2.485759e-01
2.683000	1.396358e-01	5.095246e-02	2.484130e-01	1.261889e-04	2.145013e-04	1.166262e-04	-3.110910e-04	4.407411e-07	-5.905268e-05	-1.394509e-01	-5.116741e-02	-2.484706e-01
2.684000	1.395743e-01	5.095324e-02	2.483086e-01	1.258984e-04	2.139404e-04	1.163683e-04	-3.103227e-04	4.110552e-07	-5.896029e-05	-1.393898e-01	-5.116758e-02	-2.483660e-01
2.685000	1.395130e-01	5.095409e-02	2.482046e-01	1.256086e-04	2.133813e-04	1.161111e-04	-3.095565e-04	3.813984e-07	-5.886810e-05	-1.393290e-01	-5.116785e-02	-2.482619e-01
2.686000	1.394519e-01	5.095502e-02	2.481012e-01	1.253195e-04	2.128238e-04	1.158545e-04	-3.087925e-04	3.520763e-07	-5.877592e-05	-1.392685e-01	-5.116820e-02	-2.481583e-01
2.687000	1.393914e-01	5.095607e-02	2.479986e-01	1.250312e-04	2.122680e-04	1.155986e-04	-3.080306e-04	3.228415e-07	-5.868391e-05	-1.392084e-01	-5.116866e-02	-2.480555e-01
2.688000	1.393311e-01	5.095720e-02	2.478964e-01	1.247436e-04	2.117138e-04	1.153433e-04	-3.072707e-04	2.937377e-07	-5.859201e-05	-1.391485e-01	-5.116920e-02	-2.479531e-01
2.689000	1.392711e-01	5.095844e-02	2.477947e-01	1.244568e-04	2.111613e-04	1.150886e-04	-3.065132e-04	2.648885e-07	-5.850023e-05	-1.390890e-01	-5.116987e-02	-2.478513e-01
2.690000	1.392114e-01	5.095980e-02	2.476937e-01	1.241707e-04	2.106104e-04	1.148346e-04	-3.057576e-04	2.361994e-07	-5.840854e-05	-1.390298e-01	-5.117065e-02	-2.477501e-01
2.691000	1.391520e-01	5.096120e-02	2.475931e-01	1.238853e-04	2.100613e-04	1.145812e-04	-3.050042e-04	2.075976e-07	-5.831698e-05	-1.389709e-01	-5.117147e-02	-2.476493e-01
2.692000	1.390929e-01	5.096266e-02	2.474929e-01	1.236007e-04	2.095137e-04	1.143285e-04	-3.042529e-04	1.792068e-07	-5.822555e-05	-1.389122e-01	-5.117235e-02	-2.475490e-01
2.693000	1.390341e-01	5.096424e-02	2.473933e-01	1.233167e-04	2.089678e-04	1.140763e-04	-3.035036e-04	1.510198e-07	-5.813419e-05	-1.388539e-01	-5.117336e-02	-2.474493e-01
2.694000	1.389756e-01	5.096594e-02	2.472944e-01	1.230335e-04	2.084234e-04	1.138248e-04	-3.027564e-04	1.229273e-07	-5.804297e-05	-1.387959e-01	-5.117448e-02	-2.473502e-01
2.695000	1.389175e-01	5.096773e-02	2.471961e-01	1.227511e-04	2.078808e-04	1.135740e-04	-3.020115e-04	9.503856e-08	-5.795188e-05	-1.387383e-01	-5.117570e-02	-2.472517e-01
2.696000	1.388596e-01	5.096956e-02	2.470982e-01	1.224693e-04	2.073397e-04	1.133237e-04	-3.012685e-04	6.738992e-08	-5.786085e-05	-1.386808e-01	-5.117697e-02	-2.471537e-01
2.697000	1.388021e-01	5.097152e-02	2.470009e-01	1.221882e-04	2.068002e-04	1.130741e-04	-3.005275e-04	3.977766e-08	-5.776999e-05	-1.386238e-01	-5.117836e-02	-2.470562e-01
2.698000	1.387448e-01	5.097354e-02	2.469040e-01	1.219079e-04	2.062624e-04	1.128251e-04	-2.997887e-04	1.239096e-08	-5.767920e-05	-1.385669e-01	-5.117982e-02	-2.469592e-01
2.699000	1.386878e-01	5.097567e-02	2.468076e-01	1.216283e-04	2.057262e-04	1.125767e-04	-2.990520e-04	-1.487206e-08	-5.758859e-05	-1.385104e-01	-5.118138e-02	-2.468626e-01
2.700000	1.386312e-01	5.097792e-02	2.467120e-01	1.213494e-04	2.051916e-04	1.123289e-04	-2.983172e-04	-4.190952e-08	-5.749801e-05	-1.384543e-01	-5.118306e-02	-2.467668e-01
2.701000	1.385749e-01	5.098023e-02	2.466169e-01	1.210712e-04	2.046585e-04	1.120818e-04	-2.975845e-04	-6.885239e-08	-5.740761e-05	-1.383984e-01	-5.118482e-02	-2.466716e-01
2.702000	1.385190e-01	5.098266e-02	2.465224e-01	1.207936e-04	2.041270e-04	1.118352e-04	-2.968538e-04	-9.554788e-08	-5.731724e-05	-1.383429e-01	-5.118669e-02	-2.465769e-01
2.703000	1.384632e-01	5.098517e-02	2.464282e-01	1.205169e-04	2.035972e-04	1.115893e-04	-2.961252e-04	-1.221706e-07	-5.722707e-05	-1.382876e-01	-5.118864e-02	-2.464826e-01
2.704000	1.384079e-01	5.098781e-02	2.463347e-01	1.202407e-04	2.030688e-04	1.113440e-04	-2.953985e-04	-1.485751e-07	-5.713696e-05	-1.382327e-01	-5.119073e-02	-2.463890e-01
2.705000	1.383528e-01	5.099052e-02	2.462418e-01	1.199654e-04	2.025421e-04	1.110993e-04	-2.946740e-04	-1.748776e-07	-5.704702e-05	-1.381781e-01	-5.119288e-02	-2.462958e-01
2.706000	1.382980e-01	5.099326e-02	2.461492e-01	1.196908e-04	2.020169e-04	1.108552e-04	-2.939515e-04	-2.009838e-07	-5.695716e-05	-1.381237e-01	-5.119507e-02	-2.462031e-01
2.707000	1.382435e-01	5.099612e-02	2.460572e-01	1.194168e-04	2.014934e-04	1.106118e-04	-2.932309e-04	-2.270317e-07	-5.686747e-05	-1.380696e-01	-5.119739e-02	-2.461109e-01
2.708000	1.381893e-01	5.099913e-02	2.459659e-01	1.191435e-04	2.009713e-04	1.103689e-04	-2.925123e-04	-2.528104e-07	-5.677781e-05	-1.380159e-01	-5.119985e-02	-2.460195e-01
2.709000	1.381354e-01	5.100216e-02	2.458749e-01	1.188709e-04	2.004508e-04	1.101266e-04	-2.917958e-04	-2.784363e-07	-5.668830e-05	-1.379624e-01	-5.120233e-02	-2.459283e-01
2.710000	1.380818e-01	5.100530e-02	2.457846e-01	1.185990e-04	1.999318e-04	1.098849e-04	-2.910811e-04	-3.039750e-07	-5.659890e-05	-1.379094e-01	-5.120493e-02	-2.458379e-01
2.711000	1.380285e-01	5.100851e-02	2.456947e-01	1.183277e-04	1.994143e-04	1.096438e-04	-2.903685e-04	-3.293026e-07	-5.650959e-05	-1.378565e-01	-5.120759e-02	-2.457479e-01
2.712000	1.379755e-01	5.101183e-02	2.456053e-01	1.180573e-04	1.988985e-04	1.094034e-04	-2.896580e-04	-3.545283e-07	-5.642046e-05	-1.378039e-01	-5.121037e-02	-2.456583e-01
2.713000	1.379228e-01	5.101528e-02	2.455166e-01	1.177874e-04	1.983841e-04	1.091635e-04	-2.889492e-04	-3.795867e-07	-5.633140e-05	-1.377516e-01	-5.121328e-02	-2.455694e-01
2.714000	1.378704e-01	5.101879e-02	2.454284e-01	1.175183e-04	1.978712e-04	1.089242e-04	-2.882425e-04	-4.044487e-07	-5.624244e-05	-1.376997e-01	-5.121626e-02	-2.454811e-01
2.715000	1.378182e-01	5.102235e-02	2.453406e-01	1.172498e-04	1.973599e-04	1.086855e-04	-2.875378e-04	-4.291942e-07	-5.615361e-05	-1.376479e-01	-5.121928e-02	-2.453931e-01
2.716000	1.377665e-01	5.102606e-02	2.452535e-01	1.169820e-04	1.968502e-04	1.084474e-04	-2.868350e-04	-4.538160e-07	-5.606492e-05	-1.375967e-01	-5.122246e-02	-2.453059e-01
2.717000	1.377150e-01	5.102986e-02	2.451668e-01	1.167149e-04	1.963418e-04	1.082099e-04	-2.861342e-04	-4.782778e-07	-5.597634e-05	-1.375456e-01	-5.122573e-02	-2.452191e-01
2.718000	1.376639e-01	5.103378e-02	2.450807e-01	1.164485e-04	1.958350e-04	1.079729e-04	-2.854353e-04	-5.026232e-07	-5.588787e-05	-1.374949e-01	-5.122912e-02	-2.451328e-01
2.719000	1.376130e-01	5.103777e-02	2.449952e-01	1.161827e-04	1.953298e-04	1.077366e-04	-2.847383e-04	-5.267648e-07	-5.579949e-05	-1.374444e-01	-5.123258e-02	-2.450471e-01
2.720000	1.375623e-01	5.104182e-02	2.449101e-01	1.159176e-04	1.948259e-04	1.075008e-04	-2.840433e-04	-5.507536e-07	-5.571123e-05	-1.373942e-01	-5.123609e-02	-2.449619e-01
2.721000	1.375122e-01	5.104602e-02	2.448257e-01	1.156532e-04	1.943236e-04	1.072657e-04	-2.833501e-04	-5.746551e-07	-5.562312e-05	-1.373445e-01	-5.123977e-02	-2.448774e-01
2.722000	1.374621e-01	5.105026e-02	2.447416e-01	1.153895e-04	1.938228e-04	1.070311e-04	-2.826590e-04	-5.983966e-07	-5.553510e-05	-1.372948e-01	-5.124348e-02	-2.447931e-01
2.723000	1.374124e-01	5.105460e-02	2.446581e-01	1.151264e-04	1.933234e-04	1.067971e-04	-2.819696e-04	-6.219343e-07	-5.544717e-05	-1.372456e-01	-5.124730e-02	-2.447094e-01
2.724000	1.373631e-01	5.105904e-02	2.445752e-01	1.148640e-04	1.928256e-04	1.065637e-04	-2.812823e-04	-6.453920e-07	-5.535941e-05	-1.371966e-01	-5.125121e-02	-2.446264e-01
2.725000	1.373139e-01	5.106353e-02	2.444927e-01	1.146022e-04	1.923290e-04	1.063308e-04	-2.805967e-04	-6.686168e-07	-5.527169e-05	-1.371479e-01	-5.125519e-02	-2.445437e-01
2.726000	1.372651e-01	5.106815e-02	2.444107e-01	1.143412e-04	1.918341e-04	1.060985e-04	-2.799132e-04	-6.917980e-07	-5.518415e-05	-1.370995e-01	-5.125929e-02	-2.444616e-01
2.727000	1.372165e-01	5.107288e-02	2.443293e-01	1.140807e-04	1.913407e-04	1.058668e-04	-2.792314e-04	-7.147755e-07	-5.509668e-05	-1.370514e-01	-5.126351e-02	-2.443801e-01
2.728000	1.371683e-01	5.107769e-02	2.442484e-01	1.138210e-04	1.908486e-04	1.056357e-04	-2.785516e-04	-7.377021e-07	-5.500939e-05	-1.370036e-01	-5.126780e-02	-2.442990e-01
2.729000	1.371203e-01	5.108253e-02	2.441679e-01	1.135619e-04	1.903580e-04	1.054051e-04	-2.778736e-04	-7.604322e-07	-5.492216e-05	-1.369560e-01	-5.127213e-02	-2.442184e-01
2.730000	1.370726e-01	5.108751e-02	2.440881e-01	1.133034e-04	1.898689e-04	1.051751e-04	-2.771975e-04	-7.830531e-07	-5.483508e-05	-1.369087e-01	-5.127660e-02	-2.441384e-01
2.731000	1.370252e-01	5.109256e-02	2.440085e-01	1.130456e-04	1.893811e-04	1.049456e-04	-2.765232e-04	-8.054631e-07	-5.474805e-05	-1.368617e-01	-5.128113e-02	-2.440587e-01
2.732000	1.369781e-01	5.109776e-02	2.439297e-01	1.127885e-04	1.888949e-04	1.047168e-04	-2.758509e-04	-8.278148e-07	-5.466121e-05	-1.368151e-01	-5.128583e-02	-2.439798e-01
2.733000	1.369313e-01	5.110303e-02	2.438514e-01	1.125319e-04	1.884100e-04	1.044885e-04	-2.751804e-04	-8.499337e-07	-5.457445e-05	-1.367687e-01	-5.129059e-02	-2.439013e-01
2.734000	1.368848e-01	5.110836e-02	2.437736e-01	1.122762e-04	1.879266e-04	1.042608e-04	-2.745117e-04	-8.720963e-07	-5.448785e-05	-1.367226e-01	-5.129542e-02	-2.438234e-01
2.735000	1.368387e-01	5.111382e-02	2.436964e-01	1.120209e-04	1.874446e-04	1.040336e-04	-2.738448e-04	-8.939242e-07	-5.440128e-05	-1.366769e-01	-5.130037e-02	-2.437460e-01
2.736000	1.367928e-01	5.111938e-02	2.436196e-01	1.117663e-04	1.869640e-04	1.038070e-04	-2.731798e-04	-9.156865e-07	-5.431486e-05	-1.366314e-01	-5.130542e-02	-2.436691e-01
2.737000	1.367472e-01	5.112500e-02	2.435433e-01	1.115124e-04	1.864849e-04	1.035809e-04	-2.725166e-04	-9.373471e-07	-5.422860e-05	-1.365862e-01	-5.131055e-02	-2.435927e-01
2.738000	1.367019e-01	5.113070e-02	2.434676e-01	1.112591e-04	1.860071e-04	1.033554e-04	-2.718553e-04	-9.588548e-07	-5.414242e-05	-1.365413e-01	-5.131575e-02	-2.435168e-01
2.739000	1.366569e-01	5.113651e-02	2.433924e-01	1.110065e-04	1.855308e-04	1.031305e-04	-2.711958e-04	-9.802970e-07	-5.405639e-05	-1.364967e-01	-5.132106e-02	-2.434414e-01
2.740000	1.366121e-01	5.114243e-02	2.433177e-01	1.107545e-04	1.850558e-04	1.029061e-04	-2.705380e-04	-1.001550e-06	-5.397045e-05	-1.364524e-01	-5.132648e-02	-2.433666e-01
2.741000	1.365676e-01	5.114842e-02	2.432434e-01	1.105031e-04	1.845822e-04	1.026823e-04	-2.698821e-04	-1.022585e-06	-5.388459e-05	-1.364083e-01	-5.133198e-02	-2.432921e-01
2.742000	1.365235e-01	5.115451e-02	2.431696e-01	1.102523e-04	1.841100e-04	1.024589e-04	-2.692280e-04	-1.043554e-06	-5.379885e-05	-1.363645e-01	-5.133758e-02	-2.432183e-01
2.743000	1.364797e-01	5.116070e-02	2.430965e-01	1.100023e-04	1.836392e-04	1.022362e-04	-2.685756e-04	-1.064451e-06	-5.371328e-05	-1.363211e-01	-5.134327e-02	-2.431451e-01
2.744000	1.364360e-01	5.116696e-02	2.430238e-01	1.097527e-04	1.831697e-04	1.020140e-04	-2.679251e-04	-1.085100e-06	-5.362774e-05	-1.362779e-01	-5.134904e-02	-2.430722e-01
2.745000	1.363927e-01	5.117330e-02	2.429515e-01	1.095040e-04	1.827017e-04	1.017924e-04	-2.672764e-04	-1.105789e-06	-5.354244e-05	-1.362349e-01	-5.135490e-02	-2.429997e-01
2.746000	1.363496e-01	5.117978e-02	2.428798e-01	1.092557e-04	1.822350e-04	1.015713e-04	-2.666293e-04	-1.126227e-06	-5.345716e-05	-1.361923e-01	-5.136089e-02	-2.429279e-01
2.747000	1.363069e-01	5.118634e-02	2.428086e-01	1.090081e-04	1.817697e-04	1.013507e-04	-2.659842e-04	-1.146585e-06	-5.337203e-05	-1.361499e-01	-5.136696e-02	-2.428566e-01
2.748000	1.362645e-01	5.119297e-02	2.427380e-01	1.087611e-04	1.813057e-04	1.011307e-04	-2.653407e-04	-1.166718e-06	-5.328697e-05	-1.361079e-01	-5.137311e-02	-2.427858e-01
2.749000	1.362223e-01	5.119968e-02	2.426677e-01	1.085148e-04	1.808432e-04	1.009112e-04	-2.646991e-04	-1.186861e-06	-5.320211e-05	-1.360661e-01	-5.137934e-02	-2.427154e-01
2.750000	1.361804e-01	5.120653e-02	2.425981e-01	1.082691e-04	1.803819e-04	1.006923e-04	-2.640592e-04	-1.206801e-06	-5.311729e-05	-1.360246e-01	-5.138570e-02	-2.426456e-01
2.751000	1.361388e-01	5.121343e-02	2.425289e-01	1.080240e-04	1.799220e-04	1.004739e-04	-2.634210e-04	-1.226632e-06	-5.303261e-05	-1.359834e-01	-5.139213e-02	-2.425763e-01
2.752000	1.360974e-01	5.122039e-02	2.424601e-01	1.077795e-04	1.794634e-04	1.002560e-04	-2.627846e-04	-1.246317e-06	-5.294803e-05	-1.359424e-01	-5.139861e-02	-2.425074e-01
2.753000	1.360564e-01	5.122748e-02	2.423919e-01	1.075356e-04	1.790062e-04	1.000387e-04	-2.621500e-04	-1.265900e-06	-5.286362e-05	-1.359018e-01	-5.140522e-02	-2.424391e-01
2.754000	1.360156e-01	5.123467e-02	2.423242e-01	1.072923e-04	1.785502e-04	9.982185e-05	-2.615170e-04	-1.285352e-06	-5.277925e-05	-1.358614e-01	-5.141193e-02	-2.423713e-01
2.755000	1.359751e-01	5.124197e-02	2.422571e-01	1.070497e-04	1.780957e-04	9.960560e-05	-2.608858e-04	-1.304721e-06	-5.269506e-05	-1.358213e-01	-5.141876e-02	-2.423040e-01
2.756000	1.359349e-01	5.124933e-02	2.421903e-01	1.068076e-04	1.776424e-04	9.938981e-05	-2.602563e-04	-1.323857e-06	-5.261091e-05	-1.357815e-01	-5.142565e-02	-2.422371e-01
2.757000	1.358950e-01	5.125677e-02	2.421242e-01	1.065661e-04	1.771905e-04	9.917461e-05	-2.596285e-04	-1.342942e-06	-5.252691e-05	-1.357419e-01	-5.143262e-02	-2.421708e-01
2.758000	1.358554e-01	5.126432e-02	2.420585e-01	1.063253e-04	1.767399e-04	9.895994e-05	-2.590025e-04	-1.362027e-06	-5.244309e-05	-1.357027e-01	-5.143970e-02	-2.421050e-01
2.759000	1.358160e-01	5.127196e-02	2.419932e-01	1.060851e-04	1.762907e-04	9.874578e-05	-2.583781e-04	-1.380809e-06	-5.235930e-05	-1.356637e-01	-5.144688e-02	-2.420396e-01
2.760000	1.357769e-01	5.127969e-02	2.419285e-01	1.058455e-04	1.758427e-04	9.853215e-05	-2.577555e-04	-1.399614e-06	-5.227569e-05	-1.356250e-01	-5.145413e-02	-2.419748e-01
2.761000	1.357381e-01	5.128754e-02	2.418644e-01	1.056064e-04	1.753960e-04	9.831900e-05	-2.571346e-04	-1.418168e-06	-5.219213e-05	-1.355866e-01	-5.146152e-02	-2.419105e-01
2.762000	1.356996e-01	5.129543e-02	2.418006e-01	1.053680e-04	1.749505e-04	9.810639e-05	-2.565153e-04	-1.436656e-06	-5.210872e-05	-1.355484e-01	-5.146895e-02	-2.418466e-01
2.763000	1.356614e-01	5.130348e-02	2.417375e-01	1.051302e-04	1.745065e-04	9.789436e-05	-2.558978e-04	-1.455050e-06	-5.202544e-05	-1.355107e-01	-5.147653e-02	-2.417834e-01
2.764000	1.356235e-01	5.131162e-02	2.416749e-01	1.048929e-04	1.740637e-04	9.768279e-05	-2.552819e-04	-1.473323e-06	-5.194226e-05	-1.354731e-01	-5.148421e-02	-2.417206e-01
2.765000	1.355859e-01	5.131983e-02	2.416127e-01	1.046563e-04	1.736222e-04	9.747174e-05	-2.546677e-04	-1.491448e-06	-5.185918e-05	-1.354359e-01	-5.149196e-02	-2.416583e-01
2.766000	1.355485e-01	5.132810e-02	2.415510e-01	1.044203e-04	1.731820e-04	9.726121e-05	-2.540552e-04	-1.509488e-06	-5.177623e-05	-1.353989e-01	-5.149978e-02	-2.415965e-01
2.767000	1.355115e-01	5.133649e-02	2.414898e-01	1.041848e-04	1.727430e-04	9.705119e-05	-2.534444e-04	-1.527373e-06	-5.169338e-05	-1.353622e-01	-5.150771e-02	-2.415352e-01
2.768000	1.354747e-01	5.134499e-02	2.414292e-01	1.039499e-04	1.723054e-04	9.684172e-05	-2.528352e-04	-1.545170e-06	-5.161068e-05	-1.353258e-01	-5.151575e-02	-2.414744e-01
2.769000	1.354381e-01	5.135359e-02	2.413689e-01	1.037156e-04	1.718689e-04	9.663269e-05	-2.522276e-04	-1.562825e-06	-5.152805e-05	-1.352896e-01	-5.152389e-02	-2.414141e-01
2.770000	1.354018e-01	5.136224e-02	2.413091e-01	1.034820e-04	1.714338e-04	9.642425e-05	-2.516219e-04	-1.580418e-06	-5.144558e-05	-1.352537e-01	-5.153209e-02	-2.413541e-01
2.771000	1.353658e-01	5.137099e-02	2.412499e-01	1.032489e-04	1.709999e-04	9.621624e-05	-2.510175e-04	-1.597884e-06	-5.136319e-05	-1.352181e-01	-5.154039e-02	-2.412948e-01
2.772000	1.353302e-01	5.137986e-02	2.411913e-01	1.030163e-04	1.705673e-04	9.600880e-05	-2.504149e-04	-1.615212e-06	-5.128093e-05	-1.351828e-01	-5.154881e-02	-2.412360e-01
2.773000	1.352948e-01	5.138882e-02	2.411330e-01	1.027844e-04	1.701359e-04	9.580181e-05	-2.498140e-04	-1.632423e-06	-5.119876e-05	-1.351477e-01	-5.155732e-02	-2.411776e-01
2.774000	1.352596e-01	5.139783e-02	2.410752e-01	1.025530e-04	1.697058e-04	9.559539e-05	-2.492148e-04	-1.649540e-06	-5.111674e-05	-1.351129e-01	-5.156589e-02	-2.411197e-01
2.775000	1.352247e-01	5.140699e-02	2.410180e-01	1.023222e-04	1.692769e-04	9.538941e-05	-2.486170e-04	-1.666514e-06	-5.103480e-05	-1.350784e-01	-5.157460e-02	-2.410624e-01
2.776000	1.351902e-01	5.141621e-02	2.409613e-01	1.020920e-04	1.688493e-04	9.518397e-05	-2.480210e-04	-1.683438e-06	-5.095301e-05	-1.350443e-01	-5.158338e-02	-2.410055e-01
2.777000	1.351559e-01	5.142555e-02	2.409051e-01	1.018624e-04	1.684229e-04	9.497906e-05	-2.474266e-04	-1.700257e-06	-5.087135e-05	-1.350103e-01	-5.159228e-02	-2.409492e-01
2.778000	1.351218e-01	5.143495e-02	2.408491e-01	1.016334e-04	1.679977e-04	9.477456e-05	-2.468337e-04	-1.716911e-06	-5.078975e-05	-1.349766e-01	-5.160123e-02	-2.408931e-01
2.779000	1.350880e-01	5.144444e-02	2.407938e-01	1.014049e-04	1.675738e-04	9.457064e-05	-2.462425e-04	-1.733475e-06	-5.070831e-05	-1.349432e-01	-5.161028e-02	-2.408376e-01
2.780000	1.350545e-01	5.145400e-02	2.407389e-01	1.011770e-04	1.671511e-04	9.436718e-05	-2.456529e-04	-1.749937e-06	-5.062696e-05	-1.349100e-01	-5.161940e-02	-2.407826e-01
2.781000	1.350213e-01	5.146370e-02	2.406846e-01	1.009496e-04	1.667296e-04	9.416421e-05	-2.450648e-04	-1.766304e-06	-5.054574e-05	-1.348772e-01	-5.162866e-02	-2.407282e-01
2.782000	1.349883e-01	5.147349e-02	2.406308e-01	1.007228e-04	1.663092e-04	9.396170e-05	-2.444784e-04	-1.782500e-06	-5.046459e-05	-1.348446e-01	-5.163801e-02	-2.406743e-01
2.783000	1.349556e-01	5.148336e-02	2.405773e-01	1.004966e-04	1.658902e-04	9.375976e-05	-2.438936e-04	-1.798664e-06	-5.038361e-05	-1.348122e-01	-5.164745e-02	-2.406206e-01
2.784000	1.349232e-01	5.149336e-02	2.405245e-01	1.002709e-04	1.654723e-04	9.355823e-05	-2.433103e-04	-1.814653e-06	-5.030268e-05	-1.347802e-01	-5.165702e-02	-2.405678e-01
2.785000	1.348911e-01	5.150338e-02	2.404720e-01	1.000459e-04	1.650557e-04	9.335725e-05	-2.427287e-04	-1.830605e-06	-5.022194e-05	-1.347484e-01	-5.166661e-02	-2.405151e-01
2.786000	1.348592e-01	5.151355e-02	2.404201e-01	9.982131e-05	1.646402e-04	9.315670e-05	-2.421485e-04	-1.846402e-06	-5.014125e-05	-1.347169e-01	-5.167634e-02	-2.404632e-01
2.787000	1.348277e-01	5.152380e-02	2.403687e-01	9.959746e-05	1.642260e-04	9.295672e-05	-2.415701e-04	-1.862147e-06	-5.006075e-05	-1.346857e-01	-5.168616e-02	-2.404116e-01
2.788000	1.347964e-01	5.153413e-02	2.403177e-01	9.937396e-05	1.638129e-04	9.275715e-05	-2.409930e-04	-1.877706e-06	-4.998026e-05	-1.346547e-01	-5.169607e-02	-2.403605e-01
2.789000	1.347653e-01	5.154454e-02	2.402673e-01	9.915113e-05	1.634011e-04	9.255811e-05	-2.404176e-04	-1.893262e-06	-4.989997e-05	-1.346240e-01	-5.170605e-02	-2.403099e-01
2.790000	1.347346e-01	5.155507e-02	2.402174e-01	9.892883e-05	1.629903e-04	9.235952e-05	-2.398438e-04	-1.908596e-06	-4.981975e-05	-1.345937e-01	-5.171616e-02	-2.402599e-01
2.791000	1.347040e-01	5.156568e-02	2.401678e-01	9.870709e-05	1.625808e-04	9.216143e-05	-2.392715e-04	-1.923912e-06	-4.973966e-05	-1.345635e-01	-5.172633e-02	-2.402102e-01
2.792000	1.346739e-01	5.157643e-02	2.401188e-01	9.848596e-05	1.621725e-04	9.196386e-05	-2.387008e-04	-1.939166e-06	-4.965973e-05	-1.345336e-01	-5.173666e-02	-2.401611e-01
2.793000	1.346438e-01	5.158721e-02	2.400701e-01	9.826529e-05	1.617654e-04	9.176671e-05	-2.381316e-04	-1.954231e-06	-4.957985e-05	-1.345040e-01	-5.174702e-02	-2.401123e-01
2.794000	1.346142e-01	5.159810e-02	2.400222e-01	9.804521e-05	1.613593e-04	9.157004e-05	-2.375639e-04	-1.969212e-06	-4.950009e-05	-1.344747e-01	-5.175749e-02	-2.400642e-01
2.795000	1.345848e-01	5.160908e-02	2.399746e-01	9.782563e-05	1.609545e-04	9.137385e-05	-2.369977e-04	-1.984103e-06	-4.942044e-05	-1.344456e-01	-5.176805e-02	-2.400165e-01
2.796000	1.345556e-01	5.162016e-02	2.399274e-01	9.760673e-05	1.605509e-04	9.117818e-05	-2.364331e-04	-1.998978e-06	-4.934098e-05	-1.344168e-01	-5.177871e-02	-2.399692e-01
2.797000	1.345267e-01	5.163132e-02	2.398807e-01	9.738821e-05	1.601483e-04	9.098290e-05	-2.358700e-04	-2.013599e-06	-4.926153e-05	-1.343882e-01	-5.178945e-02	-2.399224e-01
2.798000	1.344981e-01	5.164259e-02	2.398345e-01	9.717033e-05	1.597470e-04	9.078816e-05	-2.353085e-04	-2.028199e-06	-4.918225e-05	-1.343599e-01	-5.180031e-02	-2.398761e-01
2.799000	1.344698e-01	5.165396e-02	2.397889e-01	9.695296e-05	1.593468e-04	9.059386e-05	-2.347484e-04	-2.042692e-06	-4.910305e-05	-1.343320e-01	-5.181126e-02	-2.398304e-01
2.800000	1.344417e-01	5.166541e-02	2.397437e-01	9.673616e-05	1.589478e-04	9.040008e-05	-2.341899e-04	-2.057110e-06	-4.902402e-05	-1.343042e-01	-5.182230e-02	-2.397850e-01
2.801000	1.344139e-01	5.167698e-02	2.396990e-01	9.651984e-05	1.585498e-04	9.020669e-05	-2.336329e-04	-2.071363e-06	-4.894504e-05	-1.342768e-01	-5.183346e-02	-2.397403e-01
2.802000	1.343864e-01	5.168862e-02	2.396547e-01	9.630414e-05	1.581531e-04	9.001383e-05	-2.330774e-04	-2.085621e-06	-4.886623e-05	-1.342496e-01	-5.184469e-02	-2.396959e-01
2.803000	1.343591e-01	5.170033e-02	2.396109e-01	9.608892e-05	1.577574e-04	8.982139e-05	-2.325233e-04	-2.099692e-06	-4.878749e-05	-1.342227e-01	-5.185599e-02	-2.396520e-01
2.804000	1.343321e-01	5.171217e-02	2.395677e-01	9.587423e-05	1.573629e-04	8.962944e-05	-2.319708e-04	-2.113702e-06	-4.870887e-05	-1.341960e-01	-5.186742e-02	-2.396086e-01
2.805000	1.343054e-01	5.172410e-02	2.395249e-01	9.566011e-05	1.569696e-04	8.943796e-05	-2.314197e-04	-2.127639e-06	-4.863039e-05	-1.341696e-01	-5.187894e-02	-2.395657e-01
2.806000	1.342789e-01	5.173615e-02	2.394825e-01	9.544649e-05	1.565773e-04	8.924693e-05	-2.308701e-04	-2.141463e-06	-4.855201e-05	-1.341435e-01	-5.189059e-02	-2.395232e-01
2.807000	1.342528e-01	5.174828e-02	2.394407e-01	9.523343e-05	1.561862e-04	8.905637e-05	-2.303220e-04	-2.155200e-06	-4.847374e-05	-1.341177e-01	-5.190231e-02	-2.394813e-01
2.808000	1.342269e-01	5.176048e-02	2.393993e-01	9.502082e-05	1.557962e-04	8.886623e-05	-2.297753e-04	-2.168781e-06	-4.839555e-05	-1.340921e-01	-5.191410e-02	-2.394398e-01
2.809000	1.342012e-01	5.177279e-02	2.393585e-01	9.480884e-05	1.554073e-04	8.867662e-05	-2.292302e-04	-2.182358e-06	-4.831755e-05	-1.340668e-01	-5.192602e-02	-2.393989e-01
2.810000	1.341758e-01	5.178518e-02	2.393180e-01	9.459729e-05	1.550195e-04	8.848740e-05	-2.286865e-04	-2.195779e-06	-4.823958e-05	-1.340417e-01	-5.193800e-02	-2.393582e-01
2.811000	1.341507e-01	5.179767e-02	2.392780e-01	9.438639e-05	1.546329e-04	8.829871e-05	-2.281443e-04	-2.209184e-06	-4.816180e-05	-1.340169e-01	-5.195009e-02	-2.393181e-01
2.812000	1.341260e-01	5.181033e-02	2.392387e-01	9.417591e-05	1.542473e-04	8.811040e-05	-2.276035e-04	-2.222438e-06	-4.808408e-05	-1.339926e-01	-5.196235e-02	-2.392788e-01
2.813000	1.341015e-01	5.182302e-02	2.391998e-01	9.396597e-05	1.538628e-04	8.792258e-05	-2.270641e-04	-2.235603e-06	-4.800649e-05	-1.339684e-01	-5.197464e-02	-2.392397e-01
2.814000	1.340772e-01	5.183582e-02	2.391613e-01	9.375655e-05	1.534795e-04	8.773519e-05	-2.265263e-04	-2.248613e-06	-4.792900e-05	-1.339444e-01	-5.198704e-02	-2.392011e-01
2.815000	1.340531e-01	5.184870e-02	2.391232e-01	9.354763e-05	1.530972e-04	8.754825e-05	-2.259898e-04	-2.261615e-06	-4.785162e-05	-1.339207e-01	-5.199954e-02	-2.391629e-01
2.816000	1.340295e-01	5.186173e-02	2.390858e-01	9.333929e-05	1.527160e-04	8.736180e-05	-2.254548e-04	-2.274523e-06	-4.777439e-05	-1.338973e-01	-5.201216e-02	-2.391254e-01
2.817000	1.340060e-01	5.187478e-02	2.390488e-01	9.313144e-05	1.523359e-04	8.717577e-05	-2.249213e-04	-2.287310e-06	-4.769725e-05	-1.338742e-01	-5.202483e-02	-2.390883e-01
2.818000	1.339828e-01	5.188796e-02	2.390122e-01	9.292408e-05	1.519569e-04	8.699018e-05	-2.243891e-04	-2.300010e-06	-4.762020e-05	-1.338513e-01	-5.203762e-02	-2.390516e-01
2.819000	1.339598e-01	5.190124e-02	2.389761e-01	9.271728e-05	1.515790e-04	8.680508e-05	-2.238585e-04	-2.312670e-06	-4.754331e-05	-1.338287e-01	-5.205050e-02	-2.390154e-01
2.820000	1.339372e-01	5.191461e-02	2.389405e-01	9.251095e-05	1.512021e-04	8.662037e-05	-2.233291e-04	-2.325192e-06	-4.746650e-05	-1.338064e-01	-5.206348e-02	-2.389797e-01
2.821000	1.339148e-01	5.192808e-02	2.389054e-01	9.230517e-05	1.508263e-04	8.643614e-05	-2.228013e-04	-2.337649e-06	-4.738983e-05	-1.337843e-01	-5.207657e-02	-2.389444e-01
2.822000	1.338926e-01	5.194160e-02	2.388706e-01	9.209987e-05	1.504516e-04	8.625234e-05	-2.222749e-04	-2.350022e-06	-4.731325e-05	-1.337624e-01	-5.208970e-02	-2.389095e-01
2.823000	1.338708e-01	5.195529e-02	2.388365e-01	9.189507e-05	1.500779e-04	8.606898e-05	-2.217498e-04	-2.362271e-06	-4.723678e-05	-1.337409e-01	-5.210301e-02	-2.388753e-01
2.824000	1.338492e-01	5.196906e-02	2.388027e-01	9.169078e-05	1.497053e-04	8.588606e-05	-2.212261e-04	-2.374461e-06	-4.716043e-05	-1.337196e-01	-5.211639e-02	-2.388415e-01
2.825000	1.338278e-01	5.198289e-02	2.387694e-01	9.148700e-05	1.493338e-04	8.570358e-05	-2.207039e-04	-2.386540e-06	-4.708417e-05	-1.336986e-01	-5.212983e-02	-2.388081e-01
2.826000	1.338068e-01	5.199682e-02	2.387367e-01	9.128373e-05	1.489632e-04	8.552153e-05	-2.201831e-04	-2.398589e-06	-4.700806e-05	-1.336778e-01	-5.214338e-02	-2.387752e-01
2.827000	1.337859e-01	5.201084e-02	2.387043e-01	9.108099e-05	1.485939e-04	8.533995e-05	-2.196637e-04	-2.410514e-06	-4.693205e-05	-1.336573e-01	-5.215702e-02	-2.387427e-01
2.828000	1.337654e-01	5.202497e-02	2.386724e-01	9.087870e-05	1.482255e-04	8.515877e-05	-2.191456e-04	-2.422348e-06	-4.685614e-05	-1.336371e-01	-5.217078e-02	-2.387107e-01
2.829000	1.337451e-01	5.203920e-02	2.386410e-01	9.067694e-05	1.478581e-04	8.497805e-05	-2.186290e-04	-2.434077e-06	-4.678035e-05	-1.336171e-01	-5.218462e-02	-2.386792e-01
2.830000	1.337250e-01	5.205352e-02	2.386101e-01	9.047562e-05	1.474918e-04	8.479772e-05	-2.181136e-04	-2.445733e-06	-4.670464e-05	-1.335974e-01	-5.219856e-02	-2.386482e-01
2.831000	1.337053e-01	5.206795e-02	2.385797e-01	9.027492e-05	1.471266e-04	8.461789e-05	-2.175997e-04	-2.457393e-06	-4.662912e-05	-1.335780e-01	-5.221262e-02	-2.386177e-01
2.832000	1.336859e-01	5.208247e-02	2.385498e-01	9.007454e-05	1.467623e-04	8.443840e-05	-2.170871e-04	-2.468812e-06	-4.655361e-05	-1.335588e-01	-5.222677e-02	-2.385876e-01
2.833000	1.336665e-01	5.209707e-02	2.385201e-01	8.987479e-05	1.463991e-04	8.425942e-05	-2.165759e-04	-2.480258e-06	-4.647828e-05	-1.335398e-01	-5.224099e-02	-2.385579e-01
2.834000	1.336475e-01	5.211176e-02	2.384910e-01	8.967546e-05	1.460369e-04	8.408081e-05	-2.160661e-04	-2.491579e-06	-4.640303e-05	-1.335212e-01	-5.225531e-02	-2.385287e-01
2.835000	1.336289e-01	5.212658e-02	2.384626e-01	8.947674e-05	1.456758e-04	8.390271e-05	-2.155577e-04	-2.502900e-06	-4.632795e-05	-1.335029e-01	-5.226976e-02	-2.385002e-01
2.836000	1.336105e-01	5.214146e-02	2.384344e-01	8.927839e-05	1.453157e-04	8.372495e-05	-2.150506e-04	-2.514003e-06	-4.625290e-05	-1.334847e-01	-5.228426e-02	-2.384719e-01
2.837000	1.335923e-01	5.215646e-02	2.384067e-01	8.908054e-05	1.449566e-04	8.354766e-05	-2.145448e-04	-2.525125e-06	-4.617801e-05	-1.334668e-01	-5.229889e-02	-2.384441e-01
2.838000	1.335743e-01	5.217158e-02	2.383795e-01	8.888320e-05	1.445985e-04	8.337076e-05	-2.140404e-04	-2.536126e-06	-4.610322e-05	-1.334492e-01	-5.231364e-02	-2.384168e-01
2.839000	1.335566e-01	5.218674e-02	2.383527e-01	8.868640e-05	1.442415e-04	8.319434e-05	-2.135374e-04	-2.547069e-06	-4.602855e-05	-1.334317e-01	-5.232843e-02	-2.383899e-01
2.840000	1.335391e-01	5.220197e-02	2.383263e-01	8.848999e-05	1.438853e-04	8.301826e-05	-2.130355e-04	-2.557921e-06	-4.595396e-05	-1.334146e-01	-5.234330e-02	-2.383634e-01
2.841000	1.335218e-01	5.221730e-02	2.383004e-01	8.829412e-05	1.435303e-04	8.284267e-05	-2.125352e-04	-2.568697e-06	-4.587951e-05	-1.333976e-01	-5.235827e-02	-2.383373e-01
2.842000	1.335048e-01	5.223275e-02	2.382748e-01	8.809866e-05	1.431762e-04	8.266744e-05	-2.120360e-04	-2.579345e-06	-4.580514e-05	-1.333809e-01	-5.237335e-02	-2.383117e-01
2.843000	1.334881e-01	5.224828e-02	2.382498e-01	8.790380e-05	1.428231e-04	8.249270e-05	-2.115383e-04	-2.590008e-06	-4.573093e-05	-1.333645e-01	-5.238851e-02	-2.382866e-01
2.844000	1.334716e-01	5.226391e-02	2.382252e-01	8.770936e-05	1.424711e-04	8.231836e-05	-2.110419e-04	-2.600547e-06	-4.565681e-05	-1.333483e-01	-5.240378e-02	-2.382619e-01
2.845000	1.334555e-01	5.227963e-02	2.382011e-01	8.751540e-05	1.421200e-04	8.214442e-05	-2.105468e-04	-2.611003e-06	-4.558279e-05	-1.333324e-01	-5.241914e-02	-2.382377e-01
2.846000	1.334395e-01	5.229547e-02	2.381775e-01	8.732191e-05	1.417700e-04	8.197089e-05	-2.100531e-04	-2.621357e-06	-4.550887e-05	-1.333168e-01	-5.243462e-02	-2.382140e-01
2.847000	1.334239e-01	5.231142e-02	2.381544e-01	8.712888e-05	1.414208e-04	8.179776e-05	-2.095606e-04	-2.631663e-06	-4.543507e-05	-1.333015e-01	-5.245021e-02	-2.381908e-01
2.848000	1.334085e-01	5.232745e-02	2.381317e-01	8.693637e-05	1.410728e-04	8.162508e-05	-2.090695e-04	-2.641900e-06	-4.536140e-05	-1.332863e-01	-5.246588e-02	-2.381680e-01
2.849000	1.333933e-01	5.234355e-02	2.381095e-01	8.674428e-05	1.407256e-04	8.145277e-05	-2.085796e-04	-2.652039e-06	-4.528782e-05	-1.332715e-01	-5.248162e-02	-2.381457e-01
2.850000	1.333784e-01	5.235977e-02	2.380877e-01	8.655272e-05	1.403794e-04	8.128090e-05	-2.080910e-04	-2.662109e-06	-4.521436e-05	-1.332569e-01	-5.249748e-02	-2.381238e-01
2.851000	1.333639e-01	5.237611e-02	2.380666e-01	8.636160e-05	1.400343e-04	8.110944e-05	-2.076038e-04	-2.672114e-06	-4.514101e-05	-1.332426e-01	-5.251348e-02	-2.381025e-01
2.852000	1.333495e-01	5.239251e-02	2.380457e-01	8.617096e-05	1.396900e-04	8.093839e-05	-2.071178e-04	-2.682020e-06	-4.506777e-05	-1.332285e-01	-5.252952e-02	-2.380816e-01
2.853000	1.333354e-01	5.240905e-02	2.380254e-01	8.598070e-05	1.393468e-04	8.076770e-05	-2.066331e-04	-2.691824e-06	-4.499459e-05	-1.332147e-01	-5.254570e-02	-2.380611e-01
2.854000	1.333215e-01	5.242564e-02	2.380054e-01	8.579100e-05	1.390045e-04	8.059747e-05	-2.061497e-04	-2.701614e-06	-4.492158e-05	-1.332012e-01	-5.256194e-02	-2.380411e-01
2.855000	1.333079e-01	5.244235e-02	2.379860e-01	8.560182e-05	1.386632e-04	8.042765e-05	-2.056676e-04	-2.711353e-06	-4.484870e-05	-1.331879e-01	-5.257830e-02	-2.380216e-01
2.856000	1.332946e-01	5.245919e-02	2.379671e-01	8.541302e-05	1.383228e-04	8.025821e-05	-2.051868e-04	-2.720957e-06	-4.477589e-05	-1.331749e-01	-5.259479e-02	-2.380026e-01
2.857000	1.332815e-01	5.247607e-02	2.379485e-01	8.522470e-05	1.379835e-04	8.008920e-05	-2.047072e-04	-2.730529e-06	-4.470321e-05	-1.331620e-01	-5.261132e-02	-2.379839e-01
2.858000	1.332687e-01	5.249306e-02	2.379304e-01	8.503682e-05	1.376450e-04	7.992054e-05	-2.042289e-04	-2.739995e-06	-4.463061e-05	-1.331495e-01	-5.262797e-02	-2.379657e-01
2.859000	1.332562e-01	5.251016e-02	2.379128e-01	8.484942e-05	1.373075e-04	7.975232e-05	-2.037519e-04	-2.749381e-06	-4.455812e-05	-1.331373e-01	-5.264472e-02	-2.379480e-01
2.860000	1.332440e-01	5.252741e-02	2.378959e-01	8.466244e-05	1.369709e-04	7.958447e-05	-2.032761e-04	-2.758679e-06	-4.448574e-05	-1.331254e-01	-5.266162e-02	-2.379310e-01
2.861000	1.332320e-01	5.254470e-02	2.378793e-01	8.447601e-05	1.366353e-04	7.941708e-05	-2.028016e-04	-2.767978e-06	-4.441351e-05	-1.331136e-01	-5.267857e-02	-2.379143e-01
2.862000	1.332201e-01	5.256207e-02	2.378629e-01	8.428995e-05	1.363006e-04	7.925001e-05	-2.023283e-04	-2.777124e-06	-4.434133e-05	-1.331021e-01	-5.269560e-02	-2.378978e-01
2.863000	1.332087e-01	5.257958e-02	2.378473e-01	8.410441e-05	1.359669e-04	7.908338e-05	-2.018563e-04	-2.786295e-06	-4.426932e-05	-1.330909e-01	-5.271276e-02	-2.378821e-01
2.864000	1.331975e-01	5.259722e-02	2.378322e-01	8.391936e-05	1.356341e-04	7.891717e-05	-2.013857e-04	-2.795325e-06	-4.419742e-05	-1.330801e-01	-5.273006e-02	-2.378669e-01
2.865000	1.331865e-01	5.261490e-02	2.378172e-01	8.373463e-05	1.353022e-04	7.875130e-05	-2.009161e-04	-2.804270e-06	-4.412556e-05	-1.330693e-01	-5.274741e-02	-2.378519e-01
2.866000	1.331757e-01	5.263270e-02	2.378029e-01	8.355046e-05	1.349713e-04	7.858588e-05	-2.004478e-04	-2.813234e-06	-4.405388e-05	-1.330588e-01	-5.276486e-02	-2.378374e-01
2.867000	1.331653e-01	5.265060e-02	2.377891e-01	8.336669e-05	1.346413e-04	7.842080e-05	-1.999808e-04	-2.822035e-06	-4.398225e-05	-1.330487e-01	-5.278242e-02	-2.378235e-01
2.868000	1.331552e-01	5.266860e-02	2.377757e-01	8.318336e-05	1.343122e-04	7.825613e-05	-1.995149e-04	-2.830795e-06	-4.391077e-05	-1.330388e-01	-5.280008e-02	-2.378101e-01
2.869000	1.331452e-01	5.268670e-02	2.377627e-01	8.300052e-05	1.339840e-04	7.809184e-05	-1.990504e-04	-2.839472e-06	-4.383938e-05	-1.330291e-01	-5.281785e-02	-2.377970e-01
2.870000	1.331355e-01	5.270487e-02	2.377502e-01	8.281811e-05	1.336568e-04	7.792797e-05	-1.985871e-04	-2.848101e-06	-4.376810e-05	-1.330197e-01	-5.283568e-02	-2.377843e-01
2.871000	1.331261e-01	5.272318e-02	2.377382e-01	8.263611e-05	1.333304e-04	7.776445e-05	-1.981249e-04	-2.856625e-06	-4.369690e-05	-1.330106e-01	-5.285366e-02	-2.377723e-01
2.872000	1.331170e-01	5.274160e-02	2.377267e-01	8.245464e-05	1.330050e-04	7.760136e-05	-1.976640e-04	-2.865163e-06	-4.362588e-05	-1.330018e-01	-5.287174e-02	-2.377607e-01
2.873000	1.331081e-01	5.276010e-02	2.377156e-01	8.227351e-05	1.326804e-04	7.743861e-05	-1.972043e-04	-2.873538e-06	-4.355490e-05	-1.329931e-01	-5.288991e-02	-2.377495e-01
2.874000	1.330994e-01	5.277872e-02	2.377051e-01	8.209292e-05	1.323569e-04	7.727629e-05	-1.967459e-04	-2.881930e-06	-4.348408e-05	-1.329848e-01	-5.290820e-02	-2.377388e-01
2.875000	1.330911e-01	5.279743e-02	2.376949e-01	8.191273e-05	1.320341e-04	7.711433e-05	-1.962886e-04	-2.890203e-06	-4.341334e-05	-1.329767e-01	-5.292657e-02	-2.377286e-01
2.876000	1.330829e-01	5.281620e-02	2.376851e-01	8.173294e-05	1.317123e-04	7.695273e-05	-1.958325e-04	-2.898414e-06	-4.334269e-05	-1.329688e-01	-5.294501e-02	-2.377187e-01
2.877000	1.330751e-01	5.283511e-02	2.376760e-01	8.155364e-05	1.313914e-04	7.679156e-05	-1.953776e-04	-2.906556e-06	-4.327218e-05	-1.329613e-01	-5.296360e-02	-2.377095e-01
2.878000	1.330674e-01	5.285411e-02	2.376671e-01	8.137477e-05	1.310714e-04	7.663075e-05	-1.949240e-04	-2.914658e-06	-4.320178e-05	-1.329539e-01	-5.298226e-02	-2.377005e-01
2.879000	1.330602e-01	5.287324e-02	2.376589e-01	8.119633e-05	1.307523e-04	7.647032e-05	-1.944715e-04	-2.922687e-06	-4.313147e-05	-1.329469e-01	-5.300106e-02	-2.376923e-01
2.880000	1.330531e-01	5.289244e-02	2.376510e-01	8.101830e-05	1.304340e-04	7.631025e-05	-1.940201e-04	-2.930621e-06	-4.306126e-05	-1.329401e-01	-5.301994e-02	-2.376843e-01
2.881000	1.330462e-01	5.291171e-02	2.376435e-01	8.084077e-05	1.301167e-04	7.615061e-05	-1.935701e-04	-2.938523e-06	-4.299120e-05	-1.329335e-01	-5.303889e-02	-2.376767e-01
2.882000	1.330397e-01	5.293116e-02	2.376367e-01	8.066361e-05	1.298002e-04	7.599130e-05	-1.931211e-04	-2.946337e-06	-4.292120e-05	-1.329273e-01	-5.305801e-02	-2.376698e-01
2.883000	1.330334e-01	5.295070e-02	2.376303e-01	8.048695e-05	1.294846e-04	7.583239e-05	-1.926734e-04	-2.954126e-06	-4.285134e-05	-1.329212e-01	-5.307722e-02	-2.376633e-01
2.884000	1.330274e-01	5.297031e-02	2.376243e-01	8.031061e-05	1.291698e-04	7.567382e-05	-1.922268e-04	-2.961780e-06	-4.278154e-05	-1.329155e-01	-5.309652e-02	-2.376572e-01
2.885000	1.330216e-01	5.299001e-02	2.376188e-01	8.013480e-05	1.288560e-04	7.551568e-05	-1.917815e-04	-2.969417e-06	-4.271190e-05	-1.329100e-01	-5.311590e-02	-2.376516e-01
2.886000	1.330160e-01	5.300979e-02	2.376136e-01	7.995940e-05	1.285431e-04	7.535788e-05	-1.913372e-04	-2.977024e-06	-4.264236e-05	-1.329046e-01	-5.313535e-02	-2.376463e-01
2.887000	1.330107e-01	5.302970e-02	2.376089e-01	7.978437e-05	1.282310e-04	7.520045e-05	-1.908942e-04	-2.984489e-06	-4.257289e-05	-1.328996e-01	-5.315495e-02	-2.376415e-01
2.888000	1.330058e-01	5.304974e-02	2.376048e-01	7.960983e-05	1.279197e-04	7.504340e-05	-1.904523e-04	-2.991968e-06	-4.250356e-05	-1.328949e-01	-5.317466e-02	-2.376373e-01
2.889000	1.330010e-01	5.306987e-02	2.376011e-01	7.943565e-05	1.276094e-04	7.488671e-05	-1.900115e-04	-2.999303e-06	-4.243431e-05	-1.328904e-01	-5.319448e-02	-2.376336e-01
2.890000	1.329965e-01	5.309007e-02	2.375978e-01	7.926200e-05	1.272999e-04	7.473043e-05	-1.895720e-04	-3.006648e-06	-4.236521e-05	-1.328862e-01	-5.321437e-02	-2.376302e-01
2.891000	1.329922e-01	5.311041e-02	2.375951e-01	7.908868e-05	1.269912e-04	7.457445e-05	-1.891335e-04	-3.013891e-06	-4.229616e-05	-1.328822e-01	-5.323438e-02	-2.376274e-01
2.892000	1.329883e-01	5.313085e-02	2.375927e-01	7.891584e-05	1.266834e-04	7.441889e-05	-1.886962e-04	-3.021105e-06	-4.222727e-05	-1.328785e-01	-5.325451e-02	-2.376249e-01
2.893000	1.329846e-01	5.315141e-02	2.375910e-01	7.874334e-05	1.263765e-04	7.426368e-05	-1.882601e-04	-3.028195e-06	-4.215844e-05	-1.328751e-01	-5.327476e-02	-2.376231e-01
2.894000	1.329811e-01	5.317201e-02	2.375895e-01	7.857134e-05	1.260704e-04	7.410883e-05	-1.878251e-04	-3.035315e-06	-4.208975e-05	-1.328718e-01	-5.329504e-02	-2.376215e-01
2.895000	1.329778e-01	5.319272e-02	2.375885e-01	7.839974e-05	1.257651e-04	7.395436e-05	-1.873913e-04	-3.042303e-06	-4.202115e-05	-1.328688e-01	-5.331544e-02	-2.376204e-01
2.896000	1.329749e-01	5.321357e-02	2.375880e-01	7.822852e-05	1.254607e-04	7.380023e-05	-1.869585e-04	-3.049263e-06	-4.195266e-05	-1.328662e-01	-5.333598e-02	-2.376198e-01
2.897000	1.329723e-01	5.323455e-02	2.375882e-01	7.805776e-05	1.251572e-04	7.364650e-05	-1.865269e-04	-3.056182e-06	-4.188430e-05	-1.328638e-01	-5.335665e-02	-2.376199e-01
2.898000	1.329699e-01	5.325561e-02	2.375886e-01	7.788739e-05	1.248545e-04	7.349310e-05	-1.860964e-04	-3.062996e-06	-4.181601e-05	-1.328616e-01	-5.337740e-02	-2.376203e-01
2.899000	1.329677e-01	5.327675e-02	2.375895e-01	7.771746e-05	1.245526e-04	7.334008e-05	-1.856671e-04	-3.069774e-06	-4.174784e-05	-1.328598e-01	-5.339823e-02	-2.376211e-01
2.900000	1.329657e-01	5.329800e-02	2.375908e-01	7.754793e-05	1.242515e-04	7.318740e-05	-1.852389e-04	-3.076490e-06	-4.167978e-05	-1.328581e-01	-5.341917e-02	-2.376223e-01
2.901000	1.329641e-01	5.331938e-02	2.375927e-01	7.737878e-05	1.239513e-04	7.303507e-05	-1.848118e-04	-3.083118e-06	-4.161181e-05	-1.328567e-01	-5.344025e-02	-2.376241e-01
2.902000	1.329627e-01	5.334084e-02	2.375949e-01	7.721010e-05	1.236520e-04	7.288314e-05	-1.843858e-04	-3.089739e-06	-4.154396e-05	-1.328555e-01	-5.346140e-02	-2.376263e-01
2.903000	1.329616e-01	5.336241e-02	2.375978e-01	7.704181e-05	1.233534e-04	7.273153e-05	-1.839610e-04	-3.096295e-06	-4.147623e-05	-1.328547e-01	-5.348267e-02	-2.376290e-01
2.904000	1.329607e-01	5.338407e-02	2.376010e-01	7.687387e-05	1.230557e-04	7.258028e-05	-1.835372e-04	-3.102741e-06	-4.140856e-05	-1.328540e-01	-5.350402e-02	-2.376321e-01
2.905000	1.329601e-01	5.340586e-02	2.376046e-01	7.670640e-05	1.227587e-04	7.242939e-05	-1.831145e-04	-3.109191e-06	-4.134103e-05	-1.328537e-01	-5.352551e-02	-2.376357e-01
2.906000	1.329597e-01	5.342773e-02	2.376087e-01	7.653936e-05	1.224627e-04	7.227889e-05	-1.826931e-04	-3.115558e-06	-4.127360e-05	-1.328536e-01	-5.354708e-02	-2.376398e-01
2.907000	1.329596e-01	5.344973e-02	2.376134e-01	7.637263e-05	1.221673e-04	7.212867e-05	-1.822726e-04	-3.121801e-06	-4.120624e-05	-1.328537e-01	-5.356877e-02	-2.376443e-01
2.908000	1.329598e-01	5.347184e-02	2.376185e-01	7.620640e-05	1.218729e-04	7.197888e-05	-1.818532e-04	-3.128145e-06	-4.113905e-05	-1.328542e-01	-5.359058e-02	-2.376494e-01
2.909000	1.329602e-01	5.349405e-02	2.376241e-01	7.604050e-05	1.215793e-04	7.182939e-05	-1.814350e-04	-3.134261e-06	-4.107191e-05	-1.328548e-01	-5.361249e-02	-2.376548e-01
2.910000	1.329609e-01	5.351636e-02	2.376300e-01	7.587500e-05	1.212864e-04	7.168025e-05	-1.810177e-04	-3.140412e-06	-4.100488e-05	-1.328557e-01	-5.363451e-02	-2.376607e-01
2.911000	1.329618e-01	5.353876e-02	2.376364e-01	7.570996e-05	1.209944e-04	7.153148e-05	-1.806017e-04	-3.146506e-06	-4.093798e-05	-1.328569e-01	-5.365660e-02	-2.376670e-01
2.912000	1.329630e-01	5.356126e-02	2.376433e-01	7.554530e-05	1.207031e-04	7.138305e-05	-1.801867e-04	-3.152534e-06	-4.087117e-05	-1.328584e-01	-5.367881e-02	-2.376738e-01
2.913000	1.329645e-01	5.358390e-02	2.376508e-01	7.538105e-05	1.204127e-04	7.123497e-05	-1.797727e-04	-3.158519e-06	-4.080448e-05	-1.328601e-01	-5.370115e-02	-2.376812e-01
2.914000	1.329662e-01	5.360663e-02	2.376586e-01	7.521718e-05	1.201231e-04	7.108723e-05	-1.793599e-04	-3.164449e-06	-4.073787e-05	-1.328620e-01	-5.372359e-02	-2.376889e-01
2.915000	1.329681e-01	5.362943e-02	2.376668e-01	7.505372e-05	1.198343e-04	7.093987e-05	-1.789481e-04	-3.170320e-06	-4.067140e-05	-1.328642e-01	-5.374610e-02	-2.376970e-01
2.916000	1.329704e-01	5.365241e-02	2.376757e-01	7.489059e-05	1.195462e-04	7.079280e-05	-1.785374e-04	-3.176108e-06	-4.060498e-05	-1.328667e-01	-5.376878e-02	-2.377058e-01
2.917000	1.329729e-01	5.367545e-02	2.376849e-01	7.472796e-05	1.192590e-04	7.064614e-05	-1.781279e-04	-3.181874e-06	-4.053872e-05	-1.328695e-01	-5.379153e-02	-2.377150e-01
2.918000	1.329756e-01	5.369860e-02	2.376945e-01	7.456561e-05	1.189725e-04	7.049975e-05	-1.777192e-04	-3.187557e-06	-4.047250e-05	-1.328724e-01	-5.381438e-02	-2.377245e-01
2.919000	1.329786e-01	5.372186e-02	2.377046e-01	7.440377e-05	1.186868e-04	7.035376e-05	-1.773117e-04	-3.193243e-06	-4.040645e-05	-1.328756e-01	-5.383736e-02	-2.377346e-01
2.920000	1.329819e-01	5.374525e-02	2.377153e-01	7.424223e-05	1.184019e-04	7.020807e-05	-1.769053e-04	-3.198784e-06	-4.034045e-05	-1.328792e-01	-5.386045e-02	-2.377452e-01
2.921000	1.329854e-01	5.376873e-02	2.377265e-01	7.408111e-05	1.181178e-04	7.006274e-05	-1.764999e-04	-3.204350e-06	-4.027459e-05	-1.328830e-01	-5.388365e-02	-2.377563e-01
2.922000	1.329892e-01	5.379229e-02	2.377379e-01	7.392046e-05	1.178345e-04	6.991779e-05	-1.760956e-04	-3.209894e-06	-4.020885e-05	-1.328870e-01	-5.390691e-02	-2.377676e-01
2.923000	1.329932e-01	5.381599e-02	2.377499e-01	7.376011e-05	1.175520e-04	6.977314e-05	-1.756923e-04	-3.215300e-06	-4.014318e-05	-1.328913e-01	-5.393032e-02	-2.377795e-01
2.924000	1.329975e-01	5.383978e-02	2.377624e-01	7.360017e-05	1.172702e-04	6.962883e-05	-1.752901e-04	-3.220695e-06	-4.007763e-05	-1.328958e-01	-5.395383e-02	-2.377919e-01
2.925000	1.330020e-01	5.386370e-02	2.377753e-01	7.344057e-05	1.169892e-04	6.948483e-05	-1.748889e-04	-3.225992e-06	-4.001214e-05	-1.329006e-01	-5.397746e-02	-2.378048e-01
2.926000	1.330068e-01	5.388768e-02	2.377886e-01	7.328135e-05	1.167089e-04	6.934119e-05	-1.744887e-04	-3.231242e-06	-3.994676e-05	-1.329056e-01	-5.400116e-02	-2.378180e-01
2.927000	1.330119e-01	5.391182e-02	2.378025e-01	7.312258e-05	1.164294e-04	6.919786e-05	-1.740895e-04	-3.236499e-06	-3.988151e-05	-1.329109e-01	-5.402502e-02	-2.378319e-01
2.928000	1.330173e-01	5.393605e-02	2.378169e-01	7.296419e-05	1.161508e-04	6.905493e-05	-1.736915e-04	-3.241697e-06	-3.981638e-05	-1.329165e-01	-5.404896e-02	-2.378462e-01
2.929000	1.330228e-01	5.396037e-02	2.378316e-01	7.280613e-05	1.158728e-04	6.891227e-05	-1.732944e-04	-3.246772e-06	-3.975131e-05	-1.329223e-01	-5.407300e-02	-2.378608e-01
2.930000	1.330286e-01	5.398478e-02	2.378467e-01	7.264851e-05	1.155957e-04	6.876999e-05	-1.728984e-04	-3.251909e-06	-3.968638e-05	-1.329284e-01	-5.409712e-02	-2.378758e-01
2.931000	1.330347e-01	5.400934e-02	2.378625e-01	7.249125e-05	1.153193e-04	6.862801e-05	-1.725034e-04	-3.256933e-06	-3.962153e-05	-1.329347e-01	-5.412140e-02	-2.378915e-01
2.932000	1.330411e-01	5.403399e-02	2.378786e-01	7.233439e-05	1.150436e-04	6.848638e-05	-1.721095e-04	-3.261914e-06	-3.955681e-05	-1.329413e-01	-5.414578e-02	-2.379075e-01
2.933000	1.330477e-01	5.405879e-02	2.378953e-01	7.217785e-05	1.147687e-04	6.834505e-05	-1.717164e-04	-3.266854e-06	-3.949215e-05	-1.329482e-01	-5.417029e-02	-2.379242e-01
2.934000	1.330546e-01	5.408364e-02	2.379124e-01	7.202168e-05	1.144945e-04	6.820405e-05	-1.713245e-04	-3.271678e-06	-3.942759e-05	-1.329553e-01	-5.419486e-02	-2.379412e-01
2.935000	1.330617e-01	5.410862e-02	2.379300e-01	7.186597e-05	1.142211e-04	6.806341e-05	-1.709336e-04	-3.276538e-06	-3.936318e-05	-1.329627e-01	-5.421957e-02	-2.379586e-01
2.936000	1.330692e-01	5.413375e-02	2.379480e-01	7.171055e-05	1.139484e-04	6.792306e-05	-1.705436e-04	-3.281297e-06	-3.929881e-05	-1.329704e-01	-5.424441e-02	-2.379767e-01
2.937000	1.330769e-01	5.415894e-02	2.379665e-01	7.155556e-05	1.136765e-04	6.778308e-05	-1.701547e-04	-3.286073e-06	-3.923460e-05	-1.329782e-01	-5.426933e-02	-2.379951e-01
2.938000	1.330847e-01	5.418424e-02	2.379854e-01	7.140091e-05	1.134053e-04	6.764340e-05	-1.697668e-04	-3.290697e-06	-3.917045e-05	-1.329863e-01	-5.429436e-02	-2.380138e-01
2.939000	1.330929e-01	5.420965e-02	2.380048e-01	7.124670e-05	1.131349e-04	6.750406e-05	-1.693800e-04	-3.295383e-06	-3.910645e-05	-1.329948e-01	-5.431949e-02	-2.380332e-01
2.940000	1.331013e-01	5.423518e-02	2.380246e-01	7.109284e-05	1.128652e-04	6.736505e-05	-1.689940e-04	-3.300000e-06	-3.904254e-05	-1.330034e-01	-5.434475e-02	-2.380530e-01
2.941000	1.331100e-01	5.426084e-02	2.380449e-01	7.093928e-05	1.125962e-04	6.722634e-05	-1.686091e-04	-3.304503e-06	-3.897869e-05	-1.330123e-01	-5.437014e-02	-2.380732e-01
2.942000	1.331190e-01	5.428661e-02	2.380658e-01	7.078616e-05	1.123280e-04	6.708797e-05	-1.682252e-04	-3.309018e-06	-3.891498e-05	-1.330215e-01	-5.439563e-02	-2.380939e-01
2.943000	1.331282e-01	5.431246e-02	2.380871e-01	7.063333e-05	1.120605e-04	6.694989e-05	-1.678423e-04	-3.313424e-06	-3.885132e-05	-1.330310e-01	-5.442121e-02	-2.381152e-01
2.944000	1.331377e-01	5.433846e-02	2.381089e-01	7.048095e-05	1.117937e-04	6.681217e-05	-1.674604e-04	-3.317862e-06	-3.878782e-05	-1.330408e-01	-5.444694e-02	-2.381370e-01
2.945000	1.331474e-01	5.436454e-02	2.381310e-01	7.032885e-05	1.115276e-04	6.667470e-05	-1.670793e-04	-3.322159e-06	-3.872435e-05	-1.330507e-01	-5.447274e-02	-2.381590e-01
2.946000	1.331574e-01	5.439074e-02	2.381537e-01	7.017722e-05	1.112623e-04	6.653764e-05	-1.666994e-04	-3.326506e-06	-3.866106e-05	-1.330609e-01	-5.449867e-02	-2.381816e-01
2.947000	1.331677e-01	5.441704e-02	2.381768e-01	7.002592e-05	1.109977e-04	6.640088e-05	-1.663204e-04	-3.330788e-06	-3.859785e-05	-1.330714e-01	-5.452471e-02	-2.382046e-01
2.948000	1.331781e-01	5.444344e-02	2.382004e-01	6.987493e-05	1.107338e-04	6.626439e-05	-1.659424e-04	-3.334946e-06	-3.853470e-05	-1.330821e-01	-5.455084e-02	-2.382281e-01
2.949000	1.331890e-01	5.447000e-02	2.382245e-01	6.972431e-05	1.104706e-04	6.612825e-05	-1.655653e-04	-3.339144e-06	-3.847168e-05	-1.330931e-01	-5.457713e-02	-2.382521e-01
2.950000	1.332000e-01	5.449665e-02	2.382491e-01	6.957410e-05	1.102082e-04	6.599242e-05	-1.651893e-04	-3.343266e-06	-3.840875e-05	-1.331044e-01	-5.460352e-02	-2.382767e-01
2.951000	1.332113e-01	5.452340e-02	2.382740e-01	6.942425e-05	1.099465e-04	6.585691e-05	-1.648142e-04	-3.347352e-06	-3.834594e-05	-1.331159e-01	-5.463000e-02	-2.383015e-01
2.952000	1.332229e-01	5.455028e-02	2.382996e-01	6.927476e-05	1.096854e-04	6.572171e-05	-1.644400e-04	-3.351412e-06	-3.828322e-05	-1.331277e-01	-5.465661e-02	-2.383270e-01
2.953000	1.332347e-01	5.457725e-02	2.383255e-01	6.912561e-05	1.094251e-04	6.558683e-05	-1.640669e-04	-3.355399e-06	-3.822060e-05	-1.331398e-01	-5.468332e-02	-2.383529e-01
2.954000	1.332468e-01	5.460435e-02	2.383519e-01	6.897680e-05	1.091654e-04	6.545223e-05	-1.636946e-04	-3.359310e-06	-3.815806e-05	-1.331521e-01	-5.471016e-02	-2.383792e-01
2.955000	1.332591e-01	5.463157e-02	2.383788e-01	6.882836e-05	1.089065e-04	6.531797e-05	-1.633234e-04	-3.363202e-06	-3.809564e-05	-1.331646e-01	-5.473711e-02	-2.384060e-01
2.956000	1.332717e-01	5.465883e-02	2.384060e-01	6.868030e-05	1.086483e-04	6.518403e-05	-1.629531e-04	-3.367088e-06	-3.803333e-05	-1.331774e-01	-5.476411e-02	-2.384331e-01
2.957000	1.332847e-01	5.468633e-02	2.384341e-01	6.853254e-05	1.083908e-04	6.505036e-05	-1.625837e-04	-3.370853e-06	-3.797108e-05	-1.331907e-01	-5.479135e-02	-2.384611e-01
2.958000	1.332979e-01	5.471392e-02	2.384624e-01	6.838520e-05	1.081340e-04	6.491704e-05	-1.622153e-04	-3.374655e-06	-3.790897e-05	-1.332041e-01	-5.481868e-02	-2.384894e-01
2.959000	1.333114e-01	5.474160e-02	2.384912e-01	6.823817e-05	1.078779e-04	6.478403e-05	-1.618479e-04	-3.378387e-06	-3.784694e-05	-1.332178e-01	-5.484610e-02	-2.385182e-01
2.960000	1.333252e-01	5.476946e-02	2.385208e-01	6.809152e-05	1.076225e-04	6.465131e-05	-1.614814e-04	-3.382051e-06	-3.778502e-05	-1.332318e-01	-5.487370e-02	-2.385476e-01
2.961000	1.333393e-01	5.479741e-02	2.385507e-01	6.794520e-05	1.073677e-04	6.451890e-05	-1.611158e-04	-3.385696e-06	-3.772318e-05	-1.332461e-01	-5.490139e-02	-2.385775e-01
2.962000	1.333535e-01	5.482544e-02	2.385809e-01	6.779927e-05	1.071137e-04	6.438682e-05	-1.607512e-04	-3.389308e-06	-3.766148e-05	-1.332606e-01	-5.492916e-02	-2.386076e-01
2.963000	1.333680e-01	5.485357e-02	2.386117e-01	6.765366e-05	1.068604e-04	6.425502e-05	-1.603875e-04	-3.392881e-06	-3.759985e-05	-1.332753e-01	-5.495704e-02	-2.386383e-01
2.964000	1.333828e-01	5.488184e-02	2.386428e-01	6.750839e-05	1.066077e-04	6.412352e-05	-1.600247e-04	-3.396373e-06	-3.753831e-05	-1.332903e-01	-5.498505e-02	-2.386694e-01
2.965000	1.333979e-01	5.491022e-02	2.386746e-01	6.736346e-05	1.063557e-04	6.399232e-05	-1.596628e-04	-3.399837e-06	-3.747687e-05	-1.333056e-01	-5.501318e-02	-2.387011e-01
2.966000	1.334133e-01	5.493876e-02	2.387069e-01	6.721888e-05	1.061044e-04	6.386142e-05	-1.593020e-04	-3.403231e-06	-3.741552e-05	-1.333212e-01	-5.504146e-02	-2.387334e-01
2.967000	1.334288e-01	5.496737e-02	2.387395e-01	6.707467e-05	1.058537e-04	6.373085e-05	-1.589420e-04	-3.406643e-06	-3.735430e-05	-1.333369e-01	-5.506982e-02	-2.387659e-01
2.968000	1.334447e-01	5.499612e-02	2.387727e-01	6.693080e-05	1.056038e-04	6.360057e-05	-1.585829e-04	-3.409987e-06	-3.729317e-05	-1.333531e-01	-5.509832e-02	-2.387990e-01
2.969000	1.334608e-01	5.502493e-02	2.388062e-01	6.678728e-05	1.053545e-04	6.347059e-05	-1.582247e-04	-3.413323e-06	-3.723214e-05	-1.333693e-01	-5.512687e-02	-2.388325e-01
2.970000	1.334772e-01	5.505391e-02	2.388404e-01	6.664406e-05	1.051059e-04	6.334090e-05	-1.578675e-04	-3.416553e-06	-3.717118e-05	-1.333860e-01	-5.515560e-02	-2.388666e-01
2.971000	1.334938e-01	5.508298e-02	2.388748e-01	6.650123e-05	1.048580e-04	6.321154e-05	-1.575112e-04	-3.419784e-06	-3.711035e-05	-1.334028e-01	-5.518442e-02	-2.389009e-01
2.972000	1.335107e-01	5.511216e-02	2.389098e-01	6.635871e-05	1.046107e-04	6.308243e-05	-1.571558e-04	-3.422967e-06	-3.704959e-05	-1.334199e-01	-5.521335e-02	-2.389358e-01
2.973000	1.335279e-01	5.514151e-02	2.389454e-01	6.621657e-05	1.043641e-04	6.295367e-05	-1.568013e-04	-3.426132e-06	-3.698895e-05	-1.334373e-01	-5.524245e-02	-2.389714e-01
2.974000	1.335454e-01	5.517094e-02	2.389814e-01	6.607471e-05	1.041182e-04	6.282517e-05	-1.564477e-04	-3.429221e-06	-3.692839e-05	-1.334550e-01	-5.527163e-02	-2.390073e-01
2.975000	1.335630e-01	5.520048e-02	2.390178e-01	6.593321e-05	1.038729e-04	6.269696e-05	-1.560950e-04	-3.432258e-06	-3.686793e-05	-1.334728e-01	-5.530092e-02	-2.390436e-01
2.976000	1.335810e-01	5.523016e-02	2.390548e-01	6.579205e-05	1.036283e-04	6.256906e-05	-1.557432e-04	-3.435282e-06	-3.680757e-05	-1.334911e-01	-5.533035e-02	-2.390806e-01
2.977000	1.335992e-01	5.525993e-02	2.390921e-01	6.565126e-05	1.033843e-04	6.244145e-05	-1.553924e-04	-3.438257e-06	-3.674730e-05	-1.335095e-01	-5.535987e-02	-2.391178e-01
2.978000	1.336178e-01	5.528983e-02	2.391301e-01	6.551077e-05	1.031410e-04	6.231414e-05	-1.550424e-04	-3.441197e-06	-3.668714e-05	-1.335282e-01	-5.538953e-02	-2.391557e-01
2.979000	1.336365e-01	5.531983e-02	2.391683e-01	6.537065e-05	1.028984e-04	6.218715e-05	-1.546933e-04	-3.444136e-06	-3.662710e-05	-1.335471e-01	-5.541929e-02	-2.391939e-01
2.980000	1.336554e-01	5.534995e-02	2.392070e-01	6.523083e-05	1.026564e-04	6.206041e-05	-1.543451e-04	-3.446989e-06	-3.656712e-05	-1.335663e-01	-5.544916e-02	-2.392325e-01
2.981000	1.336747e-01	5.538021e-02	2.392463e-01	6.509136e-05	1.024150e-04	6.193398e-05	-1.539978e-04	-3.449826e-06	-3.650724e-05	-1.335858e-01	-5.547918e-02	-2.392717e-01
2.982000	1.336943e-01	5.541058e-02	2.392861e-01	6.495219e-05	1.021743e-04	6.180783e-05	-1.536513e-04	-3.452624e-06	-3.644746e-05	-1.336056e-01	-5.550930e-02	-2.393115e-01
2.983000	1.337141e-01	5.544106e-02	2.393264e-01	6.481342e-05	1.019343e-04	6.168200e-05	-1.533058e-04	-3.455403e-06	-3.638781e-05	-1.336256e-01	-5.553954e-02	-2.393516e-01
2.984000	1.337342e-01	5.547167e-02	2.393670e-01	6.467492e-05	1.016949e-04	6.155642e-05	-1.529611e-04	-3.458088e-06	-3.632820e-05	-1.336459e-01	-5.556991e-02	-2.393922e-01
2.985000	1.337545e-01	5.550239e-02	2.394082e-01	6.453675e-05	1.014561e-04	6.143114e-05	-1.526173e-04	-3.460747e-06	-3.626870e-05	-1.336664e-01	-5.560038e-02	-2.394334e-01
2.986000	1.337751e-01	5.553324e-02	2.394499e-01	6.439896e-05	1.012180e-04	6.130617e-05	-1.522744e-04	-3.463396e-06	-3.620933e-05	-1.336872e-01	-5.563100e-02	-2.394750e-01
2.987000	1.337959e-01	5.556416e-02	2.394918e-01	6.426142e-05	1.009805e-04	6.118146e-05	-1.519323e-04	-3.465997e-06	-3.615002e-05	-1.337082e-01	-5.566167e-02	-2.395169e-01
2.988000	1.338170e-01	5.559527e-02	2.395345e-01	6.412431e-05	1.007437e-04	6.105706e-05	-1.515912e-04	-3.468587e-06	-3.609084e-05	-1.337296e-01	-5.569255e-02	-2.395595e-01
2.989000	1.338385e-01	5.562649e-02	2.395777e-01	6.398743e-05	1.005075e-04	6.093291e-05	-1.512509e-04	-3.471076e-06	-3.603171e-05	-1.337513e-01	-5.572353e-02	-2.396026e-01
2.990000	1.338601e-01	5.565779e-02	2.396212e-01	6.385092e-05	1.002719e-04	6.080907e-05	-1.509114e-04	-3.473597e-06	-3.597270e-05	-1.337730e-01	-5.575459e-02	-2.396460e-01
2.991000	1.338821e-01	5.568923e-02	2.396653e-01	6.371472e-05	1.000370e-04	6.068551e-05	-1.505729e-04	-3.476027e-06	-3.591379e-05	-1.337952e-01	-5.578579e-02	-2.396901e-01
2.992000	1.339043e-01	5.572081e-02	2.397098e-01	6.357886e-05	9.980262e-05	6.056223e-05	-1.502352e-04	-3.478450e-06	-3.585497e-05	-1.338176e-01	-5.581713e-02	-2.397345e-01
2.993000	1.339267e-01	5.575250e-02	2.397548e-01	6.344332e-05	9.956894e-05	6.043924e-05	-1.498983e-04	-3.480844e-06	-3.579625e-05	-1.338403e-01	-5.584859e-02	-2.397794e-01
2.994000	1.339494e-01	5.578431e-02	2.398003e-01	6.330811e-05	9.933586e-05	6.031653e-05	-1.495623e-04	-3.483183e-06	-3.573762e-05	-1.338632e-01	-5.588016e-02	-2.398248e-01
2.995000	1.339724e-01	5.581620e-02	2.398462e-01	6.317321e-05	9.910342e-05	6.019410e-05	-1.492272e-04	-3.485504e-06	-3.567909e-05	-1.338864e-01	-5.591182e-02	-2.398707e-01
2.996000	1.339957e-01	5.584827e-02	2.398927e-01	6.303859e-05	9.887158e-05	6.007194e-05	-1.488928e-04	-3.487756e-06	-3.562063e-05	-1.339099e-01	-5.594365e-02	-2.399171e-01
2.997000	1.340193e-01	5.588045e-02	2.399396e-01	6.290434e-05	9.864038e-05	5.995007e-05	-1.485594e-04	-3.490000e-06	-3.556229e-05	-1.339336e-01	-5.597560e-02	-2.399640e-01
2.998000	1.340430e-01	5.591273e-02	2.399869e-01	6.277042e-05	9.840982e-05	5.982849e-05	-1.482268e-04	-3.492216e-06	-3.550405e-05	-1.339576e-01	-5.600764e-02	-2.400113e-01
2.999000	1.340671e-01	5.594515e-02	2.400348e-01	6.263680e-05	9.817984e-05	5.970718e-05	-1.478950e-04	-3.494391e-06	-3.544590e-05	-1.339818e-01	-5.603984e-02	-2.400591e-01
3.000000	1.340914e-01	5.597766e-02	2.400831e-01	6.250343e-05	9.795045e-05	5.958612e-05	-1.475641e-04	-3.496476e-06	-3.538781e-05	-1.340063e-01	-5.607211e-02	-2.401073e-01
