0	-2.62503052	3.03753477e-05	-2.62500024
0.00100000005	-2.62512159	0.000121504112	-2.625
0.00200000009	-2.62527347	0.000273394515	-2.625
0.00300000003	-2.62548614	0.000486060191	-2.625
0.00400000019	-2.6257596	0.000759520393	-2.625
0.00500000035	-2.62609434	0.00109379971	-2.62500048
0.00600000005	-2.6264894	0.0014889281	-2.62500048
0.00700000022	-2.62694573	0.00194494135	-2.62500072
0.00800000038	-2.62746286	0.00246188068	-2.62500095
0.00900000054	-2.62804079	0.00303979171	-2.62500095
0.0100000007	-2.62867975	0.00367872836	-2.62500095
0.0110000009	-2.62938046	0.00437874626	-2.62500167
0.0120000001	-2.6301415	0.00513990968	-2.62500167
0.0130000003	-2.63096356	0.00596228614	-2.62500119
0.0140000004	-2.63184786	0.00684595108	-2.62500191
0.0150000006	-2.63279176	0.00779098319	-2.62500072
0.0160000008	-2.63380003	0.00879746769	-2.62500262
0.0170000009	-2.63486671	0.00986549631	-2.62500119
0.0180000011	-2.63599634	0.0109951645	-2.62500119
0.0190000013	-2.637187	0.0121865747	-2.62500048
0.0200000014	-2.63844061	0.0134398341	-2.62500072
0.0210000016	-2.63975573	0.0147550572	-2.62500072
0.0220000017	-2.64113355	0.0161323622	-2.62500119
0.0230000019	-2.6425736	0.0175718721	-2.62500167
0.0240000002	-2.64407468	0.019073721	-2.62500095
0.0250000004	-2.64563894	0.0206380393	-2.62500095
0.0260000005	-2.64726591	0.0222649742	-2.62500095
0.0270000007	-2.64895582	0.023954669	-2.62500119
0.0280000009	-2.65070868	0.0257072803	-2.62500143
0.029000001	-2.65252423	0.0275229625	-2.62500119
0.0300000012	-2.65440226	0.0294018835	-2.62500048
0.0310000014	-2.65634513	0.0313442163	-2.62500095
0.0320000015	-2.65835047	0.0333501324	-2.62500024
0.0329999998	-2.66042066	0.0354198143	-2.62500095
0.0340000018	-2.66255379	0.0375534557	-2.62500024
0.0350000001	-2.66475129	0.0397512391	-2.625
0.0360000022	-2.66701317	0.042013377	-2.62499976
0.0370000005	-2.66934037	0.0443400741	-2.62500024
0.0380000025	-2.67173147	0.0467315353	-2.625
0.0390000008	-2.67418814	0.049187988	-2.62500024
0.0400000028	-2.67670918	0.0517096445	-2.62499952
0.0410000011	-2.67929649	0.0542967394	-2.62499976
0.0420000032	-2.6819489	0.0569495223	-2.62499928
0.0430000015	-2.68466806	0.0596682131	-2.62499976
0.0440000035	-2.68745279	0.0624530837	-2.62499976
0.0450000018	-2.69030404	0.0653043762	-2.62499976
0.0460000038	-2.69322109	0.0682223514	-2.62499881
0.0470000021	-2.69620562	0.07120727	-2.62499833
0.0480000004	-2.69925809	0.0742594302	-2.62499857
0.0490000024	-2.70237684	0.0773790851	-2.62499785
0.0500000007	-2.70556355	0.0805665329	-2.6249969
0.0510000028	-2.70881891	0.083822079	-2.6249969
0.0520000011	-2.71214271	0.0871459991	-2.62499666
0.0530000031	-2.71553445	0.0905386135	-2.62499595
0.0540000014	-2.71899724	0.0940002352	-2.6249969
0.0550000034	-2.72252798	0.0975311771	-2.6249969
0.0560000017	-2.72612906	0.101131774	-2.62499738
0.0570000038	-2.72979951	0.104802355	-2.62499714
0.0580000021	-2.73354101	0.108543277	-2.62499762
0.0590000041	-2.73735356	0.11235486	-2.62499881
0.0600000024	-2.74123597	0.116237476	-2.62499857
0.0610000044	-2.74519038	0.120191462	-2.62499881
0.0620000027	-2.74921656	0.124217212	-2.62499928
0.063000001	-2.7533145	0.128315091	-2.62499952
0.064000003	-2.75748491	0.132485479	-2.62499952
0.0650000051	-2.76172805	0.136728749	-2.62499928
0.0659999996	-2.76604509	0.141045317	-2.62499976
0.0670000017	-2.77043557	0.145435587	-2.625
0.0680000037	-2.77489901	0.14989996	-2.62499905
0.0690000057	-2.7794385	0.154438853	-2.62499952
0.0700000003	-2.78405309	0.15905267	-2.62500048
0.0710000023	-2.78874207	0.163741887	-2.62500024
0.0720000044	-2.79350758	0.16850692	-2.62500072
0.0730000064	-2.79834962	0.173348203	-2.62500143
0.074000001	-2.80326724	0.178266227	-2.62500095
0.075000003	-2.80826283	0.183261409	-2.62500143
0.076000005	-2.81333566	0.188334256	-2.62500143
0.077000007	-2.8184855	0.19348523	-2.62500024
0.0780000016	-2.82371545	0.198714808	-2.62500072
0.0790000036	-2.82902384	0.20402348	-2.62500048
0.0800000057	-2.83441234	0.20941174	-2.62500048
0.0810000002	-2.83987951	0.214880168	-2.62499928
0.0820000023	-2.84542799	0.220429212	-2.62499881
0.0830000043	-2.85105848	0.226059392	-2.62499905
0.0840000063	-2.85677052	0.23177126	-2.62499928
0.0850000009	-2.86256385	0.237565368	-2.62499857
0.0860000029	-2.86843991	0.243442237	-2.62499762
0.0870000049	-2.87440062	0.249402434	-2.62499809
0.088000007	-2.8804462	0.255446553	-2.62499952
0.0890000015	-2.88657427	0.261575133	-2.62499905
0.0900000036	-2.89278865	0.267788768	-2.625
0.0910000056	-2.89908767	0.274088055	-2.62499952
0.0920000076	-2.90547347	0.28047362	-2.62499976
0.0930000022	-2.9119451	0.286945999	-2.62499905
0.0940000042	-2.91850543	0.293505877	-2.62499952
0.0950000063	-2.92515445	0.300153881	-2.62500048
0.0960000008	-2.93189025	0.306890577	-2.62499976
0.0970000029	-2.9387157	0.31371665	-2.62499905
0.0980000049	-2.94563174	0.320632696	-2.62499905
0.0990000069	-2.95263886	0.327639461	-2.62499952
0.100000001	-2.95973635	0.334737599	-2.62499881
0.101000004	-2.96692801	0.341927737	-2.62500024
0.102000006	-2.97420931	0.34921062	-2.62499857
0.103000008	-2.98158669	0.356586903	-2.62499976
0.104000002	-2.98905635	0.364057332	-2.62499905
0.105000004	-2.99662161	0.371622562	-2.62499905
0.106000006	-3.00428176	0.379283309	-2.62499857
0.107000008	-3.01203752	0.387040436	-2.62499714
0.108000003	-3.0198915	0.39489454	-2.6249969
0.109000005	-3.02784467	0.402846426	-2.62499833
0.110000007	-3.03589392	0.410896838	-2.62499714
0.111000009	-3.04404306	0.419046581	-2.62499642
0.112000003	-3.05229378	0.42729637	-2.62499738
0.113000005	-3.06064463	0.43564713	-2.62499762
0.114000008	-3.0690968	0.444099516	-2.62499738
0.115000002	-3.07765222	0.452654421	-2.62499785
0.116000004	-3.08630991	0.461312652	-2.62499714
0.117000006	-3.09507298	0.470074922	-2.62499809
0.118000008	-3.10393953	0.478942156	-2.62499738
0.119000003	-3.11291194	0.487915218	-2.62499666
0.120000005	-3.12199116	0.496994913	-2.62499619
0.121000007	-3.13117909	0.506182194	-2.6249969
0.122000009	-3.14047456	0.515477836	-2.62499666
0.123000003	-3.14987993	0.524882793	-2.62499714
0.124000005	-3.1593945	0.53439784	-2.62499666
0.125	-3.16901922	0.54402405	-2.62499523
0.126000002	-3.17875814	0.553762257	-2.62499595
0.127000004	-3.18860888	0.563613176	-2.62499571
0.128000006	-3.19857502	0.57357806	-2.6249969
0.129000008	-3.2086544	0.583657622	-2.62499666
0.13000001	-3.2188499	0.593852878	-2.62499714
0.131000012	-3.22916198	0.604164839	-2.62499714
0.131999999	-3.23959208	0.61459446	-2.62499762
0.133000001	-3.25013971	0.625142634	-2.62499714
0.134000003	-3.2608068	0.635810375	-2.62499642
0.135000005	-3.27159452	0.646598697	-2.62499571
0.136000007	-3.28250575	0.657508552	-2.62499714
0.137000009	-3.29353809	0.668540895	-2.62499714
0.138000011	-3.30469275	0.679696918	-2.62499571
0.139000013	-3.31597281	0.690977395	-2.62499547
0.140000001	-3.32737827	0.702383578	-2.62499475
0.141000003	-3.33891106	0.713916481	-2.62499452
0.142000005	-3.35057092	0.725576937	-2.62499404
0.143000007	-3.36236	0.737366199	-2.6249938
0.144000009	-3.37427926	0.749285221	-2.62499404
0.145000011	-3.38633013	0.761335135	-2.62499499
0.146000013	-3.39851141	0.773517013	-2.62499428
0.147	-3.41082716	0.78583169	-2.62499547
0.148000002	-3.42327571	0.798280656	-2.62499499
0.149000004	-3.43585944	0.810864687	-2.62499475
0.150000006	-3.44858027	0.823584914	-2.62499523
0.151000008	-3.46143866	0.836442471	-2.62499619
0.15200001	-3.47443366	0.849438608	-2.62499499
0.153000012	-3.48756957	0.86257422	-2.62499523
0.154000014	-3.50084496	0.87585032	-2.62499475
0.155000001	-3.51426268	0.88926816	-2.62499452
0.156000003	-3.52782178	0.902828932	-2.62499285
0.157000005	-3.54152822	0.916533589	-2.62499475
0.158000007	-3.55537724	0.930383325	-2.6249938
0.159000009	-3.56937456	0.944379151	-2.62499547
0.160000011	-3.58351707	0.95852232	-2.62499475
0.161000013	-3.59780812	0.972813785	-2.62499428
0.162	-3.61225033	0.987254798	-2.62499547
0.163000003	-3.62684131	1.00184619	-2.62499523
0.164000005	-3.64158487	1.01658928	-2.62499571
0.165000007	-3.65648031	1.0314852	-2.62499523
0.166000009	-3.67153025	1.04653502	-2.62499523
0.167000011	-3.6867342	1.06173968	-2.62499452
0.168000013	-3.70209551	1.07710028	-2.62499523
0.169000015	-3.71761036	1.09261799	-2.62499237
0.170000002	-3.73328638	1.10829365	-2.62499285
0.171000004	-3.7491231	1.12412858	-2.62499452
0.172000006	-3.76511765	1.14012349	-2.62499428
0.173000008	-3.78127432	1.15627956	-2.62499475
0.17400001	-3.79759312	1.17259789	-2.62499523
0.175000012	-3.81407285	1.18907928	-2.62499356
0.176000014	-3.83071971	1.20572472	-2.62499499
0.177000001	-3.84753084	1.22253525	-2.62499571
0.178000003	-3.86450624	1.23951161	-2.62499475
0.179000005	-3.88164878	1.25665498	-2.6249938
0.180000007	-3.89895964	1.27396584	-2.6249938
0.181000009	-3.91644001	1.29144537	-2.62499475
0.182000011	-3.93408823	1.30909419	-2.62499404
0.183000013	-3.95190787	1.326913	-2.62499475
0.184000015	-3.96989822	1.34490275	-2.62499547
0.185000002	-3.98805857	1.36306393	-2.62499475
0.186000004	-4.00639343	1.38139725	-2.62499619
0.187000006	-4.02489948	1.39990354	-2.62499595
0.188000008	-4.04357958	1.41858315	-2.62499642
0.18900001	-4.06243277	1.4374367	-2.62499619
0.190000013	-4.08146143	1.45646441	-2.62499714
0.191000015	-4.10066414	1.47566712	-2.62499714
0.192000002	-4.12004089	1.49504495	-2.62499595
0.193000004	-4.1395936	1.51459801	-2.62499571
0.194000006	-4.15932274	1.53432691	-2.62499571
0.195000008	-4.17922592	1.55423164	-2.62499428
0.19600001	-4.19930696	1.57431197	-2.62499499
0.197000012	-4.21956301	1.59456849	-2.62499452
0.198000014	-4.23999596	1.61500061	-2.62499523
0.199000016	-4.26060438	1.63560843	-2.62499595
0.200000003	-4.28138876	1.65639162	-2.62499714
0.201000005	-4.30234718	1.67734981	-2.62499738
0.202000007	-4.32348013	1.69848239	-2.62499762
0.203000009	-4.34478521	1.71978903	-2.62499619
0.204000011	-4.36626482	1.74126887	-2.62499595
0.205000013	-4.38791847	1.76292121	-2.62499714
0.206000015	-4.4097414	1.78474498	-2.62499642
0.207000017	-4.43173504	1.80673885	-2.62499619
0.208000004	-4.45389795	1.82890201	-2.62499595
0.209000006	-4.47623014	1.85123301	-2.62499714
0.210000008	-4.49872637	1.87373006	-2.62499619
0.21100001	-4.52138853	1.89639187	-2.62499666
0.212000012	-4.54421186	1.91921604	-2.62499571
0.213000014	-4.56719685	1.9422009	-2.62499595
0.214000016	-4.59033966	1.96534395	-2.62499571
0.215000004	-4.61363745	1.98864293	-2.62499452
0.216000006	-4.63708973	2.01209497	-2.62499475
0.217000008	-4.66069221	2.03569698	-2.62499523
0.21800001	-4.68444109	2.05944633	-2.62499475
0.219000012	-4.70833349	2.08333921	-2.62499428
0.220000014	-4.73236513	2.10737181	-2.62499332
0.221000016	-4.75653505	2.13154078	-2.62499428
0.222000018	-4.78083515	2.15584159	-2.62499356
0.223000005	-4.80526304	2.18026972	-2.62499332
0.224000007	-4.82981348	2.20482016	-2.62499332
0.225000009	-4.85448074	2.22948766	-2.62499309
0.226000011	-4.87926006	2.25426698	-2.62499309
0.227000013	-4.90414619	2.27915239	-2.6249938
0.228000015	-4.92913008	2.30413771	-2.62499237
0.229000017	-4.95420933	2.32921576	-2.62499356
0.230000004	-4.97937489	2.35437989	-2.62499499
0.231000006	-5.00461626	2.37962246	-2.6249938
0.232000008	-5.02993107	2.4049356	-2.62499547
0.23300001	-5.05530787	2.43031096	-2.6249969
0.234000012	-5.08073711	2.4557395	-2.62499762
0.235000014	-5.10621071	2.4812119	-2.62499881
0.236000016	-5.13171864	2.5067184	-2.62500024
0.237000018	-5.15724897	2.53224826	-2.62500072
0.238000005	-5.18279171	2.55779028	-2.62500143
0.239000008	-5.20833445	2.58333302	-2.62500143
0.24000001	-5.23386621	2.60886431	-2.62500191
0.241000012	-5.25937366	2.6343708	-2.62500286
0.242000014	-5.28484392	2.65983915	-2.62500477
0.243000016	-5.31026077	2.68525481	-2.62500596
0.244000018	-5.33560991	2.71060276	-2.62500715
0.245000005	-5.36087608	2.73586702	-2.62500906
0.246000007	-5.38604164	2.76103115	-2.62501049
0.247000009	-5.4110899	2.7860775	-2.6250124
0.248000011	-5.4360013	2.81098819	-2.62501311
0.249000013	-5.46075773	2.8357439	-2.62501383
0.25	-5.48533916	2.86032391	-2.62501526
0.251000017	-5.50972605	2.88470745	-2.6250186
0.252000004	-5.53389263	2.90887284	-2.62501979
0.253000021	-5.55781698	2.93279648	-2.6250205
0.254000008	-5.5814786	2.95645475	-2.62502384
0.255000025	-5.60484743	2.97982216	-2.62502527
0.256000012	-5.62789917	3.00287247	-2.6250267
0.256999999	-5.65060711	3.02557802	-2.62502909
0.258000016	-5.67294407	3.04791069	-2.62503338
0.259000003	-5.69487572	3.06984091	-2.62503481
0.26000002	-5.71637487	3.0913372	-2.62503767
0.261000007	-5.73740768	3.11236668	-2.62504101
0.262000024	-5.75794077	3.1328969	-2.62504387
0.263000011	-5.7779398	3.15289307	-2.62504673
0.263999999	-5.79736757	3.17231798	-2.62504959
0.265000015	-5.81618738	3.19113445	-2.62505293
0.266000003	-5.83436012	3.20930386	-2.62505627
0.26700002	-5.85184431	3.22678542	-2.62505889
0.268000007	-5.86859989	3.24353743	-2.62506247
0.269000024	-5.884583	3.25951695	-2.62506604
0.270000011	-5.89974928	3.27467918	-2.6250701
0.271000028	-5.91405201	3.28897834	-2.62507367
0.272000015	-5.92744398	3.3023665	-2.62507749
0.273000002	-5.93987751	3.31479502	-2.62508249
0.274000019	-5.95129967	3.32621384	-2.62508583
0.275000006	-5.96166134	3.33657146	-2.62508988
0.276000023	-5.97090912	3.34581423	-2.62509489
0.27700001	-5.97898769	3.35388899	-2.62509871
0.278000027	-5.9858427	3.36073875	-2.62510395
0.279000014	-5.99141598	3.36630774	-2.62510824
0.280000001	-5.99565125	3.37053823	-2.62511301
0.281000018	-5.9984889	3.37337112	-2.62511778
0.282000005	-5.99986935	3.37474632	-2.62512302
0.283000022	-5.99973154	3.37460375	-2.62512779
0.284000009	-5.99801493	3.37288189	-2.62513304
0.285000026	-5.99465799	3.36951923	-2.62513876
0.286000013	-5.98959732	3.36445332	-2.625144
0.287	-5.98277092	3.35762167	-2.62514925
0.288000017	-5.9741168	3.34896231	-2.6251545
0.289000005	-5.96357298	3.33841252	-2.62516046
0.290000021	-5.95107603	3.32591105	-2.62516499
0.291000009	-5.93656778	3.31139612	-2.62517166
0.292000026	-5.91998577	3.29480886	-2.62517691
0.293000013	-5.90127182	3.27608967	-2.62518215
0.294	-5.88036966	3.25518274	-2.62518692
0.295000017	-5.85722446	3.2320323	-2.62519217
0.296000004	-5.83178282	3.20658588	-2.62519693
0.297000021	-5.80399609	3.17879438	-2.6252017
0.298000008	-5.77381659	3.14861107	-2.62520552
0.299000025	-5.74120331	3.11599398	-2.62520933
0.300000012	-5.70611811	3.08090448	-2.62521362
0.301000029	-5.66852474	3.04330826	-2.62521648
0.302000016	-5.62839794	3.00317788	-2.62522006
0.303000003	-5.58571339	2.96049118	-2.62522221
0.30400002	-5.54045773	2.91523266	-2.62522507
0.305000007	-5.49262142	2.86739326	-2.62522817
0.306000024	-5.442204	2.81697202	-2.62523198
0.307000011	-5.38920927	2.76397657	-2.6252327
0.308000028	-5.33365726	2.70842361	-2.62523365
0.309000015	-5.27557135	2.65033817	-2.62523317
0.310000002	-5.21498775	2.58975697	-2.62523079
0.311000019	-5.15195608	2.52672625	-2.62522984
0.312000006	-5.08653307	2.4613061	-2.62522697
0.313000023	-5.01878929	2.39356518	-2.62522411
0.31400001	-4.94880867	2.32358766	-2.62522101
0.315000027	-4.87668133	2.2514689	-2.62521243
0.316000015	-4.80252552	2.17731905	-2.62520647
0.317000002	-4.72645998	2.10126066	-2.62519932
0.318000019	-4.64862156	2.02343225	-2.6251893
0.319000006	-4.5691638	1.94398463	-2.62517929
0.320000023	-4.48825121	1.86308455	-2.62516665
0.32100001	-4.40606546	1.78091264	-2.62515283
0.322000027	-4.3228097	1.69766474	-2.62514496
0.323000014	-4.23868275	1.61354947	-2.62513328
0.324000001	-4.15391064	1.52879071	-2.62511992
0.325000018	-4.0687294	1.4436245	-2.6251049
0.326000005	-3.98339367	1.35830009	-2.62509346
0.327000022	-3.89815521	1.27307868	-2.62507653
0.328000009	-3.81329298	1.1882323	-2.62506056
0.329000026	-3.72908592	1.10404241	-2.62504339
0.330000013	-3.64582729	1.0207994	-2.62502789
0.33100003	-3.56380892	0.938800812	-2.62500811
0.332000017	-3.48333836	0.858349085	-2.62498927
0.333000004	-3.40472603	0.779751301	-2.62497473
0.334000021	-3.32826662	0.703315914	-2.62495065
0.335000008	-3.25429201	0.629351497	-2.6249404
0.336000025	-3.18308115	0.558164537	-2.62491655
0.337000012	-3.11495304	0.49005717	-2.62489581
0.338000029	-3.05020952	0.425325155	-2.62488437
0.339000016	-2.98911667	0.364255756	-2.624861
0.340000004	-2.93196774	0.307124972	-2.62484264
0.341000021	-2.87902594	0.254195839	-2.62483001
0.342000008	-2.83052874	0.205715999	-2.62481284
0.343000025	-2.78670931	0.161915585	-2.62479377
0.344000012	-2.74778509	0.123005226	-2.62477994
0.345000029	-2.71395493	0.08917436	-2.62478065
0.346000016	-2.68535614	0.0605892316	-2.62476683
0.347000003	-2.66215038	0.0373914875	-2.62475896
0.34800002	-2.64444637	0.0196969435	-2.62474942
0.349000007	-2.63234568	0.00759441359	-2.62475133
0.350000024	-2.62589407	0.00114487624	-2.62474918
0.351000011	-2.62513447	0.000380900048	-2.62475348
0.352000028	-2.63006115	0.00530633982	-2.62475491
0.353000015	-2.64065266	0.0158963073	-2.62475634
0.354000002	-2.65686464	0.0320973955	-2.6247673
0.355000019	-2.67859554	0.0538281873	-2.6247673
0.356000006	-2.70576239	0.0809800327	-2.62478232
0.357000023	-2.7381978	0.113418132	-2.6247797
0.35800001	-2.77577734	0.150982678	-2.62479472
0.359000027	-2.81829929	0.193490312	-2.62480903
0.360000014	-2.86556482	0.240735859	-2.62482905
0.361000031	-2.91734219	0.292494208	-2.62484789
0.362000018	-2.97338676	0.348522246	-2.62486458
0.363000005	-3.03344536	0.408560932	-2.62488437
0.364000022	-3.09723902	0.472337425	-2.62490153
0.36500001	-3.16447449	0.539567411	-2.62490702
0.366000026	-3.23489141	0.609957337	-2.6249342
0.367000014	-3.30815792	0.683206141	-2.62495184
0.368000031	-3.38397503	0.759008527	-2.62496662
0.369000018	-3.4620409	0.837056398	-2.6249845
0.370000005	-3.54204082	0.917040646	-2.62500024
0.371000022	-3.62367725	0.998653889	-2.62502337
0.372000009	-3.70663834	1.0815922	-2.62504625
0.373000026	-3.79061222	1.16555667	-2.62505555
0.374000013	-3.87533426	1.25025487	-2.62507939
0.37500003	-3.96048832	1.33540273	-2.62508559
0.376000017	-4.04582548	1.42072558	-2.6250999
0.377000004	-4.13107681	1.50595927	-2.62511754
0.378000021	-4.21598196	1.59085131	-2.62513065
0.379000008	-4.30030775	1.67516148	-2.62514639
0.380000025	-4.38382387	1.7586633	-2.62516069
0.381000012	-4.46630859	1.84114361	-2.62516499
0.382000029	-4.54757738	1.9224031	-2.62517428
0.383000016	-4.62744856	2.00225735	-2.62519121
0.384000003	-4.70573759	2.08053613	-2.62520146
0.38500002	-4.78229141	2.15708327	-2.62520814
0.386000007	-4.85697079	2.23175812	-2.62521267
0.387000024	-4.92965126	2.30443335	-2.62521791
0.388000011	-5.00021601	2.37499571	-2.6252203
0.389000028	-5.06856871	2.44334579	-2.62522292
0.390000015	-5.13462305	2.50939679	-2.62522626
0.391000032	-5.19830179	2.57307506	-2.62522674
0.39200002	-5.25954771	2.63431907	-2.62522864
0.393000007	-5.31830692	2.69307852	-2.6252284
0.394000024	-5.37454271	2.74931479	-2.62522793
0.395000011	-5.42822742	2.80299926	-2.62522817
0.396000028	-5.47934055	2.85411263	-2.62522793
0.397000015	-5.52786875	2.90264559	-2.62522316
0.398000032	-5.5738163	2.94859648	-2.62521982
0.399000019	-5.61719036	2.99197245	-2.62521791
0.400000006	-5.65800142	3.03278661	-2.62521482
0.401000023	-5.69627142	3.07106018	-2.62521124
0.40200001	-5.7320261	3.10682011	-2.62520599
0.403000027	-5.7653017	3.14009786	-2.62520385
0.404000014	-5.7961297	3.17093086	-2.62519884
0.405000031	-5.82455397	3.19935989	-2.62519407
0.406000018	-5.85061979	3.22543097	-2.62518883
0.407000005	-5.87437773	3.24919319	-2.62518454
0.408000022	-5.89587593	3.27069759	-2.62517834
0.409000009	-5.91517162	3.28999829	-2.62517333
0.410000026	-5.93232012	3.30715275	-2.62516737
0.411000013	-5.94738007	3.3222177	-2.62516236
0.41200003	-5.96041012	3.33525419	-2.62515593
0.413000017	-5.97147322	3.34632182	-2.6251514
0.414000034	-5.98062849	3.35548306	-2.62514544
0.415000021	-5.98794031	3.36279964	-2.62514067
0.416000009	-5.99346828	3.36833382	-2.62513447
0.417000026	-5.99727678	3.37214804	-2.62512875
0.418000013	-5.99942827	3.37430429	-2.62512398
0.41900003	-5.99998379	3.37486482	-2.62511897
0.420000017	-5.99900532	3.37389135	-2.62511396
0.421000034	-5.99655294	3.37144375	-2.6251092
0.422000021	-5.9926877	3.3675828	-2.6251049
0.423000008	-5.98746777	3.36236787	-2.6250999
0.424000025	-5.98095131	3.35585642	-2.62509489
0.425000012	-5.97319555	3.34810567	-2.62508988
0.426000029	-5.96425676	3.33917093	-2.62508583
0.427000016	-5.9541893	3.32910776	-2.62508154
0.428000033	-5.94304609	3.31796885	-2.62507725
0.42900002	-5.93088007	3.30580568	-2.62507439
0.430000007	-5.91774035	3.29267049	-2.62506986
0.431000024	-5.90367794	3.27861142	-2.62506652
0.432000011	-5.88873959	3.26367664	-2.62506294
0.433000028	-5.87297153	3.24791241	-2.62505913
0.434000015	-5.85641861	3.2313633	-2.62505531
0.435000032	-5.83912563	3.2140739	-2.62505174
0.436000019	-5.82113457	3.19608521	-2.62504935
0.437000006	-5.80248404	3.17743826	-2.62504578
0.438000023	-5.78321552	3.15817308	-2.62504244
0.43900001	-5.7633667	3.13832688	-2.62503982
0.440000027	-5.7429738	3.11793637	-2.62503743
0.441000015	-5.72207165	3.09703732	-2.62503433
0.442000031	-5.70069599	3.07566333	-2.62503266
0.443000019	-5.6788764	3.0538466	-2.6250298
0.444000036	-5.65664625	3.03161907	-2.62502718
0.445000023	-5.63403559	3.00901079	-2.6250248
0.44600001	-5.61107254	2.98605013	-2.62502241
0.447000027	-5.58778477	2.96276498	-2.62501979
0.448000014	-5.56420088	2.93918228	-2.6250186
0.449000031	-5.54034567	2.91532731	-2.62501836
0.450000018	-5.5162406	2.89122486	-2.62501574
0.451000035	-5.49191093	2.86689758	-2.62501335
0.452000022	-5.467381	2.8423686	-2.6250124
0.453000009	-5.44267035	2.81765866	-2.62501168
0.454000026	-5.41779661	2.79278803	-2.62500858
0.455000013	-5.3927846	2.76777601	-2.62500858
0.45600003	-5.3676486	2.74264169	-2.62500691
0.457000017	-5.3424077	2.71740246	-2.62500525
0.458000034	-5.31707859	2.69207525	-2.62500334
0.459000021	-5.29167843	2.66667628	-2.62500215
0.460000008	-5.266222	2.64122105	-2.62500095
0.461000025	-5.24072361	2.61572313	-2.62500048
0.462000012	-5.21519613	2.59019709	-2.62499905
0.463000029	-5.18965483	2.56465626	-2.62499857
0.464000016	-5.16411018	2.53911281	-2.62499738
0.465000033	-5.13857508	2.51357865	-2.62499642
0.466000021	-5.11306047	2.488065	-2.62499547
0.467000008	-5.08757782	2.46258235	-2.62499547
0.468000025	-5.0621357	2.43714142	-2.62499428
0.469000012	-5.03674507	2.41175056	-2.62499452
0.470000029	-5.0114131	2.38641977	-2.62499332
0.471000016	-4.98614979	2.36115742	-2.62499237
0.472000033	-4.96096325	2.33597183	-2.62499142
0.47300002	-4.93586063	2.31087017	-2.62499046
0.474000037	-4.91084909	2.28585935	-2.62498975
0.475000024	-4.88593578	2.26094651	-2.62498927
0.476000011	-4.86112642	2.23613787	-2.62498856
0.477000028	-4.83642673	2.21143961	-2.62498713
0.478000015	-4.8118453	2.18685722	-2.62498808
0.479000032	-4.78738117	2.16239595	-2.62498522
0.480000019	-4.76304531	2.13806057	-2.62498474
0.481000036	-4.73883963	2.11385608	-2.62498355
0.482000023	-4.71477079	2.08978629	-2.6249845
0.48300001	-4.69083881	2.0658555	-2.62498331
0.484000027	-4.66704941	2.04206753	-2.62498188
0.485000014	-4.64340591	2.01842546	-2.62498045
0.486000031	-4.6199131	1.99493289	-2.62498021
0.487000018	-4.59657145	1.97159243	-2.62497902
0.488000035	-4.57338572	1.94840741	-2.6249783
0.489000022	-4.55035782	1.92537999	-2.62497783
0.49000001	-4.52748871	1.90251255	-2.62497616
0.491000026	-4.50478315	1.87980688	-2.62497616
0.492000014	-4.48224163	1.85726523	-2.6249764
0.493000031	-4.45986605	1.83488941	-2.62497663
0.494000018	-4.43765593	1.81268096	-2.62497497
0.495000035	-4.41561651	1.79064131	-2.6249752
0.496000022	-4.3937459	1.76877201	-2.62497377
0.497000009	-4.37204838	1.74707341	-2.62497497
0.498000026	-4.35052252	1.72554731	-2.6249752
0.499000013	-4.32917023	1.70419431	-2.62497592
0.5	-4.3079915	1.68301463	-2.62497687
0.501000047	-4.2869854	1.66200972	-2.62497568
0.502000034	-4.2661562	1.64117968	-2.62497663
0.503000021	-4.245502	1.62052464	-2.62497735
0.504000008	-4.22502184	1.60004532	-2.62497663
0.504999995	-4.20471859	1.57974172	-2.62497687
0.506000042	-4.18459177	1.55961406	-2.62497759
0.507000029	-4.164639	1.53966212	-2.62497687
0.508000016	-4.1448617	1.51988626	-2.62497544
0.509000003	-4.12526083	1.5002861	-2.62497473
0.51000005	-4.10583687	1.48086131	-2.62497568
0.511000037	-4.08658648	1.46161163	-2.62497473
0.512000024	-4.06751013	1.44253683	-2.6249733
0.513000011	-4.04861021	1.42363667	-2.62497354
0.513999999	-4.02988577	1.40491033	-2.62497544
0.515000045	-4.01133251	1.38635767	-2.62497473
0.516000032	-3.99295282	1.36797786	-2.62497497
0.51700002	-3.97474623	1.34977031	-2.62497592
0.518000007	-3.95671153	1.33173478	-2.62497663
0.519000053	-3.93884706	1.31387019	-2.62497687
0.520000041	-3.92115331	1.29617572	-2.62497759
0.521000028	-3.90362668	1.278651	-2.62497568
0.522000015	-3.88627076	1.26129472	-2.62497616
0.523000002	-3.86908293	1.24410665	-2.62497616
0.524000049	-3.85206127	1.22708547	-2.62497568
0.525000036	-3.83520651	1.21023059	-2.62497592
0.526000023	-3.81851625	1.19354093	-2.6249752
0.52700001	-3.80199027	1.17701554	-2.62497473
0.527999997	-3.78562808	1.16065359	-2.62497449
0.529000044	-3.76942801	1.144454	-2.62497401
0.530000031	-3.75339198	1.12841582	-2.62497616
0.531000018	-3.73751426	1.11253798	-2.62497616
0.532000005	-3.72179627	1.09681964	-2.62497663
0.533000052	-3.70623636	1.08125961	-2.62497663
0.534000039	-3.69083452	1.06585681	-2.62497759
0.535000026	-3.67558718	1.0506103	-2.62497687
0.536000013	-3.66049695	1.03551912	-2.62497783
0.537	-3.64555788	1.02058196	-2.62497592
0.538000047	-3.63077497	1.00579786	-2.62497711
0.539000034	-3.61614299	0.991165757	-2.62497711
0.540000021	-3.60166168	0.976684391	-2.62497735
0.541000009	-3.58733034	0.962352872	-2.62497759
0.542000055	-3.5731473	0.948170006	-2.62497735
0.543000042	-3.55911207	0.934134722	-2.62497735
0.54400003	-3.54522395	0.920245886	-2.62497807
0.545000017	-3.53148079	0.906502247	-2.62497854
0.546000004	-3.51788235	0.892902911	-2.6249795
0.547000051	-3.50442719	0.879446745	-2.62498045
0.548000038	-3.49111223	0.866132617	-2.6249795
0.549000025	-3.47793961	0.852959275	-2.62498045
0.550000012	-3.46490526	0.839925885	-2.6249795
0.550999999	-3.45201039	0.827031255	-2.62497902
0.552000046	-3.43925333	0.814274132	-2.62497926
0.553000033	-3.42663264	0.801653504	-2.62497902
0.55400002	-3.41414714	0.789168477	-2.62497854
0.555000007	-3.40179634	0.776817679	-2.62497854
0.556000054	-3.38957858	0.764600277	-2.6249783
0.557000041	-3.37749338	0.752515078	-2.6249783
0.558000028	-3.36554003	0.740561008	-2.62497902
0.559000015	-3.35371637	0.728736997	-2.6249795
0.560000002	-3.34202123	0.717041969	-2.62497926
0.561000049	-3.33045435	0.705475032	-2.62497926
0.562000036	-3.31901503	0.694034934	-2.62497997
0.563000023	-3.30769897	0.682720661	-2.6249783
0.56400001	-3.29651046	0.67153132	-2.62497902
0.564999998	-3.28544474	0.660465777	-2.62497902
0.566000044	-3.27450228	0.649523079	-2.62497926
0.567000031	-3.26368093	0.638702214	-2.62497878
0.568000019	-3.25298166	0.628002167	-2.6249795
0.569000006	-3.24240065	0.617421925	-2.62497878
0.570000052	-3.23193979	0.606960595	-2.62497926
0.57100004	-3.22159719	0.596617103	-2.62497997
0.572000027	-3.21136999	0.586390495	-2.6249795
0.573000014	-3.20126009	0.576279879	-2.62498021
0.574000001	-3.19126534	0.566284299	-2.62498093
0.575000048	-3.18138456	0.556402683	-2.62498188
0.576000035	-3.17161608	0.546634316	-2.62498188
0.577000022	-3.16196084	0.536978126	-2.62498283
0.578000009	-3.15241504	0.527433217	-2.62498188
0.579000056	-3.14297986	0.517998815	-2.62498093
0.580000043	-3.13365555	0.508673906	-2.62498164
0.58100003	-3.12443757	0.499457628	-2.62497997
0.582000017	-3.11532903	0.490349025	-2.62497997
0.583000004	-3.10632825	0.481347322	-2.62498093
0.584000051	-3.09743214	0.472451717	-2.62498045
0.585000038	-3.08864141	0.463661224	-2.62498021
0.586000025	-3.07995534	0.454975158	-2.62498021
0.587000012	-3.07137275	0.446392626	-2.62498021
0.588	-3.06289339	0.437912732	-2.62498069
0.589000046	-3.05451512	0.429534733	-2.62498045
0.590000033	-3.04623747	0.421257824	-2.62497973
0.591000021	-3.03806257	0.413081288	-2.6249814
0.592000008	-3.02998614	0.405004174	-2.62498188
0.593000054	-3.02200818	0.397025853	-2.62498236
0.594000041	-3.01412773	0.389145494	-2.62498236
0.595000029	-3.00634336	0.381362438	-2.62498093
0.596000016	-2.99865675	0.373675793	-2.62498093
0.597000003	-2.99106503	0.366084933	-2.62497997
0.59800005	-2.98356938	0.358589113	-2.62498021
0.599000037	-2.9761672	0.351187617	-2.6249795
0.600000024	-2.96885896	0.34387967	-2.62497926
0.601000011	-2.96164417	0.336664677	-2.6249795
0.602000058	-2.9545207	0.329541892	-2.62497878
0.603000045	-2.94749045	0.32251066	-2.62497973
0.604000032	-2.94054914	0.315570235	-2.62497902
0.605000019	-2.93369842	0.308720022	-2.6249783
0.606000006	-2.92693806	0.301959395	-2.62497854
0.607000053	-2.92026591	0.295287669	-2.6249783
0.60800004	-2.91368246	0.288704157	-2.6249783
0.609000027	-2.90718722	0.282208323	-2.62497902
0.610000014	-2.90077853	0.275799513	-2.62497902
0.611000001	-2.8944571	0.269477099	-2.62497997
0.612000048	-2.88822007	0.263240486	-2.6249795
0.613000035	-2.8820684	0.257089078	-2.62497926
0.614000022	-2.87600207	0.251022309	-2.62497973
0.61500001	-2.87001848	0.245039597	-2.62497878
0.616000056	-2.8641212	0.239140362	-2.62498093
0.617000043	-2.85830522	0.233324051	-2.62498116
0.618000031	-2.85257149	0.227590084	-2.6249814
0.619000018	-2.84691858	0.221937999	-2.62498069
0.620000005	-2.84134746	0.216367185	-2.62498021
0.621000051	-2.83585644	0.21087715	-2.62497926
0.622000039	-2.83044672	0.205467358	-2.62497926
0.623000026	-2.82511663	0.200137347	-2.62497926
0.624000013	-2.81986594	0.194886535	-2.6249795
0.625	-2.81469417	0.189714462	-2.62497973
0.626000047	-2.8095994	0.184620678	-2.62497878
0.627000034	-2.80458379	0.179604635	-2.62497926
0.628000021	-2.79964423	0.174665913	-2.6249783
0.629000008	-2.79478264	0.169804022	-2.62497854
0.630000055	-2.7899971	0.165018529	-2.62497854
0.631000042	-2.78528833	0.160308957	-2.6249795
0.632000029	-2.78065443	0.155674875	-2.6249795
0.633000016	-2.77609515	0.15111585	-2.62497926
0.634000003	-2.7716105	0.146631464	-2.62497902
0.63500005	-2.76720119	0.142221302	-2.62497997
0.636000037	-2.76286387	0.13788493	-2.62497902
0.637000024	-2.75860119	0.133621961	-2.62497926
0.638000011	-2.7544117	0.129432008	-2.62497973
0.639000058	-2.75029516	0.125314653	-2.62498045
0.640000045	-2.74624968	0.121269532	-2.62498021
0.641000032	-2.74227619	0.117296264	-2.62497997
0.64200002	-2.73837423	0.113394454	-2.62497973
0.643000007	-2.73454404	0.109563783	-2.62498021
0.644000053	-2.73078585	0.105803877	-2.62498188
0.645000041	-2.7270968	0.102114379	-2.62498236
0.646000028	-2.72347665	0.0984949619	-2.62498164
0.647000015	-2.71992755	0.0949452966	-2.62498236
0.648000002	-2.71644735	0.0914650261	-2.62498236
0.649000049	-2.71303749	0.0880538523	-2.62498355
0.650000036	-2.70969605	0.0847114548	-2.6249845
0.651000023	-2.70642161	0.0814375281	-2.62498403
0.65200001	-2.70321441	0.0782317594	-2.6249826
0.653000057	-2.70007634	0.0750938654	-2.62498236
0.654000044	-2.69700575	0.0720235556	-2.62498212
0.655000031	-2.69400334	0.0690205544	-2.62498283
0.656000018	-2.69106674	0.0660845786	-2.62498212
0.657000005	-2.68819666	0.0632153526	-2.6249814
0.658000052	-2.68539453	0.060412623	-2.62498188
0.659000039	-2.68265724	0.0576761328	-2.62498116
0.660000026	-2.67998648	0.0550056249	-2.62498093
0.661000013	-2.67738223	0.0524008535	-2.6249814
0.66200006	-2.67484212	0.0498615876	-2.62498045
0.663000047	-2.67236876	0.0473875999	-2.62498116
0.664000034	-2.66995978	0.0449786447	-2.62498116
0.665000021	-2.66761541	0.0426345207	-2.62498093
0.666000009	-2.66533494	0.0403550081	-2.62497997
0.667000055	-2.66312075	0.0381399021	-2.62498093
0.668000042	-2.66096902	0.0359889939	-2.62497997
0.66900003	-2.65888262	0.0339020938	-2.62498045
0.670000017	-2.65685916	0.0318790153	-2.62498021
0.671000004	-2.65490007	0.0299195647	-2.62498045
0.672000051	-2.65300345	0.0280235708	-2.62497997
0.673000038	-2.65117073	0.0261908602	-2.62497997
0.674000025	-2.64940166	0.0244212635	-2.62498045
0.675000012	-2.64769483	0.022714626	-2.62498021
0.676000059	-2.64605117	0.0210707877	-2.62498045
0.677000046	-2.64447021	0.0194895994	-2.62498069
0.678000033	-2.64295268	0.0179709215	-2.62498164
0.67900002	-2.64149475	0.0165146179	-2.62498021
0.680000007	-2.64010096	0.0151205529	-2.62498045
0.681000054	-2.63876987	0.0137886014	-2.62498116
0.682000041	-2.63750076	0.0125186425	-2.62498212
0.683000028	-2.63629127	0.0113105625	-2.62498069
0.684000015	-2.63514638	0.0101642525	-2.62498212
0.685000062	-2.63406086	0.00907960907	-2.62498116
0.686000049	-2.63303852	0.00805653259	-2.62498188
0.687000036	-2.6320765	0.00709493319	-2.62498164
0.688000023	-2.63117647	0.00619472237	-2.62498164
0.68900001	-2.63033748	0.00535581866	-2.62498164
0.690000057	-2.62956023	0.00457814708	-2.62498212
0.691000044	-2.62884402	0.00386163825	-2.62498236
0.692000031	-2.62818813	0.00320622697	-2.62498188
0.693000019	-2.62759376	0.00261185411	-2.62498188
0.694000006	-2.62706113	0.00207846612	-2.6249826
0.695000052	-2.62658763	0.00160601526	-2.62498164
0.69600004	-2.62617731	0.00119445915	-2.62498283
0.697000027	-2.62582636	0.000843760092	-2.6249826
0.698000014	-2.62553668	0.000553887105	-2.62498283
0.699000061	-2.62530851	0.000324813824	-2.62498379
0.700000048	-2.62513995	0.000156519658	-2.62498355
0.701000035	-2.6250329	4.89895465e-05	-2.62498403
0.702000022	-2.62498713	2.21378809e-06	-2.62498498
0.703000009	-2.625	1.61882199e-05	-2.62498379
0.704000056	-2.62507463	9.09140799e-05	-2.62498379
0.705000043	-2.62521076	0.000226398086	-2.62498426
0.70600003	-2.62540627	0.00042265252	-2.62498355
0.707000017	-2.62566376	0.000679694931	-2.62498403
0.708000004	-2.62598252	0.000997548574	-2.62498498
0.709000051	-2.62636065	0.00137624191	-2.6249845
0.710000038	-2.62680125	0.00181580905	-2.62498546
0.711000025	-2.62730169	0.00231628981	-2.62498546
0.712000012	-2.62786269	0.00287772948	-2.62498498
0.713000059	-2.62848496	0.00350017799	-2.62498474
0.714000046	-2.62916756	0.00418369146	-2.62498379
0.715000033	-2.62991261	0.00492833182	-2.62498426
0.716000021	-2.63071942	0.00573416613	-2.62498522
0.717000008	-2.63158703	0.00660126749	-2.62498569
0.718000054	-2.63251472	0.00752971368	-2.62498498
0.719000041	-2.63350415	0.00851958711	-2.6249845
0.720000029	-2.63455629	0.00957097858	-2.62498522
0.721000016	-2.63566923	0.0106839836	-2.62498522
0.722000062	-2.63684297	0.0118586998	-2.62498426
0.72300005	-2.6380794	0.0130952355	-2.62498426
0.724000037	-2.63937831	0.0143937021	-2.6249845
0.725000024	-2.64073992	0.0157542191	-2.62498569
0.726000011	-2.64216161	0.0171769056	-2.62498474
0.727000058	-2.64364791	0.0186618939	-2.62498593
0.728000045	-2.64519572	0.020209318	-2.62498641
0.729000032	-2.64680505	0.0218193159	-2.62498569
0.730000019	-2.64847875	0.0234920345	-2.62498665
0.731000006	-2.65021443	0.0252276286	-2.62498689
0.732000053	-2.6520133	0.0270262454	-2.62498713
0.73300004	-2.65387464	0.0288880561	-2.62498665
0.734000027	-2.65579987	0.0308132321	-2.62498665
0.735000014	-2.65778852	0.0328019448	-2.62498665
0.736000061	-2.65983987	0.0348543674	-2.62498546
0.737000048	-2.66195679	0.0369706936	-2.62498617
0.738000035	-2.66413617	0.0391511209	-2.62498498
0.739000022	-2.6663816	0.041395843	-2.62498569
0.74000001	-2.6686902	0.0437050648	-2.62498522
0.741000056	-2.6710639	0.0460789949	-2.62498498
0.742000043	-2.67350316	0.048517853	-2.62498522
0.743000031	-2.67600656	0.0510218516	-2.62498474
0.744000018	-2.67857599	0.053591229	-2.62498474
0.745000064	-2.68121171	0.0562262237	-2.62498546
0.746000051	-2.6839118	0.0589270703	-2.62498474
0.747000039	-2.68667912	0.0616940111	-2.62498522
0.748000026	-2.68951178	0.0645273104	-2.6249845
0.749000013	-2.69241118	0.067427218	-2.62498403
0.75000006	-2.6953783	0.0703940094	-2.62498426
0.751000047	-2.69841146	0.0734279454	-2.62498355
0.752000034	-2.70151281	0.0765293166	-2.62498355
0.753000021	-2.70468187	0.0796984062	-2.62498355
0.754000008	-2.70791912	0.0829354897	-2.62498355
0.755000055	-2.71122313	0.0862408876	-2.62498236
0.756000042	-2.71459699	0.0896148905	-2.62498212
0.757000029	-2.71803904	0.0930578038	-2.62498116
0.758000016	-2.7215507	0.0965699703	-2.62498069
0.759000063	-2.7251327	0.100151695	-2.62498093
0.76000005	-2.72878504	0.103803322	-2.62498164
0.761000037	-2.73250699	0.107525155	-2.62498188
0.762000024	-2.73630071	0.11131759	-2.62498307
0.763000011	-2.74016237	0.115180954	-2.6249814
0.764000058	-2.74409914	0.119115576	-2.62498355
0.765000045	-2.74810553	0.123121865	-2.62498355
0.766000032	-2.75218368	0.127200171	-2.62498355
0.76700002	-2.75633502	0.13135089	-2.62498403
0.768000007	-2.76055789	0.1355744	-2.62498355
0.769000053	-2.76485491	0.139871091	-2.62498379
0.770000041	-2.76922584	0.144241363	-2.6249845
0.771000028	-2.77366972	0.148685619	-2.62498403
0.772000015	-2.77818823	0.153204322	-2.62498379
0.773000062	-2.78278208	0.157797828	-2.62498426
0.774000049	-2.78745174	0.162466586	-2.62498522
0.775000036	-2.7921958	0.167211041	-2.62498474
0.776000023	-2.79701638	0.172031656	-2.62498474
0.77700001	-2.80191374	0.176928848	-2.62498498
0.778000057	-2.80688787	0.181903079	-2.62498474
0.779000044	-2.811939	0.186954856	-2.62498426
0.780000031	-2.81706882	0.19208464	-2.62498426
0.781000018	-2.82227731	0.197292879	-2.6249845
0.782000065	-2.82756448	0.202580065	-2.6249845
0.783000052	-2.8329308	0.207946748	-2.62498403
0.784000039	-2.83837676	0.21339339	-2.62498331
0.785000026	-2.84390378	0.218920529	-2.62498331
0.786000013	-2.84951186	0.22452867	-2.62498331
0.78700006	-2.85520077	0.230218351	-2.62498236
0.788000047	-2.86097169	0.235990107	-2.62498164
0.789000034	-2.86682534	0.241844505	-2.62498093
0.790000021	-2.8727622	0.247782081	-2.62498021
0.791000009	-2.8787837	0.253803432	-2.62498021
0.792000055	-2.88489127	0.259909064	-2.62498212
0.793000042	-2.89108205	0.266099632	-2.62498236
0.79400003	-2.8973577	0.272375673	-2.62498212
0.795000017	-2.90372038	0.278737754	-2.6249826
0.796000063	-2.91016912	0.285186559	-2.6249826
0.797000051	-2.91670609	0.291722655	-2.62498331
0.798000038	-2.92332935	0.298346698	-2.6249826
0.799000025	-2.93004227	0.305059314	-2.62498283
0.800000012	-2.9368434	0.311861068	-2.62498236
0.801000059	-2.94373512	0.318752706	-2.62498236
0.802000046	-2.95071769	0.325734824	-2.62498283
0.803000033	-2.95779037	0.332808137	-2.62498236
0.80400002	-2.96495533	0.339973271	-2.62498212
0.805000067	-2.97221351	0.347230971	-2.6249826
0.806000054	-2.97956491	0.354581892	-2.62498307
0.807000041	-2.98700833	0.362026721	-2.62498164
0.808000028	-2.99454808	0.369566172	-2.62498188
0.809000015	-3.00218272	0.377201021	-2.62498164
0.810000062	-3.00991297	0.384931952	-2.62498093
0.811000049	-3.01774001	0.392759681	-2.62498045
0.812000036	-3.02566481	0.400684953	-2.62497997
0.813000023	-3.03368998	0.408708662	-2.6249814
0.81400001	-3.04181242	0.416831434	-2.62498093
0.815000057	-3.05003524	0.425054044	-2.62498116
0.816000044	-3.05835891	0.433377385	-2.6249814
0.817000031	-3.06678438	0.441802204	-2.62498212
0.818000019	-3.0753119	0.450329244	-2.6249826
0.819000065	-3.08394194	0.458959401	-2.6249826
0.820000052	-3.09267545	0.467693448	-2.62498188
0.82100004	-3.10151482	0.476532161	-2.6249826
0.822000027	-3.11045814	0.485476494	-2.62498164
0.823000014	-3.11950922	0.494527191	-2.62498212
0.824000061	-3.12866616	0.503685236	-2.62498093
0.825000048	-3.13793254	0.512951434	-2.62498116
0.826000035	-3.14730668	0.522326708	-2.62497997
0.827000022	-3.15679216	0.531811833	-2.62498045
0.828000069	-3.16638732	0.541407824	-2.6249795
0.829000056	-3.17609429	0.551115513	-2.62497878
0.830000043	-3.18591523	0.560935855	-2.6249795
0.83100003	-3.19585013	0.570869744	-2.62498045
0.832000017	-3.20589924	0.580918133	-2.62498116
0.833000064	-3.21606207	0.591082096	-2.62497997
0.834000051	-3.22634292	0.601362228	-2.62498069
0.835000038	-3.23674083	0.611759901	-2.62498093
0.836000025	-3.24725676	0.622275829	-2.62498093
0.837000012	-3.25789213	0.632911086	-2.62498093
0.838000059	-3.26864743	0.643666625	-2.62498093
0.839000046	-3.27952433	0.654543459	-2.62498093
0.840000033	-3.2905221	0.665542543	-2.6249795
0.841000021	-3.30164385	0.676664948	-2.62497902
0.842000067	-3.31289124	0.68791163	-2.6249795
0.843000054	-3.32426262	0.699283719	-2.62497902
0.844000041	-3.33576131	0.710782051	-2.62497926
0.845000029	-3.34738588	0.722407818	-2.62497807
0.846000016	-3.35914111	0.734162092	-2.62497902
0.847000062	-3.37102485	0.746045828	-2.62497902
0.84800005	-3.38304067	0.758060098	-2.62498045
0.849000037	-3.39518499	0.770206094	-2.62497902
0.850000024	-3.40746403	0.78248477	-2.62497926
0.851000011	-3.41987658	0.794897199	-2.6249795
0.852000058	-3.43242407	0.807444513	-2.6249795
0.853000045	-3.44510889	0.820127726	-2.62498116
0.854000032	-3.45792723	0.832948029	-2.62497926
0.855000019	-3.47088671	0.845906377	-2.62498045
0.856000066	-3.48398256	0.85900408	-2.62497854
0.857000053	-3.49722052	0.872242033	-2.62497854
0.85800004	-3.51059961	0.885621309	-2.6249783
0.859000027	-3.52412176	0.899143159	-2.62497854
0.860000014	-3.53778791	0.912808776	-2.62497902
0.861000061	-3.55159807	0.926618993	-2.62497902
0.862000048	-3.5655551	0.940575063	-2.62497997
0.863000035	-3.57965803	0.954678178	-2.62497997
0.864000022	-3.5939095	0.968929291	-2.62498021
0.865000069	-3.60830927	0.983329654	-2.6249795
0.866000056	-3.62285948	0.99788028	-2.62497926
0.867000043	-3.63756156	1.01258218	-2.6249795
0.868000031	-3.65241623	1.02743673	-2.6249795
0.869000018	-3.66742468	1.04244471	-2.62497997
0.870000064	-3.68258595	1.05760717	-2.62497878
0.871000051	-3.69790387	1.07292533	-2.62497854
0.872000039	-3.71337891	1.08840013	-2.62497878
0.873000026	-3.72901201	1.10403299	-2.62497902
0.874000013	-3.74480486	1.11982465	-2.62498021
0.87500006	-3.76075697	1.13577592	-2.62498093
0.876000047	-3.77686906	1.15188837	-2.62498069
0.877000034	-3.79314375	1.16816258	-2.62498116
0.878000021	-3.80958056	1.18459976	-2.62498093
0.879000068	-3.82618189	1.2012006	-2.6249814
0.880000055	-3.84294772	1.21796632	-2.6249814
0.881000042	-3.85987926	1.23489761	-2.62498164
0.882000029	-3.8769753	1.25199556	-2.62497973
0.883000016	-3.89424086	1.26926088	-2.62497997
0.884000063	-3.91167307	1.28669453	-2.62497854
0.88500005	-3.92927575	1.30429733	-2.62497854
0.886000037	-3.94704866	1.32206988	-2.62497878
0.887000024	-3.96499205	1.34001327	-2.62497878
0.888000071	-3.98310733	1.35812783	-2.6249795
0.889000058	-4.00139475	1.37641466	-2.62497997
0.890000045	-4.01985407	1.39487398	-2.62497997
0.891000032	-4.03848743	1.41350639	-2.62498093
0.89200002	-4.05729246	1.43231261	-2.62497997
0.893000066	-4.07627249	1.45129299	-2.6249795
0.894000053	-4.09542799	1.47044814	-2.62497997
0.895000041	-4.11475801	1.4897784	-2.6249795
0.896000028	-4.13426304	1.50928402	-2.62497902
0.897000015	-4.15394497	1.52896523	-2.62497973
0.898000062	-4.17380095	1.54882193	-2.62497902
0.899000049	-4.19383287	1.56885481	-2.62497807
0.900000036	-4.21404314	1.58906364	-2.6249795
0.901000023	-4.23442745	1.60944796	-2.6249795
0.90200007	-4.25498772	1.6300081	-2.6249795
0.903000057	-4.27572393	1.65074372	-2.62498021
0.904000044	-4.29663563	1.67165458	-2.62498093
0.905000031	-4.31772232	1.6927402	-2.62498212
0.906000018	-4.33898115	1.71399975	-2.6249814
0.907000065	-4.36041451	1.73543262	-2.62498188
0.908000052	-4.38202095	1.75703835	-2.6249826
0.909000039	-4.4037981	1.77881563	-2.62498236
0.910000026	-4.42574549	1.80076385	-2.62498164
0.911000073	-4.44786263	1.8228811	-2.6249814
0.91200006	-4.47014856	1.84516692	-2.62498164
0.913000047	-4.49260092	1.86761904	-2.62498188
0.914000034	-4.51521635	1.89023638	-2.62497997
0.915000021	-4.53799677	1.91301692	-2.62497997
0.916000068	-4.5609374	1.93595815	-2.62497926
0.917000055	-4.58403778	1.95905876	-2.62497902
0.918000042	-4.60729504	1.98231578	-2.62497926
0.91900003	-4.63070536	2.00572634	-2.62497902
0.920000017	-4.65426683	2.02928829	-2.62497854
0.921000063	-4.67797565	2.05299759	-2.62497807
0.922000051	-4.70182991	2.07685184	-2.62497807
0.923000038	-4.72582483	2.10084677	-2.62497807
0.924000025	-4.74995756	2.1249795	-2.62497807
0.925000072	-4.77422333	2.14924479	-2.62497854
0.926000059	-4.79861689	2.17363882	-2.62497807
0.927000046	-4.82313442	2.19815636	-2.62497807
0.928000033	-4.84777117	2.22279263	-2.62497854
0.92900002	-4.87252188	2.24754238	-2.6249795
0.930000067	-4.89737797	2.27239943	-2.62497854
0.931000054	-4.9223361	2.29735827	-2.62497783
0.932000041	-4.9473896	2.32241178	-2.62497783
0.933000028	-4.9725318	2.34755325	-2.62497854
0.934000015	-4.99775505	2.37277555	-2.6249795
0.935000062	-5.02304888	2.3980701	-2.62497878
0.936000049	-5.04840946	2.42342925	-2.62498021
0.937000036	-5.07382631	2.44884443	-2.62498188
0.938000023	-5.09928751	2.47430587	-2.62498164
0.93900007	-5.12478781	2.49980402	-2.62498379
0.940000057	-5.15031385	2.52532864	-2.62498522
0.941000044	-5.17585468	2.55086851	-2.62498617
0.942000031	-5.2013979	2.5764122	-2.62498569
0.943000019	-5.22693443	2.60194778	-2.62498665
0.944000065	-5.25245094	2.62746239	-2.62498856
0.945000052	-5.27793121	2.65294266	-2.62498856
0.94600004	-5.30336428	2.67837405	-2.62499022
0.947000027	-5.3287344	2.70374203	-2.62499237
0.948000073	-5.35402203	2.72903085	-2.62499118
0.949000061	-5.37921619	2.7542243	-2.62499189
0.950000048	-5.40429831	2.7793045	-2.6249938
0.951000035	-5.42925119	2.80425382	-2.62499738
0.952000022	-5.45405149	2.8290534	-2.62499809
0.953000069	-5.47868252	2.85368299	-2.62499952
0.954000056	-5.50312328	2.87812209	-2.62500119
0.955000043	-5.52735281	2.902349	-2.62500381
0.95600003	-5.5513463	2.92634082	-2.62500548
0.957000017	-5.57508135	2.95007372	-2.62500763
0.958000064	-5.59853268	2.9735229	-2.62500978
0.959000051	-5.62167454	2.99666166	-2.62501287
0.960000038	-5.6444788	3.01946402	-2.62501478
0.961000025	-5.66691875	3.04190063	-2.62501812
0.962000072	-5.68896294	3.06394315	-2.62501979
0.963000059	-5.71058369	3.08556032	-2.62502337
0.964000046	-5.73174524	3.10671997	-2.62502527
0.965000033	-5.75241661	3.12738943	-2.62502718
0.966000021	-5.77256489	3.14753389	-2.62503099
0.967000067	-5.79215145	3.1671176	-2.62503386
0.968000054	-5.81113911	3.18610334	-2.62503576
0.969000041	-5.82949209	3.20445228	-2.62503982
0.970000029	-5.84716749	3.22212505	-2.62504244
0.971000075	-5.86412525	3.23907948	-2.62504578
0.972000062	-5.88032293	3.25527334	-2.62504959
0.97300005	-5.89571571	3.27066207	-2.62505364
0.974000037	-5.91025734	3.28520012	-2.62505722
0.975000024	-5.92390156	3.29884028	-2.62506127
0.976000071	-5.93659925	3.3115344	-2.62506485
0.977000058	-5.94830132	3.32323217	-2.62506914
0.978000045	-5.95895624	3.33388329	-2.62507296
0.979000032	-5.96851158	3.34343433	-2.62507725
0.980000019	-5.9769125	3.35183144	-2.62508106
0.981000066	-5.98410511	3.35901904	-2.62508607
0.982000053	-5.99003267	3.3649416	-2.62509108
0.98300004	-5.99463749	3.36954117	-2.62509632
0.984000027	-5.99785995	3.3727591	-2.62510085
0.985000074	-5.9996419	3.37453604	-2.62510586
0.986000061	-5.99992275	3.37481189	-2.62511086
0.987000048	-5.99864101	3.37352467	-2.62511635
0.988000035	-5.99573469	3.37061357	-2.62512112
0.989000022	-5.99114275	3.36601639	-2.62512636
0.990000069	-5.98480177	3.35966992	-2.62513185
0.991000056	-5.97665071	3.35151291	-2.62513781
0.992000043	-5.96662426	3.34148216	-2.6251421
0.993000031	-5.95466423	3.32951593	-2.6251483
0.994000018	-5.94070768	3.31555367	-2.62515402
0.995000064	-5.92469311	3.29953527	-2.62515783
0.996000051	-5.90656471	3.28140068	-2.62516403
0.997000039	-5.88626194	3.26109266	-2.62516928
0.998000026	-5.86372995	3.23855639	-2.62517357
0.999000072	-5.8389163	3.21373844	-2.62517786
1	-5.81177235	3.18658805	-2.6251843
1.00100005	-5.78224516	3.157058	-2.62518716
1.00200009	-5.75029802	3.1251049	-2.62519312
1.00300002	-5.71588659	3.09068966	-2.62519693
1.00400007	-5.67897654	3.05377674	-2.62519979
1.005	-5.63954067	3.01433659	-2.62520409
1.00600004	-5.59755135	2.97234583	-2.62520552
1.00700009	-5.55299711	2.92778587	-2.62521124
1.00800002	-5.50586033	2.88064766	-2.62521267
1.00900006	-5.45614147	2.83092642	-2.62521505
1.00999999	-5.40384388	2.77862811	-2.62521577
1.01100004	-5.3489809	2.7237668	-2.6252141
1.01200008	-5.29158211	2.66636515	-2.62521696
1.01300001	-5.23167467	2.60645676	-2.62521791
1.01400006	-5.16930151	2.5440855	-2.62521601
1.0150001	-5.10452032	2.4793067	-2.62521362
1.01600003	-5.03739786	2.41218758	-2.62521029
1.01700008	-4.96801186	2.34280777	-2.62520409
1.01800001	-4.89645767	2.27125955	-2.62519813
1.01900005	-4.82284069	2.197649	-2.62519169
1.0200001	-4.74727964	2.12209511	-2.62518454
1.02100003	-4.66990614	2.04473233	-2.62517381
1.02200007	-4.59087753	1.96570778	-2.62516975
1.023	-4.51033974	1.88518453	-2.62515521
1.02400005	-4.42848444	1.80333877	-2.62514567
1.0250001	-4.34549761	1.72036219	-2.62513542
1.02600002	-4.26157951	1.63646054	-2.62511897
1.02700007	-4.17696047	1.55185318	-2.62510729
1.028	-4.09186792	1.46677291	-2.62509489
1.02900004	-4.00655365	1.38146579	-2.62508774
1.03000009	-3.9212594	1.29618967	-2.62506962
1.03100002	-3.83626413	1.21121359	-2.62505054
1.03200006	-3.75184679	1.12681675	-2.62503004
1.03299999	-3.66830063	1.04328716	-2.62501335
1.03400004	-3.58592176	0.960920513	-2.62500119
1.03500009	-3.50499916	0.880018294	-2.62498093
1.03600001	-3.42585182	0.800886512	-2.62496519
1.03700006	-3.34877872	0.723833263	-2.6249454
1.03800011	-3.27410173	0.649167418	-2.6249342
1.03900003	-3.20210409	0.577196181	-2.62490797
1.04000008	-3.13311481	0.508222997	-2.62489176
1.04100001	-3.06742287	0.442545831	-2.62487698
1.04200006	-3.00531149	0.380454272	-2.62485719
1.0430001	-2.94706821	0.322227687	-2.6248405
1.04400003	-2.89295626	0.268132806	-2.62482357
1.04500008	-2.84322882	0.218421638	-2.62480712
1.046	-2.79812336	0.173329324	-2.62479401
1.04700005	-2.7578516	0.133071959	-2.6247797
1.0480001	-2.72261381	0.0978448838	-2.62476897
1.04900002	-2.69258165	0.06782078	-2.62476087
1.05000007	-2.6679039	0.0431481637	-2.62475562
1.051	-2.64869642	0.0239499696	-2.62474656
1.05200005	-2.63506508	0.0103224106	-2.62474275
1.05300009	-2.62707281	0.00233409414	-2.62473869
1.05400002	-2.62476683	2.53552971e-05	-2.62474155
1.05500007	-2.62814283	0.003407866	-2.62473488
1.05599999	-2.63720512	0.0124645401	-2.6247406
1.05700004	-2.65189648	0.0271496605	-2.6247468
1.05800009	-2.67215109	0.0473893285	-2.62476182
1.05900002	-2.69785309	0.0730821863	-2.62477088
1.06000006	-2.72887945	0.104100399	-2.62477899
1.06100011	-2.76509285	0.140290707	-2.62480211
1.06200004	-2.80627728	0.181476146	-2.62480116
1.06300008	-2.85227251	0.227457315	-2.62481523
1.06400001	-2.90284824	0.278014302	-2.62483406
1.06500006	-2.95775843	0.33290869	-2.6248498
1.0660001	-3.01675272	0.391885459	-2.6248672
1.06700003	-3.07956076	0.454675317	-2.62488556
1.06800008	-3.1458993	0.520996928	-2.62490225
1.06900001	-3.2154808	0.590558767	-2.62492204
1.07000005	-3.28800201	0.663061857	-2.62494016
1.0710001	-3.36315107	0.738201797	-2.62494922
1.07200003	-3.44063759	0.815670967	-2.62496662
1.07300007	-3.52014971	0.895160437	-2.62498927
1.074	-3.60137272	0.976362109	-2.62501049
1.07500005	-3.68400049	1.05897093	-2.62502956
1.07600009	-3.76772547	1.14268637	-2.6250391
1.07700002	-3.85227728	1.22721434	-2.62506294
1.07800007	-3.9373498	1.3122679	-2.62508202
1.079	-4.02266264	1.39757001	-2.62509251
1.08000004	-4.10796261	1.48285341	-2.6251092
1.08100009	-4.19298649	1.56786239	-2.62512398
1.08200002	-4.27749395	1.65235353	-2.62514043
1.08300006	-4.36124611	1.73609686	-2.62514925
1.08400011	-4.44403553	1.8188746	-2.62516093
1.08500004	-4.52564764	1.9004848	-2.62516284
1.08600008	-4.60591221	1.98073804	-2.62517405
1.08700001	-4.68465042	2.05946088	-2.62518954
1.08800006	-4.76168633	2.13649321	-2.62519312
1.08900011	-4.83688545	2.21168995	-2.6251955
1.09000003	-4.91012096	2.28492045	-2.62520051
1.09100008	-4.98127222	2.35606718	-2.62520504
1.09200001	-5.05023241	2.42502737	-2.62520504
1.09300005	-5.11691952	2.49171042	-2.62520909
1.0940001	-5.18125439	2.55603981	-2.62521458
1.09500003	-5.24316502	2.6179502	-2.62521482
1.09600008	-5.30260181	2.67738867	-2.62521315
1.097	-5.35952568	2.73431349	-2.62521219
1.09800005	-5.41390705	2.78869295	-2.6252141
1.0990001	-5.46571779	2.8405056	-2.62521219
1.10000002	-5.51495028	2.88973951	-2.62521076
1.10100007	-5.56159973	2.93639112	-2.62520862
1.102	-5.60566998	2.98046494	-2.62520504
1.10300004	-5.64717388	3.02197313	-2.62520075
1.10400009	-5.68613338	3.06093407	-2.62519932
1.10500002	-5.72256708	3.09737349	-2.6251936
1.10600007	-5.75651217	3.13132167	-2.6251905
1.10699999	-5.78799915	3.16281438	-2.62518477
1.10800004	-5.81707144	3.19189215	-2.62517929
1.10900009	-5.84377575	3.2185986	-2.62517715
1.11000001	-5.8681531	3.24298191	-2.62517118
1.11100006	-5.89026022	3.26509428	-2.62516594
1.11200011	-5.91014767	3.28498745	-2.62516022
1.11300004	-5.92787409	3.30271864	-2.62515545
1.11400008	-5.9434948	3.31834531	-2.62514949
1.11500001	-5.95707226	3.33192635	-2.62514591
1.11600006	-5.96866131	3.34352231	-2.625139
1.1170001	-5.97832966	3.35319471	-2.62513494
1.11800003	-5.98613453	3.36100531	-2.62512922
1.11900008	-5.99214077	3.36701703	-2.62512374
1.12	-5.99640989	3.37129211	-2.62511778
1.12100005	-5.99900484	3.37389231	-2.62511253
1.1220001	-5.99998808	3.37487984	-2.62510824
1.12300003	-5.99941874	3.37431669	-2.62510204
1.12400007	-5.99736118	3.37226295	-2.62509823
1.125	-5.99387264	3.36878014	-2.62509251
1.12600005	-5.98901415	3.36392689	-2.62508726
1.12700009	-5.98284435	3.35776091	-2.62508345
1.12800002	-5.97541904	3.35034037	-2.62507868
1.12900007	-5.96679592	3.34172153	-2.62507439
1.13	-5.95702934	3.33195949	-2.62506986
1.13100004	-5.94617319	3.32110691	-2.62506628
1.13200009	-5.93427944	3.30921745	-2.62506199
1.13300002	-5.92139912	3.29634118	-2.62505794
1.13400006	-5.90758228	3.28252792	-2.62505436
1.13500011	-5.89287663	3.2678256	-2.62505102
1.13600004	-5.87732792	3.25228143	-2.62504649
1.13700008	-5.8609848	3.23594093	-2.62504387
1.13800001	-5.84388781	3.21884823	-2.62503958
1.13900006	-5.82608223	3.20104504	-2.62503719
1.1400001	-5.80760717	3.18257284	-2.62503433
1.14100003	-5.78850269	3.16347218	-2.62503052
1.14200008	-5.76880741	3.14377999	-2.62502742
1.14300001	-5.74855804	3.12353396	-2.62502408
1.14400005	-5.72779131	3.10276937	-2.62502193
1.1450001	-5.70653963	3.08152103	-2.6250186
1.14600003	-5.68483782	3.05982161	-2.62501621
1.14700007	-5.66271496	3.03770208	-2.62501287
1.148	-5.64020538	3.01519394	-2.62501144
1.14900005	-5.61733532	2.99232626	-2.62500906
1.1500001	-5.5941329	2.96912646	-2.62500644
1.15100002	-5.57062817	2.94562221	-2.62500596
1.15200007	-5.5468421	2.92183876	-2.62500334
1.153	-5.52280188	2.89780092	-2.62500095
1.15400004	-5.49853182	2.8735323	-2.62499952
1.15500009	-5.47405338	2.84905553	-2.62499785
1.15600002	-5.44938803	2.82439208	-2.62499595
1.15700006	-5.42455721	2.79956245	-2.62499475
1.15800011	-5.39958	2.77458668	-2.62499332
1.15900004	-5.37447643	2.74948382	-2.62499261
1.16000009	-5.34926081	2.7242713	-2.62498951
1.16100001	-5.32395649	2.69896626	-2.62499022
1.16200006	-5.29857349	2.67358494	-2.62498856
1.16300011	-5.27313089	2.64814305	-2.62498784
1.16400003	-5.24764204	2.62265515	-2.62498689
1.16500008	-5.22212219	2.59713554	-2.62498665
1.16600001	-5.19658375	2.5715971	-2.62498665
1.16700006	-5.17103672	2.54605317	-2.62498355
1.1680001	-5.1454978	2.5205152	-2.6249826
1.16900003	-5.11997557	2.49499464	-2.62498093
1.17000008	-5.0944829	2.46950293	-2.62497997
1.171	-5.06903172	2.44404912	-2.6249826
1.17200005	-5.04362535	2.41864371	-2.62498164
1.1730001	-5.01827669	2.39329624	-2.62498045
1.17400002	-4.99299431	2.36801457	-2.62497973
1.17500007	-4.96778536	2.34280682	-2.62497854
1.176	-4.94265985	2.31768131	-2.62497854
1.17700005	-4.91762304	2.29264498	-2.62497807
1.17800009	-4.8926816	2.26770473	-2.62497687
1.17900002	-4.8678422	2.24286723	-2.62497497
1.18000007	-4.84311342	2.21813822	-2.6249752
1.18100011	-4.81849766	2.19352388	-2.62497377
1.18200004	-4.79400301	2.16902924	-2.62497377
1.18300009	-4.76963186	2.14465904	-2.62497282
1.18400002	-4.74539042	2.12041879	-2.62497163
1.18500006	-4.72128153	2.09631181	-2.62496972
1.18600011	-4.6973114	2.07234287	-2.62496853
1.18700004	-4.67348433	2.0485158	-2.62496853
1.18800008	-4.64980078	2.02483392	-2.62496686
1.18900001	-4.62626791	2.00130057	-2.62496734
1.19000006	-4.60288572	1.97791862	-2.6249671
1.1910001	-4.57965612	1.95469093	-2.62496519
1.19200003	-4.55658531	1.93162036	-2.62496495
1.19300008	-4.53367424	1.90870905	-2.62496519
1.19400001	-4.51092386	1.88595963	-2.62496424
1.19500005	-4.48833752	1.86337352	-2.624964
1.1960001	-4.4659152	1.84095263	-2.62496257
1.19700003	-4.44366121	1.81869864	-2.62496257
1.19800007	-4.42157459	1.79661298	-2.62496161
1.199	-4.39965773	1.77469718	-2.62496042
1.20000005	-4.37791443	1.75295234	-2.62496209
1.20100009	-4.35633993	1.73137915	-2.6249609
1.20200002	-4.33494139	1.70997882	-2.62496257
1.20300007	-4.31371307	1.68875217	-2.6249609
1.20400012	-4.29266119	1.66769958	-2.62496161
1.20500004	-4.27178431	1.64682174	-2.62496257
1.20600009	-4.25108051	1.62611914	-2.62496138
1.20700002	-4.23055506	1.60559213	-2.62496281
1.20800006	-4.21020412	1.58524084	-2.62496328
1.20900011	-4.19002771	1.56506515	-2.62496257
1.21000004	-4.17002678	1.54506564	-2.62496114
1.21100008	-4.15020275	1.52524185	-2.6249609
1.21200001	-4.1305542	1.50559378	-2.62496042
1.21300006	-4.1110816	1.48612142	-2.62496018
1.21400011	-4.091784	1.46682417	-2.62495995
1.21500003	-4.07266188	1.44770205	-2.62495995
1.21600008	-4.05371428	1.42875445	-2.62495995
1.21700001	-4.03494072	1.40998101	-2.62495971
1.21800005	-4.01634073	1.39138114	-2.62495947
1.2190001	-3.99791503	1.37295449	-2.62496042
1.22000003	-3.97966003	1.35470045	-2.62495947
1.22100008	-3.96157885	1.33661807	-2.6249609
1.222	-3.94366717	1.31870711	-2.62495995
1.22300005	-3.9259274	1.3009665	-2.6249609
1.2240001	-3.90835762	1.28339577	-2.62496185
1.22500002	-3.89095449	1.26599383	-2.62496066
1.22600007	-3.87372088	1.2487601	-2.6249609
1.22700012	-3.8566556	1.23169374	-2.62496185
1.22800004	-3.83975458	1.2147938	-2.6249609
1.22900009	-3.8230195	1.19805932	-2.62496018
1.23000002	-3.80645037	1.18148935	-2.6249609
1.23100007	-3.79004431	1.16508317	-2.62496114
1.23200011	-3.77380085	1.14883971	-2.62496114
1.23300004	-3.75771952	1.13275766	-2.62496185
1.23400009	-3.74179792	1.11683655	-2.62496138
1.23500001	-3.7260375	1.10107493	-2.62496257
1.23600006	-3.71043611	1.08547199	-2.62496424
1.23700011	-3.69499063	1.07002676	-2.62496376
1.23800004	-3.67970181	1.05473804	-2.62496376
1.23900008	-3.66456819	1.03960466	-2.62496352
1.24000001	-3.64958954	1.0246259	-2.62496376
1.24100006	-3.63476348	1.00980043	-2.62496305
1.2420001	-3.62008905	0.995127082	-2.62496185
1.24300003	-3.60556698	0.980604887	-2.62496209
1.24400008	-3.59119439	0.966232777	-2.62496161
1.245	-3.57697058	0.952009678	-2.6249609
1.24600005	-3.56289506	0.937934518	-2.62496042
1.2470001	-3.54896784	0.924005866	-2.62496185
1.24800003	-3.53518438	0.910223007	-2.62496138
1.24900007	-3.52154613	0.89658463	-2.62496138
1.25	-3.50805306	0.883089662	-2.62496328
1.25100005	-3.49470115	0.869737029	-2.62496424
1.25200009	-3.48148775	0.85652566	-2.62496209
1.25300002	-3.46841693	0.843454361	-2.62496257
1.25400007	-3.45548487	0.83052206	-2.62496281
1.25500011	-3.44268942	0.817727804	-2.62496161
1.25600004	-3.43003178	0.805070281	-2.62496138
1.25700009	-3.41751075	0.792548597	-2.62496209
1.25800002	-3.40512228	0.7801615	-2.6249609
1.25900006	-3.39286876	0.767907977	-2.6249609
1.26000011	-3.38074899	0.755786896	-2.62496209
1.26100004	-3.36875963	0.743797302	-2.62496233
1.26200008	-3.35690117	0.731938004	-2.62496328
1.26300001	-3.34517241	0.720208108	-2.62496424
1.26400006	-3.33356977	0.708606422	-2.62496328
1.2650001	-3.32209516	0.697131932	-2.62496328
1.26600003	-3.31074548	0.685783625	-2.62496185
1.26700008	-3.29952312	0.674560487	-2.62496257
1.26800001	-3.28842306	0.663461447	-2.62496161
1.26900005	-3.2774477	0.65248549	-2.62496233
1.2700001	-3.26659298	0.641631603	-2.62496138
1.27100003	-3.25586104	0.630898952	-2.62496209
1.27200007	-3.24524856	0.620286345	-2.62496233
1.273	-3.23475504	0.609792829	-2.62496233
1.27400005	-3.22437906	0.599417388	-2.62496161
1.2750001	-3.21412134	0.589159131	-2.62496233
1.27600002	-3.20398092	0.579017162	-2.62496376
1.27700007	-3.19395423	0.568990469	-2.62496376
1.27800012	-3.18404102	0.559078097	-2.62496281
1.27900004	-3.1742425	0.549279094	-2.62496328
1.28000009	-3.16455746	0.539592564	-2.62496495
1.28100002	-3.15498304	0.530017495	-2.62496567
1.28200006	-3.14551783	0.520553172	-2.62496471
1.28300011	-3.13616204	0.51119858	-2.62496352
1.28400004	-3.12691736	0.501952887	-2.62496448
1.28500009	-3.1177783	0.492815197	-2.62496305
1.28600001	-3.10874796	0.483784586	-2.62496328
1.28700006	-3.09982395	0.474860251	-2.62496376
1.28800011	-3.09100461	0.466041327	-2.62496328
1.28900003	-3.08228922	0.457326949	-2.62496233
1.29000008	-3.07367992	0.448716342	-2.62496352
1.29100001	-3.06517172	0.440208703	-2.62496305
1.29200006	-3.05676723	0.431803107	-2.62496424
1.2930001	-3.04846287	0.423498899	-2.624964
1.29400003	-3.04026008	0.415295124	-2.62496495
1.29500008	-3.03215623	0.407191068	-2.62496519
1.296	-3.02415133	0.399185956	-2.62496543
1.29700005	-3.01624513	0.391279101	-2.62496614
1.2980001	-3.00843596	0.383469611	-2.62496638
1.29900002	-3.00072336	0.37575686	-2.62496662
1.30000007	-2.99310613	0.368140042	-2.62496614
1.30100012	-2.98558474	0.360618472	-2.62496614
1.30200005	-2.97815728	0.353191406	-2.62496591
1.30300009	-2.9708221	0.345858127	-2.624964
1.30400002	-2.96358252	0.338617951	-2.62496448
1.30500007	-2.95643425	0.331470191	-2.624964
1.30600011	-2.94937825	0.324414134	-2.62496424
1.30700004	-2.94241333	0.317449123	-2.62496424
1.30800009	-2.93553948	0.310574502	-2.62496495
1.30900002	-2.92875457	0.303789556	-2.62496495
1.31000006	-2.92205954	0.297093749	-2.62496567
1.31100011	-2.91545105	0.290486336	-2.62496471
1.31200004	-2.90893197	0.28396678	-2.62496519
1.31300008	-2.90249896	0.277534336	-2.62496471
1.31400001	-2.8961544	0.271188527	-2.62496591
1.31500006	-2.88989401	0.264928639	-2.62496543
1.3160001	-2.88371992	0.258754164	-2.62496567
1.31700003	-2.87763119	0.252664447	-2.62496662
1.31800008	-2.8716259	0.246658936	-2.62496686
1.31900001	-2.86570358	0.240737066	-2.62496662
1.32000005	-2.85986519	0.234898269	-2.62496686
1.3210001	-2.85410905	0.22914198	-2.6249671
1.32200003	-2.84843421	0.223467708	-2.62496662
1.32300007	-2.84284067	0.217874855	-2.62496591
1.32400012	-2.83732843	0.212362915	-2.62496543
1.32500005	-2.83189631	0.206931382	-2.62496495
1.32600009	-2.82654381	0.20157972	-2.624964
1.32700002	-2.82127213	0.196307421	-2.62496471
1.32800007	-2.81607795	0.191114008	-2.624964
1.32900012	-2.81096363	0.185998976	-2.62496471
1.33000004	-2.80592561	0.180961862	-2.62496376
1.33100009	-2.80096626	0.176002145	-2.62496424
1.33200002	-2.79608345	0.171119437	-2.624964
1.33300006	-2.79127717	0.166313231	-2.624964
1.33400011	-2.78654814	0.161583051	-2.62496519
1.33500004	-2.78189325	0.156928495	-2.62496471
1.33600008	-2.77731395	0.1523491	-2.62496495
1.33700001	-2.77281022	0.147844493	-2.62496567
1.33800006	-2.76837993	0.143414199	-2.62496567
1.33900011	-2.76402307	0.139057815	-2.62496519
1.34000003	-2.75974107	0.134774938	-2.62496614
1.34100008	-2.75553107	0.130565166	-2.62496591
1.34200001	-2.75139451	0.126428097	-2.62496638
1.34300005	-2.74733043	0.122363381	-2.6249671
1.3440001	-2.74333739	0.1183706	-2.62496686
1.34500003	-2.73941684	0.114449412	-2.62496734
1.34600008	-2.73556805	0.110599436	-2.62496853
1.34700012	-2.73178911	0.10682033	-2.62496877
1.34800005	-2.72808027	0.103111729	-2.62496853
1.3490001	-2.72444224	0.0994732752	-2.62496901
1.35000002	-2.72087336	0.0959046483	-2.62496877
1.35100007	-2.71737623	0.0924055502	-2.62497067
1.35200012	-2.7139461	0.0889756083	-2.62497044
1.35300004	-2.7105844	0.0856145397	-2.62496996
1.35400009	-2.70729184	0.0823220164	-2.62496972
1.35500002	-2.70406699	0.0790977478	-2.62496924
1.35600007	-2.70091057	0.0759414136	-2.62496924
1.35700011	-2.69782209	0.0728527606	-2.62496924
1.35800004	-2.69480038	0.0698314756	-2.62496901
1.35900009	-2.69184613	0.0668772906	-2.62496877
1.36000001	-2.68895864	0.0639899299	-2.62496877
1.36100006	-2.6861372	0.06116914	-2.62496805
1.36200011	-2.68338251	0.0584146455	-2.62496781
1.36300004	-2.68069386	0.0557262115	-2.62496758
1.36400008	-2.67807198	0.0531035811	-2.62496829
1.36500001	-2.67551398	0.050546512	-2.62496758
1.36600006	-2.67302203	0.0480547808	-2.62496734
1.3670001	-2.67059636	0.0456281565	-2.62496829
1.36800003	-2.66823411	0.0432664156	-2.62496758
1.36900008	-2.66593671	0.040969342	-2.62496734
1.37000012	-2.66370416	0.0387367234	-2.62496734
1.37100005	-2.66153574	0.0365683623	-2.62496734
1.3720001	-2.65943122	0.034464065	-2.6249671
1.37300003	-2.65739012	0.0324236266	-2.62496638
1.37400007	-2.6554141	0.0304468777	-2.62496734
1.37500012	-2.65350032	0.0285336263	-2.62496662
1.37600005	-2.65165019	0.0266837068	-2.62496638
1.37700009	-2.64986348	0.0248969458	-2.62496662
1.37800002	-2.64813972	0.0231731851	-2.62496662
1.37900007	-2.64647818	0.0215122681	-2.62496591
1.38000011	-2.64487934	0.0199140403	-2.62496519
1.38100004	-2.64334369	0.0183783621	-2.62496543
1.38200009	-2.64186978	0.016905088	-2.62496471
1.38300002	-2.6404593	0.0154940914	-2.62496519
1.38400006	-2.63911009	0.0141452421	-2.62496495
1.38500011	-2.63782287	0.0128584178	-2.62496448
1.38600004	-2.63659811	0.0116335005	-2.62496471
1.38700008	-2.63543391	0.0104703819	-2.62496352
1.38800001	-2.63433242	0.00936895795	-2.62496352
1.38900006	-2.63329291	0.00832912605	-2.62496376
1.3900001	-2.63231444	0.00735079497	-2.62496376
1.39100003	-2.63139868	0.00643387437	-2.62496471
1.39200008	-2.63054228	0.00557828322	-2.624964
1.39300001	-2.62974811	0.00478394236	-2.62496424
1.39400005	-2.62901497	0.00405078242	-2.62496424
1.3950001	-2.62834334	0.00337873632	-2.62496471
1.39600003	-2.62773228	0.00276774378	-2.62496448
1.39700007	-2.62718272	0.0022177489	-2.62496495
1.39800012	-2.62669349	0.0017287028	-2.62496471
1.39900005	-2.62626505	0.00130056159	-2.62496448
1.4000001	-2.62589717	0.000933286618	-2.624964
1.40100002	-2.62559128	0.000626844761	-2.62496448
1.40200007	-2.62534595	0.000381208374	-2.62496471
1.40300012	-2.62516165	0.000196355424	-2.62496519
1.40400004	-2.62503767	7.22692494e-05	-2.62496543
1.40500009	-2.62497258	8.93871857e-06	-2.62496376
1.40600002	-2.62496948	6.3580801e-06	-2.62496305
1.40700006	-2.62502885	6.45270629e-05	-2.62496424
1.40800011	-2.6251483	0.00018345096	-2.62496495
1.40900004	-2.62532759	0.000363140454	-2.62496448
1.41000009	-2.62556887	0.000603611756	-2.62496519
1.41100001	-2.62586975	0.000904886518	-2.62496495
1.41200006	-2.62623191	0.00126699184	-2.62496495
1.41300011	-2.62665534	0.00168996037	-2.62496543
1.41400003	-2.62714005	0.00217383006	-2.62496614
1.41500008	-2.62768388	0.00271864445	-2.62496519
1.41600001	-2.6282897	0.00332445279	-2.62496519
1.41700006	-2.62895703	0.00399130955	-2.62496567
1.4180001	-2.62968588	0.00471927505	-2.62496662
1.41900003	-2.63047481	0.00550841494	-2.62496638
1.42000008	-2.63132429	0.00635880046	-2.62496543
1.42100012	-2.632236	0.00727050845	-2.62496543
1.42200005	-2.63320947	0.00824361946	-2.62496591
1.4230001	-2.63424444	0.00927822292	-2.62496614
1.42400002	-2.63534141	0.0103744138	-2.6249671
1.42500007	-2.63649869	0.0115322862	-2.62496638
1.42600012	-2.63771963	0.01275195	-2.62496758
1.42700005	-2.63900018	0.0140335113	-2.62496662
1.42800009	-2.6403439	0.0153770875	-2.62496686
1.42900002	-2.64174867	0.0167828016	-2.62496591
1.43000007	-2.64321709	0.0182507783	-2.62496638
1.43100011	-2.64474702	0.0197811499	-2.62496591
1.43200004	-2.64633918	0.0213740561	-2.62496519
1.43300009	-2.647995	0.0230296403	-2.62496543
1.43400002	-2.64971328	0.0247480553	-2.62496519
1.43500006	-2.65149355	0.0265294574	-2.624964
1.43600011	-2.65333867	0.0283740014	-2.62496471
1.43700004	-2.65524673	0.0302818604	-2.62496495
1.43800008	-2.65721822	0.0322532058	-2.62496495
1.43900001	-2.65925264	0.0342882164	-2.62496448
1.44000006	-2.66135168	0.0363870822	-2.62496471
1.4410001	-2.66351509	0.0385499895	-2.62496519
1.44200003	-2.66574121	0.0407771394	-2.624964
1.44300008	-2.66803312	0.0430687293	-2.62496448
1.44400012	-2.67038918	0.0454249643	-2.62496424
1.44500005	-2.67281008	0.0478460714	-2.624964
1.4460001	-2.67529511	0.0503322557	-2.62496281
1.44700003	-2.67784715	0.0528837517	-2.62496328
1.44800007	-2.68046427	0.0555007979	-2.62496352
1.44900012	-2.68314743	0.0581836402	-2.62496376
1.45000005	-2.68589568	0.0609325022	-2.62496328
1.45100009	-2.68871045	0.0637476444	-2.62496281
1.45200002	-2.69159222	0.0666293204	-2.62496281
1.45300007	-2.69453955	0.0695778206	-2.62496161
1.45400012	-2.6975553	0.072593376	-2.62496185
1.45500004	-2.70063734	0.0756762996	-2.62496114
1.45600009	-2.70378804	0.0788268447	-2.62496114
1.45700002	-2.7070055	0.0820453241	-2.62496018
1.45800006	-2.71029305	0.0853320211	-2.62496114
1.45900011	-2.7136476	0.0886872411	-2.62496042
1.46000004	-2.71707082	0.092111297	-2.62495947
1.46100008	-2.72056413	0.0956045091	-2.62495971
1.46200001	-2.72412825	0.099167183	-2.62496114
1.46300006	-2.72776103	0.102799654	-2.62496138
1.46400011	-2.73146462	0.10650228	-2.62496233
1.46500003	-2.73523784	0.11027538	-2.62496257
1.46600008	-2.73908067	0.114119306	-2.62496138
1.46700013	-2.74299717	0.118034437	-2.62496281
1.46800005	-2.74698281	0.122021109	-2.62496161
1.4690001	-2.7510426	0.126079679	-2.62496281
1.47000003	-2.75517392	0.130210564	-2.62496328
1.47100008	-2.75937796	0.134414136	-2.62496376
1.47200012	-2.76365399	0.138690785	-2.62496328
1.47300005	-2.76800561	0.143040895	-2.62496471
1.4740001	-2.77242827	0.147464871	-2.62496328
1.47500002	-2.77692652	0.151963159	-2.62496328
1.47600007	-2.78149962	0.156536147	-2.62496352
1.47700012	-2.78614831	0.161184281	-2.624964
1.47800004	-2.79087234	0.165908009	-2.62496424
1.47900009	-2.79567242	0.170707732	-2.62496471
1.48000002	-2.80054855	0.175583944	-2.62496471
1.48100007	-2.80550146	0.18053706	-2.62496448
1.48200011	-2.81053114	0.185567588	-2.62496352
1.48300004	-2.8156395	0.190675959	-2.62496352
1.48400009	-2.82082605	0.195862681	-2.62496328
1.48500001	-2.82609081	0.201128215	-2.62496257
1.48600006	-2.83143544	0.206473097	-2.62496233
1.48700011	-2.83685994	0.21189782	-2.62496209
1.48800004	-2.84236503	0.217402875	-2.62496209
1.48900008	-2.84795094	0.222988814	-2.62496209
1.49000013	-2.85361743	0.228656128	-2.62496138
1.49100006	-2.85936642	0.234405398	-2.6249609
1.4920001	-2.86519742	0.240237147	-2.62496018
1.49300003	-2.87111235	0.246151909	-2.62496042
1.49400008	-2.87711096	0.252150238	-2.62496066
1.49500012	-2.88319278	0.258232772	-2.62495995
1.49600005	-2.88936138	0.264400035	-2.62496138
1.4970001	-2.8956151	0.270652622	-2.62496257
1.49800003	-2.90195227	0.276991069	-2.62496114
1.49900007	-2.90837812	0.283416092	-2.62496209
1.50000012	-2.91489053	0.289928287	-2.62496233
1.50100005	-2.92149019	0.296528161	-2.62496209
1.50200009	-2.92817879	0.303216457	-2.62496233
1.50300002	-2.93495703	0.309993744	-2.62496328
1.50400007	-2.94182229	0.316860676	-2.62496161
1.50500011	-2.94877934	0.323817998	-2.62496138
1.50600004	-2.95582819	0.330866277	-2.62496185
1.50700009	-2.96296835	0.338006198	-2.62496209
1.50800002	-2.97019982	0.345238477	-2.62496138
1.50900006	-2.977525	0.352563798	-2.62496114
1.51000011	-2.98494411	0.359982789	-2.62496138
1.51100004	-2.99245667	0.367496312	-2.62496042
1.51200008	-3.00006461	0.375104964	-2.62495971
1.51300013	-3.00777006	0.38280952	-2.62496042
1.51400006	-3.01556993	0.390610635	-2.62495923
1.5150001	-3.02346921	0.398509204	-2.62495995
1.51600003	-3.03146601	0.406505853	-2.62496018
1.51700008	-3.03956223	0.414601445	-2.6249609
1.51800013	-3.04775786	0.422796667	-2.62496114
1.51900005	-3.05605364	0.431092322	-2.62496138
1.5200001	-3.0644505	0.439489156	-2.62496138
1.52100003	-3.07295036	0.447988153	-2.62496233
1.52200007	-3.08155203	0.456589878	-2.62496209
1.52300012	-3.09025693	0.465295404	-2.62496161
1.52400005	-3.09906721	0.474105388	-2.62496185
1.5250001	-3.10798216	0.483020723	-2.62496138
1.52600002	-3.1170032	0.492042303	-2.6249609
1.52700007	-3.12613106	0.501170874	-2.62496018
1.52800012	-3.13536787	0.510407329	-2.62496042
1.52900004	-3.14471197	0.519752562	-2.62495947
1.53000009	-3.1541667	0.529207587	-2.62495899
1.53100002	-3.16373324	0.53877306	-2.62496018
1.53200006	-3.17340922	0.548450053	-2.62495923
1.53300011	-3.1831975	0.55823946	-2.62495804
1.53400004	-3.19310021	0.568142116	-2.62495804
1.53500009	-3.2031188	0.578159034	-2.62495971
1.53600001	-3.21325064	0.588291168	-2.62495947
1.53700006	-3.22349977	0.598539412	-2.62496042
1.53800011	-3.23386431	0.608904719	-2.62495947
1.53900003	-3.24434829	0.619388103	-2.62496018
1.54000008	-3.25494981	0.629990578	-2.62495923
1.54100013	-3.26567197	0.640712976	-2.62495899
1.54200006	-3.27651501	0.651556373	-2.62495852
1.5430001	-3.28748107	0.662521839	-2.62495923
1.54400003	-3.29856825	0.67361027	-2.62495804
1.54500008	-3.30978155	0.684822798	-2.62495875
1.54600012	-3.32111716	0.696160316	-2.62495685
1.54700005	-3.33258247	0.707624018	-2.62495852
1.5480001	-3.34417248	0.719214797	-2.62495756
1.54900002	-3.3558917	0.730933666	-2.62495804
1.55000007	-3.36773992	0.742781878	-2.62495804
1.55100012	-3.3797195	0.754760265	-2.62495923
1.55200005	-3.39182878	0.766870022	-2.62495875
1.55300009	-3.40407133	0.77911222	-2.62495899
1.55400002	-3.41644716	0.791487932	-2.62495923
1.55500007	-3.42895651	0.803998113	-2.62495852
1.55600011	-3.44160175	0.816643953	-2.6249578
1.55700004	-3.45438504	0.829426646	-2.62495852
1.55800009	-3.46730518	0.842347026	-2.62495804
1.55900002	-3.48036408	0.855406344	-2.6249578
1.56000006	-3.49356341	0.868605733	-2.62495756
1.56100011	-3.50690222	0.881946325	-2.62495589
1.56200004	-3.52038455	0.895429015	-2.62495565
1.56300008	-3.53401041	0.909054995	-2.62495542
1.56400013	-3.54778242	0.922825575	-2.62495685
1.56500006	-3.56169748	0.93674165	-2.62495589
1.5660001	-3.57576084	0.950804353	-2.62495661
1.56700003	-3.58997107	0.965014815	-2.62495613
1.56800008	-3.60433078	0.979374111	-2.62495661
1.56900012	-3.6188395	0.993883431	-2.62495613
1.57000005	-3.63349938	1.00854373	-2.62495565
1.5710001	-3.64831066	1.0233562	-2.62495446
1.57200003	-3.66327715	1.03832197	-2.62495518
1.57300007	-3.6783967	1.053442	-2.6249547
1.57400012	-3.6936717	1.06871736	-2.62495422
1.57500005	-3.70910311	1.08414924	-2.62495375
1.57600009	-3.72469378	1.0997386	-2.62495518
1.57700002	-3.7404418	1.1154865	-2.62495518
1.57800007	-3.75635004	1.13139415	-2.62495589
1.57900012	-3.77241778	1.14746213	-2.62495565
1.58000004	-3.78864813	1.16369188	-2.62495613
1.58100009	-3.80504036	1.18008423	-2.62495613
1.58200002	-3.82159686	1.19664025	-2.62495661
1.58300006	-3.83831573	1.21336055	-2.62495518
1.58400011	-3.85520244	1.23024642	-2.62495613
1.58500004	-3.87225389	1.24729848	-2.62495542
1.58600008	-3.88947225	1.2645179	-2.62495422
1.58700013	-3.90685964	1.28190541	-2.62495422
1.58800006	-3.92441607	1.29946172	-2.62495422
1.58900011	-3.94214106	1.31718767	-2.62495327
1.59000003	-3.96003771	1.3350842	-2.62495351
1.59100008	-3.9781065	1.3531518	-2.6249547
1.59200013	-3.99634504	1.37139106	-2.62495399
1.59300005	-4.01475811	1.38980317	-2.62495494
1.5940001	-4.03334284	1.40838814	-2.6249547
1.59500003	-4.05210161	1.42714667	-2.62495494
1.59600008	-4.07103348	1.44607949	-2.62495399
1.59700012	-4.0901413	1.46518672	-2.6249547
1.59800005	-4.10942221	1.48446894	-2.62495327
1.5990001	-4.1288805	1.5039264	-2.62495422
1.60000002	-4.14851427	1.52355933	-2.62495494
1.60100007	-4.16832113	1.5433681	-2.62495303
1.60200012	-4.18830585	1.5633527	-2.62495327
1.60300004	-4.2084651	1.58351326	-2.62495184
1.60400009	-4.22880316	1.60384941	-2.62495375
1.60500002	-4.24931479	1.62436175	-2.62495303
1.60600007	-4.27000141	1.64504921	-2.62495232
1.60700011	-4.29086542	1.66591191	-2.62495351
1.60800004	-4.31190252	1.68694949	-2.62495303
1.60900009	-4.33311558	1.70816135	-2.62495422
1.61000013	-4.3545022	1.72954679	-2.62495542
1.61100006	-4.37606001	1.75110519	-2.6249547
1.61200011	-4.39779091	1.77283549	-2.62495542
1.61300004	-4.41969347	1.79473662	-2.62495685
1.61400008	-4.44176483	1.81680775	-2.62495708
1.61500013	-4.46400404	1.83904731	-2.62495661
1.61600006	-4.48640966	1.86145401	-2.62495565
1.6170001	-4.50898123	1.88402617	-2.62495518
1.61800003	-4.53171778	1.906762	-2.62495565
1.61900008	-4.55461454	1.92965949	-2.62495518
1.62000012	-4.57767105	1.95271635	-2.6249547
1.62100005	-4.60088491	1.97593069	-2.62495422
1.6220001	-4.62425423	1.99929965	-2.6249547
1.62300003	-4.6477747	2.02282047	-2.62495422
1.62400007	-4.67144346	2.04648972	-2.62495375
1.62500012	-4.69525671	2.07030439	-2.62495232
1.62600005	-4.71921444	2.09426141	-2.62495303
1.62700009	-4.7433095	2.11835647	-2.62495303
1.62800002	-4.76753855	2.14258623	-2.62495232
1.62900007	-4.7918992	2.16694522	-2.62495399
1.63000011	-4.81638384	2.19142962	-2.62495422
1.63100004	-4.84098721	2.21603394	-2.62495327
1.63200009	-4.86570692	2.24075341	-2.62495351
1.63300014	-4.89053535	2.26558185	-2.62495351
1.63400006	-4.91546583	2.29051352	-2.62495232
1.63500011	-4.94049549	2.31554174	-2.62495375
1.63600004	-4.96561241	2.34065962	-2.62495279
1.63700008	-4.99081373	2.36586094	-2.62495279
1.63800013	-5.01609135	2.39113665	-2.6249547
1.63900006	-5.04143429	2.41647935	-2.62495494
1.6400001	-5.06683493	2.44188046	-2.62495446
1.64100003	-5.09228611	2.46732998	-2.62495613
1.64200008	-5.11777592	2.49281907	-2.62495685
1.64300013	-5.14329576	2.51833773	-2.62495804
1.64400005	-5.16883469	2.54387498	-2.62495971
1.6450001	-5.1943779	2.56941938	-2.62495852
1.64600003	-5.21991873	2.59495854	-2.62496018
1.64700007	-5.24544001	2.62048054	-2.62495947
1.64800012	-5.27093363	2.64597154	-2.62496209
1.64900005	-5.29638052	2.67141771	-2.62496281
1.6500001	-5.32176924	2.69680476	-2.62496448
1.65100002	-5.34708309	2.72211695	-2.62496614
1.65200007	-5.37230539	2.74733829	-2.6249671
1.65300012	-5.39742041	2.77245164	-2.62496877
1.65400004	-5.42241001	2.7974391	-2.62497091
1.65500009	-5.44725561	2.8222816	-2.62497401
1.65600014	-5.47193527	2.84696007	-2.6249752
1.65700006	-5.49643087	2.87145424	-2.62497663
1.65800011	-5.52072096	2.89574146	-2.6249795
1.65900004	-5.54478168	2.91980028	-2.6249814
1.66000009	-5.56858873	2.94360685	-2.62498188
1.66100013	-5.59212065	2.96713638	-2.62498426
1.66200006	-5.61535025	2.99036312	-2.62498713
1.66300011	-5.6382494	3.01326084	-2.62498856
1.66400003	-5.66079092	3.03580141	-2.62498951
1.66500008	-5.68294764	3.05795527	-2.62499237
1.66600013	-5.70468616	3.07969236	-2.6249938
1.66700006	-5.7259779	3.10098124	-2.62499666
1.6680001	-5.74678755	3.12178874	-2.62499881
1.66900003	-5.76708364	3.14208078	-2.62500286
1.67000008	-5.78682756	3.1618228	-2.62500477
1.67100012	-5.80598497	3.18097639	-2.62500858
1.67200005	-5.82451582	3.19950485	-2.62501097
1.6730001	-5.842381	3.21736693	-2.62501407
1.67400002	-5.85954046	3.23452306	-2.6250174
1.67500007	-5.87595129	3.25093031	-2.62502098
1.67600012	-5.89156818	3.26654482	-2.62502337
1.67700005	-5.90634823	3.28132105	-2.62502718
1.67800009	-5.92024517	3.29521322	-2.62503195
1.67900014	-5.93320751	3.30817223	-2.62503529
1.68000007	-5.94518852	3.32014918	-2.62503934
1.68100011	-5.9561367	3.33109331	-2.62504339
1.68200004	-5.9659996	3.34095144	-2.62504816
1.68300009	-5.97472334	3.34967065	-2.62505269
1.68400013	-5.98225355	3.35719657	-2.62505698
1.68500006	-5.98853397	3.36347222	-2.62506175
1.68600011	-5.99350786	3.36844063	-2.62506723
1.68700004	-5.99711561	3.37204409	-2.62507153
1.68800008	-5.99929953	3.37422323	-2.62507629
1.68900013	-5.99999905	3.37491751	-2.62508154
1.69000006	-5.99915266	3.3740654	-2.62508726
1.6910001	-5.99669838	3.37160683	-2.62509155
1.69200003	-5.99257565	3.36747837	-2.62509727
1.69300008	-5.98672152	3.361619	-2.62510252
1.69400012	-5.97907352	3.35396504	-2.62510848
1.69500005	-5.96956778	3.34445524	-2.62511253
1.6960001	-5.95814562	3.33302689	-2.62511873
1.69700003	-5.94474268	3.31961966	-2.62512302
1.69800007	-5.92930079	3.30417109	-2.6251297
1.69900012	-5.91175985	3.28662348	-2.62513638
1.70000005	-5.89205933	3.26691818	-2.62514114
1.70100009	-5.87014627	3.24499893	-2.62514734
1.70200002	-5.84596539	3.2208128	-2.62515259
1.70300007	-5.81946468	3.1943078	-2.62515688
1.70400012	-5.79059935	3.16543651	-2.62516284
1.70500004	-5.75932026	3.13415337	-2.62516689
1.70600009	-5.72558832	3.10041809	-2.62517023
1.70700014	-5.68936825	3.0641942	-2.62517405
1.70800006	-5.65062857	3.02545094	-2.62517762
1.70900011	-5.60934162	2.98416257	-2.62517905
1.71000004	-5.56549358	2.94030976	-2.62518382
1.71100008	-5.51906443	2.89387989	-2.62518454
1.71200013	-5.47005367	2.84486818	-2.62518549
1.71300006	-5.41846323	2.79327655	-2.62518668
1.71400011	-5.36430407	2.73911715	-2.62518692
1.71500003	-5.30759716	2.68240976	-2.6251874
1.71600008	-5.24836969	2.6231854	-2.6251843
1.71700013	-5.18667173	2.56148505	-2.62518668
1.71800005	-5.12254381	2.49736094	-2.62518287
1.7190001	-5.05605793	2.43087673	-2.6251812
1.72000003	-4.98728657	2.36210871	-2.62517786
1.72100008	-4.91631889	2.29114604	-2.62517285
1.72200012	-4.84325695	2.21809006	-2.62516689
1.72300005	-4.76821661	2.14305663	-2.62515998
1.7240001	-4.69132662	2.0661757	-2.62515092
1.72500002	-4.61274004	1.98759151	-2.62514853
1.72600007	-4.53259993	1.90746212	-2.62513781
1.72700012	-4.45108366	1.82596064	-2.62512302
1.72800004	-4.36838722	1.74327421	-2.62511301
1.72900009	-4.28470802	1.65960467	-2.62510347
1.73000014	-4.20025778	1.57516766	-2.62509012
1.73100007	-4.11527538	1.49019289	-2.62508249
1.73200011	-4.02998686	1.40492225	-2.62506461
1.73300004	-3.94465828	1.3196106	-2.62504768
1.73400009	-3.85955715	1.23452389	-2.62503338
1.73500013	-3.77495241	1.1499387	-2.62501383
1.73600006	-3.69114161	1.06614113	-2.62500048
1.73700011	-3.6084094	0.983424544	-2.62498474
1.73800004	-3.52705479	0.902089119	-2.62496567
1.73900008	-3.4473896	0.82243979	-2.62494993
1.74000013	-3.36972141	0.744784176	-2.6249373
1.74100006	-3.29434633	0.66943121	-2.62491512
1.7420001	-3.22158194	0.596688509	-2.62489343
1.74300003	-3.15174437	0.526861191	-2.62488317
1.74400008	-3.08510542	0.460248739	-2.62485671
1.74500012	-3.02197838	0.397143155	-2.62483525
1.74600005	-2.96264362	0.337826967	-2.62481666
1.7470001	-2.90737581	0.282570601	-2.62480521
1.74800003	-2.85642385	0.231630474	-2.62479329
1.74900007	-2.81001949	0.185246393	-2.62477303
1.75000012	-2.76840162	0.143639952	-2.62476158
1.75100005	-2.73176193	0.107012346	-2.62474966
1.75200009	-2.70027781	0.075542666	-2.62473512
1.75300014	-2.67411089	0.049386207	-2.62472463
1.75400007	-2.65339851	0.0286730826	-2.62472534
1.75500011	-2.63823223	0.0135069601	-2.62472534
1.75600004	-2.62868214	0.00396408467	-2.62471795
1.75700009	-2.62481117	9.26003995e-05	-2.62471867
1.75800014	-2.62663651	0.00191207533	-2.62472439
1.75900006	-2.63413668	0.00941330474	-2.62472343
1.76000011	-2.6472888	0.0225584097	-2.62473035
1.76100004	-2.66601419	0.0412812009	-2.62473297
1.76200008	-2.69023418	0.0654877797	-2.62474632
1.76300013	-2.71981573	0.0950574279	-2.62475824
1.76400006	-2.75461578	0.129843801	-2.62477207
1.7650001	-2.79445267	0.169676259	-2.62477636
1.76600003	-2.83915043	0.214361399	-2.624789
1.76700008	-2.88848591	0.263684809	-2.62480116
1.76800013	-2.94223166	0.317412883	-2.6248188
1.76900005	-3.00013161	0.375294983	-2.62483668
1.7700001	-3.06191254	0.437065601	-2.62484694
1.77100003	-3.12731552	0.502446294	-2.62486935
1.77200007	-3.19603586	0.571148217	-2.6248877
1.77300012	-3.26777172	0.642874241	-2.62489748
1.77400005	-3.342237	0.717321336	-2.6249156
1.7750001	-3.41911983	0.794182241	-2.62493753
1.77600014	-3.49810839	0.873148203	-2.62496018
1.77700007	-3.57888079	0.953910947	-2.62496996
1.77800012	-3.66115952	1.03616416	-2.62499523
1.77900004	-3.74460983	1.11960626	-2.62500358
1.78000009	-3.82895994	1.20394087	-2.62501907
1.78100014	-3.91391802	1.28887916	-2.62503886
1.78200006	-3.99919367	1.37414122	-2.62505245
1.78300011	-4.08452654	1.4594568	-2.62506962
1.78400004	-4.16964626	1.54456723	-2.62507915
1.78500009	-4.2543211	1.62922561	-2.62509537
1.78600013	-4.33829927	1.71319771	-2.62510157
1.78700006	-4.4213748	1.79626298	-2.62511182
1.78800011	-4.50333738	1.8782146	-2.62512279
1.78900003	-4.58399391	1.9588598	-2.62513399
1.79000008	-4.66316414	2.03802061	-2.62514353
1.79100013	-4.74068499	2.11553335	-2.62515163
1.79200006	-4.81640339	2.19124937	-2.62515402
1.7930001	-4.89019489	2.26503277	-2.62516212
1.79400003	-4.96192837	2.33676362	-2.62516475
1.79500008	-5.03150272	2.4063344	-2.62516832
1.79600012	-5.09882641	2.47365236	-2.62517405
1.79700005	-5.16381121	2.53863597	-2.62517524
1.7980001	-5.22639418	2.60121727	-2.62517691
1.79900014	-5.28651571	2.66134024	-2.62517548
1.80000007	-5.34413958	2.71895981	-2.62517977
1.80100012	-5.39922047	2.77404165	-2.62517881
1.80200005	-5.45173931	2.82656145	-2.62517786
1.80300009	-5.50168133	2.8765049	-2.62517643
1.80400014	-5.54903936	2.92386627	-2.62517309
1.80500007	-5.59381819	2.96864772	-2.62517047
1.80600011	-5.63602734	3.01085949	-2.62516785
1.80700004	-5.67568254	3.0505178	-2.62516475
1.80800009	-5.71280813	3.08764744	-2.62516069
1.80900013	-5.74743462	3.12227678	-2.62515783
1.81000006	-5.77959347	3.1544404	-2.62515306
1.81100011	-5.80932474	3.1841774	-2.62514734
1.81200004	-5.83667469	3.21153069	-2.625144
1.81300008	-5.86168575	3.23654795	-2.62513781
1.81400013	-5.88441133	3.2592783	-2.62513304
1.81500006	-5.90490437	3.2797761	-2.62512827
1.8160001	-5.92321634	3.2980957	-2.62512064
1.81700003	-5.93941021	3.31429482	-2.62511539
1.81800008	-5.95354223	3.32843184	-2.62511039
1.81900012	-5.96567249	3.34056711	-2.62510538
1.82000005	-5.97586155	3.35076213	-2.62509942
1.8210001	-5.98417234	3.35907841	-2.62509394
1.82200015	-5.99066687	3.36557794	-2.62508893
1.82300007	-5.99540615	3.37032413	-2.62508202
1.82400012	-5.99845552	3.37337828	-2.62507725
1.82500005	-5.99987459	3.37480211	-2.62507248
1.82600009	-5.99972582	3.37465858	-2.62506723
1.82700014	-5.99807119	3.37300801	-2.62506318
1.82800007	-5.99496984	3.36991167	-2.62505817
1.82900012	-5.99048185	3.36542892	-2.62505293
1.83000004	-5.98466587	3.35961819	-2.62504768
1.83100009	-5.97758055	3.3525362	-2.62504435
1.83200014	-5.96928072	3.34424114	-2.62503958
1.83300006	-5.95982265	3.33478761	-2.62503505
1.83400011	-5.94925976	3.32422924	-2.62503052
1.83500004	-5.93764496	3.31261897	-2.62502599
1.83600008	-5.92503023	3.3000083	-2.62502193
1.83700013	-5.91146517	3.28644705	-2.62501812
1.83800006	-5.89699841	3.27198386	-2.62501454
1.83900011	-5.88167715	3.25666618	-2.62501097
1.84000003	-5.86554813	3.24054003	-2.62500811
1.84100008	-5.84865379	3.2236495	-2.62500429
1.84200013	-5.83103704	3.20603704	-2.625
1.84300005	-5.8127408	3.18774414	-2.62499666
1.8440001	-5.79380512	3.16881132	-2.6249938
1.84500003	-5.77427006	3.14927769	-2.62499237
1.84600008	-5.75416851	3.12917948	-2.62498903
1.84700012	-5.73354053	3.10855365	-2.62498689
1.84800005	-5.71241808	3.08743429	-2.62498379
1.8490001	-5.69083595	3.06585503	-2.62498093
1.85000014	-5.66882706	3.04384756	-2.6249795
1.85100007	-5.64642	3.02144337	-2.62497663
1.85200012	-5.62364483	2.99867153	-2.6249733
1.85300004	-5.60053158	2.97555995	-2.62497163
1.85400009	-5.57710552	2.95213628	-2.62496924
1.85500014	-5.55339384	2.92842674	-2.6249671
1.85600007	-5.52942085	2.90445614	-2.62496471
1.85700011	-5.50521183	2.88024855	-2.62496328
1.85800004	-5.48078775	2.85582662	-2.62496114
1.85900009	-5.45617151	2.83121228	-2.62495923
1.86000013	-5.43138552	2.80642629	-2.62495923
1.86100006	-5.4064455	2.78148866	-2.62495685
1.86200011	-5.38137341	2.75641894	-2.62495446
1.86300004	-5.35618877	2.73123431	-2.62495446
1.86400008	-5.33090639	2.70595312	-2.62495327
1.86500013	-5.30554295	2.68059087	-2.62495208
1.86600006	-5.28011513	2.65516424	-2.62495089
1.8670001	-5.25463772	2.62968731	-2.62495041
1.86800003	-5.22912312	2.60417533	-2.62494779
1.86900008	-5.20358896	2.57864094	-2.62494802
1.87000012	-5.17804241	2.55309677	-2.62494564
1.87100005	-5.15250111	2.52755594	-2.62494516
1.8720001	-5.12697411	2.50202942	-2.62494469
1.87300014	-5.10147285	2.47652817	-2.62494469
1.87400007	-5.07600689	2.45106292	-2.62494397
1.87500012	-5.05058622	2.42564321	-2.62494302
1.87600005	-5.02522182	2.40027857	-2.62494326
1.87700009	-4.99992037	2.37497759	-2.62494278
1.87800014	-4.97469187	2.34974909	-2.62494278
1.87900007	-4.94954205	2.32460022	-2.62494183
1.88000011	-4.92447948	2.29953861	-2.62494087
1.88100004	-4.89951229	2.27457142	-2.62494087
1.88200009	-4.87464523	2.24970484	-2.6249404
1.88300014	-4.84988499	2.22494555	-2.62493944
1.88400006	-4.82523632	2.20029902	-2.6249373
1.88500011	-4.80070734	2.17577052	-2.62493682
1.88600004	-4.77630186	2.15136576	-2.6249361
1.88700008	-4.75202417	2.12708902	-2.62493515
1.88800013	-4.72788	2.10294509	-2.62493491
1.88900006	-4.70387173	2.07893753	-2.6249342
1.8900001	-4.68000412	2.05507088	-2.62493324
1.89100003	-4.65628004	2.03134847	-2.62493157
1.89200008	-4.63270521	2.00777388	-2.62493134
1.89300013	-4.60928011	1.98435009	-2.6249299
1.89400005	-4.58600903	1.9610796	-2.62492943
1.8950001	-4.56289482	1.93796539	-2.62492943
1.89600015	-4.53993845	1.91501021	-2.62492824
1.89700007	-4.51714325	1.89221573	-2.62492752
1.89800012	-4.49451208	1.86958408	-2.624928
1.89900005	-4.47204494	1.84711766	-2.62492728
1.9000001	-4.44974422	1.82481742	-2.62492681
1.90100014	-4.42761183	1.8026855	-2.62492633
1.90200007	-4.40564919	1.78072286	-2.62492633
1.90300012	-4.38385677	1.75893092	-2.62492585
1.90400004	-4.36223602	1.73731041	-2.62492561
1.90500009	-4.34078789	1.71586275	-2.62492514
1.90600014	-4.3195138	1.69458795	-2.62492585
1.90700006	-4.29841328	1.67348778	-2.62492561
1.90800011	-4.27748775	1.6525619	-2.62492585
1.90900004	-4.25673866	1.63181114	-2.62492752
1.91000009	-4.23616266	1.61123586	-2.62492681
1.91100013	-4.21576309	1.59083605	-2.62492704
1.91200006	-4.195539	1.57061195	-2.62492704
1.91300011	-4.17549276	1.55056393	-2.62492895
1.91400003	-4.15561867	1.53069186	-2.62492681
1.91500008	-4.13592243	1.51099527	-2.62492704
1.91600013	-4.11640167	1.49147451	-2.62492704
1.91700006	-4.09705544	1.47212911	-2.62492633
1.9180001	-4.07788515	1.45295882	-2.62492633
1.91900015	-4.05888891	1.43396318	-2.62492561
1.92000008	-4.04006863	1.41514182	-2.62492681
1.92100012	-4.02142096	1.39649427	-2.62492657
1.92200005	-4.00294542	1.37802005	-2.62492537
1.9230001	-3.98464513	1.35971844	-2.62492657
1.92400014	-3.96651602	1.34158885	-2.62492704
1.92500007	-3.94855785	1.32363081	-2.62492704
1.92600012	-3.93077207	1.30584335	-2.62492871
1.92700005	-3.91315436	1.28822589	-2.62492847
1.92800009	-3.89570594	1.2707777	-2.62492824
1.92900014	-3.8784256	1.25349784	-2.62492776
1.93000007	-3.86131263	1.23638546	-2.62492704
1.93100011	-3.8443675	1.21943963	-2.624928
1.93200004	-3.82758641	1.20265961	-2.62492681
1.93300009	-3.81097174	1.18604445	-2.62492728
1.93400013	-3.79452085	1.16959321	-2.62492752
1.93500006	-3.77823257	1.15330505	-2.62492752
1.93600011	-3.76210785	1.13717866	-2.62492919
1.93700004	-3.74614096	1.12121332	-2.62492752
1.93800008	-3.73033619	1.10540795	-2.62492824
1.93900013	-3.71469069	1.08976138	-2.62492943
1.94000006	-3.69920254	1.07427287	-2.62492967
1.9410001	-3.68387008	1.05894125	-2.62492895
1.94200015	-3.66869497	1.04376519	-2.6249299
1.94300008	-3.65367222	1.02874386	-2.62492847
1.94400012	-3.63880396	1.0138762	-2.62492776
1.94500005	-3.62408924	0.999161243	-2.624928
1.9460001	-3.60952616	0.984597445	-2.62492871
1.94700015	-3.5951128	0.970184207	-2.62492847
1.94800007	-3.58084822	0.955920219	-2.624928
1.94900012	-3.56673384	0.941804409	-2.62492943
1.95000005	-3.55276394	0.927835643	-2.62492824
1.95100009	-3.5389421	0.91401279	-2.62492943
1.95200014	-3.52526402	0.900334716	-2.62492943
1.95300007	-3.51173067	0.886800408	-2.62493038
1.95400012	-3.49833822	0.873408794	-2.62492943
1.95500004	-3.48508763	0.860158682	-2.62492895
1.95600009	-3.47197747	0.847048938	-2.62492847
1.95700014	-3.45900679	0.83407855	-2.62492824
1.95800006	-3.44617534	0.821246445	-2.62492895
1.95900011	-3.43347955	0.808551371	-2.62492824
1.96000004	-3.42092085	0.795992255	-2.62492847
1.96100008	-3.4084971	0.783568263	-2.62492895
1.96200013	-3.39620614	0.771278143	-2.624928
1.96300006	-3.38404942	0.759120762	-2.62492871
1.96400011	-3.37202406	0.747095048	-2.62492895
1.96500015	-3.36012959	0.735200047	-2.62492943
1.96600008	-3.34836411	0.723434567	-2.62492943
1.96700013	-3.3367269	0.711797714	-2.62492919
1.96800005	-3.32521772	0.700288236	-2.62492943
1.9690001	-3.31383419	0.688905358	-2.62492895
1.97000015	-3.30257559	0.677647829	-2.62492776
1.97100008	-3.29144216	0.666514754	-2.62492752
1.97200012	-3.28043318	0.655505061	-2.624928
1.97300005	-3.26954603	0.644617677	-2.62492847
1.9740001	-3.25877976	0.633851647	-2.624928
1.97500014	-3.24813485	0.623206079	-2.62492871
1.97600007	-3.23760843	0.612679899	-2.62492847
1.97700012	-3.22720075	0.602272034	-2.62492871
1.97800004	-3.21691155	0.59198159	-2.6249299
1.97900009	-3.20673728	0.581807733	-2.62492943
1.98000014	-3.19667935	0.57174927	-2.62493014
1.98100007	-3.18673611	0.561805487	-2.62493062
1.98200011	-3.17690539	0.55197525	-2.62493014
1.98300004	-3.16718912	0.542257786	-2.62493134
1.98400009	-3.15758228	0.53265214	-2.62493014
1.98500013	-3.14808798	0.523157477	-2.62493038
1.98600006	-3.13870287	0.513772726	-2.62493014
1.98700011	-3.12942743	0.504497111	-2.62493038
1.98800004	-3.12025976	0.495329708	-2.62493014
1.98900008	-3.11119986	0.486269712	-2.62493014
1.99000013	-3.102247	0.477316171	-2.62493086
1.99100006	-3.09339833	0.468468279	-2.62493014
1.9920001	-3.08465528	0.459725201	-2.62493014
1.99300015	-3.07601714	0.451086044	-2.6249311
1.99400008	-3.06748009	0.442550123	-2.6249299
1.99500012	-3.05904746	0.434116513	-2.62493086
1.99600005	-3.05071568	0.425784469	-2.62493134
1.9970001	-3.04248476	0.417553127	-2.62493157
1.99800014	-3.03435397	0.409421742	-2.62493229
1.99900007	-3.02632165	0.40138942	-2.62493229
2	-3.01838803	0.393455565	-2.62493253
2.00100017	-3.01055264	0.385619313	-2.62493324
2.00200009	-3.00281358	0.377880037	-2.62493348
2.00300002	-2.99517059	0.370236874	-2.62493372
2.00400019	-2.98762202	0.362689108	-2.624933
2.00500011	-2.98016882	0.355236053	-2.62493277
2.00600004	-2.97280931	0.347876996	-2.62493229
2.00700021	-2.96554327	0.340611219	-2.62493205
2.00800014	-2.95836973	0.333438039	-2.62493181
2.00900006	-2.95128822	0.326356739	-2.62493157
2.00999999	-2.94429922	0.319366664	-2.62493253
2.01100016	-2.9373982	0.312467158	-2.6249311
2.01200008	-2.93058896	0.305657566	-2.62493134
2.01300001	-2.92386866	0.298937201	-2.62493134
2.01400018	-2.91723657	0.29230547	-2.6249311
2.0150001	-2.91069269	0.285761714	-2.62493086
2.01600003	-2.90423822	0.279305279	-2.624933
2.0170002	-2.89786768	0.272935629	-2.62493205
2.01800013	-2.89158416	0.266652077	-2.62493205
2.01900005	-2.88538694	0.260454088	-2.62493277
2.01999998	-2.87927365	0.254341066	-2.62493253
2.02100015	-2.87324619	0.248312354	-2.62493372
2.02200007	-2.86730123	0.242367491	-2.62493372
2.023	-2.86144018	0.236505806	-2.62493443
2.02400017	-2.8556602	0.230726838	-2.62493324
2.0250001	-2.84996414	0.22502996	-2.6249342
2.02600002	-2.84434772	0.219414711	-2.624933
2.02700019	-2.83881307	0.213880479	-2.62493253
2.02800012	-2.83335924	0.208426803	-2.62493253
2.02900004	-2.82798505	0.203053117	-2.62493181
2.03000021	-2.8226912	0.197758958	-2.62493229
2.03100014	-2.81747627	0.192543834	-2.62493253
2.03200006	-2.81233954	0.187407196	-2.62493229
2.03299999	-2.80728006	0.182348609	-2.62493134
2.03400016	-2.80230045	0.177367568	-2.62493277
2.03500009	-2.79739499	0.172463641	-2.62493134
2.03600001	-2.79256773	0.167636335	-2.62493134
2.03700018	-2.78781772	0.162885219	-2.62493253
2.03800011	-2.78314185	0.158209816	-2.62493205
2.03900003	-2.77854252	0.153609723	-2.62493277
2.0400002	-2.77401757	0.149084479	-2.624933
2.04100013	-2.76956773	0.144633695	-2.62493396
2.04200006	-2.76519036	0.140256926	-2.62493348
2.04299998	-2.76088667	0.135953769	-2.624933
2.04400015	-2.75665808	0.131723836	-2.6249342
2.04500008	-2.75250125	0.12756671	-2.62493443
2.046	-2.74841642	0.123482049	-2.62493443
2.04700017	-2.74440432	0.119469419	-2.62493491
2.0480001	-2.74046373	0.115528487	-2.62493515
2.04900002	-2.73659444	0.111658864	-2.62493563
2.05000019	-2.73279595	0.107860185	-2.62493587
2.05100012	-2.72906828	0.104132131	-2.6249361
2.05200005	-2.72541213	0.100474328	-2.62493777
2.05300021	-2.72182393	0.096886456	-2.62493753
2.05400014	-2.71830654	0.0933681577	-2.62493849
2.05500007	-2.71485662	0.0899191201	-2.62493753
2.05599999	-2.7114768	0.086539045	-2.62493777
2.05700016	-2.70816398	0.0832275897	-2.62493634
2.05800009	-2.70492077	0.0799844712	-2.62493634
2.05900002	-2.70174551	0.0768093765	-2.6249361
2.06000018	-2.69863749	0.0737020373	-2.62493539
2.06100011	-2.69559741	0.0706621408	-2.62493515
2.06200004	-2.69262481	0.0676894188	-2.62493539
2.0630002	-2.68971801	0.0647835955	-2.62493443
2.06400013	-2.68687963	0.0619444177	-2.62493515
2.06500006	-2.68410635	0.0591716021	-2.62493467
2.06599998	-2.68139982	0.0564649142	-2.62493491
2.06700015	-2.67875814	0.0538240969	-2.62493396
2.06800008	-2.67618322	0.051248908	-2.6249342
2.06900001	-2.67367291	0.0487391204	-2.62493372
2.07000017	-2.67122841	0.0462944917	-2.62493396
2.0710001	-2.66884756	0.0439148061	-2.62493277
2.07200003	-2.66653323	0.0415998474	-2.62493348
2.07300019	-2.66428304	0.0393494107	-2.62493372
2.07400012	-2.66209579	0.0371632762	-2.62493253
2.07500005	-2.6599741	0.0350412615	-2.62493277
2.07600021	-2.65791607	0.0329831615	-2.624933
2.07700014	-2.6559217	0.0309887864	-2.624933
2.07800007	-2.65399027	0.0290579647	-2.62493229
2.079	-2.65212274	0.0271905195	-2.62493229
2.08000016	-2.65031862	0.0253862813	-2.62493229
2.08100009	-2.64857721	0.0236450806	-2.62493205
2.08200002	-2.64689946	0.0219667628	-2.62493277
2.08300018	-2.64528346	0.0203511771	-2.62493229
2.08400011	-2.64373088	0.0187981762	-2.62493277
2.08500004	-2.64224076	0.0173076205	-2.62493324
2.0860002	-2.6408124	0.015879374	-2.624933
2.08700013	-2.63944697	0.0145133082	-2.62493372
2.08800006	-2.63814259	0.0132092983	-2.62493324
2.08899999	-2.63690019	0.0119672287	-2.624933
2.09000015	-2.63572073	0.0107869841	-2.62493372
2.09100008	-2.63460255	0.00966846012	-2.6249342
2.09200001	-2.63354611	0.00861155614	-2.62493467
2.09300017	-2.63255024	0.00761617534	-2.62493396
2.0940001	-2.63161588	0.0066822283	-2.62493372
2.09500003	-2.63074374	0.00580963213	-2.6249342
2.09600019	-2.62993193	0.00499830581	-2.62493372
2.09700012	-2.62918234	0.00424817717	-2.6249342
2.09800005	-2.62849355	0.0035591796	-2.62493443
2.09900022	-2.62786627	0.00293124979	-2.62493491
2.10000014	-2.62729931	0.00236433186	-2.62493491
2.10100007	-2.62679386	0.00185837434	-2.62493539
2.102	-2.62634778	0.00141333183	-2.62493443
2.10300016	-2.62596464	0.00102916453	-2.62493539
2.10400009	-2.62564111	0.000705837563	-2.62493539
2.10500002	-2.62537909	0.000443321886	-2.62493587
2.10600019	-2.62517715	0.000241593865	-2.62493563
2.10700011	-2.625036	0.0001006354	-2.62493539
2.10800004	-2.6249547	2.04338085e-05	-2.6249342
2.10900021	-2.62493563	9.81809308e-07	-2.62493467
2.11000013	-2.62497592	4.22776247e-05	-2.62493372
2.11100006	-2.62507772	0.000144324964	-2.62493348
2.11199999	-2.62524056	0.000307132956	-2.62493348
2.11300015	-2.62546396	0.000530716265	-2.62493324
2.11400008	-2.62574911	0.000815095147	-2.62493396
2.11500001	-2.62609434	0.0011602951	-2.62493396
2.11600018	-2.62649965	0.00156634697	-2.62493324
2.1170001	-2.62696791	0.00203328789	-2.62493467
2.11800003	-2.62749529	0.00256115943	-2.6249342
2.1190002	-2.62808537	0.00315000955	-2.62493539
2.12000012	-2.62873483	0.00379989156	-2.62493491
2.12100005	-2.62944579	0.00451086275	-2.62493491
2.12200022	-2.63021803	0.00528298877	-2.62493515
2.12300014	-2.6310513	0.00611633807	-2.62493491
2.12400007	-2.63194633	0.00701098703	-2.62493539
2.125	-2.63290215	0.0079670148	-2.62493515
2.12600017	-2.63392019	0.00898450799	-2.62493563
2.12700009	-2.63499904	0.0100635588	-2.62493539
2.12800002	-2.63613939	0.0112042651	-2.62493515
2.12900019	-2.63734198	0.0124067282	-2.62493515
2.13000011	-2.63860583	0.0136710592	-2.62493467
2.13100004	-2.63993335	0.0149973687	-2.62493587
2.13200021	-2.64132166	0.0163857806	-2.62493587
2.13300014	-2.64277148	0.0178364199	-2.62493515
2.13400006	-2.64428568	0.0193494149	-2.62493634
2.13499999	-2.64586139	0.0209249053	-2.62493658
2.13600016	-2.64750028	0.0225630328	-2.6249373
2.13700008	-2.6492002	0.0242639482	-2.62493634
2.13800001	-2.65096474	0.0260278024	-2.62493682
2.13900018	-2.65279102	0.0278547518	-2.62493634
2.1400001	-2.65468168	0.029744966	-2.62493682
2.14100003	-2.65663457	0.0316986218	-2.62493587
2.1420002	-2.65865111	0.0337158889	-2.62493515
2.14300013	-2.66073275	0.0357969515	-2.62493587
2.14400005	-2.66287732	0.0379420072	-2.62493539
2.14500022	-2.66508627	0.0401512422	-2.62493491
2.14600015	-2.66735983	0.0424248613	-2.62493491
2.14700007	-2.669698	0.0447630696	-2.62493491
2.148	-2.67210007	0.0471660793	-2.62493396
2.14900017	-2.67456913	0.0496341102	-2.62493491
2.1500001	-2.67710233	0.0521673933	-2.62493491
2.15100002	-2.67970037	0.0547661558	-2.6249342
2.15200019	-2.6823647	0.0574306399	-2.62493396
2.15300012	-2.68509531	0.0601610765	-2.6249342
2.15400004	-2.68789124	0.0629577339	-2.62493348
2.15500021	-2.6907537	0.0658208504	-2.62493277
2.15600014	-2.69368291	0.0687506944	-2.62493229
2.15700006	-2.69668031	0.0717475414	-2.62493277
2.15799999	-2.69974446	0.0748116598	-2.62493277
2.15900016	-2.70287466	0.0779433325	-2.62493134
2.16000009	-2.706074	0.0811428502	-2.6249311
2.16100001	-2.70934176	0.0844105035	-2.62493134
2.16200018	-2.71267748	0.0877465978	-2.62493086
2.16300011	-2.71608114	0.0911514312	-2.62492967
2.16400003	-2.71955657	0.0946253166	-2.62493134
2.1650002	-2.72309995	0.0981685817	-2.62493134
2.16600013	-2.7267127	0.101781562	-2.6249311
2.16700006	-2.73039675	0.105464593	-2.62493205
2.16800022	-2.73414922	0.109218009	-2.6249311
2.16900015	-2.73797464	0.113042146	-2.62493253
2.17000008	-2.7418704	0.116937362	-2.624933
2.171	-2.74583697	0.120904036	-2.624933
2.17200017	-2.74987626	0.124942526	-2.62493372
2.1730001	-2.75398731	0.129053205	-2.6249342
2.17400002	-2.75817037	0.133236468	-2.62493396
2.17500019	-2.76242661	0.137492672	-2.62493396
2.17600012	-2.76675701	0.141822264	-2.62493467
2.17700005	-2.7711606	0.146225601	-2.62493491
2.17800021	-2.7756381	0.150703117	-2.62493491
2.17900014	-2.78019023	0.155255243	-2.62493491
2.18000007	-2.78481722	0.159882352	-2.62493491
2.18099999	-2.78951979	0.164584935	-2.62493491
2.18200016	-2.79429936	0.169363409	-2.62493587
2.18300009	-2.7991538	0.174218222	-2.62493563
2.18400002	-2.80408525	0.179149836	-2.62493539
2.18500018	-2.80909443	0.184158713	-2.62493563
2.18600011	-2.8141799	0.189245313	-2.62493467
2.18700004	-2.81934547	0.19441013	-2.62493539
2.1880002	-2.82458806	0.199653625	-2.62493443
2.18900013	-2.82991052	0.204976335	-2.6249342
2.19000006	-2.83531237	0.210378736	-2.62493372
2.19100022	-2.84079576	0.215861291	-2.62493443
2.19200015	-2.84635735	0.221424609	-2.62493277
2.19300008	-2.85200262	0.227069154	-2.62493348
2.19400001	-2.85772824	0.232795492	-2.62493277
2.19500017	-2.86353731	0.238604158	-2.62493324
2.1960001	-2.86942863	0.24449569	-2.624933
2.19700003	-2.87540531	0.250470638	-2.62493467
2.19800019	-2.88146377	0.256529629	-2.6249342
2.19900012	-2.88760781	0.26267314	-2.62493467
2.20000005	-2.89383698	0.268901855	-2.62493515
2.20100021	-2.90015149	0.275216281	-2.62493515
2.20200014	-2.90655208	0.281617075	-2.62493491
2.20300007	-2.9130404	0.288104832	-2.62493563
2.204	-2.91961551	0.294680148	-2.62493539
2.20500016	-2.92627859	0.301343739	-2.62493491
2.20600009	-2.93303156	0.308096081	-2.62493539
2.20700002	-2.9398737	0.314937949	-2.62493563
2.20800018	-2.94680548	0.321869969	-2.62493563
2.20900011	-2.95382857	0.328892767	-2.62493587
2.21000004	-2.96094227	0.336007029	-2.62493515
2.2110002	-2.96814871	0.343213439	-2.62493515
2.21200013	-2.97544909	0.350512683	-2.62493634
2.21300006	-2.98284054	0.357905477	-2.62493515
2.21399999	-2.99032807	0.365392536	-2.62493563
2.21500015	-2.99790883	0.372974515	-2.6249342
2.21600008	-3.0055871	0.380652189	-2.62493491
2.21700001	-3.0133605	0.388426304	-2.6249342
2.21800017	-3.02123046	0.396297574	-2.62493277
2.2190001	-3.02920008	0.404266745	-2.62493324
2.22000003	-3.03726935	0.412334561	-2.62493467
2.22100019	-3.04543734	0.420501888	-2.62493539
2.22200012	-3.05370378	0.42876941	-2.62493443
2.22300005	-3.06207252	0.437137932	-2.62493467
2.22400022	-3.07054257	0.445608318	-2.6249342
2.22500014	-3.07911587	0.454181254	-2.62493467
2.22600007	-3.08779311	0.462857723	-2.62493539
2.227	-3.09657264	0.471638381	-2.6249342
2.22800016	-3.10545874	0.480524123	-2.62493467
2.22900009	-3.11444998	0.48951593	-2.62493396
2.23000002	-3.12354994	0.49861449	-2.62493539
2.23100019	-3.13275456	0.507820666	-2.62493396
2.23200011	-3.14206958	0.517135501	-2.6249342
2.23300004	-3.15149236	0.526559711	-2.62493277
2.23400021	-3.16102695	0.536094308	-2.62493277
2.23500013	-3.17067194	0.545740128	-2.62493181
2.23600006	-3.18042922	0.555498064	-2.6249311
2.23699999	-3.19030118	0.56536901	-2.62493229
2.23800015	-3.20028567	0.57535392	-2.62493181
2.23900008	-3.21038556	0.585453808	-2.62493181
2.24000001	-3.22060204	0.595669508	-2.62493253
2.24100018	-3.23093438	0.606002033	-2.62493229
2.2420001	-3.2413857	0.616452336	-2.62493324
2.24300003	-3.2519536	0.627021372	-2.62493229
2.2440002	-3.26264358	0.637710214	-2.62493324
2.24500012	-3.27345324	0.648519754	-2.62493348
2.24600005	-3.28438425	0.659451008	-2.62493324
2.24700022	-3.29543924	0.670505047	-2.6249342
2.24800014	-3.30661535	0.681682825	-2.62493253
2.24900007	-3.31791735	0.692985356	-2.62493205
2.25	-3.32934666	0.704413652	-2.624933
2.25100017	-3.34090114	0.715968788	-2.62493229
2.25200009	-3.35258508	0.727651834	-2.62493324
2.25300002	-3.36439729	0.739463806	-2.62493348
2.25400019	-3.37633944	0.751405656	-2.62493372
2.25500011	-3.38841224	0.763478637	-2.62493372
2.25600004	-3.40061879	0.775683641	-2.62493515
2.25700021	-3.412956	0.788022041	-2.62493396
2.25800014	-3.42542863	0.800494432	-2.6249342
2.25900006	-3.43803573	0.813102245	-2.62493348
2.25999999	-3.45078015	0.825846553	-2.62493372
2.26100016	-3.46366143	0.838728189	-2.62493324
2.26200008	-3.47668219	0.851748586	-2.62493372
2.26300001	-3.48984098	0.864908695	-2.62493229
2.26400018	-3.50314116	0.87820971	-2.62493134
2.2650001	-3.51658511	0.891652644	-2.62493253
2.26600003	-3.53017163	0.90523839	-2.62493324
2.2670002	-3.54390287	0.918968439	-2.62493443
2.26800013	-3.55777788	0.932843566	-2.6249342
2.26900005	-3.57179832	0.94686532	-2.624933
2.27000022	-3.58596849	0.961034238	-2.6249342
2.27100015	-3.60028696	0.97535193	-2.62493515
2.27200007	-3.61475492	0.989819169	-2.62493563
2.273	-3.62937117	1.00443733	-2.62493372
2.27400017	-3.64414072	1.01920712	-2.62493372
2.2750001	-3.65906262	1.0341301	-2.62493253
2.27600002	-3.67413998	1.04920673	-2.62493324
2.27700019	-3.68937159	1.06443882	-2.62493277
2.27800012	-3.70475984	1.07982683	-2.624933
2.27900004	-3.72030425	1.0953722	-2.62493205
2.28000021	-3.73600721	1.11107564	-2.62493157
2.28100014	-3.75187087	1.12693858	-2.62493229
2.28200006	-3.76789451	1.14296162	-2.62493277
2.28299999	-3.78407931	1.15914607	-2.62493324
2.28400016	-3.80042672	1.17549288	-2.62493372
2.28500009	-3.81693602	1.19200289	-2.62493324
2.28600001	-3.83361077	1.20867729	-2.62493348
2.28700018	-3.85045004	1.22551668	-2.62493324
2.28800011	-3.86745501	1.24252224	-2.62493277
2.28900003	-3.88462687	1.25969481	-2.62493205
2.2900002	-3.90196633	1.27703524	-2.6249311
2.29100013	-3.91947556	1.29454434	-2.62493134
2.29200006	-3.93715239	1.31222272	-2.62492967
2.29300022	-3.95500326	1.33007145	-2.62493181
2.29400015	-3.97302294	1.34809113	-2.62493181
2.29500008	-3.99121523	1.36628246	-2.62493277
2.296	-4.00957918	1.38464618	-2.624933
2.29700017	-4.02811575	1.40318274	-2.624933
2.2980001	-4.04682493	1.42189276	-2.62493229
2.29900002	-4.06570959	1.44077671	-2.62493277
2.30000019	-4.08476686	1.45983517	-2.62493181
2.30100012	-4.10400105	1.4790684	-2.62493277
2.30200005	-4.12340927	1.49847686	-2.62493229
2.30300021	-4.14299297	1.51806092	-2.62493205
2.30400014	-4.16275167	1.53782082	-2.62493086
2.30500007	-4.18268728	1.55775642	-2.62493086
2.30599999	-4.20279837	1.57786751	-2.62493086
2.30700016	-4.22308683	1.5981549	-2.62493181
2.30800009	-4.24354982	1.61861765	-2.62493229
2.30900002	-4.26418924	1.63925636	-2.62493277
2.31000018	-4.28500319	1.66007018	-2.624933
2.31100011	-4.30599308	1.68105876	-2.6249342
2.31200004	-4.32715559	1.70222175	-2.62493372
2.3130002	-4.34849215	1.72355866	-2.62493348
2.31400013	-4.37000322	1.74506855	-2.62493467
2.31500006	-4.39168501	1.76675129	-2.62493372
2.31600022	-4.41353846	1.78860462	-2.62493372
2.31700015	-4.43556166	1.81062865	-2.624933
2.31800008	-4.45775604	1.83282137	-2.62493467
2.31900001	-4.48011589	1.85518146	-2.62493443
2.32000017	-4.5026412	1.8777076	-2.62493372
2.3210001	-4.52533197	1.90039778	-2.6249342
2.32200003	-4.54818487	1.92325008	-2.62493467
2.32300019	-4.57119703	1.94626272	-2.6249342
2.32400012	-4.5943675	1.96943307	-2.62493443
2.32500005	-4.61769342	1.99275923	-2.6249342
2.32600021	-4.64117146	2.01623774	-2.62493372
2.32700014	-4.66480017	2.03986597	-2.6249342
2.32800007	-4.68857431	2.06364083	-2.62493348
2.329	-4.71249151	2.08755851	-2.624933
2.33000016	-4.73654699	2.11161566	-2.62493134
2.33100009	-4.76073885	2.13580775	-2.6249311
2.33200002	-4.78506374	2.16013098	-2.62493277
2.33300018	-4.80951405	2.1845808	-2.62493324
2.33400011	-4.83408499	2.20915222	-2.62493277
2.33500004	-4.85877228	2.23383999	-2.62493229
2.3360002	-4.88357115	2.25863838	-2.62493277
2.33700013	-4.90847445	2.28354168	-2.62493277
2.33800006	-4.93347692	2.30854368	-2.62493324
2.33900023	-4.95857096	2.33363795	-2.624933
2.34000015	-4.98375034	2.35881639	-2.62493396
2.34100008	-5.00900555	2.38407207	-2.62493348
2.34200001	-5.03433132	2.40939665	-2.62493467
2.34300017	-5.05971909	2.43478251	-2.62493658
2.3440001	-5.08515644	2.46021938	-2.62493706
2.34500003	-5.11063623	2.48569894	-2.6249373
2.34600019	-5.13615036	2.51121044	-2.62493992
2.34700012	-5.16168356	2.53674364	-2.62493992
2.34800005	-5.18722868	2.56228685	-2.62494183
2.34900022	-5.21277189	2.58782864	-2.62494326
2.35000014	-5.23829937	2.61335659	-2.62494278
2.35100007	-5.26380205	2.6388576	-2.62494445
2.352	-5.28926229	2.66431808	-2.62494421
2.35300016	-5.31466961	2.68972325	-2.62494636
2.35400009	-5.34000492	2.71505833	-2.62494659
2.35500002	-5.3652544	2.74030662	-2.62494779
2.35600019	-5.39040089	2.76545167	-2.62494922
2.35700011	-5.41542721	2.79047608	-2.62495112
2.35800004	-5.44031525	2.81536126	-2.62495399
2.35900021	-5.46504259	2.84008789	-2.6249547
2.36000013	-5.4895916	2.86463547	-2.62495613
2.36100006	-5.51394176	2.88898277	-2.62495899
2.36200023	-5.53806782	2.91310763	-2.62496018
2.36300015	-5.56195068	2.93698692	-2.62496376
2.36400008	-5.58556318	2.9605968	-2.62496638
2.36500001	-5.60887814	2.98391104	-2.6249671
2.36600018	-5.63187218	3.00690365	-2.62496853
2.3670001	-5.65451813	3.0295465	-2.62497163
2.36800003	-5.67678642	3.05181217	-2.62497425
2.3690002	-5.69864607	3.07366896	-2.62497711
2.37000012	-5.72006559	3.09508657	-2.62497902
2.37100005	-5.74101496	3.11603212	-2.62498283
2.37200022	-5.76145697	3.13647223	-2.62498474
2.37300014	-5.78136015	3.15637159	-2.62498856
2.37400007	-5.80068636	3.17569351	-2.62499285
2.375	-5.81939602	3.19440079	-2.62499523
2.37600017	-5.83745289	3.21245313	-2.62499976
2.37700009	-5.85481405	3.22981095	-2.6250031
2.37800002	-5.87143755	3.24643207	-2.62500548
2.37900019	-5.88728189	3.26227283	-2.62500906
2.38000011	-5.90230131	3.27728844	-2.62501287
2.38100004	-5.91644907	3.29143286	-2.62501621
2.38200021	-5.92967796	3.30465794	-2.62502003
2.38300014	-5.94193888	3.31691456	-2.62502432
2.38400006	-5.95318127	3.32815266	-2.62502861
2.38500023	-5.96335268	3.33832026	-2.62503242
2.38600016	-5.97240019	3.34736347	-2.62503672
2.38700008	-5.98026991	3.3552289	-2.62504101
2.38800001	-5.98690557	3.36186028	-2.6250453
2.38900018	-5.9922514	3.36720085	-2.62505054
2.3900001	-5.99624681	3.37119246	-2.62505436
2.39100003	-5.99883556	3.37377596	-2.6250596
2.3920002	-5.99995613	3.37489176	-2.62506437
2.39300013	-5.99954796	3.37447858	-2.62506938
2.39400005	-5.99755049	3.37247562	-2.62507486
2.39500022	-5.99390078	3.36882019	-2.62508059
2.39600015	-5.98853779	3.363451	-2.62508678
2.39700007	-5.98139763	3.3563056	-2.62509203
2.398	-5.97241926	3.34732151	-2.62509775
2.39900017	-5.96153927	3.33643579	-2.62510347
2.4000001	-5.94869614	3.32358837	-2.62510777
2.40100002	-5.93383074	3.30871725	-2.62511349
2.40200019	-5.91688156	3.29176283	-2.62511873
2.40300012	-5.89778996	3.27266693	-2.62512302
2.40400004	-5.87650156	3.25137281	-2.62512875
2.40500021	-5.85296011	3.22782612	-2.62513399
2.40600014	-5.82711315	3.20197463	-2.62513852
2.40700006	-5.79891348	3.17376995	-2.62514353
2.40800023	-5.76831341	3.14316559	-2.62514782
2.40900016	-5.73527288	3.11011982	-2.62515306
2.41000009	-5.69975185	3.07459497	-2.62515688
2.41100001	-5.66171932	3.0365591	-2.62516022
2.41200018	-5.62114906	2.99598503	-2.62516403
2.41300011	-5.57801676	2.9528513	-2.62516546
2.41400003	-5.53231144	2.90714312	-2.62516832
2.4150002	-5.484025	2.85885334	-2.62517166
2.41600013	-5.43315363	2.80798268	-2.62517095
2.41700006	-5.37971258	2.75453949	-2.62517309
2.41800022	-5.32371235	2.69854212	-2.62517023
2.41900015	-5.26518965	2.64001799	-2.62517166
2.42000008	-5.204175	2.57900524	-2.62516975
2.421	-5.14072084	2.515553	-2.62516785
2.42200017	-5.07489061	2.44972181	-2.6251688
2.4230001	-5.00675058	2.38158369	-2.62516689
2.42400002	-4.93638515	2.3112247	-2.62516046
2.42500019	-4.86389637	2.23874283	-2.62515354
2.42600012	-4.78939819	2.16424966	-2.62514853
2.42700005	-4.71301174	2.08787155	-2.62514019
2.42800021	-4.63488293	2.00974798	-2.62513494
2.42900014	-4.5551548	1.93003368	-2.62512112
2.43000007	-4.4740119	1.8488977	-2.6251142
2.43100023	-4.39162874	1.76652253	-2.62510633
2.43200016	-4.30820131	1.68310666	-2.62509465
2.43300009	-4.22394419	1.59886169	-2.62508249
2.43400002	-4.13908339	1.51401329	-2.6250701
2.43500018	-4.05384636	1.42879975	-2.62504673
2.43600011	-3.96851206	1.34347272	-2.62503934
2.43700004	-3.88331652	1.25829518	-2.62502146
2.4380002	-3.7985487	1.17354083	-2.62500787
2.43900013	-3.7144804	1.08949304	-2.62498736
2.44000006	-3.63141489	1.0064435	-2.62497139
2.44100022	-3.54964256	0.924690664	-2.62495184
2.44200015	-3.46947527	0.844538093	-2.62493706
2.44300008	-3.39121485	0.766292989	-2.6249218
2.44400001	-3.31516171	0.690264225	-2.62489748
2.44500017	-3.24163485	0.616759837	-2.62487507
2.4460001	-3.17094755	0.546085954	-2.62486172
2.44700003	-3.10338593	0.478543878	-2.62484217
2.44800019	-3.03924751	0.414427876	-2.62481976
2.44900012	-2.97883415	0.354023516	-2.6248107
2.45000005	-2.92239904	0.297604799	-2.62479424
2.45100021	-2.87021828	0.245432109	-2.62478614
2.45200014	-2.82252502	0.19775027	-2.62477469
2.45300007	-2.7795496	0.15478605	-2.62476349
2.45400023	-2.74149513	0.116746567	-2.62474847
2.45500016	-2.70855904	0.0838172585	-2.62474179
2.45600009	-2.68088579	0.0561602116	-2.62472558
2.45700002	-2.65862989	0.0339126848	-2.62471724
2.45800018	-2.64189434	0.0171858836	-2.62470841
2.45900011	-2.63077068	0.00606382778	-2.62470675
2.46000004	-2.62529898	0.000602594228	-2.62469649
2.4610002	-2.62553787	0.000829786935	-2.62470818
2.46200013	-2.63145304	0.00674424507	-2.62470889
2.46300006	-2.64301872	0.0183161013	-2.62470269
2.46400023	-2.66019344	0.0354870558	-2.62470627
2.46500015	-2.68288851	0.0581708662	-2.62471771
2.46600008	-2.71097803	0.0862542391	-2.62472391
2.46700001	-2.74433041	0.119597889	-2.62473249
2.46800017	-2.78278828	0.158037767	-2.62475061
2.4690001	-2.82615137	0.201386631	-2.62476468
2.47000003	-2.8742137	0.249435723	-2.62477803
2.47100019	-2.92675209	0.301956683	-2.62479544
2.47200012	-2.98351622	0.358703375	-2.62481284
2.47300005	-3.04424429	0.419414282	-2.62483001
2.47400022	-3.1086688	0.483814269	-2.62485456
2.47500014	-3.17648935	0.551617146	-2.62487221
2.47600007	-3.2474184	0.622527957	-2.62489033
2.47700024	-3.32115126	0.696244836	-2.62490654
2.47800016	-3.3973875	0.772461772	-2.62492561
2.47900009	-3.47581244	0.850870371	-2.62494206
2.48000002	-3.55612707	0.931161761	-2.62496519
2.48100019	-3.63800812	1.0130291	-2.62497902
2.48200011	-3.72116232	1.09616899	-2.62499332
2.48300004	-3.80529499	1.18028367	-2.62501144
2.48400021	-3.89010715	1.26508188	-2.62502527
2.48500013	-3.97531986	1.35028136	-2.62503862
2.48600006	-4.06066418	1.43560886	-2.62505531
2.48700023	-4.14587975	1.52080226	-2.62507749
2.48800015	-4.23069763	1.60561085	-2.62508678
2.48900008	-4.31490469	1.68979776	-2.62510681
2.49000001	-4.3982563	1.77313781	-2.62511849
2.49100018	-4.4805479	1.85542035	-2.62512755
2.4920001	-4.56158924	1.93644941	-2.62513971
2.49300003	-4.64119148	2.01604223	-2.62514925
2.4940002	-4.71918726	2.0940311	-2.62515616
2.49500012	-4.79542494	2.17026305	-2.62516189
2.49600005	-4.86976719	2.24459934	-2.62516785
2.49700022	-4.94209003	2.31691551	-2.62517452
2.49800014	-5.01227522	2.38709998	-2.62517524
2.49900007	-5.08023596	2.45505619	-2.62517977
2.5	-5.14588261	2.5206995	-2.62518311
2.50100017	-5.20914412	2.58395863	-2.62518549
2.50200009	-5.26995897	2.64477348	-2.62518549
2.50300002	-5.32828569	2.70309687	-2.62518883
2.50400019	-5.3840785	2.75889087	-2.62518764
2.50500011	-5.43731451	2.81212902	-2.62518549
2.50600004	-5.48797941	2.86279345	-2.62518597
2.50700021	-5.53606176	2.91087675	-2.62518501
2.50800014	-5.5815587	2.95637894	-2.62517977
2.50900006	-5.62448502	2.99930763	-2.62517738
2.51000023	-5.66485167	3.03967762	-2.62517405
2.51100016	-5.70268202	3.07751155	-2.62517047
2.51200008	-5.73800373	3.1128366	-2.62516713
2.51300001	-5.77084875	3.14568543	-2.62516332
2.51400018	-5.80125523	3.17609668	-2.62515855
2.5150001	-5.82926559	3.20411158	-2.62515402
2.51600003	-5.85492611	3.22977686	-2.62514925
2.5170002	-5.87828398	3.2531414	-2.62514257
2.51800013	-5.89939594	3.27425766	-2.62513828
2.51900005	-5.91831446	3.29317999	-2.62513447
2.52000022	-5.93509436	3.30996609	-2.62512827
2.52100015	-5.94979572	3.32467365	-2.62512207
2.52200007	-5.96248007	3.33736229	-2.62511778
2.523	-5.97320604	3.34809279	-2.62511325
2.52400017	-5.98203516	3.35692787	-2.62510729
2.5250001	-5.98903084	3.36392879	-2.62510204
2.52600002	-5.99425507	3.36915851	-2.62509656
2.52700019	-5.99776936	3.37267923	-2.62509012
2.52800012	-5.99963903	3.37455273	-2.62508631
2.52900004	-5.99992228	3.37484121	-2.62508106
2.53000021	-5.99868155	3.37360597	-2.62507558
2.53100014	-5.99597836	3.37090778	-2.62507057
2.53200006	-5.99187231	3.36680603	-2.62506628
2.53300023	-5.98642159	3.36136055	-2.62506104
2.53400016	-5.97968578	3.35462856	-2.62505722
2.53500009	-5.97171926	3.34666681	-2.62505245
2.53600001	-5.96257877	3.33753157	-2.62504721
2.53700018	-5.95231915	3.32727623	-2.62504292
2.53800011	-5.94099379	3.31595469	-2.6250391
2.53900003	-5.92865372	3.30361843	-2.62503529
2.5400002	-5.91534901	3.29031849	-2.62503052
2.54100013	-5.90112972	3.27610254	-2.62502718
2.54200006	-5.88604355	3.26101923	-2.62502432
2.54300022	-5.87013531	3.2451148	-2.6250205
2.54400015	-5.8534503	3.22843313	-2.62501717
2.54500008	-5.83603144	3.21101809	-2.62501335
2.546	-5.81792212	3.19291115	-2.62501097
2.54700017	-5.79916143	3.1741538	-2.62500763
2.5480001	-5.77978802	3.1547842	-2.62500381
2.54900002	-5.75984192	3.13484049	-2.62500143
2.55000019	-5.73935843	3.11435866	-2.62499976
2.55100012	-5.71837139	3.09337425	-2.62499714
2.55200005	-5.69691515	3.07192039	-2.62499475
2.55300021	-5.67502213	3.05002999	-2.62499213
2.55400014	-5.65272284	3.02773333	-2.62498951
2.55500007	-5.63004923	3.00506115	-2.62498808
2.55600023	-5.60702753	2.98204184	-2.62498569
2.55700016	-5.58368683	2.95870304	-2.62498379
2.55800009	-5.56005239	2.93507075	-2.62498164
2.55900002	-5.53615141	2.91117072	-2.62498069
2.56000018	-5.51200581	2.88702703	-2.62497878
2.56100011	-5.48763895	2.86266279	-2.62497616
2.56200004	-5.46307421	2.83809996	-2.62497425
2.5630002	-5.43833303	2.81336021	-2.62497282
2.56400013	-5.41343403	2.78846335	-2.62497067
2.56500006	-5.38839865	2.76342869	-2.62496996
2.56600022	-5.36324263	2.73827434	-2.62496829
2.56700015	-5.33798695	2.71301866	-2.62496829
2.56800008	-5.312644	2.68767738	-2.62496662
2.56900001	-5.2872324	2.66226745	-2.62496495
2.57000017	-5.26176739	2.63680315	-2.62496424
2.5710001	-5.23626137	2.61129951	-2.62496185
2.57200003	-5.21073055	2.58576989	-2.62496066
2.57300019	-5.18518877	2.56022739	-2.62496138
2.57400012	-5.15964413	2.53468466	-2.62495947
2.57500005	-5.13411093	2.50915313	-2.6249578
2.57600021	-5.10860205	2.48364377	-2.62495828
2.57700014	-5.08312511	2.45816755	-2.62495756
2.57800007	-5.0576911	2.43273425	-2.62495685
2.57900023	-5.03230953	2.4073534	-2.62495613
2.58000016	-5.00698853	2.38203406	-2.62495446
2.58100009	-4.98173857	2.35678434	-2.62495422
2.58200002	-4.95656681	2.33161235	-2.62495446
2.58300018	-4.93147755	2.30652571	-2.62495184
2.58400011	-4.9064827	2.28153133	-2.62495136
2.58500004	-4.88158655	2.2566359	-2.62495065
2.5860002	-4.85679579	2.23184633	-2.62494946
2.58700013	-4.8321166	2.20716786	-2.62494874
2.58800006	-4.80755424	2.18260598	-2.62494826
2.58900023	-4.78311253	2.15816593	-2.62494659
2.59000015	-4.75879955	2.13385296	-2.62494659
2.59100008	-4.73461676	2.10967135	-2.6249454
2.59200001	-4.71057081	2.08562517	-2.62494564
2.59300017	-4.68666315	2.06171894	-2.62494421
2.5940001	-4.66289854	2.03795624	-2.6249423
2.59500003	-4.6392808	2.01433969	-2.62494111
2.59600019	-4.61581469	1.99087334	-2.62494135
2.59700012	-4.59250021	1.96756005	-2.62494016
2.59800005	-4.56934214	1.94440198	-2.62494016
2.59900022	-4.54634142	1.92140198	-2.62493944
2.60000014	-4.52350283	1.89856267	-2.62494016
2.60100007	-4.50082541	1.87588549	-2.62493992
2.60200024	-4.47831202	1.85337257	-2.62493944
2.60300016	-4.45596409	1.83102584	-2.62493825
2.60400009	-4.43378448	1.80884671	-2.62493777
2.60500002	-4.41177368	1.78683686	-2.62493682
2.60600019	-4.38993311	1.76499689	-2.6249361
2.60700011	-4.36826468	1.74332821	-2.62493658
2.60800004	-4.34676933	1.72183204	-2.6249373
2.60900021	-4.32544565	1.70050907	-2.62493658
2.61000013	-4.30429602	1.67936003	-2.6249361
2.61100006	-4.28332186	1.65838528	-2.62493658
2.61200023	-4.26252174	1.63758552	-2.6249361
2.61300015	-4.24189806	1.61696112	-2.62493706
2.61400008	-4.22144842	1.59651256	-2.62493587
2.61500001	-4.2011776	1.57623947	-2.62493801
2.61600018	-4.18108034	1.55614221	-2.62493801
2.6170001	-4.16115808	1.53622091	-2.62493706
2.61800003	-4.14141321	1.51647556	-2.62493753
2.6190002	-4.12184191	1.49690557	-2.62493634
2.62000012	-4.10244703	1.47751129	-2.62493563
2.62100005	-4.08322906	1.45829213	-2.62493706
2.62200022	-4.06418419	1.43924773	-2.62493658
2.62300014	-4.04531336	1.42037785	-2.62493563
2.62400007	-4.026618	1.4016819	-2.6249361
2.62500024	-4.00809574	1.38315916	-2.62493658
2.62600017	-3.98974657	1.36480939	-2.62493706
2.62700009	-3.97156906	1.346632	-2.62493706
2.62800002	-3.95356321	1.32862592	-2.6249373
2.62900019	-3.93572855	1.31079102	-2.62493753
2.63000011	-3.91806364	1.29312623	-2.62493753
2.63100004	-3.90056849	1.27563071	-2.62493777
2.63200021	-3.88324046	1.25830388	-2.62493658
2.63300014	-3.86608076	1.24114466	-2.6249361
2.63400006	-3.84908843	1.22415245	-2.6249361
2.63500023	-3.83226275	1.20732629	-2.62493658
2.63600016	-3.81560087	1.19066525	-2.62493563
2.63700008	-3.79910326	1.17416847	-2.62493467
2.63800001	-3.78277016	1.15783477	-2.62493539
2.63900018	-3.76659822	1.14166355	-2.62493467
2.6400001	-3.75058937	1.12565327	-2.6249361
2.64100003	-3.73473954	1.10980332	-2.6249361
2.6420002	-3.71904898	1.09411263	-2.62493634
2.64300013	-3.70351696	1.07858002	-2.62493706
2.64400005	-3.68814135	1.06320453	-2.62493682
2.64500022	-3.67292142	1.0479852	-2.6249361
2.64600015	-3.65785742	1.03292072	-2.62493658
2.64700007	-3.64294624	1.01801038	-2.62493587
2.64800024	-3.62818789	1.00325286	-2.62493515
2.64900017	-3.61358309	0.988647044	-2.6249361
2.6500001	-3.59912801	0.974191785	-2.6249361
2.65100002	-3.58482409	0.959886312	-2.62493777
2.65200019	-3.57066679	0.945729196	-2.62493753
2.65300012	-3.55665731	0.931719422	-2.62493801
2.65400004	-3.54279447	0.91785574	-2.62493873
2.65500021	-3.5290761	0.904137373	-2.62493873
2.65600014	-3.51550174	0.890562952	-2.62493873
2.65700006	-3.50207114	0.877131581	-2.62493944
2.65800023	-3.48878121	0.86384207	-2.6249392
2.65900016	-3.47563195	0.850693345	-2.62493849
2.66000009	-3.46262288	0.837684095	-2.62493873
2.66100001	-3.44975042	0.824813485	-2.62493706
2.66200018	-3.43701863	0.812080264	-2.62493849
2.66300011	-3.42442179	0.799483418	-2.62493849
2.66400003	-3.41196132	0.787021875	-2.62493944
2.6650002	-3.39963317	0.774694383	-2.62493873
2.66600013	-3.38743925	0.762500048	-2.6249392
2.66700006	-3.37537742	0.750437737	-2.62493968
2.66800022	-3.363446	0.738506377	-2.62493968
2.66900015	-3.35164547	0.726704836	-2.62494063
2.67000008	-3.33997226	0.71503222	-2.62493992
2.67100024	-3.32842779	0.703487396	-2.6249404
2.67200017	-3.31700945	0.692069173	-2.6249404
2.6730001	-3.3057158	0.680776715	-2.62493896
2.67400002	-3.29454827	0.66960907	-2.6249392
2.67500019	-3.28350425	0.658564985	-2.6249392
2.67600012	-3.27258277	0.647643507	-2.6249392
2.67700005	-3.26178336	0.636843681	-2.62493968
2.67800021	-3.25110364	0.626164556	-2.62493896
2.67900014	-3.24054384	0.615605056	-2.62493873
2.68000007	-3.23010397	0.60516417	-2.62493992
2.68100023	-3.21978045	0.594841123	-2.62493944
2.68200016	-3.20957446	0.584634781	-2.62493968
2.68300009	-3.19948435	0.574544191	-2.62494016
2.68400002	-3.1895082	0.5645684	-2.62493992
2.68500018	-3.17964768	0.554706573	-2.62494111
2.68600011	-3.16989946	0.544957757	-2.62494183
2.68700004	-3.16026187	0.535320938	-2.62494087
2.6880002	-3.15073609	0.525795341	-2.62494087
2.68900013	-3.14131999	0.516379893	-2.62494016
2.69000006	-3.13201475	0.507073939	-2.62494087
2.69100022	-3.12281632	0.497876376	-2.62493992
2.69200015	-3.11372685	0.488786459	-2.6249404
2.69300008	-3.10474229	0.479803205	-2.62493896
2.69400024	-3.09586573	0.470925927	-2.62493992
2.69500017	-3.08709383	0.462153733	-2.62494016
2.6960001	-3.0784266	0.453485668	-2.62494087
2.69700003	-3.06986189	0.444921076	-2.62494087
2.69800019	-3.06139922	0.436458886	-2.6249404
2.69900012	-3.05303931	0.42809853	-2.62494087
2.70000005	-3.04478025	0.419839144	-2.62494111
2.70100021	-3.03662133	0.411679864	-2.62494135
2.70200014	-3.02856135	0.403619975	-2.62494135
2.70300007	-3.02060103	0.395658672	-2.6249423
2.70400023	-3.0127387	0.387795269	-2.62494349
2.70500016	-3.0049727	0.380028903	-2.62494373
2.70600009	-2.99730206	0.372358948	-2.62494302
2.70700002	-2.9897275	0.364784628	-2.62494278
2.70800018	-2.98224711	0.357305199	-2.62494183
2.70900011	-2.97486115	0.349919975	-2.62494111
2.71000004	-2.96756983	0.342628181	-2.62494159
2.7110002	-2.96037149	0.335429251	-2.6249423
2.71200013	-2.95326352	0.328322381	-2.62494111
2.71300006	-2.94624805	0.321306914	-2.62494111
2.71400023	-2.93932319	0.314382195	-2.62494087
2.71500015	-2.93248868	0.307547569	-2.62494111
2.71600008	-2.92574525	0.30080235	-2.62494278
2.71700025	-2.91908789	0.294145942	-2.62494183
2.71800017	-2.91251898	0.287577718	-2.62494135
2.7190001	-2.90603852	0.281096995	-2.62494159
2.72000003	-2.89964581	0.274703145	-2.62494278
2.72100019	-2.89333773	0.268395633	-2.62494206
2.72200012	-2.88711715	0.262173831	-2.62494326
2.72300005	-2.88098025	0.256037116	-2.62494326
2.72400022	-2.87492871	0.24998495	-2.62494373
2.72500014	-2.8689599	0.244016737	-2.62494326
2.72600007	-2.86307597	0.238131911	-2.62494397
2.72700024	-2.85727596	0.232329905	-2.62494612
2.72800016	-2.8515563	0.226610154	-2.62494612
2.72900009	-2.84591722	0.22097218	-2.62494516
2.73000002	-2.84035945	0.215415403	-2.62494397
2.73100019	-2.83488417	0.209939301	-2.62494493
2.73200011	-2.82948828	0.204543337	-2.62494493
2.73300004	-2.82417059	0.199227035	-2.62494349
2.73400021	-2.81893325	0.193989918	-2.62494326
2.73500013	-2.81377482	0.188831419	-2.62494349
2.73600006	-2.80869508	0.183751121	-2.62494397
2.73700023	-2.80369186	0.178748518	-2.62494326
2.73800015	-2.79876685	0.173823103	-2.62494373
2.73900008	-2.79391789	0.168974459	-2.62494349
2.74000025	-2.78914523	0.164202109	-2.62494302
2.74100018	-2.78445005	0.159505635	-2.62494445
2.7420001	-2.77982831	0.154884577	-2.62494373
2.74300003	-2.77528262	0.150338501	-2.62494421
2.7440002	-2.77081156	0.145866975	-2.62494469
2.74500012	-2.76641321	0.141469598	-2.62494373
2.74600005	-2.76209021	0.137145951	-2.62494421
2.74700022	-2.75783992	0.132895634	-2.62494421
2.74800014	-2.75366306	0.128718242	-2.62494493
2.74900007	-2.74955773	0.124613404	-2.62494421
2.75000024	-2.74552512	0.120580718	-2.62494445
2.75100017	-2.74156427	0.116619825	-2.62494445
2.75200009	-2.73767591	0.112730339	-2.62494564
2.75300002	-2.73385763	0.108911902	-2.62494564
2.75400019	-2.73011065	0.10516417	-2.62494659
2.75500011	-2.72643423	0.10148681	-2.62494731
2.75600004	-2.72282672	0.0978794619	-2.62494731
2.75700021	-2.71928906	0.0943417698	-2.62494731
2.75800014	-2.7158215	0.0908734575	-2.62494802
2.75900006	-2.71242189	0.0874741673	-2.62494779
2.76000023	-2.70909071	0.0841436088	-2.62494707
2.76100016	-2.70582843	0.0808814615	-2.62494707
2.76200008	-2.70263386	0.0776874349	-2.62494636
2.76300025	-2.69950771	0.0745612234	-2.62494659
2.76400018	-2.69644809	0.071502544	-2.62494564
2.7650001	-2.69345689	0.068511121	-2.62494588
2.76600003	-2.69053197	0.0655866787	-2.6249454
2.7670002	-2.68767524	0.062728934	-2.62494636
2.76800013	-2.68488359	0.0599376373	-2.62494588
2.76900005	-2.68215752	0.0572125316	-2.62494493
2.77000022	-2.67949843	0.0545533709	-2.62494516
2.77100015	-2.67690444	0.0519599095	-2.62494445
2.77200007	-2.67437649	0.0494319126	-2.62494469
2.77300024	-2.67191362	0.0469691381	-2.62494445
2.77400017	-2.66951656	0.0445713699	-2.62494516
2.7750001	-2.66718316	0.0422383919	-2.62494469
2.77600002	-2.66491365	0.0399699807	-2.62494373
2.77700019	-2.66270971	0.0377659425	-2.62494373
2.77800012	-2.66057062	0.0356260724	-2.62494445
2.77900004	-2.65849519	0.033550173	-2.62494493
2.78000021	-2.65648222	0.0315380543	-2.62494421
2.78100014	-2.65453386	0.0295895375	-2.62494421
2.78200006	-2.65264869	0.0277044438	-2.62494421
2.78300023	-2.65082622	0.0258826017	-2.62494373
2.78400016	-2.64906716	0.0241238512	-2.62494326
2.78500009	-2.64737177	0.0224280246	-2.62494373
2.78600001	-2.64573789	0.0207949709	-2.62494302
2.78700018	-2.64416742	0.0192245431	-2.62494278
2.78800011	-2.64265966	0.0177165996	-2.62494302
2.78900003	-2.64121318	0.0162710026	-2.62494206
2.7900002	-2.63982987	0.0148876235	-2.6249423
2.79100013	-2.63850856	0.0135663338	-2.6249423
2.79200006	-2.63724923	0.0123070162	-2.6249423
2.79300022	-2.63605118	0.011109557	-2.62494159
2.79400015	-2.63491583	0.00997384731	-2.62494206
2.79500008	-2.63384175	0.00889978465	-2.62494206
2.79600024	-2.63282919	0.00788727216	-2.62494183
2.79700017	-2.63187933	0.00693621859	-2.62494302
2.7980001	-2.63098931	0.00604653731	-2.62494278
2.79900002	-2.63016081	0.00521814916	-2.62494254
2.80000019	-2.62939429	0.00445097871	-2.62494326
2.80100012	-2.6286881	0.0037449575	-2.62494326
2.80200005	-2.62804246	0.00310002174	-2.62494254
2.80300021	-2.62745929	0.00251611299	-2.62494326
2.80400014	-2.62693644	0.00199317909	-2.62494326
2.80500007	-2.62647343	0.00153117278	-2.6249423
2.80600023	-2.62607265	0.00113005249	-2.62494254
2.80700016	-2.6257329	0.000789781858	-2.62494302
2.80800009	-2.62545371	0.000510330428	-2.62494349
2.80900002	-2.62523484	0.000291673059	-2.62494326
2.81000018	-2.62507725	0.000133790134	-2.62494349
2.81100011	-2.62497902	3.6667363e-05	-2.6249423
2.81200004	-2.6249423	2.96029896e-07	-2.62494206
2.8130002	-2.62496448	2.46727832e-05	-2.62493992
2.81400013	-2.62504983	0.000109799745	-2.62493992
2.81500006	-2.62519622	0.000255684601	-2.62494063
2.81600022	-2.62540317	0.00046234054	-2.62494087
2.81700015	-2.62567115	0.000729786116	-2.62494135
2.81800008	-2.6259985	0.00105804531	-2.6249404
2.81900024	-2.62638807	0.00144714792	-2.62494087
2.82000017	-2.62683964	0.00189712888	-2.62494254
2.8210001	-2.62735009	0.00240802905	-2.62494206
2.82200003	-2.62792158	0.0029798937	-2.62494159
2.82300019	-2.62855506	0.00361277489	-2.6249423
2.82400012	-2.62924838	0.00430672942	-2.62494159
2.82500005	-2.63000441	0.00506182062	-2.62494254
2.82600021	-2.6308198	0.00587811507	-2.62494159
2.82700014	-2.63169742	0.00675568683	-2.62494183
2.82800007	-2.63263631	0.00769461598	-2.62494159
2.82900023	-2.63363624	0.00869498681	-2.62494135
2.83000016	-2.63469911	0.00975688826	-2.6249423
2.83100009	-2.63582349	0.0108804181	-2.62494302
2.83200002	-2.63700819	0.012065677	-2.62494254
2.83300018	-2.63825464	0.0133127719	-2.62494183
2.83400011	-2.63956308	0.0146218166	-2.62494135
2.83500004	-2.64093471	0.0159929264	-2.62494183
2.8360002	-2.6423676	0.0174262263	-2.62494135
2.83700013	-2.6438632	0.0189218484	-2.62494135
2.83800006	-2.64542079	0.020479925	-2.62494087
2.83900023	-2.64704156	0.0221006013	-2.62494087
2.84000015	-2.64872503	0.0237840228	-2.62494111
2.84100008	-2.65047073	0.0255303383	-2.6249404
2.84200025	-2.65227938	0.0273397118	-2.62493968
2.84300017	-2.65415335	0.0292123016	-2.62494111
2.8440001	-2.65608907	0.0311482754	-2.62494087
2.84500003	-2.65808916	0.0331478193	-2.62494135
2.84600019	-2.66015196	0.0352111086	-2.62494087
2.84700012	-2.66227865	0.0373383239	-2.6249404
2.84800005	-2.66446972	0.0395296738	-2.62494016
2.84900022	-2.66672564	0.0417853445	-2.6249404
2.85000014	-2.66904545	0.0441055559	-2.62493992
2.85100007	-2.67142987	0.0464905128	-2.62493944
2.85200024	-2.67388034	0.0489404239	-2.62493992
2.85300016	-2.67639494	0.0514555201	-2.62493944
2.85400009	-2.67897463	0.0540360287	-2.62493849
2.85500002	-2.68162012	0.0566821918	-2.62493801
2.85600019	-2.68433237	0.0593942441	-2.62493801
2.85700011	-2.68711042	0.0621724352	-2.62493801
2.85800004	-2.68995547	0.0650170222	-2.62493849
2.85900021	-2.69286585	0.0679282695	-2.62493753
2.86000013	-2.69584346	0.0709064379	-2.62493706
2.86100006	-2.6988883	0.0739517957	-2.62493658
2.86200023	-2.70200109	0.0770646334	-2.62493658
2.86300015	-2.70518136	0.0802452266	-2.6249361
2.86400008	-2.70842981	0.0834938884	-2.62493587
2.86500025	-2.71174526	0.0868108943	-2.62493443
2.86600018	-2.71513081	0.0901965573	-2.6249342
2.8670001	-2.71858525	0.0936511979	-2.62493396
2.86800003	-2.72210932	0.0971751213	-2.6249342
2.8690002	-2.72570324	0.10076867	-2.62493467
2.87000012	-2.72936678	0.104432181	-2.62493467
2.87100005	-2.73309994	0.108165957	-2.62493396
2.87200022	-2.73690605	0.11197038	-2.62493563
2.87300014	-2.74078107	0.115845785	-2.62493539
2.87400007	-2.74472833	0.119792536	-2.62493587
2.87500024	-2.74874735	0.123811007	-2.62493634
2.87600017	-2.75283813	0.127901554	-2.62493658
2.87700009	-2.75700212	0.132064566	-2.62493753
2.87800002	-2.76123762	0.13630043	-2.6249373
2.87900019	-2.76554751	0.140609547	-2.62493801
2.88000011	-2.76992965	0.144992307	-2.6249373
2.88100004	-2.77438664	0.149449125	-2.62493753
2.88200021	-2.77891827	0.153980434	-2.62493777
2.88300014	-2.78352404	0.158586651	-2.6249373
2.88400006	-2.78820658	0.163268179	-2.62493849
2.88500023	-2.79296327	0.168025479	-2.62493777
2.88600016	-2.79779768	0.172859013	-2.62493873
2.88700008	-2.8027091	0.177769184	-2.62493992
2.88800025	-2.8076961	0.182756528	-2.62493968
2.88900018	-2.81276059	0.187821448	-2.6249392
2.8900001	-2.81790209	0.192964464	-2.62493753
2.89100003	-2.82312346	0.19818598	-2.62493753
2.8920002	-2.82842493	0.203486592	-2.62493825
2.89300013	-2.83380556	0.208866745	-2.62493873
2.89400005	-2.83926463	0.214326963	-2.62493777
2.89500022	-2.84480429	0.219867736	-2.62493658
2.89600015	-2.85042691	0.225489616	-2.6249373
2.89700007	-2.85612917	0.231193155	-2.6249361
2.89800024	-2.86191416	0.236978829	-2.62493539
2.89900017	-2.86778235	0.242847234	-2.62493515
2.9000001	-2.87373447	0.248798892	-2.62493563
2.90100002	-2.87977076	0.254834414	-2.62493634
2.90200019	-2.88589072	0.26095435	-2.62493634
2.90300012	-2.89209509	0.267159253	-2.62493587
2.90400004	-2.89838552	0.273449779	-2.62493563
2.90500021	-2.90476346	0.279826432	-2.62493706
2.90600014	-2.91122699	0.28628993	-2.62493706
2.90700006	-2.91777754	0.292840838	-2.62493658
2.90800023	-2.92441654	0.299479753	-2.62493682
2.90900016	-2.93114471	0.306207359	-2.6249373
2.91000009	-2.93796134	0.313024253	-2.62493706
2.91100025	-2.94486761	0.31993112	-2.62493658
2.91200018	-2.95186448	0.326928586	-2.62493587
2.91300011	-2.95895314	0.334017307	-2.62493587
2.91400003	-2.96613383	0.341198027	-2.62493587
2.9150002	-2.97340703	0.348471344	-2.62493563
2.91600013	-2.98077273	0.355838001	-2.62493467
2.91700006	-2.98823261	0.363298744	-2.62493396
2.91800022	-2.99578834	0.370854229	-2.6249342
2.91900015	-3.00343919	0.3785052	-2.62493396
2.92000008	-3.01118541	0.386252403	-2.624933
2.92100024	-3.01903009	0.394096524	-2.62493348
2.92200017	-3.0269711	0.402038366	-2.62493277
2.9230001	-3.0350132	0.410078734	-2.62493443
2.92400002	-3.04315329	0.418218315	-2.62493491
2.92500019	-3.05139208	0.426457882	-2.6249342
2.92600012	-3.0597322	0.434798241	-2.62493396
2.92700005	-3.06817365	0.443240166	-2.62493348
2.92800021	-3.07671833	0.451784492	-2.62493372
2.92900014	-3.08536673	0.460432053	-2.62493467
2.93000007	-3.09411788	0.469183624	-2.6249342
2.93100023	-3.10297537	0.478040099	-2.62493515
2.93200016	-3.11193776	0.487002313	-2.62493539
2.93300009	-3.12100554	0.49607107	-2.62493443
2.93400025	-3.1301825	0.505247235	-2.62493515
2.93500018	-3.13946795	0.514531732	-2.6249361
2.93600011	-3.14886045	0.523925304	-2.62493515
2.93700004	-3.15836453	0.533429086	-2.62493539
2.9380002	-3.16797805	0.543043792	-2.6249342
2.93900013	-3.17770386	0.552770436	-2.62493348
2.94000006	-3.18754292	0.562609732	-2.62493324
2.94100022	-3.19749522	0.572562873	-2.62493229
2.94200015	-3.20756435	0.582630634	-2.62493372
2.94300008	-3.21774817	0.592814088	-2.6249342
2.94400024	-3.22804904	0.603114069	-2.62493491
2.94500017	-3.23846602	0.61353147	-2.62493467
2.9460001	-3.24900198	0.624067307	-2.62493467
2.94700003	-3.25965834	0.63472271	-2.62493563
2.94800019	-3.27043247	0.645498514	-2.62493396
2.94900012	-3.28133011	0.656395793	-2.6249342
2.95000005	-3.29235077	0.667415559	-2.62493515
2.95100021	-3.30349302	0.678558767	-2.6249342
2.95200014	-3.31476116	0.689826488	-2.62493467
2.95300007	-3.32615376	0.701219678	-2.6249342
2.95400023	-3.33767343	0.712739468	-2.62493396
2.95500016	-3.34931993	0.724386752	-2.62493324
2.95600009	-3.36109543	0.736162603	-2.62493277
2.95700026	-3.37300181	0.748068213	-2.62493372
2.95800018	-3.38503885	0.760104537	-2.6249342
2.95900011	-3.39720607	0.772272706	-2.62493324
2.96000004	-3.40950727	0.784573674	-2.62493372
2.9610002	-3.42194343	0.797008634	-2.62493467
2.96200013	-3.43451238	0.809578776	-2.62493372
2.96300006	-3.44721937	0.822284818	-2.62493467
2.96400023	-3.4600625	0.835128188	-2.6249342
2.96500015	-3.47304392	0.848109961	-2.62493396
2.96600008	-3.48616481	0.861231029	-2.62493372
2.96700025	-3.49942541	0.874492645	-2.62493277
2.96800017	-3.51282859	0.887895823	-2.62493277
2.9690001	-3.52637362	0.901441813	-2.62493181
2.97000003	-3.54006505	0.915131629	-2.62493348
2.97100019	-3.55389833	0.928966403	-2.62493181
2.97200012	-3.56788039	0.942947209	-2.62493324
2.97300005	-3.58200765	0.957075119	-2.62493253
2.97400022	-3.59628439	0.971351266	-2.62493324
2.97500014	-3.61070943	0.985776782	-2.62493277
2.97600007	-3.62528634	1.00035274	-2.62493372
2.97700024	-3.64001203	1.01508009	-2.62493181
2.97800016	-3.65489244	1.02996027	-2.62493229
2.97900009	-3.66992593	1.044994	-2.62493181
2.98000026	-3.68511486	1.06018269	-2.62493229
2.98100019	-3.70045805	1.07552719	-2.62493086
2.98200011	-3.71595931	1.09102845	-2.62493086
2.98300004	-3.73161817	1.1066879	-2.62493038
2.98400021	-3.74743676	1.12250626	-2.62493038
2.98500013	-3.76341558	1.13848472	-2.62493086
2.98600006	-3.77955484	1.15462422	-2.62493062
2.98700023	-3.79585695	1.17092562	-2.62493134
2.98800015	-3.81232166	1.18739009	-2.62493157
2.98900008	-3.82895041	1.20401871	-2.62493181
2.99000025	-3.84574294	1.22081196	-2.62493086
2.99100018	-3.86270308	1.23777127	-2.62493181
2.9920001	-3.87982893	1.25489724	-2.62493181
2.99300003	-3.89712238	1.27219081	-2.62493157
2.9940002	-3.91458321	1.28965294	-2.62493038
2.99500012	-3.93221331	1.30728424	-2.62492895
2.99600005	-3.95001459	1.32508552	-2.62492895
2.99700022	-3.9679873	1.34305763	-2.62492967
2.99800014	-3.98613143	1.36120117	-2.62493038
2.99900007	-4.00444746	1.37951672	-2.62493086
3.00000024	-4.02293682	1.39800501	-2.62493181
